{"type":"FeatureCollection","name":"web_3d_buildings","features":[{"type":"Feature","properties":{"building":"office","name":"GC, OFSDP / Training Block, FTS","height":null,"building:levels":null,"amenity":null,"render_height_m":9.0,"height_source":"visual_default_not_measured","web_layer_source":"F:/datasets/layers/all_building.geojson"},"geometry":{"type":"Point","coordinates":[85.7818625,20.2730645]}},{"type":"Feature","properties":{"building":"office","name":null,"height":null,"building:levels":null,"amenity":null,"render_height_m":9.0,"height_source":"visual_default_not_measured","web_layer_source":"F:/datasets/layers/all_building.geojson"},"geometry":{"type":"Point","coordinates":[85.7821764,20.2734468]}},{"type":"Feature","properties":{"building":"office","name":null,"height":null,"building:levels":null,"amenity":null,"render_height_m":9.0,"height_source":"visual_default_not_measured","web_layer_source":"F:/datasets/layers/all_building.geojson"},"geometry":{"type":"Point","coordinates":[85.7814522,20.2733284]}},{"type":"Feature","properties":{"building":"school","name":"Laboratory Building","height":null,"building:levels":null,"amenity":null,"render_height_m":9.0,"height_source":"visual_default_not_measured","web_layer_source":"F:/datasets/layers/all_building.geojson"},"geometry":{"type":"Point","coordinates":[85.7768565,20.2776708]}},{"type":"Feature","properties":{"building":"school","name":"Workshop","height":null,"building:levels":null,"amenity":null,"render_height_m":9.0,"height_source":"visual_default_not_measured","web_layer_source":"F:/datasets/layers/all_building.geojson"},"geometry":{"type":"Point","coordinates":[85.7778462,20.2770971]}},{"type":"Feature","properties":{"building":"garage","name":null,"height":null,"building:levels":null,"amenity":null,"render_height_m":9.0,"height_source":"visual_default_not_measured","web_layer_source":"F:/datasets/layers/all_building.geojson"},"geometry":{"type":"Point","coordinates":[85.7785463,20.2771601]}},{"type":"Feature","properties":{"building":"yes","name":null,"height":null,"building:levels":null,"amenity":null,"render_height_m":9.0,"height_source":"visual_default_not_measured","web_layer_source":"F:/datasets/layers/all_building.geojson"},"geometry":{"type":"Point","coordinates":[85.7761378,20.2763774]}},{"type":"Feature","properties":{"building":"school","name":"Administrative Block","height":null,"building:levels":null,"amenity":null,"render_height_m":9.0,"height_source":"visual_default_not_measured","web_layer_source":"F:/datasets/layers/all_building.geojson"},"geometry":{"type":"Point","coordinates":[85.7757676,20.2766695]}},{"type":"Feature","properties":{"building":"school","name":"Academic Block","height":null,"building:levels":null,"amenity":null,"render_height_m":9.0,"height_source":"visual_default_not_measured","web_layer_source":"F:/datasets/layers/all_building.geojson"},"geometry":{"type":"Point","coordinates":[85.7757139,20.27717]}},{"type":"Feature","properties":{"building":"yes","name":"Student Activity Centre","height":null,"building:levels":null,"amenity":null,"render_height_m":9.0,"height_source":"visual_default_not_measured","web_layer_source":"F:/datasets/layers/all_building.geojson"},"geometry":{"type":"Point","coordinates":[85.7762533,20.2757628]}},{"type":"Feature","properties":{"building":"school","name":null,"height":null,"building:levels":null,"amenity":null,"render_height_m":9.0,"height_source":"visual_default_not_measured","web_layer_source":"F:/datasets/layers/all_building.geojson"},"geometry":{"type":"Point","coordinates":[85.7785731,20.2769084]}},{"type":"Feature","properties":{"building":"residential","name":null,"height":null,"building:levels":null,"amenity":null,"render_height_m":9.0,"height_source":"visual_default_not_measured","web_layer_source":"F:/datasets/layers/all_building.geojson"},"geometry":{"type":"Point","coordinates":[85.7824287,20.2735156]}},{"type":"Feature","properties":{"building":"residential","name":null,"height":null,"building:levels":null,"amenity":null,"render_height_m":9.0,"height_source":"visual_default_not_measured","web_layer_source":"F:/datasets/layers/all_building.geojson"},"geometry":{"type":"Point","coordinates":[85.7825601,20.273679]}},{"type":"Feature","properties":{"building":"commercial","name":"Mayfair Convention Hall","height":null,"building:levels":null,"amenity":null,"render_height_m":9.0,"height_source":"visual_default_not_measured","web_layer_source":"F:/datasets/layers/all_building.geojson"},"geometry":{"type":"Point","coordinates":[85.8198765,20.2997405]}},{"type":"Feature","properties":{"building":"hospital","name":"Swarna Hospital","height":null,"building:levels":null,"amenity":null,"render_height_m":9.0,"height_source":"visual_default_not_measured","web_layer_source":"F:/datasets/layers/all_building.geojson"},"geometry":{"type":"Point","coordinates":[85.8206042,20.2995384]}},{"type":"Feature","properties":{"building":"office","name":"Parcel Office","height":null,"building:levels":null,"amenity":null,"render_height_m":9.0,"height_source":"visual_default_not_measured","web_layer_source":"F:/datasets/layers/all_building.geojson"},"geometry":{"type":"Point","coordinates":[85.8447137,20.2681895]}},{"type":"Feature","properties":{"building":"hospital","name":"kIDS HOSPITAL","height":null,"building:levels":null,"amenity":null,"render_height_m":9.0,"height_source":"visual_default_not_measured","web_layer_source":"F:/datasets/layers/all_building.geojson"},"geometry":{"type":"Point","coordinates":[85.7849084,20.2455264]}},{"type":"Feature","properties":{"building":"house","name":"Shradhanjali House","height":null,"building:levels":null,"amenity":null,"render_height_m":9.0,"height_source":"visual_default_not_measured","web_layer_source":"F:/datasets/layers/all_building.geojson"},"geometry":{"type":"Point","coordinates":[85.8086305,20.2673534]}},{"type":"Feature","properties":{"building":"house","name":"BABLY SWEET HOUSE","height":null,"building:levels":null,"amenity":null,"render_height_m":9.0,"height_source":"visual_default_not_measured","web_layer_source":"F:/datasets/layers/all_building.geojson"},"geometry":{"type":"Point","coordinates":[85.8075383,20.2675881]}},{"type":"Feature","properties":{"building":"house","name":"Jyotsna house","height":null,"building:levels":null,"amenity":null,"render_height_m":9.0,"height_source":"visual_default_not_measured","web_layer_source":"F:/datasets/layers/all_building.geojson"},"geometry":{"type":"Point","coordinates":[85.80791,20.2677656]}},{"type":"Feature","properties":{"building":"house","name":"sujata house","height":null,"building:levels":null,"amenity":null,"render_height_m":9.0,"height_source":"visual_default_not_measured","web_layer_source":"F:/datasets/layers/all_building.geojson"},"geometry":{"type":"Point","coordinates":[85.8026242,20.2799077]}},{"type":"Feature","properties":{"building":"hospital","name":"NIMS, Bhubaneswar","height":null,"building:levels":null,"amenity":null,"render_height_m":9.0,"height_source":"visual_default_not_measured","web_layer_source":"F:/datasets/layers/all_building.geojson"},"geometry":{"type":"Point","coordinates":[85.8426452,20.2771083]}},{"type":"Feature","properties":{"building":"yes","name":"Saheed Nagar","height":null,"building:levels":null,"amenity":null,"render_height_m":9.0,"height_source":"visual_default_not_measured","web_layer_source":"F:/datasets/layers/all_building.geojson"},"geometry":{"type":"Point","coordinates":[85.8475819,20.2897718]}},{"type":"Feature","properties":{"building":"commercial","name":"IDCO Tower 2000","height":null,"building:levels":"7","amenity":null,"render_height_m":21.0,"height_source":"osm_levels_visualized_3m","web_layer_source":"F:/datasets/layers/all_building.geojson"},"geometry":{"type":"Point","coordinates":[85.8540282,20.3056694]}},{"type":"Feature","properties":{"building":"yes","name":"Subhadra Apartment","height":null,"building:levels":"6","amenity":null,"render_height_m":18.0,"height_source":"osm_levels_visualized_3m","web_layer_source":"F:/datasets/layers/all_building.geojson"},"geometry":{"type":"Point","coordinates":[85.8294299,20.362182]}},{"type":"Feature","properties":{"building":"yes","name":"Manorama Green View","height":null,"building:levels":null,"amenity":null,"render_height_m":9.0,"height_source":"visual_default_not_measured","web_layer_source":"F:/datasets/layers/all_building.geojson"},"geometry":{"type":"Point","coordinates":[85.8299964,20.3610168]}},{"type":"Feature","properties":{"building":"temple","name":"Baba Akhandalamani Temple","height":null,"building:levels":null,"amenity":"place_of_worship","render_height_m":9.0,"height_source":"visual_default_not_measured","web_layer_source":"F:/datasets/layers/all_building.geojson"},"geometry":{"type":"Point","coordinates":[85.8446097,20.2524848]}},{"type":"Feature","properties":{"building":"yes","name":"NIFT Girls' Hostel","height":null,"building:levels":"3","amenity":null,"render_height_m":9.0,"height_source":"osm_levels_visualized_3m","web_layer_source":"F:/datasets/layers/all_building.geojson"},"geometry":{"type":"Point","coordinates":[85.8179407,20.3511404]}},{"type":"Feature","properties":{"building":"yes","name":"NIFT Guest House","height":null,"building:levels":"4","amenity":null,"render_height_m":12.0,"height_source":"osm_levels_visualized_3m","web_layer_source":"F:/datasets/layers/all_building.geojson"},"geometry":{"type":"Point","coordinates":[85.8171996,20.3518237]}},{"type":"Feature","properties":{"building":"yes","name":null,"height":null,"building:levels":null,"amenity":null,"render_height_m":9.0,"height_source":"visual_default_not_measured","web_layer_source":"F:/datasets/layers/all_building.geojson"},"geometry":{"type":"Point","coordinates":[85.888635,20.3193139]}},{"type":"Feature","properties":{"building":"house","name":null,"height":null,"building:levels":"3","amenity":null,"render_height_m":9.0,"height_source":"osm_levels_visualized_3m","web_layer_source":"F:/datasets/layers/all_building.geojson"},"geometry":{"type":"Point","coordinates":[85.8888309,20.3196385]}},{"type":"Feature","properties":{"building":"house","name":null,"height":null,"building:levels":"3","amenity":null,"render_height_m":9.0,"height_source":"osm_levels_visualized_3m","web_layer_source":"F:/datasets/layers/all_building.geojson"},"geometry":{"type":"Point","coordinates":[85.8877624,20.3196373]}},{"type":"Feature","properties":{"building":"yes","name":null,"height":null,"building:levels":null,"amenity":null,"render_height_m":9.0,"height_source":"visual_default_not_measured","web_layer_source":"F:/datasets/layers/all_building.geojson"},"geometry":{"type":"Polygon","coordinates":[[[85.7807168,20.2799724],[85.7808207,20.2798969],[85.7808472,20.2797258],[85.7807685,20.2796392],[85.7805874,20.2796145],[85.7804839,20.2796763],[85.7804574,20.2798474],[85.7805357,20.2799477],[85.7807168,20.2799724]],[[85.7805758,20.2796888],[85.780757,20.2797135],[85.7807304,20.2798846],[85.7805493,20.2798599],[85.7805758,20.2796888]]]}},{"type":"Feature","properties":{"building":"yes","name":null,"height":null,"building:levels":null,"amenity":null,"render_height_m":9.0,"height_source":"visual_default_not_measured","web_layer_source":"F:/datasets/layers/all_building.geojson"},"geometry":{"type":"Polygon","coordinates":[[[85.7802198,20.2803145],[85.7803285,20.2802355],[85.7803559,20.2800586],[85.7802733,20.2799676],[85.7800867,20.2799421],[85.779978,20.280007],[85.7799506,20.280184],[85.7800325,20.280289],[85.7802198,20.2803145]],[[85.7802612,20.2800457],[85.7802341,20.2802215],[85.7800469,20.2801968],[85.7800745,20.2800202],[85.7802612,20.2800457]]]}},{"type":"Feature","properties":{"building":"museum","name":"Gandhi Peace Center","height":null,"building:levels":null,"amenity":null,"render_height_m":9.0,"height_source":"visual_default_not_measured","web_layer_source":"F:/datasets/layers/all_building.geojson"},"geometry":{"type":"Polygon","coordinates":[[[85.7852046,20.2667897],[85.7852959,20.2668304],[85.7853965,20.2668394],[85.7854944,20.2668155],[85.7855776,20.2667617],[85.7856235,20.2667067],[85.7856593,20.2666181],[85.7856606,20.2665232],[85.785609,20.266407],[85.7855364,20.2663411],[85.7854953,20.2663214],[85.78546,20.2663744],[85.7853204,20.2663685],[85.7852812,20.2663084],[85.7851986,20.2663489],[85.7851296,20.2664181],[85.7850899,20.2665053],[85.7850844,20.2666],[85.7851337,20.2667222],[85.7852046,20.2667897]],[[85.7852155,20.2665809],[85.7852183,20.2665334],[85.78524,20.2664857],[85.7852814,20.2664442],[85.7852987,20.2664343],[85.7853569,20.2664187],[85.7854121,20.2664224],[85.7854626,20.2664435],[85.7854995,20.266477],[85.7855304,20.2665468],[85.7855298,20.266595],[85.7855091,20.2666462],[85.7854876,20.266672],[85.7854396,20.2667031],[85.785386,20.2667161],[85.785331,20.2667112],[85.7852811,20.2666889],[85.7852454,20.266655],[85.7852155,20.2665809]]]}},{"type":"Feature","properties":{"building":"yes","name":null,"height":null,"building:levels":null,"amenity":null,"render_height_m":9.0,"height_source":"visual_default_not_measured","web_layer_source":"F:/datasets/layers/all_building.geojson"},"geometry":{"type":"Polygon","coordinates":[[[85.8133056,20.2963035],[85.8135858,20.2964379],[85.8136244,20.2963574],[85.8136414,20.2963655],[85.8136526,20.2963422],[85.8136783,20.2963546],[85.8137383,20.2962295],[85.8137162,20.2962189],[85.8137235,20.2962035],[85.8137098,20.2961969],[85.8137479,20.2961174],[85.813461,20.2959797],[85.8133056,20.2963035]],[[85.8134829,20.2961263],[85.8136193,20.2961899],[85.8135662,20.2963037],[85.8134299,20.29624],[85.8134829,20.2961263]]]}},{"type":"Feature","properties":{"building":"dormitory","name":"Ramanujan Hall of Residence","height":null,"building:levels":null,"amenity":null,"render_height_m":9.0,"height_source":"visual_default_not_measured","web_layer_source":"F:/datasets/layers/all_building.geojson"},"geometry":{"type":"Polygon","coordinates":[[[85.7784011,20.275129],[85.7783288,20.2750474],[85.7780388,20.2750238],[85.7779526,20.2750926],[85.7779279,20.2753596],[85.7780009,20.2754349],[85.7782908,20.2754584],[85.7783765,20.275396],[85.7784011,20.275129]],[[85.7782594,20.2753584],[85.7780502,20.2753414],[85.778035,20.2753257],[85.7780521,20.2751407],[85.7780729,20.2751241],[85.7782768,20.2751406],[85.7782943,20.2751604],[85.7782772,20.2753453],[85.7782594,20.2753584]]]}},{"type":"Feature","properties":{"building":"yes","name":null,"height":null,"building:levels":null,"amenity":null,"render_height_m":9.0,"height_source":"visual_default_not_measured","web_layer_source":"F:/datasets/layers/all_building.geojson"},"geometry":{"type":"MultiPolygon","coordinates":[[[[85.8485201,20.299213],[85.8485209,20.2991802],[85.8484745,20.2991792],[85.8484753,20.2991493],[85.8485191,20.2991503],[85.8485199,20.299122],[85.8485059,20.2991217],[85.8485063,20.2991047],[85.8485218,20.299105],[85.8485225,20.2990764],[85.8484802,20.2990755],[85.848481,20.2990444],[85.8485194,20.2990452],[85.8485202,20.2990128],[85.8483479,20.2990089],[85.8483471,20.2990383],[85.8483671,20.2990388],[85.8483661,20.299074],[85.8483441,20.2990735],[85.8483434,20.2991001],[85.8483521,20.2991003],[85.8483515,20.2991233],[85.8483386,20.299123],[85.848338,20.2991462],[85.8483641,20.2991468],[85.8483633,20.2991778],[85.8483515,20.2991775],[85.8483512,20.2991873],[85.8483342,20.2991869],[85.8483336,20.299208],[85.8483448,20.2992083],[85.8483444,20.2992245],[85.8484978,20.299228],[85.8484983,20.2992125],[85.8485201,20.299213]],[[85.8484175,20.2990907],[85.8484177,20.2990796],[85.8484369,20.29908],[85.8484365,20.2990936],[85.8484488,20.2990939],[85.8484477,20.2991401],[85.8484384,20.2991399],[85.8484381,20.2991534],[85.8484166,20.299153],[85.8484169,20.2991418],[85.8484064,20.2991416],[85.8484077,20.2990905],[85.8484175,20.2990907]]],[[[85.8487194,20.2992217],[85.8487203,20.299189],[85.8486739,20.2991879],[85.8486747,20.2991581],[85.8487185,20.2991591],[85.8487192,20.2991308],[85.8487052,20.2991305],[85.8487057,20.2991134],[85.8487211,20.2991138],[85.8487219,20.2990852],[85.8486796,20.2990842],[85.8486804,20.2990531],[85.8487188,20.299054],[85.8487196,20.2990216],[85.8485472,20.2990176],[85.8485465,20.2990471],[85.8485664,20.2990475],[85.8485655,20.2990827],[85.8485434,20.2990822],[85.8485427,20.2991089],[85.8485515,20.2991091],[85.8485509,20.2991321],[85.848538,20.2991318],[85.8485374,20.2991549],[85.8485635,20.2991555],[85.8485627,20.2991866],[85.8485508,20.2991863],[85.8485506,20.299196],[85.8485336,20.2991957],[85.848533,20.2992168],[85.8485442,20.299217],[85.8485438,20.2992333],[85.8486972,20.2992368],[85.8486976,20.2992212],[85.8487194,20.2992217]],[[85.8486173,20.2991008],[85.8486175,20.2990896],[85.8486367,20.29909],[85.8486363,20.2991037],[85.8486487,20.2991039],[85.8486475,20.2991502],[85.8486382,20.29915],[85.8486379,20.2991635],[85.8486164,20.299163],[85.8486167,20.2991519],[85.8486062,20.2991517],[85.8486075,20.2991006],[85.8486173,20.2991008]]],[[[85.8489193,20.2992318],[85.8489201,20.2991991],[85.8488737,20.299198],[85.8488745,20.2991681],[85.8489183,20.2991692],[85.848919,20.2991408],[85.8489051,20.2991405],[85.8489055,20.2991235],[85.848921,20.2991238],[85.8489217,20.2990952],[85.8488794,20.2990943],[85.8488802,20.2990632],[85.8489186,20.2990641],[85.8489194,20.2990316],[85.8487471,20.2990277],[85.8487463,20.2990571],[85.8487662,20.2990576],[85.8487653,20.2990928],[85.8487433,20.2990923],[85.8487426,20.299119],[85.8487513,20.2991192],[85.8487507,20.2991422],[85.8487378,20.2991419],[85.8487372,20.299165],[85.8487633,20.2991656],[85.8487625,20.2991966],[85.8487507,20.2991964],[85.8487504,20.2992061],[85.8487334,20.2992057],[85.8487328,20.2992269],[85.848744,20.2992271],[85.8487436,20.2992433],[85.848897,20.2992468],[85.8488974,20.2992313],[85.8489193,20.2992318]],[[85.8488164,20.2991083],[85.8488167,20.2990972],[85.8488358,20.2990976],[85.8488355,20.2991112],[85.8488478,20.2991115],[85.8488467,20.2991577],[85.8488374,20.2991575],[85.848837,20.299171],[85.8488156,20.2991706],[85.8488159,20.2991594],[85.8488054,20.2991592],[85.8488066,20.2991081],[85.8488164,20.2991083]]],[[[85.8485714,20.2994695],[85.848525,20.2994684],[85.8485258,20.2994386],[85.8485696,20.2994396],[85.8485704,20.2994113],[85.8485564,20.299411],[85.8485568,20.2993939],[85.8485723,20.2993943],[85.848573,20.2993657],[85.8485307,20.2993647],[85.8485315,20.2993336],[85.8485699,20.2993345],[85.8485707,20.2993021],[85.8483984,20.2992981],[85.8483976,20.2993276],[85.8484176,20.299328],[85.8484166,20.2993632],[85.8483946,20.2993627],[85.8483939,20.2993894],[85.8484026,20.2993896],[85.8484021,20.2994126],[85.8483891,20.2994123],[85.8483885,20.2994354],[85.8484146,20.299436],[85.8484138,20.2994671],[85.848402,20.2994668],[85.8484017,20.2994765],[85.8483847,20.2994761],[85.8483841,20.2994973],[85.8483953,20.2994975],[85.8483949,20.2995138],[85.8485483,20.2995173],[85.8485488,20.2995017],[85.8485706,20.2995022],[85.8485714,20.2994695]],[[85.848468,20.2993695],[85.8484871,20.2993699],[85.8484868,20.2993835],[85.8484991,20.2993838],[85.848498,20.29943],[85.8484887,20.2994298],[85.8484883,20.2994434],[85.8484669,20.2994429],[85.8484672,20.2994318],[85.8484567,20.2994315],[85.8484579,20.2993804],[85.8484677,20.2993807],[85.848468,20.2993695]]],[[[85.8487739,20.299477],[85.8487275,20.299476],[85.8487283,20.2994461],[85.8487721,20.2994471],[85.8487729,20.2994188],[85.8487589,20.2994185],[85.8487593,20.2994015],[85.8487748,20.2994018],[85.8487755,20.2993732],[85.8487332,20.2993722],[85.848734,20.2993412],[85.8487724,20.299342],[85.8487732,20.2993096],[85.8486009,20.2993057],[85.8486001,20.2993351],[85.8486201,20.2993356],[85.8486191,20.2993708],[85.8485971,20.2993703],[85.8485964,20.2993969],[85.8486052,20.2993971],[85.8486046,20.2994201],[85.8485916,20.2994198],[85.848591,20.2994429],[85.8486172,20.2994435],[85.8486163,20.2994746],[85.8486045,20.2994743],[85.8486042,20.2994841],[85.8485872,20.2994837],[85.8485866,20.2995048],[85.8485978,20.2995051],[85.8485974,20.2995213],[85.8487509,20.2995248],[85.8487513,20.2995093],[85.8487731,20.2995098],[85.8487739,20.299477]],[[85.8486685,20.2993802],[85.8486876,20.2993806],[85.8486873,20.2993942],[85.8486996,20.2993945],[85.8486985,20.2994407],[85.8486892,20.2994405],[85.8486888,20.299454],[85.8486674,20.2994536],[85.8486677,20.2994424],[85.8486572,20.2994422],[85.8486584,20.2993911],[85.8486682,20.2993913],[85.8486685,20.2993802]]]]}},{"type":"Feature","properties":{"building":"yes","name":null,"height":null,"building:levels":null,"amenity":null,"render_height_m":9.0,"height_source":"visual_default_not_measured","web_layer_source":"F:/datasets/layers/all_building.geojson"},"geometry":{"type":"Polygon","coordinates":[[[85.8457752,20.3031852],[85.8458595,20.3031275],[85.8457918,20.3030404],[85.8458006,20.3030344],[85.8458284,20.3030702],[85.8458412,20.3030614],[85.8458546,20.3030786],[85.8459376,20.3030219],[85.8459056,20.3029808],[85.8458866,20.3029938],[85.8457503,20.3028185],[85.8456898,20.3028599],[85.8456418,20.3027982],[85.8454012,20.3029627],[85.8454396,20.3030121],[85.8454253,20.3030218],[85.8454377,20.3030377],[85.845388,20.3030717],[85.8455172,20.303238],[85.8455001,20.3032497],[85.8455357,20.3032956],[85.8455753,20.3032685],[85.8455561,20.3032438],[85.845567,20.3032363],[85.8455872,20.3032623],[85.8456268,20.3032352],[85.84561,20.3032136],[85.8456205,20.3032065],[85.845595,20.3031736],[85.8456048,20.3031669],[85.845639,20.3032109],[85.845655,20.3031999],[85.8457107,20.3031618],[85.8457409,20.3031412],[85.8457752,20.3031852]],[[85.8455067,20.3030037],[85.8456194,20.3029239],[85.8457227,20.3030516],[85.845604,20.3031324],[85.8455067,20.3030037]]]}},{"type":"Feature","properties":{"building":"yes","name":null,"height":null,"building:levels":null,"amenity":null,"render_height_m":9.0,"height_source":"visual_default_not_measured","web_layer_source":"F:/datasets/layers/all_building.geojson"},"geometry":{"type":"Polygon","coordinates":[[[85.8402422,20.3002791],[85.8402592,20.3002777],[85.8402523,20.3002041],[85.8401064,20.3002161],[85.8401143,20.3003004],[85.8401423,20.3002981],[85.8401472,20.3003509],[85.8399181,20.3003696],[85.8398845,20.3000089],[85.8391594,20.3000683],[85.8391673,20.3001536],[85.8392872,20.3001437],[85.8392922,20.3001968],[85.8392139,20.3002032],[85.8392245,20.3003162],[85.839297,20.3003103],[85.8393012,20.3003563],[85.8392418,20.3003611],[85.8392476,20.3004235],[85.8392251,20.3004254],[85.8392364,20.3005461],[85.8393134,20.3005398],[85.8393098,20.3005011],[85.8399238,20.3004507],[85.8399256,20.3004699],[85.8401517,20.3004514],[85.8401547,20.3004832],[85.8402604,20.3004745],[85.8402422,20.3002791]],[[85.8393103,20.3001442],[85.8395573,20.300124],[85.83957,20.3002606],[85.8396657,20.3002528],[85.8396574,20.3001626],[85.8398097,20.3001502],[85.8398171,20.3002308],[85.8397602,20.3002355],[85.839768,20.3003192],[85.8393298,20.300355],[85.8393103,20.3001442]]]}},{"type":"Feature","properties":{"building":"yes","name":null,"height":null,"building:levels":null,"amenity":null,"render_height_m":9.0,"height_source":"visual_default_not_measured","web_layer_source":"F:/datasets/layers/all_building.geojson"},"geometry":{"type":"Polygon","coordinates":[[[85.8482976,20.2992179],[85.848298,20.2992024],[85.8483198,20.2992029],[85.8483206,20.2991701],[85.8482742,20.2991691],[85.848275,20.2991392],[85.8483188,20.2991402],[85.8483196,20.2991119],[85.8483056,20.2991116],[85.848306,20.2990946],[85.8483215,20.2990949],[85.8483222,20.2990663],[85.8482799,20.2990653],[85.8482807,20.2990343],[85.8483191,20.2990351],[85.84832,20.2990027],[85.8481476,20.2989987],[85.8481468,20.2990282],[85.8481668,20.2990286],[85.8481659,20.2990639],[85.8481438,20.2990634],[85.8481431,20.29909],[85.8481519,20.2990902],[85.8481513,20.2991132],[85.8481383,20.2991129],[85.8481377,20.299136],[85.8481639,20.2991366],[85.848163,20.2991677],[85.8481512,20.2991674],[85.8481509,20.2991772],[85.8481339,20.2991768],[85.8481334,20.2991979],[85.8481446,20.2991982],[85.8481441,20.2992144],[85.8482976,20.2992179]],[[85.8482069,20.2991316],[85.8482081,20.2990806],[85.8482179,20.2990808],[85.8482182,20.2990696],[85.8482373,20.29907],[85.848237,20.2990837],[85.8482493,20.2990839],[85.8482482,20.2991301],[85.8482389,20.2991299],[85.8482385,20.2991435],[85.8482171,20.299143],[85.8482174,20.2991319],[85.8482069,20.2991316]]]}},{"type":"Feature","properties":{"building":"yes","name":null,"height":null,"building:levels":null,"amenity":null,"render_height_m":9.0,"height_source":"visual_default_not_measured","web_layer_source":"F:/datasets/layers/all_building.geojson"},"geometry":{"type":"Polygon","coordinates":[[[85.8440591,20.3036906],[85.844078,20.3036892],[85.8440748,20.3036496],[85.8440286,20.3036529],[85.844027,20.3036333],[85.8440679,20.3036304],[85.8440668,20.3036166],[85.8441018,20.3036141],[85.8440948,20.3035289],[85.84406,20.3035314],[85.8440586,20.3035136],[85.8440185,20.3035165],[85.8440169,20.3034973],[85.8440546,20.3034946],[85.8440513,20.3034534],[85.844034,20.3034547],[85.8440304,20.3034102],[85.8440133,20.3034114],[85.8440127,20.303404],[85.8439674,20.3034073],[85.8439682,20.3034168],[85.8439487,20.3034182],[85.8439515,20.303452],[85.8439356,20.3034531],[85.8439394,20.3035007],[85.8439038,20.3035033],[85.8438978,20.3034293],[85.8438562,20.3034323],[85.8438621,20.303505],[85.8438366,20.3035068],[85.843834,20.3034749],[85.843825,20.3034755],[85.8438236,20.3034579],[85.843788,20.3034604],[85.843787,20.3034488],[85.8437448,20.3034518],[85.843748,20.3034905],[85.8436671,20.3034962],[85.8436645,20.3034642],[85.8436477,20.3034654],[85.8436455,20.3034379],[85.843579,20.3034427],[85.8435807,20.3034643],[85.8435492,20.3034666],[85.8435516,20.303496],[85.8435639,20.3034951],[85.8435696,20.3035648],[85.8435521,20.303566],[85.8435613,20.3036795],[85.8435769,20.3036784],[85.8435808,20.3037261],[85.8435993,20.3037248],[85.8436021,20.303759],[85.8436529,20.3037554],[85.8436571,20.303807],[85.8436953,20.3038043],[85.8436918,20.3037611],[85.8437194,20.3037591],[85.8437146,20.303701],[85.8437626,20.3036976],[85.8437659,20.303738],[85.8438184,20.3037343],[85.8438168,20.3037137],[85.8438506,20.3037113],[85.8438476,20.303674],[85.8438922,20.3036708],[85.8438932,20.3036823],[85.8438712,20.3036838],[85.8438753,20.3037338],[85.8439355,20.3037295],[85.8439317,20.3036826],[85.8439192,20.3036835],[85.8439179,20.3036684],[85.8439475,20.3036663],[85.8439505,20.3037038],[85.8439777,20.3037019],[85.8439806,20.3037371],[85.8440624,20.3037313],[85.8440591,20.3036906]],[[85.8437857,20.3036086],[85.8438275,20.3036057],[85.843825,20.3035744],[85.8437762,20.3035778],[85.8437725,20.3035301],[85.8439888,20.3035152],[85.8439924,20.3035612],[85.8439507,20.3035641],[85.8439534,20.3035992],[85.8439943,20.3035964],[85.8439976,20.3036385],[85.8437891,20.3036528],[85.8437857,20.3036086]]]}},{"type":"Feature","properties":{"building":"yes","name":null,"height":null,"building:levels":null,"amenity":null,"render_height_m":9.0,"height_source":"visual_default_not_measured","web_layer_source":"F:/datasets/layers/all_building.geojson"},"geometry":{"type":"Polygon","coordinates":[[[85.8455562,20.2972473],[85.8455584,20.2972807],[85.8455978,20.2972784],[85.8455987,20.2972924],[85.8456282,20.2972906],[85.8456274,20.2972782],[85.8456472,20.2972771],[85.8456478,20.2972869],[85.8456751,20.2972853],[85.8456743,20.2972732],[85.8456932,20.2972721],[85.8456918,20.2972506],[85.8457237,20.2972487],[85.8457216,20.2972173],[85.845714,20.2972178],[85.8457111,20.2971748],[85.8457086,20.2971369],[85.8456695,20.2971392],[85.8456684,20.2971219],[85.845567,20.2971278],[85.8455678,20.2971387],[85.8455825,20.2971379],[85.8455839,20.2971596],[85.8455146,20.2971637],[85.845517,20.2972004],[85.8455285,20.2971997],[85.8455318,20.2972487],[85.8455562,20.2972473]],[[85.8455953,20.2971947],[85.8456495,20.2971915],[85.8456505,20.2972053],[85.8455962,20.2972085],[85.8455953,20.2971947]]]}},{"type":"Feature","properties":{"building":"yes","name":null,"height":null,"building:levels":null,"amenity":null,"render_height_m":9.0,"height_source":"visual_default_not_measured","web_layer_source":"F:/datasets/layers/all_building.geojson"},"geometry":{"type":"Polygon","coordinates":[[[85.8387848,20.2981306],[85.8387883,20.2980268],[85.838801,20.2980275],[85.8387985,20.2980596],[85.8387992,20.2981829],[85.8388179,20.2983062],[85.8388669,20.2984577],[85.8389004,20.2985451],[85.8389282,20.2985863],[85.8390127,20.2985473],[85.838935,20.298336],[85.8389041,20.2981624],[85.8389058,20.2979989],[85.8388159,20.2979987],[85.8388162,20.2979931],[85.8386781,20.2979891],[85.8386761,20.298018],[85.8386466,20.2980363],[85.8386426,20.2980677],[85.8386057,20.29803],[85.8385655,20.2980639],[85.838591,20.2981224],[85.8386976,20.2982432],[85.8387137,20.2982614],[85.838762,20.2982904],[85.8387895,20.2982734],[85.8387848,20.2981306]],[[85.8388545,20.2981572],[85.8388541,20.298142],[85.8388835,20.2981414],[85.8388838,20.2981566],[85.8388545,20.2981572]],[[85.838917,20.2984449],[85.8389118,20.2984342],[85.8389406,20.2984217],[85.8389459,20.2984325],[85.838917,20.2984449]]]}},{"type":"Feature","properties":{"building":"yes","name":null,"height":null,"building:levels":null,"amenity":null,"render_height_m":9.0,"height_source":"visual_default_not_measured","web_layer_source":"F:/datasets/layers/all_building.geojson"},"geometry":{"type":"Polygon","coordinates":[[[85.8437717,20.3025774],[85.8437703,20.3025485],[85.8437428,20.3025472],[85.8437428,20.3025365],[85.8438199,20.3025328],[85.8438179,20.302468],[85.8436442,20.3024782],[85.8436427,20.3024545],[85.8436162,20.3024559],[85.8436149,20.3024351],[85.8438307,20.3024232],[85.8438281,20.3023809],[85.8438875,20.3023776],[85.843883,20.3023052],[85.8439191,20.3023032],[85.8439153,20.3022425],[85.8438804,20.3022444],[85.8438756,20.3022303],[85.8438856,20.3022001],[85.843708,20.3021479],[85.8436382,20.3021535],[85.8434582,20.3022429],[85.8434682,20.3023759],[85.8434877,20.3023746],[85.84349,20.3024039],[85.8435661,20.3023988],[85.8435676,20.3024186],[85.8435274,20.3024213],[85.843531,20.3024697],[85.8435564,20.302468],[85.8435685,20.3026283],[85.8435452,20.3026298],[85.8435482,20.3026702],[85.8435972,20.302667],[85.8435988,20.3026872],[85.8435179,20.3026926],[85.8435213,20.3027366],[85.8435006,20.3027379],[85.8435108,20.3028732],[85.8437267,20.3029315],[85.8439387,20.3028497],[85.8439376,20.3028325],[85.8439273,20.302833],[85.8439252,20.3028006],[85.8439639,20.3027985],[85.8439598,20.3027322],[85.8439167,20.3027346],[85.8439153,20.3027113],[85.8439362,20.3027102],[85.8439334,20.3026656],[85.8438525,20.30267],[85.8438498,20.3026268],[85.8436379,20.3026384],[85.8436365,20.3026165],[85.8436528,20.3026156],[85.8436509,20.3025849],[85.8437717,20.3025774]],[[85.8435122,20.3022585],[85.843667,20.3021862],[85.8436912,20.3021844],[85.8438627,20.3022334],[85.843865,20.3023044],[85.8438726,20.3023042],[85.8438735,20.3023318],[85.8438033,20.3023338],[85.8438051,20.3023888],[85.8436224,20.3023941],[85.8436205,20.3023384],[85.8435843,20.3023394],[85.8435849,20.3023566],[85.8435155,20.3023587],[85.8435122,20.3022585]],[[85.8435413,20.3028344],[85.843538,20.3027908],[85.8435515,20.3027899],[85.8435472,20.3027333],[85.8436153,20.3027288],[85.8436163,20.3027418],[85.8436499,20.3027395],[85.8436459,20.3026863],[85.843805,20.3026757],[85.8438084,20.3027202],[85.843896,20.3027144],[85.8439028,20.3028036],[85.8439037,20.3028036],[85.8439051,20.3028217],[85.8437569,20.3028859],[85.843718,20.3028853],[85.8435413,20.3028344]]]}},{"type":"Feature","properties":{"building":"stadium","name":null,"height":null,"building:levels":null,"amenity":null,"render_height_m":9.0,"height_source":"visual_default_not_measured","web_layer_source":"F:/datasets/layers/all_building.geojson"},"geometry":{"type":"Polygon","coordinates":[[[85.8240341,20.289075],[85.8242263,20.2890153],[85.8241969,20.2889423],[85.824388,20.2888427],[85.8245509,20.28868],[85.8246782,20.288441],[85.8247349,20.288212],[85.8247596,20.2879264],[85.8247207,20.2876742],[85.8246323,20.2874285],[85.8245225,20.2872194],[85.8243597,20.28706],[85.8241014,20.2869173],[85.8238147,20.2868808],[85.8235139,20.2869339],[85.8233121,20.2870667],[85.8231281,20.2872758],[85.8230432,20.2874982],[85.8229992,20.2876724],[85.8231137,20.2876918],[85.8230987,20.2877711],[85.8229759,20.2877571],[85.822976,20.2880128],[85.8230088,20.2882332],[85.8231439,20.2882042],[85.8231635,20.2882794],[85.8230415,20.2883139],[85.8230856,20.2884543],[85.8232413,20.2887099],[85.8234962,20.2889223],[85.8237085,20.2889954],[85.8238677,20.2890053],[85.8238749,20.289075],[85.8240341,20.289075]],[[85.8232909,20.2883879],[85.823213,20.2881654],[85.8231953,20.2879563],[85.8231953,20.287641],[85.8232697,20.2874351],[85.8233758,20.2872526],[85.8235281,20.2871397],[85.8237156,20.2870833],[85.823935,20.2870733],[85.824158,20.2871563],[85.8243243,20.2873024],[85.8244553,20.2875314],[85.8245297,20.2877738],[85.8245509,20.2880526],[85.8245155,20.2882982],[85.8244093,20.2885439],[85.8242571,20.2886866],[85.8240554,20.2887896],[85.8238147,20.2888062],[85.8235705,20.2887232],[85.8233971,20.2885572],[85.8232909,20.2883879]]]}},{"type":"Feature","properties":{"building":"yes","name":null,"height":null,"building:levels":null,"amenity":null,"render_height_m":9.0,"height_source":"visual_default_not_measured","web_layer_source":"F:/datasets/layers/all_building.geojson"},"geometry":{"type":"Polygon","coordinates":[[[85.8399479,20.2906695],[85.8399387,20.2907417],[85.8400074,20.2907494],[85.840006,20.2907606],[85.8400667,20.2907674],[85.840078,20.2906791],[85.8400775,20.290679],[85.8400999,20.2905021],[85.8401572,20.29051],[85.8401991,20.290478],[85.8402042,20.2904465],[85.8404531,20.2904744],[85.8404688,20.2903512],[85.8403848,20.2903418],[85.8403899,20.2903015],[85.8404739,20.2903109],[85.8404893,20.2901899],[85.8401964,20.290157],[85.8401984,20.2901417],[85.8400963,20.2901329],[85.8400896,20.2901933],[85.8398878,20.2903442],[85.8398288,20.2903357],[85.8398167,20.2904405],[85.8398166,20.2904419],[85.839804,20.2904405],[85.8397664,20.2907317],[85.8398191,20.2907376],[85.8398204,20.2907276],[85.8398972,20.2907354],[85.8399054,20.2906647],[85.8399479,20.2906695]],[[85.8402816,20.290287],[85.8402879,20.2902397],[85.840363,20.2902485],[85.840344,20.2903913],[85.8402686,20.2903825],[85.8402751,20.2903333],[85.8401941,20.2903239],[85.8402003,20.2902775],[85.8402816,20.290287]],[[85.839917,20.2905589],[85.8399275,20.2904832],[85.8399744,20.2904889],[85.8399638,20.2905648],[85.8400184,20.2905715],[85.8400086,20.2906416],[85.8398677,20.2906243],[85.8398775,20.290554],[85.839917,20.2905589]]]}},{"type":"Feature","properties":{"building":"yes","name":null,"height":null,"building:levels":null,"amenity":null,"render_height_m":9.0,"height_source":"visual_default_not_measured","web_layer_source":"F:/datasets/layers/all_building.geojson"},"geometry":{"type":"Polygon","coordinates":[[[85.8214479,20.30242],[85.8214514,20.3024098],[85.8215056,20.3024264],[85.8215021,20.3024366],[85.8215996,20.3024664],[85.821689,20.3022094],[85.8214074,20.3021233],[85.8213603,20.3022586],[85.8213343,20.3022745],[85.8213081,20.3022663],[85.8213212,20.3022185],[85.8212786,20.3022097],[85.8212531,20.3022887],[85.8209053,20.3021848],[85.820889,20.3022329],[85.8208333,20.3022163],[85.8206922,20.3026314],[85.8207328,20.3026436],[85.820728,20.3026579],[85.8207618,20.302668],[85.8207382,20.3027374],[85.8211608,20.3028637],[85.8211791,20.3028097],[85.8212143,20.3028202],[85.8212195,20.302805],[85.8212569,20.3028162],[85.8213794,20.3024558],[85.8214479,20.30242]],[[85.8212885,20.3024898],[85.8211836,20.3027998],[85.8207641,20.302675],[85.8207679,20.3026649],[85.8207489,20.3026592],[85.820874,20.3022634],[85.8209083,20.3022736],[85.8209131,20.3022594],[85.8212086,20.3023473],[85.8212009,20.3023701],[85.8212195,20.3023756],[85.8212885,20.3024898]]]}},{"type":"Feature","properties":{"building":"yes","name":null,"height":null,"building:levels":null,"amenity":null,"render_height_m":9.0,"height_source":"visual_default_not_measured","web_layer_source":"F:/datasets/layers/all_building.geojson"},"geometry":{"type":"Polygon","coordinates":[[[85.8163544,20.3103493],[85.8163249,20.3103789],[85.8163288,20.3104083],[85.81629,20.3104527],[85.8161375,20.3103355],[85.8160621,20.3104218],[85.8160721,20.3104296],[85.816057,20.3104468],[85.8160328,20.3104282],[85.8159799,20.3104887],[85.8159898,20.3104963],[85.8159377,20.3105559],[85.8159514,20.3105665],[85.8159655,20.3105503],[85.816054,20.3106183],[85.8160885,20.3105788],[85.8161721,20.310643],[85.8162422,20.3105627],[85.8162829,20.310594],[85.8163205,20.3105509],[85.8163379,20.3105643],[85.8163671,20.3105309],[85.8164336,20.310582],[85.816438,20.310577],[85.8165569,20.3106684],[85.8166565,20.3105544],[85.8166792,20.3105718],[85.8167281,20.3105157],[85.8167493,20.310532],[85.8167652,20.3105137],[85.8168059,20.3105449],[85.8168367,20.3105096],[85.816921,20.3105744],[85.8169804,20.3105065],[85.8170286,20.3105435],[85.8170585,20.3105094],[85.8170472,20.3105007],[85.8170664,20.3104788],[85.8171174,20.310518],[85.817142,20.3104899],[85.8171084,20.310464],[85.8171392,20.3104288],[85.8169679,20.3102971],[85.8169538,20.3103132],[85.816896,20.3102687],[85.8167641,20.3104196],[85.8167173,20.3103836],[85.8167132,20.3103521],[85.8166816,20.3103295],[85.8166508,20.3103332],[85.8165479,20.3102572],[85.8164686,20.3102605],[85.8163929,20.3103506],[85.8163544,20.3103493]],[[85.8166767,20.3104905],[85.816697,20.3105072],[85.8166838,20.3105211],[85.816683,20.3105204],[85.8166544,20.3105508],[85.8165909,20.3104983],[85.8166319,20.3104547],[85.8166505,20.31047],[85.8166353,20.3104862],[85.8166609,20.3105073],[85.8166767,20.3104905]],[[85.816427,20.3104756],[85.8164441,20.3104576],[85.8164656,20.3104756],[85.8164577,20.3104838],[85.8164899,20.3105108],[85.8164336,20.3105699],[85.8163861,20.3105301],[85.8163812,20.310526],[85.8163976,20.3105088],[85.8164136,20.3105223],[85.8164443,20.3104901],[85.816427,20.3104756]]]}},{"type":"Feature","properties":{"building":"yes","name":null,"height":null,"building:levels":null,"amenity":null,"render_height_m":9.0,"height_source":"visual_default_not_measured","web_layer_source":"F:/datasets/layers/all_building.geojson"},"geometry":{"type":"Polygon","coordinates":[[[85.8125333,20.3142642],[85.8124705,20.314267],[85.8124727,20.3143089],[85.8124387,20.3143104],[85.8124379,20.3142948],[85.8124137,20.3142959],[85.8124127,20.3142756],[85.8122519,20.3142828],[85.8122532,20.3143099],[85.8122284,20.314311],[85.8122295,20.3143334],[85.8121929,20.314335],[85.8121911,20.3142981],[85.8121245,20.3143011],[85.8121291,20.3143924],[85.812164,20.3143908],[85.8121657,20.3144227],[85.8121396,20.3144239],[85.8121442,20.3145145],[85.8122045,20.3145118],[85.8122023,20.3144692],[85.8122417,20.3144674],[85.8122398,20.3144305],[85.8122966,20.3144279],[85.8122959,20.3144145],[85.8123804,20.3144107],[85.8123808,20.3144178],[85.8124446,20.3144149],[85.812446,20.3144433],[85.8124791,20.3144418],[85.8124812,20.3144832],[85.8125547,20.3144799],[85.81255,20.3143883],[85.8125108,20.3143901],[85.8125091,20.3143566],[85.812538,20.3143553],[85.8125333,20.3142642]],[[85.8122783,20.3143527],[85.812351,20.3143514],[85.8123517,20.3143874],[85.812279,20.3143886],[85.8122783,20.3143527]]]}},{"type":"Feature","properties":{"building":"yes","name":null,"height":null,"building:levels":null,"amenity":null,"render_height_m":9.0,"height_source":"visual_default_not_measured","web_layer_source":"F:/datasets/layers/all_building.geojson"},"geometry":{"type":"Polygon","coordinates":[[[85.8129728,20.3142247],[85.8129293,20.3142252],[85.8129309,20.3142671],[85.812897,20.3142682],[85.8128964,20.3142526],[85.8128722,20.3142535],[85.8128714,20.3142332],[85.8127105,20.3142386],[85.8127115,20.3142657],[85.8126866,20.3142666],[85.8126875,20.3142889],[85.8126509,20.3142902],[85.8126495,20.3142532],[85.8125828,20.3142555],[85.8125864,20.3143469],[85.8126213,20.3143457],[85.8126226,20.3143776],[85.8125964,20.3143784],[85.8125999,20.3144691],[85.8126603,20.3144671],[85.8126586,20.3144245],[85.812698,20.3144231],[85.8126966,20.3143861],[85.8127534,20.3143842],[85.8127529,20.3143708],[85.8128374,20.3143679],[85.8128377,20.314375],[85.8129016,20.3143728],[85.8129027,20.3144012],[85.8129357,20.3144001],[85.8129373,20.3144415],[85.8129896,20.314439],[85.8129861,20.3143689],[85.8129681,20.3143487],[85.8129668,20.3143152],[85.8129781,20.3142993],[85.8129728,20.3142247]],[[85.8127669,20.3142987],[85.8128393,20.3142981],[85.8128397,20.3143334],[85.8127673,20.314334],[85.8127669,20.3142987]]]}},{"type":"Feature","properties":{"building":"yes","name":null,"height":null,"building:levels":null,"amenity":null,"render_height_m":9.0,"height_source":"visual_default_not_measured","web_layer_source":"F:/datasets/layers/all_building.geojson"},"geometry":{"type":"Polygon","coordinates":[[[85.8134251,20.3142079],[85.8133622,20.31421],[85.8133638,20.3142519],[85.8133298,20.314253],[85.8133292,20.3142374],[85.813305,20.3142382],[85.8133043,20.3142179],[85.8131434,20.3142231],[85.8131444,20.3142502],[85.8131195,20.3142511],[85.8131203,20.3142734],[85.8130837,20.3142746],[85.8130823,20.3142377],[85.8130157,20.3142399],[85.8130191,20.3143312],[85.8130541,20.3143301],[85.8130553,20.314362],[85.8130292,20.3143628],[85.8130325,20.3144535],[85.8130929,20.3144515],[85.8130913,20.3144089],[85.8131307,20.3144076],[85.8131293,20.3143706],[85.8131861,20.3143688],[85.8131856,20.3143553],[85.8132701,20.3143525],[85.8132704,20.3143596],[85.8133343,20.3143575],[85.8133353,20.3143859],[85.8133684,20.3143848],[85.8133699,20.3144263],[85.8134435,20.3144239],[85.81344,20.3143322],[85.8134008,20.3143335],[85.8133996,20.3143],[85.8134285,20.314299],[85.8134251,20.3142079]],[[85.8132653,20.3143161],[85.8131996,20.3143183],[85.8131981,20.3142805],[85.8132638,20.3142783],[85.8132653,20.3143161]]]}},{"type":"Feature","properties":{"building":"yes","name":null,"height":null,"building:levels":null,"amenity":null,"render_height_m":9.0,"height_source":"visual_default_not_measured","web_layer_source":"F:/datasets/layers/all_building.geojson"},"geometry":{"type":"Polygon","coordinates":[[[85.8139104,20.3141485],[85.8138476,20.3141518],[85.8138502,20.3141937],[85.8138163,20.3141955],[85.8138153,20.3141799],[85.8137911,20.3141812],[85.8137899,20.3141609],[85.8136292,20.3141696],[85.8136308,20.3141967],[85.813606,20.314198],[85.8136073,20.3142204],[85.8135708,20.3142223],[85.8135685,20.3141854],[85.8135019,20.314189],[85.8135076,20.3142803],[85.8135425,20.3142784],[85.8135444,20.3143103],[85.8135183,20.3143117],[85.8135239,20.3144023],[85.8135842,20.314399],[85.8135815,20.3143564],[85.8136209,20.3143543],[85.8136187,20.3143174],[85.8136754,20.3143143],[85.8136745,20.3143009],[85.813759,20.3142963],[85.8137595,20.3143034],[85.8138233,20.3142999],[85.813825,20.3143283],[85.813858,20.3143265],[85.8138605,20.3143679],[85.813934,20.3143639],[85.8139284,20.3142724],[85.8138892,20.3142745],[85.8138872,20.314241],[85.813916,20.3142395],[85.8139104,20.3141485]],[[85.8137693,20.3142583],[85.8137037,20.3142619],[85.8137013,20.3142241],[85.813767,20.3142205],[85.8137693,20.3142583]]]}},{"type":"Feature","properties":{"building":"yes","name":null,"height":null,"building:levels":null,"amenity":null,"render_height_m":9.0,"height_source":"visual_default_not_measured","web_layer_source":"F:/datasets/layers/all_building.geojson"},"geometry":{"type":"Polygon","coordinates":[[[85.8128912,20.3128965],[85.8128496,20.3129003],[85.8128512,20.3129421],[85.8128172,20.3129433],[85.8128166,20.3129277],[85.8127924,20.3129285],[85.8127916,20.3129082],[85.8126307,20.3129136],[85.8126318,20.3129408],[85.8126069,20.3129416],[85.8126078,20.312964],[85.8125712,20.3129652],[85.8125697,20.3129283],[85.8125031,20.3129305],[85.8125066,20.3130219],[85.8125416,20.3130207],[85.8125428,20.3130526],[85.8125167,20.3130535],[85.8125202,20.3131442],[85.8125805,20.3131421],[85.8125789,20.3130995],[85.8126183,20.3130981],[85.8126169,20.3130612],[85.8126736,20.3130592],[85.8126731,20.3130458],[85.8127577,20.3130429],[85.812758,20.31305],[85.8128218,20.3130478],[85.8128229,20.3130762],[85.812856,20.3130751],[85.8128576,20.3131165],[85.8129117,20.313119],[85.8129029,20.3130423],[85.8128884,20.3130237],[85.8128871,20.3129902],[85.812893,20.3129694],[85.8128912,20.3128965]],[[85.8127951,20.3129933],[85.8127294,20.3129956],[85.8127279,20.3129578],[85.8127936,20.3129555],[85.8127951,20.3129933]]]}},{"type":"Feature","properties":{"building":"yes","name":null,"height":null,"building:levels":null,"amenity":null,"render_height_m":9.0,"height_source":"visual_default_not_measured","web_layer_source":"F:/datasets/layers/all_building.geojson"},"geometry":{"type":"Polygon","coordinates":[[[85.812449,20.3129512],[85.8123861,20.312954],[85.8123883,20.3129958],[85.8123543,20.3129974],[85.8123535,20.3129818],[85.8123293,20.3129828],[85.8123283,20.3129625],[85.8121675,20.3129698],[85.8121689,20.3129968],[85.812144,20.312998],[85.8121452,20.3130203],[85.8121086,20.313022],[85.8121067,20.312985],[85.8120401,20.312988],[85.8120447,20.3130793],[85.8120797,20.3130778],[85.8120813,20.3131096],[85.8120552,20.3131108],[85.8120598,20.3132014],[85.8121201,20.3131987],[85.8121179,20.3131561],[85.8121573,20.3131544],[85.8121554,20.3131174],[85.8122122,20.3131149],[85.8122115,20.3131014],[85.812296,20.3130976],[85.8122964,20.3131047],[85.8123602,20.3131019],[85.8123617,20.3131302],[85.8123947,20.3131287],[85.8123968,20.3131702],[85.8124703,20.3131669],[85.8124656,20.3130753],[85.8124265,20.313077],[85.8124248,20.3130435],[85.8124536,20.3130423],[85.812449,20.3129512]],[[85.8122907,20.3130613],[85.812225,20.3130643],[85.812223,20.3130265],[85.8122887,20.3130235],[85.8122907,20.3130613]]]}},{"type":"Feature","properties":{"building":"yes","name":null,"height":null,"building:levels":null,"amenity":null,"render_height_m":9.0,"height_source":"visual_default_not_measured","web_layer_source":"F:/datasets/layers/all_building.geojson"},"geometry":{"type":"Polygon","coordinates":[[[85.8133222,20.3128692],[85.813284,20.312868],[85.8132856,20.3129099],[85.8132516,20.312911],[85.813251,20.3128954],[85.8132268,20.3128962],[85.8132261,20.3128759],[85.8130651,20.3128811],[85.8130662,20.3129082],[85.8130413,20.3129091],[85.8130421,20.3129314],[85.8130055,20.3129326],[85.8130041,20.3128957],[85.8129375,20.3128979],[85.8129409,20.3129893],[85.8129759,20.3129881],[85.8129771,20.31302],[85.812951,20.3130208],[85.8129543,20.3131115],[85.8130147,20.3131095],[85.8130131,20.3130669],[85.8130525,20.3130656],[85.8130511,20.3130286],[85.8131079,20.3130268],[85.8131074,20.3130133],[85.8131919,20.3130105],[85.8131922,20.3130176],[85.8132561,20.3130155],[85.8132571,20.3130439],[85.8132902,20.3130428],[85.8132917,20.3130843],[85.8133406,20.3130819],[85.8133353,20.3130051],[85.8133226,20.3129915],[85.8133214,20.312958],[85.8133273,20.312919],[85.8133222,20.3128692]],[[85.8131871,20.3129741],[85.8131214,20.3129763],[85.8131199,20.3129385],[85.8131856,20.3129363],[85.8131871,20.3129741]]]}},{"type":"Feature","properties":{"building":"yes","name":null,"height":null,"building:levels":null,"amenity":null,"render_height_m":9.0,"height_source":"visual_default_not_measured","web_layer_source":"F:/datasets/layers/all_building.geojson"},"geometry":{"type":"Polygon","coordinates":[[[85.8138347,20.3128216],[85.813772,20.312825],[85.8137745,20.3128668],[85.8137406,20.3128686],[85.8137396,20.312853],[85.8137155,20.3128543],[85.8137142,20.312834],[85.8135535,20.3128427],[85.8135551,20.3128698],[85.8135303,20.3128711],[85.8135317,20.3128935],[85.8134951,20.3128955],[85.8134928,20.3128586],[85.8134263,20.3128622],[85.8134319,20.3129534],[85.8134668,20.3129515],[85.8134687,20.3129834],[85.8134427,20.3129848],[85.8134482,20.3130754],[85.8135085,20.3130721],[85.8135059,20.3130295],[85.8135452,20.3130274],[85.813543,20.3129905],[85.8135997,20.3129874],[85.8135989,20.312974],[85.8136833,20.3129694],[85.8136838,20.3129765],[85.8137476,20.3129731],[85.8137493,20.3130014],[85.8137823,20.3129996],[85.8137849,20.313041],[85.8138583,20.3130371],[85.8138527,20.3129455],[85.8138135,20.3129476],[85.8138115,20.3129142],[85.8138403,20.3129126],[85.8138347,20.3128216]],[[85.8136937,20.3129314],[85.813628,20.312935],[85.8136257,20.3128972],[85.8136913,20.3128936],[85.8136937,20.3129314]]]}},{"type":"Feature","properties":{"building":"yes","name":null,"height":null,"building:levels":null,"amenity":null,"render_height_m":9.0,"height_source":"visual_default_not_measured","web_layer_source":"F:/datasets/layers/all_building.geojson"},"geometry":{"type":"Polygon","coordinates":[[[85.8125696,20.313389],[85.8126325,20.3133872],[85.8126312,20.3133454],[85.8126651,20.3133444],[85.8126656,20.31336],[85.8126899,20.3133594],[85.8126905,20.3133797],[85.8128514,20.3133752],[85.8128506,20.3133481],[85.8128754,20.3133474],[85.8128747,20.313325],[85.8129114,20.313324],[85.8129125,20.3133609],[85.8129457,20.3133707],[85.8129358,20.3132958],[85.8129272,20.3132687],[85.8129244,20.3132385],[85.8129294,20.3132163],[85.8129283,20.3131487],[85.8129032,20.313147],[85.8129046,20.3131897],[85.8128651,20.3131908],[85.8128663,20.3132278],[85.8128095,20.3132293],[85.81281,20.3132428],[85.8127254,20.3132451],[85.8127251,20.3132381],[85.8126613,20.3132398],[85.8126604,20.3132115],[85.8126273,20.3132124],[85.812626,20.3131709],[85.8125525,20.313173],[85.8125554,20.3132646],[85.8125946,20.3132636],[85.8125956,20.3132971],[85.8125668,20.3132979],[85.8125696,20.313389]],[[85.81273,20.3132816],[85.8127957,20.3132797],[85.812797,20.3133176],[85.8127313,20.3133194],[85.81273,20.3132816]]]}},{"type":"Feature","properties":{"building":"yes","name":null,"height":null,"building:levels":null,"amenity":null,"render_height_m":9.0,"height_source":"visual_default_not_measured","web_layer_source":"F:/datasets/layers/all_building.geojson"},"geometry":{"type":"Polygon","coordinates":[[[85.8120867,20.3134461],[85.8121496,20.3134443],[85.8121483,20.3134025],[85.8121822,20.3134015],[85.8121827,20.3134171],[85.8122069,20.3134165],[85.8122076,20.3134368],[85.8123685,20.3134323],[85.8123677,20.3134052],[85.8123925,20.3134045],[85.8123918,20.3133821],[85.8124284,20.3133811],[85.8124296,20.313418],[85.8124963,20.3134162],[85.8124934,20.3133248],[85.8124584,20.3133258],[85.8124574,20.3132939],[85.8124835,20.3132931],[85.8124806,20.3132025],[85.8124203,20.3132041],[85.8124217,20.3132468],[85.8123822,20.3132479],[85.8123834,20.3132848],[85.8123266,20.3132864],[85.812327,20.3132999],[85.8122425,20.3133022],[85.8122422,20.3132951],[85.8121784,20.3132969],[85.8121775,20.3132686],[85.8121444,20.3132695],[85.8121431,20.313228],[85.8120695,20.3132301],[85.8120725,20.3133217],[85.8121117,20.3133206],[85.8121127,20.3133541],[85.8120838,20.3133549],[85.8120867,20.3134461]],[[85.8123005,20.3133036],[85.8123662,20.3133017],[85.8123675,20.3133395],[85.8123018,20.3133414],[85.8123005,20.3133036]]]}},{"type":"Feature","properties":{"building":"yes","name":null,"height":null,"building:levels":null,"amenity":null,"render_height_m":9.0,"height_source":"visual_default_not_measured","web_layer_source":"F:/datasets/layers/all_building.geojson"},"geometry":{"type":"Polygon","coordinates":[[[85.8129815,20.3133632],[85.8130444,20.3133615],[85.813043,20.3133196],[85.813077,20.3133187],[85.8130775,20.3133343],[85.8131017,20.3133336],[85.8131024,20.3133539],[85.8132633,20.3133494],[85.8132624,20.3133223],[85.8132873,20.3133216],[85.8132866,20.3132992],[85.8133232,20.3132982],[85.8133244,20.3133352],[85.8133593,20.3133498],[85.8133564,20.3132667],[85.8133532,20.3132429],[85.8133522,20.313211],[85.8133519,20.3131904],[85.8133437,20.3131245],[85.8133151,20.3131213],[85.8133164,20.3131639],[85.813277,20.313165],[85.8132782,20.313202],[85.8132214,20.3132036],[85.8132218,20.313217],[85.8131372,20.3132194],[85.813137,20.3132123],[85.8130731,20.3132141],[85.8130722,20.3131857],[85.8130392,20.3131866],[85.8130379,20.3131452],[85.8129643,20.3131472],[85.8129672,20.3132389],[85.8130064,20.3132378],[85.8130075,20.3132713],[85.8129786,20.3132721],[85.8129815,20.3133632]],[[85.8131419,20.3132558],[85.8132076,20.3132539],[85.8132088,20.3132918],[85.8131431,20.3132937],[85.8131419,20.3132558]]]}},{"type":"Feature","properties":{"building":"yes","name":null,"height":null,"building:levels":null,"amenity":null,"render_height_m":9.0,"height_source":"visual_default_not_measured","web_layer_source":"F:/datasets/layers/all_building.geojson"},"geometry":{"type":"Polygon","coordinates":[[[85.8134702,20.3133174],[85.813533,20.3133156],[85.8135317,20.3132737],[85.8135657,20.3132728],[85.8135662,20.3132884],[85.8135904,20.3132877],[85.813591,20.313308],[85.813752,20.3133035],[85.8137511,20.3132764],[85.813776,20.3132757],[85.8137753,20.3132534],[85.8138119,20.3132523],[85.813813,20.3132893],[85.8138797,20.3132874],[85.8138768,20.3131961],[85.8138418,20.313197],[85.8138408,20.3131651],[85.8138669,20.3131644],[85.8138641,20.3130737],[85.8138037,20.3130754],[85.8138051,20.313118],[85.8137657,20.3131191],[85.8137668,20.3131561],[85.81371,20.3131577],[85.8137105,20.3131711],[85.8136259,20.3131735],[85.8136257,20.3131664],[85.8135618,20.3131682],[85.8135609,20.3131398],[85.8135278,20.3131407],[85.8135265,20.3130993],[85.813453,20.3131013],[85.8134559,20.313193],[85.8134951,20.3131919],[85.8134962,20.3132254],[85.8134673,20.3132262],[85.8134702,20.3133174]],[[85.8136145,20.3132112],[85.8136802,20.3132093],[85.8136814,20.3132472],[85.8136157,20.3132491],[85.8136145,20.3132112]]]}},{"type":"Feature","properties":{"building":"yes","name":null,"height":null,"building:levels":null,"amenity":null,"render_height_m":9.0,"height_source":"visual_default_not_measured","web_layer_source":"F:/datasets/layers/all_building.geojson"},"geometry":{"type":"Polygon","coordinates":[[[85.8135327,20.3146627],[85.8135956,20.314661],[85.8135942,20.3146191],[85.8136282,20.3146182],[85.8136287,20.3146338],[85.8136529,20.3146331],[85.8136536,20.3146534],[85.8138145,20.3146489],[85.8138136,20.3146218],[85.8138385,20.3146211],[85.8138378,20.3145987],[85.8138744,20.3145977],[85.8138756,20.3146347],[85.8139422,20.3146328],[85.8139393,20.3145414],[85.8139044,20.3145424],[85.8139034,20.3145105],[85.8139295,20.3145098],[85.8139266,20.3144191],[85.8138663,20.3144208],[85.8138676,20.3144634],[85.8138282,20.3144645],[85.8138294,20.3145015],[85.8137726,20.3145031],[85.813773,20.3145165],[85.8136884,20.3145189],[85.8136882,20.3145118],[85.8136243,20.3145136],[85.8136234,20.3144852],[85.8135904,20.3144861],[85.8135891,20.3144447],[85.8135155,20.3144467],[85.8135184,20.3145384],[85.8135576,20.3145373],[85.8135587,20.3145708],[85.8135298,20.3145716],[85.8135327,20.3146627]],[[85.8136931,20.3145553],[85.8137588,20.3145535],[85.81376,20.3145913],[85.8136943,20.3145932],[85.8136931,20.3145553]]]}},{"type":"Feature","properties":{"building":"yes","name":null,"height":null,"building:levels":null,"amenity":null,"render_height_m":9.0,"height_source":"visual_default_not_measured","web_layer_source":"F:/datasets/layers/all_building.geojson"},"geometry":{"type":"Polygon","coordinates":[[[85.8130559,20.3147347],[85.8131188,20.3147329],[85.8131174,20.3146911],[85.8131514,20.3146901],[85.8131519,20.3147057],[85.8131761,20.3147051],[85.8131768,20.3147254],[85.8133377,20.3147209],[85.8133368,20.3146938],[85.8133617,20.3146931],[85.813361,20.3146707],[85.8133976,20.3146697],[85.8133988,20.3147066],[85.8134654,20.3147048],[85.8134625,20.3146134],[85.8134276,20.3146144],[85.8134266,20.3145825],[85.8134527,20.3145818],[85.8134498,20.3144911],[85.8133895,20.3144927],[85.8133908,20.3145354],[85.8133514,20.3145365],[85.8133526,20.3145735],[85.8132958,20.314575],[85.8132962,20.3145885],[85.8132116,20.3145908],[85.8132114,20.3145838],[85.8131475,20.3145855],[85.8131466,20.3145572],[85.8131136,20.3145581],[85.8131123,20.3145166],[85.8130387,20.3145187],[85.8130416,20.3146103],[85.8130808,20.3146093],[85.8130819,20.3146428],[85.813053,20.3146436],[85.8130559,20.3147347]],[[85.8132163,20.3146273],[85.813282,20.3146254],[85.8132832,20.3146633],[85.8132175,20.3146651],[85.8132163,20.3146273]]]}},{"type":"Feature","properties":{"building":"yes","name":null,"height":null,"building:levels":null,"amenity":null,"render_height_m":9.0,"height_source":"visual_default_not_measured","web_layer_source":"F:/datasets/layers/all_building.geojson"},"geometry":{"type":"Polygon","coordinates":[[[85.8126217,20.3147317],[85.8126845,20.31473],[85.8126832,20.3146881],[85.8127172,20.3146872],[85.8127177,20.3147028],[85.8127419,20.3147021],[85.8127425,20.3147224],[85.8129035,20.3147179],[85.8129026,20.3146908],[85.8129275,20.3146901],[85.8129268,20.3146677],[85.8129634,20.3146667],[85.8129646,20.3147037],[85.8130083,20.3147034],[85.8130107,20.3146285],[85.8129934,20.3146114],[85.8129923,20.3145795],[85.8129974,20.3145606],[85.8129874,20.314493],[85.8129552,20.3144898],[85.8129566,20.3145324],[85.8129172,20.3145335],[85.8129183,20.3145705],[85.8128616,20.3145721],[85.812862,20.3145855],[85.8127774,20.3145879],[85.8127772,20.3145808],[85.8127133,20.3145826],[85.8127124,20.3145542],[85.8126794,20.3145551],[85.812678,20.3145137],[85.8126045,20.3145157],[85.8126074,20.3146074],[85.8126466,20.3146063],[85.8126477,20.3146398],[85.8126188,20.3146406],[85.8126217,20.3147317]],[[85.8127821,20.3146243],[85.8128478,20.3146224],[85.812849,20.3146603],[85.8127833,20.3146622],[85.8127821,20.3146243]]]}},{"type":"Feature","properties":{"building":"yes","name":null,"height":null,"building:levels":null,"amenity":null,"render_height_m":9.0,"height_source":"visual_default_not_measured","web_layer_source":"F:/datasets/layers/all_building.geojson"},"geometry":{"type":"Polygon","coordinates":[[[85.8121569,20.314782],[85.8122198,20.3147803],[85.8122185,20.3147384],[85.8122524,20.3147375],[85.8122529,20.3147531],[85.8122771,20.3147524],[85.8122778,20.3147727],[85.8124387,20.3147682],[85.8124378,20.3147411],[85.8124627,20.3147404],[85.812462,20.3147181],[85.8124986,20.314717],[85.8124998,20.314754],[85.8125664,20.3147521],[85.8125635,20.3146607],[85.8125286,20.3146617],[85.8125276,20.3146298],[85.8125537,20.3146291],[85.8125508,20.3145384],[85.8124905,20.3145401],[85.8124918,20.3145827],[85.8124524,20.3145838],[85.8124536,20.3146208],[85.8123968,20.3146224],[85.8123972,20.3146358],[85.8123126,20.3146382],[85.8123124,20.3146311],[85.8122486,20.3146329],[85.8122477,20.3146045],[85.8122146,20.3146054],[85.8122133,20.314564],[85.8121397,20.314566],[85.8121426,20.3146577],[85.8121818,20.3146566],[85.8121829,20.3146901],[85.812154,20.3146909],[85.8121569,20.314782]],[[85.8123173,20.3146747],[85.812383,20.3146728],[85.8123843,20.3147106],[85.8123185,20.3147125],[85.8123173,20.3146747]]]}},{"type":"Feature","properties":{"building":"yes","name":null,"height":null,"building:levels":null,"amenity":null,"render_height_m":9.0,"height_source":"visual_default_not_measured","web_layer_source":"F:/datasets/layers/all_building.geojson"},"geometry":{"type":"Polygon","coordinates":[[[85.769201,20.2835704],[85.7700263,20.2835828],[85.7700263,20.2836066],[85.7701371,20.2836095],[85.7701381,20.28364],[85.7699796,20.2836419],[85.7699785,20.2836819],[85.770426,20.2836834],[85.7704388,20.2835345],[85.7704058,20.2835295],[85.7704273,20.2828288],[85.7697827,20.2828041],[85.769771,20.2828971],[85.7697418,20.2828971],[85.7697488,20.2827734],[85.7697395,20.2827537],[85.7697162,20.2827449],[85.7696905,20.2827482],[85.7696695,20.2827613],[85.7696589,20.2827832],[85.7696624,20.2829059],[85.7696403,20.2829059],[85.7696449,20.2827975],[85.768983,20.2827712],[85.7689666,20.2831304],[85.768976,20.2831501],[85.7690227,20.2831457],[85.7691429,20.2832651],[85.7691861,20.2832333],[85.7691943,20.2833056],[85.7691196,20.2833078],[85.76906,20.2832366],[85.7689627,20.2833409],[85.7689601,20.2835819],[85.7691779,20.2835945],[85.769201,20.2835704]],[[85.7699473,20.2831326],[85.7699305,20.2831313],[85.7699301,20.2829507],[85.7702413,20.2829623],[85.7702555,20.2829683],[85.7702719,20.2829836],[85.7702649,20.2830953],[85.7701995,20.2830932],[85.7701948,20.2830559],[85.7701621,20.2830187],[85.7700816,20.2830822],[85.7699473,20.2830811],[85.7699473,20.2831326]],[[85.7692584,20.2831574],[85.76924,20.2831689],[85.7691321,20.283062],[85.769129,20.2829377],[85.7692985,20.2829392],[85.7692939,20.2829681],[85.7693231,20.2829681],[85.7693231,20.2829348],[85.7694818,20.2829406],[85.7694649,20.2831603],[85.7692584,20.2831574]],[[85.7696374,20.2833534],[85.7693423,20.2833484],[85.769345,20.2832515],[85.769278,20.2832553],[85.7692753,20.2833056],[85.7692283,20.2833081],[85.769227,20.2832339],[85.7692659,20.2831936],[85.7696427,20.2832188],[85.7696481,20.2832427],[85.7695006,20.2832402],[85.7694939,20.2832955],[85.7696347,20.2832993],[85.7696374,20.2833534]],[[85.7698372,20.283259],[85.769738,20.2832565],[85.7697406,20.2832251],[85.7701001,20.2832339],[85.7701457,20.2832741],[85.7701363,20.2833798],[85.7698372,20.2833836],[85.7698372,20.283259]]]}},{"type":"Feature","properties":{"building":"yes","name":null,"height":null,"building:levels":null,"amenity":null,"render_height_m":9.0,"height_source":"visual_default_not_measured","web_layer_source":"F:/datasets/layers/all_building.geojson"},"geometry":{"type":"Polygon","coordinates":[[[85.8154049,20.3534217],[85.8153855,20.3534603],[85.8153859,20.3535031],[85.815406,20.3535414],[85.8154419,20.3535678],[85.8154865,20.3535769],[85.8155308,20.3535671],[85.8155662,20.3535401],[85.8155857,20.3535014],[85.8155852,20.3534587],[85.8155651,20.3534203],[85.8155292,20.353394],[85.8155809,20.353343],[85.8156534,20.3534213],[85.8155997,20.3534565],[85.8156014,20.3535357],[85.8155195,20.3535996],[85.8155522,20.3536336],[85.8156094,20.3536511],[85.8156736,20.3536565],[85.8157471,20.3536456],[85.8157903,20.3536292],[85.815835,20.3536003],[85.8157801,20.3535489],[85.8158147,20.3535241],[85.8158574,20.3535641],[85.8158927,20.3535399],[85.8159202,20.3534942],[85.8159296,20.3534389],[85.8159283,20.3533898],[85.8159142,20.3533455],[85.8158812,20.3533144],[85.8158187,20.3533087],[85.815774,20.3533621],[85.8157293,20.3533163],[85.8158208,20.3532325],[85.8157693,20.3531855],[85.8158065,20.3531517],[85.8157075,20.3530603],[85.8156668,20.3530882],[85.8156188,20.353043],[85.8155184,20.3531327],[85.8156134,20.3532306],[85.8155593,20.3532858],[85.8155057,20.3532458],[85.8155483,20.353209],[85.8155179,20.3531849],[85.8154817,20.3531761],[85.8154428,20.3531811],[85.8154081,20.3531963],[85.8154488,20.3532325],[85.8154081,20.3532839],[85.8153349,20.3532192],[85.8154447,20.3531181],[85.8153044,20.3529905],[85.8150849,20.3531868],[85.815289,20.3533764],[85.8152175,20.353451],[85.8151955,20.3534289],[85.8151363,20.353487],[85.8146858,20.3535],[85.8146858,20.3535448],[85.8145991,20.3535456],[85.8145991,20.3535248],[85.8144672,20.3535298],[85.8144619,20.3535008],[85.8143805,20.3535041],[85.8143779,20.353524],[85.8142469,20.3535265],[85.8142487,20.3535564],[85.8141558,20.3535589],[85.814154,20.353534],[85.814057,20.3535363],[85.8140629,20.3537521],[85.8142912,20.353753],[85.8142894,20.3537206],[85.8143619,20.3537181],[85.8143575,20.3536543],[85.8145,20.3536518],[85.8145008,20.3537173],[85.8145743,20.3537181],[85.8145743,20.3537422],[85.8147362,20.3537397],[85.8147371,20.3537148],[85.8148088,20.3537123],[85.8148061,20.3536385],[85.814945,20.3536352],[85.814949,20.3537066],[85.8150185,20.3537065],[85.8150193,20.3537231],[85.8152589,20.3537189],[85.8151256,20.3535946],[85.8152122,20.3535107],[85.8152671,20.3535572],[85.8153069,20.3535157],[85.8152582,20.3534676],[85.8153898,20.3533373],[85.815439,20.3533962],[85.8154049,20.3534217]],[[85.8153484,20.3531686],[85.8152856,20.3532315],[85.8152544,20.3532041],[85.8153173,20.3531412],[85.8153484,20.3531686]],[[85.8156957,20.3532047],[85.8156711,20.3532298],[85.8156066,20.3531745],[85.8156312,20.3531494],[85.8156957,20.3532047]],[[85.8149406,20.3535548],[85.814941,20.3535888],[85.814904,20.3535891],[85.8149036,20.3535552],[85.8149406,20.3535548]],[[85.8148273,20.3535559],[85.8148292,20.3535885],[85.8147962,20.3535903],[85.8147943,20.3535577],[85.8148273,20.3535559]],[[85.8147001,20.3535678],[85.8147008,20.353604],[85.8146003,20.3536058],[85.8145996,20.3535696],[85.8147001,20.3535678]],[[85.8144994,20.3535735],[85.8144989,20.3536014],[85.8144667,20.3536008],[85.8144672,20.3535729],[85.8144994,20.3535735]],[[85.8143897,20.3535675],[85.8143926,20.3536044],[85.814348,20.3536075],[85.8143451,20.3535706],[85.8143897,20.3535675]],[[85.814249,20.3535906],[85.8142491,20.3536325],[85.8141548,20.3536328],[85.8141547,20.3535909],[85.814249,20.3535906]]]}},{"type":"Feature","properties":{"building":"yes","name":null,"height":null,"building:levels":null,"amenity":null,"render_height_m":9.0,"height_source":"visual_default_not_measured","web_layer_source":"F:/datasets/layers/all_building.geojson"},"geometry":{"type":"Polygon","coordinates":[[[85.8781432,20.3037701],[85.8781954,20.3037685],[85.8782662,20.303761],[85.8783272,20.3037535],[85.8783723,20.3037295],[85.8783989,20.3036913],[85.8784042,20.3036589],[85.8784028,20.3036267],[85.8785584,20.3036267],[85.8785646,20.3040558],[85.8788558,20.3040514],[85.8788466,20.3034905],[85.8784475,20.3035037],[85.8784511,20.3036075],[85.8784033,20.3036091],[85.8783998,20.3035053],[85.8779992,20.303527],[85.8780228,20.3041145],[85.8781423,20.3041178],[85.8781423,20.3040655],[85.878521,20.3040581],[85.8785174,20.3037867],[85.8781476,20.3037983],[85.8781432,20.3037701]],[[85.8782096,20.3037004],[85.8781791,20.3037023],[85.8781771,20.3036137],[85.8783133,20.3036118],[85.8783113,20.3036699],[85.878292,20.3036852],[85.8782665,20.3036976],[85.8782096,20.3037004]],[[85.8787446,20.3036544],[85.8787399,20.3037634],[85.8786569,20.3037603],[85.8786617,20.3036512],[85.8787446,20.3036544]],[[85.8786662,20.303958],[85.8786698,20.3038446],[85.8787532,20.303847],[85.8787496,20.3039604],[85.8786662,20.303958]],[[85.8782962,20.3039787],[85.8781382,20.3039836],[85.8781347,20.3038864],[85.8782928,20.3038815],[85.8782962,20.3039787]]]}},{"type":"Feature","properties":{"building":"yes","name":null,"height":null,"building:levels":null,"amenity":null,"render_height_m":9.0,"height_source":"visual_default_not_measured","web_layer_source":"F:/datasets/layers/all_building.geojson"},"geometry":{"type":"Polygon","coordinates":[[[85.7849592,20.2451203],[85.7854625,20.2451644],[85.7854873,20.2449153],[85.784984,20.2448713],[85.7849592,20.2451203]],[[85.785198,20.2449659],[85.7854157,20.244985],[85.7854061,20.2450821],[85.7851883,20.245063],[85.785198,20.2449659]]]}},{"type":"Feature","properties":{"building":"yes","name":null,"height":null,"building:levels":null,"amenity":null,"render_height_m":9.0,"height_source":"visual_default_not_measured","web_layer_source":"F:/datasets/layers/all_building.geojson"},"geometry":{"type":"Polygon","coordinates":[[[85.8353613,20.3215878],[85.8353599,20.3216139],[85.8359079,20.3216386],[85.8359033,20.3217287],[85.8360009,20.3217331],[85.8360097,20.3215606],[85.835922,20.3215567],[85.8359239,20.3215183],[85.8358164,20.3215134],[85.8358143,20.3215526],[85.8357797,20.321551],[85.8357816,20.3215122],[85.835749,20.3215107],[85.8357523,20.3214455],[85.8358917,20.3214518],[85.8358905,20.3214766],[85.835935,20.3214786],[85.8359358,20.321464],[85.8360841,20.3214707],[85.836089,20.3213751],[85.8361176,20.3213763],[85.8361232,20.3212677],[85.8361258,20.3212176],[85.8361636,20.3212193],[85.8361649,20.3211928],[85.8361365,20.3211915],[85.8361412,20.3210992],[85.8358011,20.3210838],[85.8358055,20.3209982],[85.8356759,20.3209923],[85.8356722,20.321065],[85.8353623,20.3210511],[85.8353486,20.3213174],[85.8352605,20.3213134],[85.8352547,20.3214264],[85.8356785,20.3214455],[85.8356753,20.321507],[85.8355447,20.3215011],[85.8355428,20.321537],[85.835496,20.3215349],[85.8354982,20.3214922],[85.835439,20.3214896],[85.8354372,20.3215247],[85.835371,20.3215218],[85.8353697,20.3215471],[85.8353076,20.3215443],[85.8353055,20.3215853],[85.8353613,20.3215878]],[[85.8354011,20.3213122],[85.8354038,20.3212518],[85.8354761,20.3212546],[85.8354734,20.321315],[85.8354011,20.3213122]],[[85.8357556,20.321353],[85.8357572,20.3213138],[85.8357859,20.3213149],[85.8357889,20.3212444],[85.8360118,20.3212525],[85.8360106,20.3212815],[85.8360501,20.321283],[85.8360468,20.3213636],[85.8357556,20.321353]]]}},{"type":"Feature","properties":{"building":"yes","name":null,"height":null,"building:levels":null,"amenity":null,"render_height_m":9.0,"height_source":"visual_default_not_measured","web_layer_source":"F:/datasets/layers/all_building.geojson"},"geometry":{"type":"Polygon","coordinates":[[[85.8081069,20.2463646],[85.808104,20.2463303],[85.8081445,20.2463274],[85.8081394,20.2462663],[85.8081804,20.2462633],[85.8081688,20.2461247],[85.8081325,20.2461274],[85.8081275,20.2460674],[85.8080664,20.2460719],[85.8080636,20.2460384],[85.807909,20.2460497],[85.8079127,20.2460943],[85.8078582,20.2460983],[85.8078633,20.2461588],[85.8078266,20.2461615],[85.8078371,20.2462872],[85.8078808,20.246284],[85.8078856,20.2463412],[85.8079424,20.2463371],[85.8079457,20.2463764],[85.8081069,20.2463646]],[[85.8079444,20.2461583],[85.8080521,20.2461522],[85.808061,20.2462908],[85.8079533,20.2462969],[85.8079444,20.2461583]]]}},{"type":"Feature","properties":{"building":"commercial","name":"Sankalp Media And Convention","height":null,"building:levels":"3","amenity":null,"render_height_m":9.0,"height_source":"osm_levels_visualized_3m","web_layer_source":"F:/datasets/layers/all_building.geojson"},"geometry":{"type":"Polygon","coordinates":[[[85.8077641,20.3384477],[85.8081718,20.3385584],[85.808245,20.3383582],[85.8081594,20.3383801],[85.8079019,20.3382971],[85.8077276,20.3382468],[85.8077249,20.3383826],[85.8077641,20.3384477]]]}},{"type":"Feature","properties":{"building":"yes","name":null,"height":null,"building:levels":null,"amenity":null,"render_height_m":9.0,"height_source":"visual_default_not_measured","web_layer_source":"F:/datasets/layers/all_building.geojson"},"geometry":{"type":"Polygon","coordinates":[[[85.8344982,20.2557124],[85.8344704,20.25568],[85.834506,20.2556524],[85.8344731,20.2556045],[85.834405,20.2556485],[85.8344187,20.255665],[85.8343805,20.2556208],[85.8343604,20.2556334],[85.8344002,20.2556815],[85.8343923,20.2556864],[85.8344395,20.2557529],[85.8344982,20.2557124]]]}},{"type":"Feature","properties":{"building":"yes","name":null,"height":null,"building:levels":"6","amenity":null,"render_height_m":18.0,"height_source":"osm_levels_visualized_3m","web_layer_source":"F:/datasets/layers/all_building.geojson"},"geometry":{"type":"Polygon","coordinates":[[[85.8409393,20.2777385],[85.8409256,20.2776426],[85.8409246,20.2776427],[85.8409023,20.2774875],[85.8405831,20.2775277],[85.8406054,20.277683],[85.8406191,20.2777789],[85.8406673,20.2781145],[85.8407844,20.2780997],[85.8407514,20.2778694],[85.8408477,20.2778572],[85.8408807,20.2780876],[85.8409864,20.2780743],[85.8409383,20.2777386],[85.8409393,20.2777385]],[[85.8408452,20.2776527],[85.8408589,20.2777486],[85.8406957,20.2777692],[85.840682,20.2776733],[85.8408452,20.2776527]]]}},{"type":"Feature","properties":{"building":"yes","name":null,"height":null,"building:levels":null,"amenity":null,"render_height_m":9.0,"height_source":"visual_default_not_measured","web_layer_source":"F:/datasets/layers/all_building.geojson"},"geometry":{"type":"Polygon","coordinates":[[[85.8433031,20.2817598],[85.8433351,20.2811985],[85.8431452,20.281189],[85.8431259,20.2810375],[85.8425197,20.2811054],[85.842539,20.2812569],[85.8425943,20.2812507],[85.8425602,20.2817059],[85.8431134,20.2817462],[85.8431132,20.2817503],[85.8432975,20.2817596],[85.8433031,20.2817598]],[[85.8431385,20.2813061],[85.8428603,20.2812916],[85.8428496,20.2814727],[85.8431282,20.2814873],[85.8431184,20.2816588],[85.8427196,20.2816298],[85.8427477,20.2812539],[85.8426334,20.2812463],[85.8431452,20.281189],[85.8431385,20.2813061]]]}},{"type":"Feature","properties":{"building":"yes","name":null,"height":null,"building:levels":null,"amenity":null,"render_height_m":9.0,"height_source":"visual_default_not_measured","web_layer_source":"F:/datasets/layers/all_building.geojson"},"geometry":{"type":"Polygon","coordinates":[[[85.8338385,20.2779957],[85.8338433,20.2780487],[85.8338369,20.2780492],[85.833858,20.2782807],[85.8338592,20.2782806],[85.8338604,20.2782935],[85.8338606,20.2782958],[85.8338666,20.2783612],[85.8341641,20.2783374],[85.8341577,20.2782672],[85.8342095,20.278263],[85.83419,20.2780487],[85.8341878,20.2780245],[85.8341827,20.2779682],[85.8338385,20.2779957]],[[85.8341289,20.2782553],[85.8339394,20.2782703],[85.8339211,20.2780675],[85.8341107,20.2780525],[85.8341289,20.2782553]]]}},{"type":"Feature","properties":{"building":"yes","name":null,"height":null,"building:levels":null,"amenity":null,"render_height_m":9.0,"height_source":"visual_default_not_measured","web_layer_source":"F:/datasets/layers/all_building.geojson"},"geometry":{"type":"Polygon","coordinates":[[[85.8403243,20.2897348],[85.8403138,20.2898223],[85.8406437,20.2898571],[85.8406542,20.2897699],[85.8406789,20.2895634],[85.8406824,20.2895343],[85.8404368,20.2895084],[85.8403573,20.2895],[85.8403453,20.2896007],[85.8403291,20.2897353],[85.8403243,20.2897348]],[[85.8405851,20.2896265],[85.8405692,20.2897607],[85.840408,20.2897438],[85.8404239,20.2896096],[85.8405851,20.2896265]]]}},{"type":"Feature","properties":{"building":"yes","name":null,"height":null,"building:levels":null,"amenity":null,"render_height_m":9.0,"height_source":"visual_default_not_measured","web_layer_source":"F:/datasets/layers/all_building.geojson"},"geometry":{"type":"Polygon","coordinates":[[[85.8396039,20.2943885],[85.8396041,20.2943873],[85.8401464,20.2944607],[85.8401465,20.2944602],[85.8401806,20.2944648],[85.84019,20.2944042],[85.8402422,20.2944112],[85.8402671,20.2942495],[85.840208,20.2942415],[85.8402188,20.2941714],[85.8396227,20.2940907],[85.8396107,20.2941684],[85.8395495,20.2941601],[85.8395219,20.294339],[85.8395776,20.2943466],[85.8395718,20.2943842],[85.8396039,20.2943885]],[[85.8401566,20.2943732],[85.839621,20.294305],[85.8396346,20.2942115],[85.8401702,20.2942798],[85.8401566,20.2943732]]]}},{"type":"Feature","properties":{"building":"yes","name":null,"height":null,"building:levels":null,"amenity":null,"render_height_m":9.0,"height_source":"visual_default_not_measured","web_layer_source":"F:/datasets/layers/all_building.geojson"},"geometry":{"type":"Polygon","coordinates":[[[85.8312507,20.2618487],[85.8309801,20.2614035],[85.8309808,20.2614031],[85.8309272,20.2613164],[85.8308506,20.2613574],[85.830851,20.261358],[85.8306548,20.2614648],[85.8306523,20.2614611],[85.8305757,20.2615078],[85.8306294,20.2615945],[85.830634,20.2615919],[85.8309334,20.2620236],[85.831005,20.2619799],[85.8310051,20.2619801],[85.8312,20.2618758],[85.8312507,20.2618487]],[[85.8307131,20.2615489],[85.8309039,20.261445],[85.831124,20.2618071],[85.8309549,20.2618976],[85.8307131,20.2615489]]]}},{"type":"Feature","properties":{"building":"yes","name":null,"height":null,"building:levels":null,"amenity":null,"render_height_m":9.0,"height_source":"visual_default_not_measured","web_layer_source":"F:/datasets/layers/all_building.geojson"},"geometry":{"type":"Polygon","coordinates":[[[85.82348,20.3085567],[85.82348,20.3085922],[85.823413,20.3085919],[85.8234126,20.3086763],[85.8234891,20.3086766],[85.8234894,20.3087089],[85.8236463,20.3087076],[85.8236461,20.3086772],[85.8237184,20.3086775],[85.8237188,20.3085932],[85.8236594,20.308593],[85.8236611,20.3085567],[85.8237134,20.3085567],[85.8237134,20.3085114],[85.8236906,20.3085114],[85.8236906,20.3084309],[85.8236356,20.3084309],[85.8236356,20.3085114],[85.8235404,20.3085114],[85.8235377,20.3084284],[85.8234492,20.3084309],[85.8234518,20.3085114],[85.8234157,20.3085114],[85.8234157,20.3085567],[85.82348,20.3085567]],[[85.8236326,20.3085928],[85.8235172,20.3085924],[85.8235172,20.3085567],[85.8236343,20.3085567],[85.8236326,20.3085928]]]}},{"type":"Feature","properties":{"building":"yes","name":null,"height":null,"building:levels":null,"amenity":null,"render_height_m":9.0,"height_source":"visual_default_not_measured","web_layer_source":"F:/datasets/layers/all_building.geojson"},"geometry":{"type":"Polygon","coordinates":[[[85.8277677,20.3065638],[85.8278963,20.3065946],[85.8279181,20.3065148],[85.8279248,20.3065166],[85.827965,20.3063871],[85.8278869,20.3063657],[85.827851,20.3064813],[85.8277754,20.3064632],[85.8277997,20.3063796],[85.8275986,20.306328],[85.8275385,20.3065341],[85.8276831,20.3065712],[85.8276772,20.3066001],[85.827667,20.3065972],[85.8275811,20.30686],[85.8277119,20.3068976],[85.8277698,20.3067203],[85.8278067,20.3067308],[85.827781,20.3068147],[85.8278075,20.306874],[85.8277823,20.3068688],[85.8277489,20.3070115],[85.8276965,20.3070009],[85.8276857,20.3070474],[85.827897,20.3070903],[85.8279077,20.3070437],[85.8278032,20.3070225],[85.8278281,20.306916],[85.8278792,20.3068959],[85.8278683,20.3068716],[85.8280317,20.3069191],[85.8280645,20.3068201],[85.8280492,20.3068157],[85.8281108,20.306599],[85.8279325,20.3065544],[85.8278891,20.306707],[85.827784,20.3066768],[85.8277977,20.3066347],[85.8277555,20.3066226],[85.8277677,20.3065638]],[[85.8278336,20.306794],[85.8278215,20.3067988],[85.8278394,20.3067402],[85.8278766,20.3067509],[85.8278681,20.3067808],[85.827896,20.3067878],[85.8278683,20.3068716],[85.8278336,20.306794]]]}},{"type":"Feature","properties":{"building":"yes","name":null,"height":null,"building:levels":null,"amenity":null,"render_height_m":9.0,"height_source":"visual_default_not_measured","web_layer_source":"F:/datasets/layers/all_building.geojson"},"geometry":{"type":"Polygon","coordinates":[[[85.8261147,20.3079318],[85.8261211,20.3078099],[85.8261236,20.3077789],[85.8261528,20.307781],[85.8261574,20.3077231],[85.8261282,20.307721],[85.8261408,20.3075644],[85.8259755,20.3075518],[85.825978,20.3075233],[85.8259129,20.3075184],[85.8259105,20.3075469],[85.8258715,20.3075439],[85.8257438,20.3075373],[85.8257361,20.3076616],[85.8257335,20.3077002],[85.8257058,20.3076986],[85.8257015,20.3077629],[85.8257293,20.3077645],[85.8257275,20.307792],[85.8257197,20.3079102],[85.8257214,20.3079103],[85.8257212,20.3079138],[85.8258914,20.3079216],[85.8258897,20.3079543],[85.8259462,20.3079569],[85.8259479,20.3079242],[85.8261113,20.3079316],[85.8261147,20.3079318]],[[85.8258661,20.3076789],[85.8260012,20.3076886],[85.825992,20.3078041],[85.8258606,20.3077959],[85.8258661,20.3076789]]]}},{"type":"Feature","properties":{"building":"yes","name":null,"height":null,"building:levels":null,"amenity":null,"render_height_m":9.0,"height_source":"visual_default_not_measured","web_layer_source":"F:/datasets/layers/all_building.geojson"},"geometry":{"type":"Polygon","coordinates":[[[85.8386111,20.3034766],[85.8386151,20.3036412],[85.8386307,20.3036409],[85.8386338,20.3036771],[85.8388698,20.3036595],[85.8388657,20.3036117],[85.8388978,20.3036094],[85.8388871,20.3034748],[85.8388401,20.3034781],[85.8388357,20.3034137],[85.8386077,20.3034276],[85.8386111,20.3034766]],[[85.8388152,20.303577],[85.8386654,20.3035882],[85.8386635,20.3035061],[85.8388089,20.3034973],[85.8388152,20.303577]]]}},{"type":"Feature","properties":{"building":"yes","name":null,"height":null,"building:levels":null,"amenity":null,"render_height_m":9.0,"height_source":"visual_default_not_measured","web_layer_source":"F:/datasets/layers/all_building.geojson"},"geometry":{"type":"Polygon","coordinates":[[[85.8023599,20.339582],[85.8023535,20.339869],[85.8023429,20.3398687],[85.8023377,20.3400468],[85.8032147,20.3400694],[85.80322,20.3398913],[85.8032122,20.3398911],[85.803208,20.339593],[85.8032075,20.339593],[85.8032092,20.3394889],[85.8023617,20.3394764],[85.8023599,20.339582]],[[85.8026674,20.3398771],[85.8024971,20.3398727],[85.8025015,20.3396718],[85.8026674,20.3396743],[85.8026674,20.3398771]],[[85.803079,20.3396804],[85.803082,20.3398878],[85.8028176,20.339881],[85.8028176,20.3396765],[85.803079,20.3396804]]]}},{"type":"Feature","properties":{"building":"yes","name":null,"height":null,"building:levels":null,"amenity":null,"render_height_m":9.0,"height_source":"visual_default_not_measured","web_layer_source":"F:/datasets/layers/all_building.geojson"},"geometry":{"type":"Polygon","coordinates":[[[85.8384985,20.3125378],[85.8384405,20.3125179],[85.8383797,20.3124972],[85.838375,20.3124955],[85.8383113,20.3126594],[85.8383026,20.3126817],[85.8382846,20.3127282],[85.8384082,20.3127704],[85.8383946,20.3128053],[85.8384387,20.3128204],[85.8384523,20.3127855],[85.8384576,20.3127873],[85.8384843,20.3127185],[85.838479,20.3127167],[85.8384848,20.3127017],[85.8385858,20.3127362],[85.8386117,20.3126695],[85.8385108,20.312635],[85.8385454,20.3125459],[85.8386493,20.3125814],[85.8386729,20.3125205],[85.838569,20.312485],[85.8385759,20.3124672],[85.8385865,20.3124708],[85.8386045,20.3124244],[85.838629,20.3124328],[85.8386157,20.312467],[85.8386564,20.3124809],[85.8386697,20.3124467],[85.8386845,20.3124084],[85.8386989,20.3123714],[85.8386337,20.3123491],[85.838652,20.3123022],[85.8385449,20.3122656],[85.8385126,20.3123486],[85.8384465,20.312326],[85.8384132,20.3124116],[85.8385318,20.3124521],[85.8385249,20.3124699],[85.8385012,20.3125308],[85.8384985,20.3125378]],[[85.8384349,20.3127016],[85.8383769,20.3126818],[85.8384086,20.3126001],[85.8384666,20.3126199],[85.8384407,20.3126866],[85.8384349,20.3127016]]]}},{"type":"Feature","properties":{"building":"yes","name":null,"height":null,"building:levels":null,"amenity":null,"render_height_m":9.0,"height_source":"visual_default_not_measured","web_layer_source":"F:/datasets/layers/all_building.geojson"},"geometry":{"type":"Polygon","coordinates":[[[85.8403951,20.3081187],[85.8403949,20.3081188],[85.8404417,20.3082669],[85.8404895,20.3082536],[85.8405059,20.3083058],[85.8404571,20.3083178],[85.8404955,20.3084556],[85.8405943,20.3084314],[85.8406039,20.308466],[85.840784,20.3084219],[85.8407743,20.3083873],[85.8408778,20.3083619],[85.8408571,20.3082875],[85.8408033,20.3083007],[85.8407857,20.3082375],[85.8408299,20.3082247],[85.8407656,20.3080294],[85.8407657,20.3080294],[85.8407566,20.3080019],[85.8407173,20.3078838],[85.8403525,20.3079907],[85.8403951,20.3081187]],[[85.8406909,20.3082347],[85.8405873,20.3082601],[85.840594,20.3082842],[85.8405895,20.3082853],[85.8405305,20.3080983],[85.8406358,20.3080674],[85.8406909,20.3082347]]]}},{"type":"Feature","properties":{"building":"yes","name":null,"height":null,"building:levels":null,"amenity":null,"render_height_m":9.0,"height_source":"visual_default_not_measured","web_layer_source":"F:/datasets/layers/all_building.geojson"},"geometry":{"type":"Polygon","coordinates":[[[85.841668,20.3053677],[85.8415861,20.3053879],[85.8414119,20.3052312],[85.8412965,20.3053441],[85.8414666,20.3054971],[85.841455,20.3055008],[85.8414734,20.3055509],[85.8413315,20.3055884],[85.8413658,20.3057024],[85.8415148,20.305663],[85.8415282,20.3056992],[85.8414817,20.3059029],[85.8416464,20.305936],[85.8416998,20.3057019],[85.841706,20.3057216],[85.841765,20.3057053],[85.8417559,20.3056762],[85.8419482,20.3058304],[85.8420771,20.3056891],[85.8418762,20.3055279],[85.8418761,20.305528],[85.8418398,20.3054161],[85.8418266,20.3054199],[85.8418835,20.3051623],[85.8417204,20.3051306],[85.841668,20.3053677]],[[85.8415111,20.3055018],[85.841595,20.3054197],[85.8415982,20.3054311],[85.8416732,20.3054127],[85.841814,20.30544],[85.8418513,20.3055552],[85.8417521,20.3056641],[85.8417492,20.3056551],[85.8416902,20.3056714],[85.8416954,20.305688],[85.8415706,20.3056629],[85.8415657,20.3056496],[85.841575,20.3056471],[85.8415407,20.3055331],[85.8415243,20.3055374],[85.8415111,20.3055018]]]}},{"type":"Feature","properties":{"building":"yes","name":null,"height":null,"building:levels":null,"amenity":null,"render_height_m":9.0,"height_source":"visual_default_not_measured","web_layer_source":"F:/datasets/layers/all_building.geojson"},"geometry":{"type":"Polygon","coordinates":[[[85.8387378,20.3052375],[85.8386788,20.3052815],[85.8386956,20.3054906],[85.8387002,20.3054902],[85.838704,20.3055387],[85.8389546,20.3055214],[85.8389608,20.3056006],[85.8391194,20.3055897],[85.8391132,20.3055105],[85.8392309,20.3055024],[85.8392311,20.3055044],[85.8393164,20.3054981],[85.8392863,20.3051885],[85.8392394,20.3051885],[85.8392327,20.3051608],[85.8390258,20.305183],[85.8390222,20.3051406],[85.838934,20.3051471],[85.8389376,20.3051896],[85.8387525,20.3051998],[85.8387378,20.3052375]],[[85.8392068,20.3052809],[85.8392163,20.305403],[85.8390858,20.305412],[85.8390756,20.3052906],[85.8392068,20.3052809]],[[85.8389088,20.3054241],[85.8387757,20.3054333],[85.8387657,20.3053136],[85.8388987,20.3053037],[85.8389088,20.3054241]]]}},{"type":"Feature","properties":{"building":"yes","name":null,"height":null,"building:levels":null,"amenity":null,"render_height_m":9.0,"height_source":"visual_default_not_measured","web_layer_source":"F:/datasets/layers/all_building.geojson"},"geometry":{"type":"Polygon","coordinates":[[[85.8258873,20.3196068],[85.8259142,20.3193461],[85.8259264,20.3192315],[85.8256754,20.319208],[85.8256783,20.3191807],[85.8257693,20.3191893],[85.8257849,20.3190433],[85.8255976,20.3190258],[85.8255821,20.3191717],[85.8256098,20.3191743],[85.8255973,20.319292],[85.8253938,20.3192723],[85.8253576,20.3196005],[85.8254262,20.3196072],[85.8254222,20.319644],[85.8255708,20.3196584],[85.8255737,20.3196322],[85.8255741,20.319628],[85.8256143,20.3196318],[85.8256196,20.3195819],[85.8256557,20.3195853],[85.8256523,20.3196176],[85.8258355,20.3196348],[85.825839,20.3196024],[85.8258873,20.3196068]],[[85.8256112,20.3193153],[85.8256109,20.3193176],[85.8256894,20.319325],[85.8256858,20.3193584],[85.825828,20.3193717],[85.8258316,20.3193383],[85.8258379,20.3193389],[85.8258227,20.3194859],[85.8255922,20.3194643],[85.8256086,20.3193151],[85.8256112,20.3193153]]]}},{"type":"Feature","properties":{"building":"yes","name":null,"height":null,"building:levels":null,"amenity":null,"render_height_m":9.0,"height_source":"visual_default_not_measured","web_layer_source":"F:/datasets/layers/all_building.geojson"},"geometry":{"type":"Polygon","coordinates":[[[85.8217493,20.3292084],[85.8217487,20.3290927],[85.8216917,20.329093],[85.8216923,20.3292086],[85.8216407,20.3291571],[85.8215933,20.3291989],[85.821632,20.3292375],[85.8216307,20.3292376],[85.8216323,20.3292715],[85.8215025,20.329277],[85.8215043,20.3293148],[85.8216342,20.3293092],[85.8216352,20.3293298],[85.8216072,20.3293552],[85.8216474,20.3293941],[85.8216726,20.3293713],[85.8216899,20.3293712],[85.8216903,20.3294558],[85.8217707,20.3294554],[85.8217703,20.3293709],[85.8217939,20.3293708],[85.8218419,20.3294187],[85.8218861,20.3293797],[85.8218352,20.3293289],[85.8220897,20.3293179],[85.82209,20.3293671],[85.8221406,20.3293669],[85.8221404,20.3293157],[85.8221908,20.3293136],[85.8221859,20.3292137],[85.8220885,20.3292179],[85.8220883,20.3291701],[85.8220451,20.3291703],[85.8220453,20.3292197],[85.8218104,20.3292298],[85.8218725,20.3291689],[85.8218291,20.3291301],[85.8217493,20.3292084]]]}},{"type":"Feature","properties":{"building":"yes","name":null,"height":null,"building:levels":null,"amenity":null,"render_height_m":9.0,"height_source":"visual_default_not_measured","web_layer_source":"F:/datasets/layers/all_building.geojson"},"geometry":{"type":"Polygon","coordinates":[[[85.8145466,20.2899679],[85.8144539,20.2901283],[85.8144517,20.2901273],[85.8143781,20.2902645],[85.8145892,20.2903641],[85.8144201,20.2906697],[85.8146747,20.2907936],[85.814679,20.2907859],[85.8146809,20.2907868],[85.814871,20.2904365],[85.8148687,20.2904355],[85.8149164,20.2903465],[85.8148973,20.2903375],[85.8149998,20.2901677],[85.8150026,20.2901674],[85.8150022,20.2901637],[85.8150025,20.2901632],[85.8150021,20.290163],[85.8149935,20.2900757],[85.8147929,20.2900931],[85.8145466,20.2899679]],[[85.8148083,20.2902195],[85.8147726,20.2902786],[85.8145378,20.2901679],[85.8145762,20.2901015],[85.8148083,20.2902195]],[[85.8146964,20.2904147],[85.814758,20.2904437],[85.814631,20.2906779],[85.8145678,20.2906471],[85.8146964,20.2904147]]]}},{"type":"Feature","properties":{"building":"yes","name":null,"height":null,"building:levels":null,"amenity":null,"render_height_m":9.0,"height_source":"visual_default_not_measured","web_layer_source":"F:/datasets/layers/all_building.geojson"},"geometry":{"type":"Polygon","coordinates":[[[85.8128974,20.3077719],[85.8128968,20.3077471],[85.8129905,20.307745],[85.812975,20.3071575],[85.8129752,20.3071574],[85.8129747,20.3071459],[85.8129744,20.3071337],[85.8129742,20.3071337],[85.8129685,20.3070009],[85.8125715,20.307016],[85.8125753,20.3071031],[85.8125088,20.3071045],[85.8125021,20.3068703],[85.8123596,20.3068739],[85.8123664,20.3071116],[85.8123124,20.3071127],[85.8123113,20.3070701],[85.8120203,20.3070764],[85.8120269,20.3073433],[85.8119423,20.3073452],[85.8119547,20.3078504],[85.812399,20.3078408],[85.8123983,20.307811],[85.8126385,20.3078058],[85.8126379,20.3077775],[85.8128974,20.3077719]],[[85.8123563,20.3072035],[85.8123595,20.3073362],[85.8121389,20.3073409],[85.8121356,20.3072082],[85.8122631,20.3072055],[85.8123146,20.3072044],[85.8123563,20.3072035]],[[85.812086,20.307517],[85.8121432,20.3075158],[85.8121431,20.3075148],[85.8123961,20.3075094],[85.8123946,20.307448],[85.8124653,20.3074464],[85.8124629,20.3073493],[85.8123922,20.3073508],[85.8123918,20.3073355],[85.8123891,20.3073355],[85.8123858,20.3072028],[85.8124262,20.307202],[85.8124262,20.3071994],[85.8125115,20.3071973],[85.8125107,20.3071715],[85.8125782,20.3071701],[85.8125783,20.3071725],[85.8128444,20.3071624],[85.8128573,20.3076513],[85.8126305,20.3076562],[85.8126312,20.3076835],[85.8123234,20.3076901],[85.8123241,20.307719],[85.8120911,20.307724],[85.812086,20.307517]]]}},{"type":"Feature","properties":{"building":"yes","name":null,"height":null,"building:levels":null,"amenity":null,"render_height_m":9.0,"height_source":"visual_default_not_measured","web_layer_source":"F:/datasets/layers/all_building.geojson"},"geometry":{"type":"Polygon","coordinates":[[[85.811225,20.3094749],[85.8108294,20.3095139],[85.8108412,20.3096191],[85.8108623,20.3098272],[85.8112579,20.3097919],[85.8112365,20.3095801],[85.8112368,20.3095801],[85.8112331,20.3095466],[85.8112321,20.3095372],[85.811232,20.3095372],[85.811225,20.3094749]],[[85.811089,20.3095946],[85.8111002,20.3097056],[85.8109768,20.3097166],[85.8109657,20.3096068],[85.811089,20.3095946]]]}},{"type":"Feature","properties":{"building":"yes","name":null,"height":null,"building:levels":null,"amenity":null,"render_height_m":9.0,"height_source":"visual_default_not_measured","web_layer_source":"F:/datasets/layers/all_building.geojson"},"geometry":{"type":"Polygon","coordinates":[[[85.818007,20.3507129],[85.8177052,20.3507028],[85.8177025,20.3507738],[85.8176476,20.350772],[85.8176378,20.3510237],[85.8175725,20.3510209],[85.8175524,20.3514384],[85.8176799,20.3514438],[85.8176812,20.3514165],[85.8179285,20.3514289],[85.8179392,20.351242],[85.8179889,20.3512435],[85.8179979,20.3509795],[85.8180288,20.3509804],[85.818033,20.3508572],[85.818002,20.3508563],[85.8180063,20.3507311],[85.818007,20.3507129]],[[85.8177238,20.3508101],[85.8177551,20.3508111],[85.817753,20.3508676],[85.8178695,20.3508715],[85.8178717,20.350815],[85.8179232,20.3508167],[85.8179187,20.3509486],[85.817978,20.3509504],[85.8179767,20.3509875],[85.8178071,20.3509825],[85.8177385,20.3509804],[85.8177385,20.3509806],[85.8177172,20.35098],[85.8177238,20.3508101]],[[85.8177345,20.3510972],[85.8177337,20.3511225],[85.8179127,20.3511278],[85.8179114,20.3511659],[85.817865,20.3511636],[85.8178574,20.3512948],[85.8177719,20.3512905],[85.8177744,20.351248],[85.8176762,20.3512431],[85.8176762,20.3512436],[85.8176385,20.351242],[85.8176402,20.3512068],[85.8176912,20.351209],[85.8176966,20.3510962],[85.8177345,20.3510972]]]}},{"type":"Feature","properties":{"building":"yes","name":null,"height":null,"building:levels":null,"amenity":null,"render_height_m":9.0,"height_source":"visual_default_not_measured","web_layer_source":"F:/datasets/layers/all_building.geojson"},"geometry":{"type":"Polygon","coordinates":[[[85.8112067,20.3243621],[85.8111754,20.3240488],[85.8108602,20.3240764],[85.8108916,20.3243908],[85.8109851,20.3243826],[85.810985,20.3243816],[85.8112067,20.3243621]],[[85.8109644,20.3241746],[85.8110808,20.3241643],[85.8110913,20.3242702],[85.8109749,20.3242805],[85.8109644,20.3241746]]]}},{"type":"Feature","properties":{"building":"yes","name":null,"height":null,"building:levels":null,"amenity":null,"render_height_m":9.0,"height_source":"visual_default_not_measured","web_layer_source":"F:/datasets/layers/all_building.geojson"},"geometry":{"type":"Polygon","coordinates":[[[85.811217,20.3244575],[85.8109085,20.3244851],[85.8109297,20.3246929],[85.8109404,20.3247972],[85.8109406,20.3247972],[85.8109412,20.3248029],[85.8112335,20.324776],[85.8112493,20.3247745],[85.8112496,20.3247745],[85.8112381,20.3246645],[85.811217,20.3244575]],[[85.8109982,20.3246007],[85.8111337,20.3245886],[85.8111424,20.3246733],[85.8110069,20.3246858],[85.8109982,20.3246007]]]}},{"type":"Feature","properties":{"building":"yes","name":null,"height":null,"building:levels":null,"amenity":null,"render_height_m":9.0,"height_source":"visual_default_not_measured","web_layer_source":"F:/datasets/layers/all_building.geojson"},"geometry":{"type":"Polygon","coordinates":[[[85.8137783,20.3163141],[85.8137348,20.3163668],[85.8137118,20.3163963],[85.8137085,20.3163966],[85.8137305,20.3166569],[85.8138898,20.316645],[85.8138737,20.3164551],[85.8138702,20.316444],[85.8139649,20.3163268],[85.8139138,20.3162897],[85.8139676,20.3162237],[85.8139292,20.3161962],[85.8139515,20.3161772],[85.8138657,20.3161055],[85.8138391,20.3158945],[85.8136766,20.3159068],[85.8136994,20.3161721],[85.8137884,20.3162408],[85.8137878,20.3162415],[85.8135413,20.3162606],[85.8135343,20.3162611],[85.8135532,20.3162451],[85.8135961,20.316191],[85.8135917,20.3161389],[85.8135675,20.3159162],[85.8134164,20.3159307],[85.8134352,20.3161432],[85.8133627,20.316235],[85.8133976,20.3162711],[85.8132683,20.3162805],[85.8132742,20.316352],[85.8133733,20.3163447],[85.8134867,20.3164347],[85.8134856,20.3164348],[85.813507,20.3166763],[85.8136497,20.3166651],[85.8136283,20.3164237],[85.8136128,20.3164011],[85.8135276,20.3163336],[85.8135473,20.316332],[85.8137783,20.3163141]],[[85.8134987,20.3163106],[85.813487,20.3163013],[85.8134971,20.3162927],[85.8134987,20.3163106]]]}},{"type":"Feature","properties":{"building":"yes","name":null,"height":null,"building:levels":null,"amenity":null,"render_height_m":9.0,"height_source":"visual_default_not_measured","web_layer_source":"F:/datasets/layers/all_building.geojson"},"geometry":{"type":"Polygon","coordinates":[[[85.8136209,20.3154866],[85.8135941,20.3154651],[85.8135813,20.3153182],[85.8135166,20.3153231],[85.813528,20.3154547],[85.8134868,20.3154998],[85.8134845,20.3154979],[85.8134902,20.3154917],[85.8132474,20.3152943],[85.8131709,20.315377],[85.8132503,20.3154415],[85.8132139,20.315493],[85.8131943,20.3155577],[85.8131904,20.3155842],[85.8131991,20.3156408],[85.8132152,20.315698],[85.8132514,20.3157558],[85.8132723,20.3157754],[85.813226,20.3158212],[85.8133048,20.3158914],[85.8133956,20.3158017],[85.8134929,20.3158772],[85.8135478,20.315815],[85.813455,20.3157429],[85.8135462,20.3156527],[85.8135921,20.3156892],[85.8136368,20.3156397],[85.8137388,20.3157216],[85.8136484,20.3158137],[85.8137089,20.3158659],[85.8138012,20.3157717],[85.8138883,20.3158417],[85.8139622,20.3157609],[85.8139108,20.3157196],[85.813918,20.3157011],[85.8139374,20.3156508],[85.8139528,20.315603],[85.8139528,20.3155414],[85.8139394,20.3154949],[85.813926,20.3154553],[85.8139099,20.3154207],[85.813873,20.3153842],[85.8138587,20.3153702],[85.8139208,20.3153046],[85.8138496,20.3152452],[85.8136209,20.3154866]],[[85.8132636,20.3154524],[85.8132715,20.3154588],[85.8132677,20.3154629],[85.8132636,20.3154524]],[[85.813868,20.3155077],[85.8138777,20.3155433],[85.8138773,20.31558],[85.8138668,20.3156154],[85.8138442,20.315666],[85.8136933,20.3155448],[85.8137965,20.3154358],[85.8138213,20.3154496],[85.8138487,20.3154758],[85.813868,20.3155077]],[[85.8133071,20.3155719],[85.8133999,20.3156492],[85.8133464,20.3157021],[85.8133386,20.3156948],[85.8133125,20.3156691],[85.813299,20.3156408],[85.8133011,20.3155898],[85.8133071,20.3155719]]]}},{"type":"Feature","properties":{"building":"yes","name":"Regional Museum of Natural History","height":null,"building:levels":null,"amenity":null,"render_height_m":9.0,"height_source":"visual_default_not_measured","web_layer_source":"F:/datasets/layers/all_building.geojson"},"geometry":{"type":"Polygon","coordinates":[[[85.8322422,20.2996288],[85.8323023,20.2995942],[85.8323307,20.2995457],[85.8322953,20.2994258],[85.8322121,20.2993752],[85.8321998,20.2992509],[85.8321258,20.2992567],[85.8321166,20.2990646],[85.8319795,20.2991108],[85.8319027,20.2989669],[85.8316808,20.2991379],[85.8315687,20.2993328],[85.8315477,20.2995255],[85.8315734,20.2998715],[85.8318069,20.299854],[85.8318022,20.2997839],[85.8320123,20.2997861],[85.8319937,20.2998562],[85.832031,20.2998934],[85.8321151,20.2998956],[85.8321431,20.2998606],[85.8321454,20.2997664],[85.8322388,20.2997576],[85.8322422,20.2996288]],[[85.8319264,20.2995031],[85.8319557,20.2993789],[85.8321899,20.2993702],[85.8321976,20.2996303],[85.8319372,20.2996317],[85.8319264,20.2995031]]]}},{"type":"Feature","properties":{"building":"yes","name":"Barabhuja Market Complex","height":null,"building:levels":null,"amenity":null,"render_height_m":9.0,"height_source":"visual_default_not_measured","web_layer_source":"F:/datasets/layers/all_building.geojson"},"geometry":{"type":"Polygon","coordinates":[[[85.78754,20.2580463],[85.7874092,20.2580487],[85.787515,20.2583625],[85.7874854,20.2583816],[85.7875329,20.2584906],[85.7879519,20.2583513],[85.7879413,20.2583116],[85.7879747,20.258297],[85.7879058,20.2581138],[85.7877957,20.2580083],[85.787566,20.2581127],[85.78754,20.2580463]],[[85.7876213,20.2582228],[85.7877814,20.2581415],[85.7878272,20.2582563],[85.7876593,20.2583118],[85.7876213,20.2582228]]]}},{"type":"Feature","properties":{"building":"yes","name":"King's Palace 7 A&B","height":null,"building:levels":null,"amenity":null,"render_height_m":9.0,"height_source":"visual_default_not_measured","web_layer_source":"F:/datasets/layers/all_building.geojson"},"geometry":{"type":"Polygon","coordinates":[[[85.8160953,20.3519599],[85.8160971,20.3518442],[85.8162389,20.3518426],[85.8165853,20.3515281],[85.8165842,20.3514724],[85.8166594,20.3514699],[85.8166716,20.3510633],[85.8165385,20.3510665],[85.8163978,20.351066],[85.8162373,20.3510631],[85.8162343,20.3511424],[85.8161074,20.3511421],[85.816107,20.3510659],[85.8159525,20.3510673],[85.8159588,20.3519619],[85.8160953,20.3519599]]]}},{"type":"Feature","properties":{"building":"office","name":"OFSDP","height":null,"building:levels":null,"amenity":null,"render_height_m":9.0,"height_source":"visual_default_not_measured","web_layer_source":"F:/datasets/layers/all_building.geojson"},"geometry":{"type":"Polygon","coordinates":[[[85.7826304,20.2730426],[85.7826194,20.2730424],[85.7826164,20.2731877],[85.7825458,20.2731864],[85.7825473,20.2731196],[85.7824306,20.2731174],[85.7824297,20.2731435],[85.7823052,20.2731404],[85.7823102,20.2729686],[85.7824343,20.2729718],[85.7824322,20.2730403],[85.7825101,20.2730418],[85.7825112,20.2729883],[85.7826315,20.2729906],[85.7826304,20.2730426]]]}},{"type":"Feature","properties":{"building":"yes","name":null,"height":null,"building:levels":null,"amenity":"fire_station","render_height_m":9.0,"height_source":"visual_default_not_measured","web_layer_source":"F:/datasets/layers/all_building.geojson"},"geometry":{"type":"Polygon","coordinates":[[[85.8137652,20.2542156],[85.8135076,20.2545443],[85.813548,20.2545722],[85.8135361,20.2545874],[85.8135795,20.2546173],[85.8135913,20.2546022],[85.8136317,20.2546301],[85.813848,20.2543541],[85.8138784,20.254375],[85.8139198,20.2543222],[85.8137652,20.2542156]]]}},{"type":"Feature","properties":{"building":"house","name":null,"height":null,"building:levels":null,"amenity":null,"render_height_m":9.0,"height_source":"visual_default_not_measured","web_layer_source":"F:/datasets/layers/all_building.geojson"},"geometry":{"type":"Polygon","coordinates":[[[85.7811217,20.2710933],[85.7811104,20.2712416],[85.7811775,20.2712461],[85.7811888,20.2710978],[85.7811217,20.2710933]]]}},{"type":"Feature","properties":{"building":"yes","name":"Pantaloons","height":null,"building:levels":null,"amenity":null,"render_height_m":9.0,"height_source":"visual_default_not_measured","web_layer_source":"F:/datasets/layers/all_building.geojson"},"geometry":{"type":"Polygon","coordinates":[[[85.8425879,20.2942106],[85.8425949,20.2941387],[85.8426169,20.2941406],[85.8426243,20.2940649],[85.842653,20.2940674],[85.8426596,20.2940004],[85.8426662,20.2939335],[85.8426375,20.2939311],[85.8426449,20.2938553],[85.842623,20.2938534],[85.84263,20.2937816],[85.8429143,20.2938062],[85.8428721,20.2942352],[85.8425879,20.2942106]]]}},{"type":"Feature","properties":{"building":"roof","name":null,"height":null,"building:levels":null,"amenity":null,"render_height_m":9.0,"height_source":"visual_default_not_measured","web_layer_source":"F:/datasets/layers/all_building.geojson"},"geometry":{"type":"Polygon","coordinates":[[[85.8419122,20.2667266],[85.8417953,20.266533],[85.8416288,20.2666215],[85.8417457,20.266815],[85.8419122,20.2667266]]]}},{"type":"Feature","properties":{"building":"yes","name":"BMC Bhawani Mall","height":null,"building:levels":null,"amenity":null,"render_height_m":9.0,"height_source":"visual_default_not_measured","web_layer_source":"F:/datasets/layers/all_building.geojson"},"geometry":{"type":"Polygon","coordinates":[[[85.8463189,20.286864],[85.8462872,20.2871281],[85.8464031,20.2871369],[85.8465265,20.2871296],[85.8467365,20.2870994],[85.8469587,20.287024],[85.8471613,20.2869049],[85.8473128,20.2867533],[85.847438,20.2865926],[85.8475267,20.286418],[85.8475624,20.2863104],[85.847581,20.2862031],[85.8473074,20.2861649],[85.8472905,20.286246],[85.8472653,20.286322],[85.8471965,20.2864575],[85.8470968,20.2865854],[85.8469819,20.2867004],[85.8468353,20.2867866],[85.846667,20.2868437],[85.8465427,20.2868718],[85.8464095,20.2868734],[85.8463189,20.286864]]]}},{"type":"Feature","properties":{"building":"school","name":null,"height":null,"building:levels":null,"amenity":null,"render_height_m":9.0,"height_source":"visual_default_not_measured","web_layer_source":"F:/datasets/layers/all_building.geojson"},"geometry":{"type":"Polygon","coordinates":[[[85.8116218,20.2952422],[85.8118444,20.2949],[85.8123245,20.2951214],[85.8120966,20.295451],[85.8116218,20.2952422]]]}},{"type":"Feature","properties":{"building":"apartments","name":null,"height":null,"building:levels":null,"amenity":null,"render_height_m":9.0,"height_source":"visual_default_not_measured","web_layer_source":"F:/datasets/layers/all_building.geojson"},"geometry":{"type":"Polygon","coordinates":[[[85.77715,20.261365],[85.7774722,20.2614033],[85.7775218,20.261168],[85.7771901,20.2611202],[85.77715,20.261365]]]}},{"type":"Feature","properties":{"building":"apartments","name":null,"height":null,"building:levels":null,"amenity":null,"render_height_m":9.0,"height_source":"visual_default_not_measured","web_layer_source":"F:/datasets/layers/all_building.geojson"},"geometry":{"type":"Polygon","coordinates":[[[85.776851,20.2605938],[85.7771423,20.2606412],[85.7770869,20.2609403],[85.7767957,20.2608929],[85.776851,20.2605938]]]}},{"type":"Feature","properties":{"building":"apartments","name":null,"height":null,"building:levels":null,"amenity":null,"render_height_m":9.0,"height_source":"visual_default_not_measured","web_layer_source":"F:/datasets/layers/all_building.geojson"},"geometry":{"type":"Polygon","coordinates":[[[85.7767847,20.26104],[85.7767328,20.2613613],[85.7770098,20.2614007],[85.7770617,20.2610794],[85.7767847,20.26104]]]}},{"type":"Feature","properties":{"building":"apartments","name":null,"height":null,"building:levels":null,"amenity":null,"render_height_m":9.0,"height_source":"visual_default_not_measured","web_layer_source":"F:/datasets/layers/all_building.geojson"},"geometry":{"type":"Polygon","coordinates":[[[85.7772242,20.2609344],[85.7775632,20.2609842],[85.7776053,20.2607323],[85.7772663,20.2606825],[85.7772242,20.2609344]]]}},{"type":"Feature","properties":{"building":"apartments","name":"Chandrama Complex","height":null,"building:levels":"10","amenity":null,"render_height_m":30.0,"height_source":"osm_levels_visualized_3m","web_layer_source":"F:/datasets/layers/all_building.geojson"},"geometry":{"type":"Polygon","coordinates":[[[85.8440467,20.2711441],[85.8440331,20.2711212],[85.8439843,20.2711419],[85.8439439,20.2710588],[85.8439991,20.2710339],[85.8439893,20.2710147],[85.8439376,20.271035],[85.843932,20.2710269],[85.843885,20.271051],[85.8438633,20.2710058],[85.8438949,20.2709932],[85.8438833,20.2709695],[85.8438536,20.2709808],[85.8438422,20.2709558],[85.8438906,20.2709325],[85.8438731,20.2709018],[85.8438237,20.2709237],[85.8438043,20.2708833],[85.8438282,20.2708697],[85.8438163,20.2708488],[85.84379,20.2708591],[85.8437708,20.2708212],[85.8438017,20.2708084],[85.8437939,20.2707899],[85.8438483,20.2707675],[85.84383,20.2707355],[85.8438722,20.2707173],[85.8438875,20.2707367],[85.8439476,20.2707103],[85.8439398,20.270691],[85.8439973,20.2706652],[85.8440226,20.2707175],[85.8439698,20.2707423],[85.8439823,20.2707691],[85.8439531,20.2707826],[85.8439584,20.2708044],[85.8440117,20.2709243],[85.8440151,20.2709172],[85.8440504,20.2709318],[85.8440459,20.2709435],[85.8440366,20.2709675],[85.8440546,20.2709658],[85.8440553,20.2709775],[85.8440341,20.2709791],[85.8440467,20.2710032],[85.8441054,20.2709772],[85.8440947,20.2709593],[85.8441282,20.2709445],[85.8441404,20.2709637],[85.8442419,20.2709104],[85.8442299,20.2708796],[85.8442019,20.2708937],[85.8441862,20.2708603],[85.8442142,20.2708479],[85.8441783,20.2707815],[85.8443159,20.2707164],[85.8443395,20.2707614],[85.844356,20.2707888],[85.844384,20.2707754],[85.8443966,20.2708042],[85.844368,20.2708164],[85.844386,20.2708528],[85.8444839,20.2708111],[85.8444757,20.2707933],[85.8445068,20.2707815],[85.844514,20.2708013],[85.8445863,20.2707658],[85.8445772,20.2707478],[85.8445097,20.2707312],[85.8445221,20.2706952],[85.8445953,20.2707148],[85.8446019,20.2706985],[85.8445177,20.270519],[85.8444893,20.2705283],[85.8444954,20.2705429],[85.8444396,20.2705707],[85.8444223,20.2705409],[85.8443768,20.2705626],[85.8443141,20.2704293],[85.8443556,20.2704133],[85.8443422,20.2703864],[85.8443957,20.2703625],[85.8443305,20.2702216],[85.8443214,20.2702205],[85.8443068,20.270261],[85.8442722,20.2702524],[85.8442844,20.270211],[85.8442717,20.2702097],[85.8441296,20.2702733],[85.8441397,20.2702919],[85.8441112,20.2703056],[85.8441537,20.2703803],[85.8440981,20.270406],[85.8440727,20.2703626],[85.8440861,20.2703554],[85.8440559,20.2703002],[85.8440972,20.2702777],[85.8440822,20.2702506],[85.8440312,20.2702761],[85.8440008,20.2702256],[85.8439919,20.2702291],[85.8439728,20.2701934],[85.8439961,20.2701814],[85.8439847,20.2701623],[85.8440105,20.2701477],[85.8440297,20.2701375],[85.8440228,20.2701224],[85.8441167,20.270077],[85.8441368,20.2701084],[85.8442233,20.27007],[85.8442102,20.2700445],[85.8443029,20.269999],[85.8443224,20.2700304],[85.84435,20.2700177],[85.8443991,20.2701201],[85.8444384,20.270102],[85.8445599,20.2703469],[85.8444442,20.2704063],[85.8444604,20.2704376],[85.8444847,20.2704279],[85.8444918,20.2704261],[85.8445029,20.2704261],[85.8445114,20.270429],[85.8445163,20.2704358],[85.8445172,20.2704452],[85.8445153,20.2704507],[85.8445051,20.2704581],[85.8444757,20.2704687],[85.8444889,20.2704963],[85.8446093,20.2704346],[85.8447366,20.2706644],[85.8446796,20.2706849],[85.8447432,20.2707923],[85.844689,20.2708216],[85.8446964,20.2708401],[85.8446127,20.2708799],[85.8446013,20.2708559],[85.8445662,20.2708725],[85.8445547,20.2708484],[85.8445304,20.2708584],[85.8445426,20.2708826],[85.8444973,20.2709019],[85.8445074,20.2709211],[85.8444236,20.2709622],[85.8444124,20.2709441],[85.8443097,20.270996],[85.8443185,20.2710096],[85.844241,20.2710506],[85.8442235,20.2710243],[85.8441839,20.271044],[85.844174,20.2710231],[85.8441474,20.2710357],[85.8441587,20.2710552],[85.8441188,20.2710758],[85.8441303,20.2710982],[85.8440467,20.2711441]]]}},{"type":"Feature","properties":{"building":"yes","name":null,"height":null,"building:levels":null,"amenity":null,"render_height_m":9.0,"height_source":"visual_default_not_measured","web_layer_source":"F:/datasets/layers/all_building.geojson"},"geometry":{"type":"Polygon","coordinates":[[[85.7849327,20.2673003],[85.7848946,20.2672672],[85.7848784,20.2672247],[85.7848758,20.2671843],[85.7848919,20.2671364],[85.7849242,20.2670935],[85.7849646,20.2670682],[85.7850185,20.2670626],[85.7850566,20.267078],[85.7850149,20.2671631],[85.7849839,20.2671717],[85.784968,20.267202],[85.784976,20.2672292],[85.7849327,20.2673003]]]}},{"type":"Feature","properties":{"building":"yes","name":null,"height":null,"building:levels":null,"amenity":null,"render_height_m":9.0,"height_source":"visual_default_not_measured","web_layer_source":"F:/datasets/layers/all_building.geojson"},"geometry":{"type":"Polygon","coordinates":[[[85.784777,20.2675692],[85.7847395,20.2675365],[85.7847234,20.2674942],[85.7847207,20.267454],[85.7847368,20.2674062],[85.784769,20.2673634],[85.7848092,20.2673382],[85.7848628,20.2673327],[85.7849004,20.2673478],[85.7848589,20.2674323],[85.784828,20.2674409],[85.7848119,20.2674716],[85.7848199,20.2674988],[85.784777,20.2675692]]]}},{"type":"Feature","properties":{"building":"apartments","name":"Brindavan Enclave","height":null,"building:levels":null,"amenity":null,"render_height_m":9.0,"height_source":"visual_default_not_measured","web_layer_source":"F:/datasets/layers/all_building.geojson"},"geometry":{"type":"Polygon","coordinates":[[[85.7832782,20.269727],[85.7837089,20.2699891],[85.783785,20.269879],[85.7833543,20.2696169],[85.7832782,20.269727]]]}},{"type":"Feature","properties":{"building":"yes","name":null,"height":null,"building:levels":null,"amenity":null,"render_height_m":9.0,"height_source":"visual_default_not_measured","web_layer_source":"F:/datasets/layers/all_building.geojson"},"geometry":{"type":"Polygon","coordinates":[[[85.7847985,20.2675818],[85.7848431,20.2675052],[85.7848762,20.2675042],[85.7848929,20.2674695],[85.7848794,20.267443],[85.7849272,20.2673609],[85.7849648,20.2673906],[85.7849889,20.2674434],[85.7849835,20.2674988],[85.7849648,20.2675441],[85.7849245,20.2675768],[85.7848789,20.2675969],[85.7848387,20.2675969],[85.7847985,20.2675818]]]}},{"type":"Feature","properties":{"building":"hospital","name":"Usthi Hospital & Research Centre","height":null,"building:levels":null,"amenity":null,"render_height_m":9.0,"height_source":"visual_default_not_measured","web_layer_source":"F:/datasets/layers/all_building.geojson"},"geometry":{"type":"Polygon","coordinates":[[[85.8111905,20.2935542],[85.8113005,20.2936096],[85.8113997,20.2934184],[85.8112844,20.293358],[85.8111905,20.2935542]]]}},{"type":"Feature","properties":{"building":"hospital","name":"Lion's Eye Hospital","height":null,"building:levels":null,"amenity":null,"render_height_m":9.0,"height_source":"visual_default_not_measured","web_layer_source":"F:/datasets/layers/all_building.geojson"},"geometry":{"type":"Polygon","coordinates":[[[85.8113052,20.2933054],[85.8114313,20.2933608],[85.8115412,20.2931469],[85.8114095,20.2930854],[85.8113052,20.2933054]]]}},{"type":"Feature","properties":{"building":"house","name":null,"height":null,"building:levels":null,"amenity":null,"render_height_m":9.0,"height_source":"visual_default_not_measured","web_layer_source":"F:/datasets/layers/all_building.geojson"},"geometry":{"type":"Polygon","coordinates":[[[85.8139518,20.2956166],[85.8139775,20.295566],[85.8141491,20.2956529],[85.8141234,20.2957035],[85.8139518,20.2956166]]]}},{"type":"Feature","properties":{"building":"house","name":null,"height":null,"building:levels":null,"amenity":null,"render_height_m":9.0,"height_source":"visual_default_not_measured","web_layer_source":"F:/datasets/layers/all_building.geojson"},"geometry":{"type":"Polygon","coordinates":[[[85.8139218,20.2954465],[85.8139877,20.2953165],[85.8140812,20.2953639],[85.8140152,20.2954939],[85.8139218,20.2954465]]]}},{"type":"Feature","properties":{"building":"house","name":null,"height":null,"building:levels":null,"amenity":null,"render_height_m":9.0,"height_source":"visual_default_not_measured","web_layer_source":"F:/datasets/layers/all_building.geojson"},"geometry":{"type":"Polygon","coordinates":[[[85.8137236,20.2951825],[85.8136576,20.2953125],[85.8137487,20.2953587],[85.8138147,20.2952287],[85.8137236,20.2951825]]]}},{"type":"Feature","properties":{"building":"house","name":null,"height":null,"building:levels":null,"amenity":null,"render_height_m":9.0,"height_source":"visual_default_not_measured","web_layer_source":"F:/datasets/layers/all_building.geojson"},"geometry":{"type":"Polygon","coordinates":[[[85.8135553,20.2952765],[85.8134992,20.2953872],[85.8135918,20.2954342],[85.8136479,20.2953234],[85.8135553,20.2952765]]]}},{"type":"Feature","properties":{"building":"house","name":null,"height":null,"building:levels":null,"amenity":null,"render_height_m":9.0,"height_source":"visual_default_not_measured","web_layer_source":"F:/datasets/layers/all_building.geojson"},"geometry":{"type":"Polygon","coordinates":[[[85.8140975,20.2955357],[85.8141635,20.2954057],[85.8142501,20.2954497],[85.8141842,20.2955797],[85.8140975,20.2955357]]]}},{"type":"Feature","properties":{"building":"house","name":null,"height":null,"building:levels":null,"amenity":null,"render_height_m":9.0,"height_source":"visual_default_not_measured","web_layer_source":"F:/datasets/layers/all_building.geojson"},"geometry":{"type":"Polygon","coordinates":[[[85.813412,20.295343],[85.8134681,20.2952323],[85.8135553,20.2952765],[85.8134992,20.2953872],[85.813412,20.295343]]]}},{"type":"Feature","properties":{"building":"retail","name":null,"height":null,"building:levels":null,"amenity":null,"render_height_m":9.0,"height_source":"visual_default_not_measured","web_layer_source":"F:/datasets/layers/all_building.geojson"},"geometry":{"type":"Polygon","coordinates":[[[85.8127674,20.2939321],[85.8129322,20.2940289],[85.8129903,20.29393],[85.8128256,20.2938332],[85.8127674,20.2939321]]]}},{"type":"Feature","properties":{"building":"house","name":null,"height":null,"building:levels":null,"amenity":null,"render_height_m":9.0,"height_source":"visual_default_not_measured","web_layer_source":"F:/datasets/layers/all_building.geojson"},"geometry":{"type":"Polygon","coordinates":[[[85.8132015,20.2950809],[85.8132674,20.2949509],[85.8133584,20.2949971],[85.8132925,20.2951271],[85.8132015,20.2950809]]]}},{"type":"Feature","properties":{"building":"house","name":null,"height":null,"building:levels":null,"amenity":null,"render_height_m":9.0,"height_source":"visual_default_not_measured","web_layer_source":"F:/datasets/layers/all_building.geojson"},"geometry":{"type":"Polygon","coordinates":[[[85.8140812,20.2953639],[85.8140152,20.2954939],[85.8140975,20.2955357],[85.8141635,20.2954057],[85.8140812,20.2953639]]]}},{"type":"Feature","properties":{"building":"house","name":null,"height":null,"building:levels":null,"amenity":null,"render_height_m":9.0,"height_source":"visual_default_not_measured","web_layer_source":"F:/datasets/layers/all_building.geojson"},"geometry":{"type":"Polygon","coordinates":[[[85.8137705,20.2955247],[85.8138266,20.2954139],[85.8139136,20.295458],[85.8138575,20.2955688],[85.8137705,20.2955247]]]}},{"type":"Feature","properties":{"building":"house","name":null,"height":null,"building:levels":null,"amenity":null,"render_height_m":9.0,"height_source":"visual_default_not_measured","web_layer_source":"F:/datasets/layers/all_building.geojson"},"geometry":{"type":"Polygon","coordinates":[[[85.8137487,20.2953587],[85.8138147,20.2952287],[85.8139013,20.2952726],[85.8138353,20.2954026],[85.8137487,20.2953587]]]}},{"type":"Feature","properties":{"building":"house","name":null,"height":null,"building:levels":null,"amenity":null,"render_height_m":9.0,"height_source":"visual_default_not_measured","web_layer_source":"F:/datasets/layers/all_building.geojson"},"geometry":{"type":"Polygon","coordinates":[[[85.8131115,20.2950353],[85.8132015,20.2950809],[85.8132674,20.2949509],[85.8131775,20.2949053],[85.8131115,20.2950353]]]}},{"type":"Feature","properties":{"building":"house","name":null,"height":null,"building:levels":null,"amenity":null,"render_height_m":9.0,"height_source":"visual_default_not_measured","web_layer_source":"F:/datasets/layers/all_building.geojson"},"geometry":{"type":"Polygon","coordinates":[[[85.8135918,20.2954342],[85.8136479,20.2953234],[85.8137399,20.29537],[85.8136838,20.2954808],[85.8135918,20.2954342]]]}},{"type":"Feature","properties":{"building":"house","name":null,"height":null,"building:levels":null,"amenity":null,"render_height_m":9.0,"height_source":"visual_default_not_measured","web_layer_source":"F:/datasets/layers/all_building.geojson"},"geometry":{"type":"Polygon","coordinates":[[[85.8131095,20.2950506],[85.8131951,20.295094],[85.813139,20.2952048],[85.8130534,20.2951614],[85.8131095,20.2950506]]]}},{"type":"Feature","properties":{"building":"house","name":null,"height":null,"building:levels":null,"amenity":null,"render_height_m":9.0,"height_source":"visual_default_not_measured","web_layer_source":"F:/datasets/layers/all_building.geojson"},"geometry":{"type":"Polygon","coordinates":[[[85.8133849,20.2951741],[85.8134509,20.295044],[85.8135432,20.2950909],[85.8134772,20.2952209],[85.8133849,20.2951741]]]}},{"type":"Feature","properties":{"building":"house","name":null,"height":null,"building:levels":null,"amenity":null,"render_height_m":9.0,"height_source":"visual_default_not_measured","web_layer_source":"F:/datasets/layers/all_building.geojson"},"geometry":{"type":"Polygon","coordinates":[[[85.8133584,20.2949971],[85.8132925,20.2951271],[85.8133849,20.2951741],[85.8134509,20.295044],[85.8133584,20.2949971]]]}},{"type":"Feature","properties":{"building":"house","name":null,"height":null,"building:levels":null,"amenity":null,"render_height_m":9.0,"height_source":"visual_default_not_measured","web_layer_source":"F:/datasets/layers/all_building.geojson"},"geometry":{"type":"Polygon","coordinates":[[[85.8132312,20.2952515],[85.8132874,20.2951407],[85.8133758,20.2951855],[85.8133197,20.2952963],[85.8132312,20.2952515]]]}},{"type":"Feature","properties":{"building":"house","name":null,"height":null,"building:levels":null,"amenity":null,"render_height_m":9.0,"height_source":"visual_default_not_measured","web_layer_source":"F:/datasets/layers/all_building.geojson"},"geometry":{"type":"Polygon","coordinates":[[[85.8139013,20.2952726],[85.8138353,20.2954026],[85.8139218,20.2954465],[85.8139877,20.2953165],[85.8139013,20.2952726]]]}},{"type":"Feature","properties":{"building":"house","name":null,"height":null,"building:levels":null,"amenity":null,"render_height_m":9.0,"height_source":"visual_default_not_measured","web_layer_source":"F:/datasets/layers/all_building.geojson"},"geometry":{"type":"Polygon","coordinates":[[[85.8139775,20.295566],[85.8141491,20.2956529],[85.8141806,20.2955906],[85.814009,20.2955037],[85.8139775,20.295566]]]}},{"type":"Feature","properties":{"building":"house","name":null,"height":null,"building:levels":null,"amenity":null,"render_height_m":9.0,"height_source":"visual_default_not_measured","web_layer_source":"F:/datasets/layers/all_building.geojson"},"geometry":{"type":"Polygon","coordinates":[[[85.8135651,20.2952655],[85.8136311,20.2951355],[85.8137236,20.2951825],[85.8136576,20.2953125],[85.8135651,20.2952655]]]}},{"type":"Feature","properties":{"building":"house","name":null,"height":null,"building:levels":null,"amenity":null,"render_height_m":9.0,"height_source":"visual_default_not_measured","web_layer_source":"F:/datasets/layers/all_building.geojson"},"geometry":{"type":"Polygon","coordinates":[[[85.8137399,20.29537],[85.8136838,20.2954808],[85.8137705,20.2955247],[85.8138266,20.2954139],[85.8137399,20.29537]]]}},{"type":"Feature","properties":{"building":"house","name":null,"height":null,"building:levels":null,"amenity":null,"render_height_m":9.0,"height_source":"visual_default_not_measured","web_layer_source":"F:/datasets/layers/all_building.geojson"},"geometry":{"type":"Polygon","coordinates":[[[85.8135432,20.2950909],[85.8134772,20.2952209],[85.8135651,20.2952655],[85.8136311,20.2951355],[85.8135432,20.2950909]]]}},{"type":"Feature","properties":{"building":"house","name":null,"height":null,"building:levels":null,"amenity":null,"render_height_m":9.0,"height_source":"visual_default_not_measured","web_layer_source":"F:/datasets/layers/all_building.geojson"},"geometry":{"type":"Polygon","coordinates":[[[85.8139136,20.295458],[85.8138575,20.2955688],[85.8139518,20.2956166],[85.8139775,20.295566],[85.814009,20.2955037],[85.8139136,20.295458]]]}},{"type":"Feature","properties":{"building":"house","name":null,"height":null,"building:levels":null,"amenity":null,"render_height_m":9.0,"height_source":"visual_default_not_measured","web_layer_source":"F:/datasets/layers/all_building.geojson"},"geometry":{"type":"Polygon","coordinates":[[[85.8133758,20.2951855],[85.8133197,20.2952963],[85.813316,20.2953035],[85.8134083,20.2953503],[85.813412,20.295343],[85.8134681,20.2952323],[85.8133758,20.2951855]]]}},{"type":"Feature","properties":{"building":"house","name":null,"height":null,"building:levels":null,"amenity":null,"render_height_m":9.0,"height_source":"visual_default_not_measured","web_layer_source":"F:/datasets/layers/all_building.geojson"},"geometry":{"type":"Polygon","coordinates":[[[85.8131951,20.295094],[85.813139,20.2952048],[85.81313,20.2952224],[85.8132223,20.2952691],[85.8132312,20.2952515],[85.8132874,20.2951407],[85.8131951,20.295094]]]}},{"type":"Feature","properties":{"building":"retail","name":"Ananta Nissan","height":null,"building:levels":null,"amenity":null,"render_height_m":9.0,"height_source":"visual_default_not_measured","web_layer_source":"F:/datasets/layers/all_building.geojson"},"geometry":{"type":"Polygon","coordinates":[[[85.8826199,20.3365504],[85.8823696,20.3367508],[85.8825695,20.3370004],[85.8828198,20.3368],[85.8826199,20.3365504]]]}},{"type":"Feature","properties":{"building":"retail","name":"Super Sales Chevrolet","height":null,"building:levels":null,"amenity":null,"render_height_m":9.0,"height_source":"visual_default_not_measured","web_layer_source":"F:/datasets/layers/all_building.geojson"},"geometry":{"type":"Polygon","coordinates":[[[85.885729,20.3486464],[85.8859442,20.3490031],[85.885573,20.3492271],[85.8853578,20.3488703],[85.885729,20.3486464]]]}},{"type":"Feature","properties":{"building":"retail","name":"Utkal Hyundai","height":null,"building:levels":null,"amenity":null,"render_height_m":9.0,"height_source":"visual_default_not_measured","web_layer_source":"F:/datasets/layers/all_building.geojson"},"geometry":{"type":"Polygon","coordinates":[[[85.8872871,20.3506646],[85.8876879,20.3504136],[85.8878048,20.3506004],[85.8874041,20.3508514],[85.8872871,20.3506646]]]}},{"type":"Feature","properties":{"building":"retail","name":"Volkswagen Bhubaneswar","height":null,"building:levels":null,"amenity":null,"render_height_m":9.0,"height_source":"visual_default_not_measured","web_layer_source":"F:/datasets/layers/all_building.geojson"},"geometry":{"type":"Polygon","coordinates":[[[85.882996,20.3329061],[85.8833083,20.332917],[85.8833213,20.3325445],[85.883009,20.3325336],[85.882996,20.3329061]]]}},{"type":"Feature","properties":{"building":"roof","name":null,"height":null,"building:levels":null,"amenity":null,"render_height_m":9.0,"height_source":"visual_default_not_measured","web_layer_source":"F:/datasets/layers/all_building.geojson"},"geometry":{"type":"Polygon","coordinates":[[[85.8895893,20.3543523],[85.8897508,20.3543746],[85.8897835,20.3541375],[85.8896221,20.3541152],[85.8895893,20.3543523]]]}},{"type":"Feature","properties":{"building":"roof","name":null,"height":null,"building:levels":null,"amenity":null,"render_height_m":9.0,"height_source":"visual_default_not_measured","web_layer_source":"F:/datasets/layers/all_building.geojson"},"geometry":{"type":"Polygon","coordinates":[[[85.7870907,20.2550436],[85.787436,20.2548854],[85.7873837,20.2547733],[85.7870315,20.2549365],[85.7870907,20.2550436]]]}},{"type":"Feature","properties":{"building":"house","name":null,"height":null,"building:levels":null,"amenity":null,"render_height_m":9.0,"height_source":"visual_default_not_measured","web_layer_source":"F:/datasets/layers/all_building.geojson"},"geometry":{"type":"Polygon","coordinates":[[[85.8131153,20.2954769],[85.8132058,20.2955222],[85.8131366,20.2956603],[85.8130461,20.295615],[85.8131153,20.2954769]]]}},{"type":"Feature","properties":{"building":"yes","name":null,"height":null,"building:levels":null,"amenity":null,"render_height_m":9.0,"height_source":"visual_default_not_measured","web_layer_source":"F:/datasets/layers/all_building.geojson"},"geometry":{"type":"Polygon","coordinates":[[[85.8145772,20.2915625],[85.8147149,20.2916336],[85.814672,20.2917167],[85.8145343,20.2916455],[85.8145772,20.2915625]]]}},{"type":"Feature","properties":{"building":"yes","name":null,"height":null,"building:levels":null,"amenity":null,"render_height_m":9.0,"height_source":"visual_default_not_measured","web_layer_source":"F:/datasets/layers/all_building.geojson"},"geometry":{"type":"Polygon","coordinates":[[[85.8112209,20.2914008],[85.8113411,20.2914649],[85.8114207,20.2913322],[85.8113005,20.2912682],[85.8112209,20.2914008]]]}},{"type":"Feature","properties":{"building":"yes","name":null,"height":null,"building:levels":null,"amenity":null,"render_height_m":9.0,"height_source":"visual_default_not_measured","web_layer_source":"F:/datasets/layers/all_building.geojson"},"geometry":{"type":"Polygon","coordinates":[[[85.8115971,20.2923683],[85.8115126,20.2925219],[85.8113978,20.2924587],[85.8114823,20.2923052],[85.8115971,20.2923683]]]}},{"type":"Feature","properties":{"building":"yes","name":null,"height":null,"building:levels":null,"amenity":null,"render_height_m":9.0,"height_source":"visual_default_not_measured","web_layer_source":"F:/datasets/layers/all_building.geojson"},"geometry":{"type":"Polygon","coordinates":[[[85.8146766,20.291721],[85.8148189,20.2917964],[85.8148682,20.2917035],[85.8147259,20.291628],[85.8146766,20.291721]]]}},{"type":"Feature","properties":{"building":"yes","name":null,"height":null,"building:levels":null,"amenity":null,"render_height_m":9.0,"height_source":"visual_default_not_measured","web_layer_source":"F:/datasets/layers/all_building.geojson"},"geometry":{"type":"Polygon","coordinates":[[[85.8152247,20.2915641],[85.8153411,20.2916322],[85.815401,20.2915299],[85.8152846,20.2914617],[85.8152247,20.2915641]]]}},{"type":"Feature","properties":{"building":"house","name":null,"height":null,"building:levels":null,"amenity":null,"render_height_m":9.0,"height_source":"visual_default_not_measured","web_layer_source":"F:/datasets/layers/all_building.geojson"},"geometry":{"type":"Polygon","coordinates":[[[85.81302,20.2954291],[85.8130815,20.2953063],[85.8131768,20.295354],[85.8131153,20.2954769],[85.81302,20.2954291]]]}},{"type":"Feature","properties":{"building":"house","name":null,"height":null,"building:levels":null,"amenity":null,"render_height_m":9.0,"height_source":"visual_default_not_measured","web_layer_source":"F:/datasets/layers/all_building.geojson"},"geometry":{"type":"Polygon","coordinates":[[[85.813561,20.2957001],[85.8134919,20.2958382],[85.8135893,20.295887],[85.8136584,20.2957489],[85.813561,20.2957001]]]}},{"type":"Feature","properties":{"building":"yes","name":null,"height":null,"building:levels":null,"amenity":null,"render_height_m":9.0,"height_source":"visual_default_not_measured","web_layer_source":"F:/datasets/layers/all_building.geojson"},"geometry":{"type":"Polygon","coordinates":[[[85.810895,20.2921821],[85.8108445,20.292274],[85.8109921,20.2923552],[85.8110427,20.2922633],[85.810895,20.2921821]]]}},{"type":"Feature","properties":{"building":"yes","name":null,"height":null,"building:levels":null,"amenity":null,"render_height_m":9.0,"height_source":"visual_default_not_measured","web_layer_source":"F:/datasets/layers/all_building.geojson"},"geometry":{"type":"Polygon","coordinates":[[[85.8127213,20.2922057],[85.8126417,20.2923384],[85.812751,20.2923961],[85.8128306,20.2922635],[85.8127213,20.2922057]]]}},{"type":"Feature","properties":{"building":"yes","name":null,"height":null,"building:levels":null,"amenity":null,"render_height_m":9.0,"height_source":"visual_default_not_measured","web_layer_source":"F:/datasets/layers/all_building.geojson"},"geometry":{"type":"Polygon","coordinates":[[[85.8144651,20.2920849],[85.8143297,20.2920095],[85.8142865,20.292087],[85.8144219,20.2921624],[85.8144651,20.2920849]]]}},{"type":"Feature","properties":{"building":"yes","name":null,"height":null,"building:levels":null,"amenity":null,"render_height_m":9.0,"height_source":"visual_default_not_measured","web_layer_source":"F:/datasets/layers/all_building.geojson"},"geometry":{"type":"Polygon","coordinates":[[[85.8118477,20.2927062],[85.8119322,20.2925527],[85.8118175,20.2924896],[85.8117331,20.2926431],[85.8118477,20.2927062]]]}},{"type":"Feature","properties":{"building":"yes","name":null,"height":null,"building:levels":null,"amenity":null,"render_height_m":9.0,"height_source":"visual_default_not_measured","web_layer_source":"F:/datasets/layers/all_building.geojson"},"geometry":{"type":"Polygon","coordinates":[[[85.8113599,20.2922379],[85.8112755,20.2923914],[85.8111665,20.2923314],[85.8112509,20.2921779],[85.8113599,20.2922379]]]}},{"type":"Feature","properties":{"building":"yes","name":null,"height":null,"building:levels":null,"amenity":null,"render_height_m":9.0,"height_source":"visual_default_not_measured","web_layer_source":"F:/datasets/layers/all_building.geojson"},"geometry":{"type":"Polygon","coordinates":[[[85.811137,20.2915424],[85.8112572,20.2916065],[85.8113369,20.2914738],[85.8112167,20.2914098],[85.811137,20.2915424]]]}},{"type":"Feature","properties":{"building":"yes","name":null,"height":null,"building:levels":null,"amenity":null,"render_height_m":9.0,"height_source":"visual_default_not_measured","web_layer_source":"F:/datasets/layers/all_building.geojson"},"geometry":{"type":"Polygon","coordinates":[[[85.8145091,20.2920226],[85.8146495,20.2921015],[85.8146042,20.292182],[85.8144638,20.2921031],[85.8145091,20.2920226]]]}},{"type":"Feature","properties":{"building":"yes","name":null,"height":null,"building:levels":null,"amenity":null,"render_height_m":9.0,"height_source":"visual_default_not_measured","web_layer_source":"F:/datasets/layers/all_building.geojson"},"geometry":{"type":"Polygon","coordinates":[[[85.8152188,20.291841],[85.8151024,20.2917728],[85.8151463,20.2916979],[85.8152627,20.2917661],[85.8152188,20.291841]]]}},{"type":"Feature","properties":{"building":"yes","name":null,"height":null,"building:levels":null,"amenity":null,"render_height_m":9.0,"height_source":"visual_default_not_measured","web_layer_source":"F:/datasets/layers/all_building.geojson"},"geometry":{"type":"Polygon","coordinates":[[[85.812751,20.2923961],[85.8128306,20.2922635],[85.8129806,20.2923427],[85.812901,20.2924754],[85.812751,20.2923961]]]}},{"type":"Feature","properties":{"building":"house","name":null,"height":null,"building:levels":null,"amenity":null,"render_height_m":9.0,"height_source":"visual_default_not_measured","web_layer_source":"F:/datasets/layers/all_building.geojson"},"geometry":{"type":"Polygon","coordinates":[[[85.8135392,20.2955355],[85.8134776,20.2956583],[85.813561,20.2957001],[85.8136226,20.2955772],[85.8135392,20.2955355]]]}},{"type":"Feature","properties":{"building":"yes","name":null,"height":null,"building:levels":null,"amenity":null,"render_height_m":9.0,"height_source":"visual_default_not_measured","web_layer_source":"F:/datasets/layers/all_building.geojson"},"geometry":{"type":"Polygon","coordinates":[[[85.8120706,20.2928288],[85.8119999,20.2929574],[85.8121268,20.2930272],[85.8121975,20.2928986],[85.8120706,20.2928288]]]}},{"type":"Feature","properties":{"building":"yes","name":null,"height":null,"building:levels":null,"amenity":null,"render_height_m":9.0,"height_source":"visual_default_not_measured","web_layer_source":"F:/datasets/layers/all_building.geojson"},"geometry":{"type":"Polygon","coordinates":[[[85.8121975,20.2928986],[85.8120706,20.2928288],[85.8121551,20.2926753],[85.812282,20.2927451],[85.8121975,20.2928986]]]}},{"type":"Feature","properties":{"building":"house","name":null,"height":null,"building:levels":null,"amenity":null,"render_height_m":9.0,"height_source":"visual_default_not_measured","web_layer_source":"F:/datasets/layers/all_building.geojson"},"geometry":{"type":"Polygon","coordinates":[[[85.8132287,20.2957064],[85.8132979,20.2955683],[85.8133836,20.2956112],[85.8133145,20.2957494],[85.8132287,20.2957064]]]}},{"type":"Feature","properties":{"building":"yes","name":null,"height":null,"building:levels":null,"amenity":null,"render_height_m":9.0,"height_source":"visual_default_not_measured","web_layer_source":"F:/datasets/layers/all_building.geojson"},"geometry":{"type":"Polygon","coordinates":[[[85.8147621,20.2919012],[85.8146216,20.2918223],[85.8146766,20.291721],[85.8148189,20.2917964],[85.8147621,20.2919012]]]}},{"type":"Feature","properties":{"building":"yes","name":null,"height":null,"building:levels":null,"amenity":null,"render_height_m":9.0,"height_source":"visual_default_not_measured","web_layer_source":"F:/datasets/layers/all_building.geojson"},"geometry":{"type":"Polygon","coordinates":[[[85.8150208,20.29186],[85.815068,20.2917781],[85.8149562,20.2917135],[85.8149089,20.2917954],[85.8150208,20.29186]]]}},{"type":"Feature","properties":{"building":"house","name":null,"height":null,"building:levels":null,"amenity":null,"render_height_m":9.0,"height_source":"visual_default_not_measured","web_layer_source":"F:/datasets/layers/all_building.geojson"},"geometry":{"type":"Polygon","coordinates":[[[85.8129292,20.2953837],[85.81302,20.2954291],[85.8130815,20.2953063],[85.8129907,20.2952608],[85.8129292,20.2953837]]]}},{"type":"Feature","properties":{"building":"yes","name":null,"height":null,"building:levels":null,"amenity":null,"render_height_m":9.0,"height_source":"visual_default_not_measured","web_layer_source":"F:/datasets/layers/all_building.geojson"},"geometry":{"type":"Polygon","coordinates":[[[85.8116579,20.2927693],[85.8117331,20.2926431],[85.8118477,20.2927062],[85.8117725,20.2928323],[85.8116579,20.2927693]]]}},{"type":"Feature","properties":{"building":"yes","name":null,"height":null,"building:levels":null,"amenity":null,"render_height_m":9.0,"height_source":"visual_default_not_measured","web_layer_source":"F:/datasets/layers/all_building.geojson"},"geometry":{"type":"Polygon","coordinates":[[[85.8118477,20.2927062],[85.8117725,20.2928323],[85.8118835,20.2928934],[85.8119542,20.2927648],[85.8118477,20.2927062]]]}},{"type":"Feature","properties":{"building":"yes","name":null,"height":null,"building:levels":null,"amenity":null,"render_height_m":9.0,"height_source":"visual_default_not_measured","web_layer_source":"F:/datasets/layers/all_building.geojson"},"geometry":{"type":"Polygon","coordinates":[[[85.8121855,20.2920974],[85.8123032,20.2921596],[85.8123829,20.2920269],[85.8122652,20.2919648],[85.8121855,20.2920974]]]}},{"type":"Feature","properties":{"building":"yes","name":null,"height":null,"building:levels":null,"amenity":null,"render_height_m":9.0,"height_source":"visual_default_not_measured","web_layer_source":"F:/datasets/layers/all_building.geojson"},"geometry":{"type":"Polygon","coordinates":[[[85.8116806,20.2916559],[85.8116009,20.2917885],[85.8117197,20.2918513],[85.8117993,20.2917186],[85.8116806,20.2916559]]]}},{"type":"Feature","properties":{"building":"yes","name":null,"height":null,"building:levels":null,"amenity":null,"render_height_m":9.0,"height_source":"visual_default_not_measured","web_layer_source":"F:/datasets/layers/all_building.geojson"},"geometry":{"type":"Polygon","coordinates":[[[85.8146495,20.2921015],[85.8146874,20.2920341],[85.8145469,20.2919552],[85.8145091,20.2920226],[85.8146495,20.2921015]]]}},{"type":"Feature","properties":{"building":"yes","name":null,"height":null,"building:levels":null,"amenity":null,"render_height_m":9.0,"height_source":"visual_default_not_measured","web_layer_source":"F:/datasets/layers/all_building.geojson"},"geometry":{"type":"Polygon","coordinates":[[[85.8125763,20.2919432],[85.8124966,20.2920758],[85.812605,20.2921331],[85.8126846,20.2920004],[85.8125763,20.2919432]]]}},{"type":"Feature","properties":{"building":"yes","name":null,"height":null,"building:levels":null,"amenity":null,"render_height_m":9.0,"height_source":"visual_default_not_measured","web_layer_source":"F:/datasets/layers/all_building.geojson"},"geometry":{"type":"Polygon","coordinates":[[[85.8150544,20.2918549],[85.8151708,20.2919231],[85.8152188,20.291841],[85.8151024,20.2917728],[85.8150544,20.2918549]]]}},{"type":"Feature","properties":{"building":"yes","name":null,"height":null,"building:levels":null,"amenity":null,"render_height_m":9.0,"height_source":"visual_default_not_measured","web_layer_source":"F:/datasets/layers/all_building.geojson"},"geometry":{"type":"Polygon","coordinates":[[[85.8150544,20.2918549],[85.8151708,20.2919231],[85.8151204,20.2920092],[85.815004,20.291941],[85.8150544,20.2918549]]]}},{"type":"Feature","properties":{"building":"yes","name":null,"height":null,"building:levels":null,"amenity":null,"render_height_m":9.0,"height_source":"visual_default_not_measured","web_layer_source":"F:/datasets/layers/all_building.geojson"},"geometry":{"type":"Polygon","coordinates":[[[85.8113978,20.2924587],[85.8113258,20.2925866],[85.8114411,20.29265],[85.8115126,20.2925219],[85.8113978,20.2924587]]]}},{"type":"Feature","properties":{"building":"yes","name":null,"height":null,"building:levels":null,"amenity":null,"render_height_m":9.0,"height_source":"visual_default_not_measured","web_layer_source":"F:/datasets/layers/all_building.geojson"},"geometry":{"type":"Polygon","coordinates":[[[85.8114411,20.29265],[85.8115126,20.2925219],[85.8116197,20.2925808],[85.8115481,20.2927089],[85.8114411,20.29265]]]}},{"type":"Feature","properties":{"building":"house","name":null,"height":null,"building:levels":null,"amenity":null,"render_height_m":9.0,"height_source":"visual_default_not_measured","web_layer_source":"F:/datasets/layers/all_building.geojson"},"geometry":{"type":"Polygon","coordinates":[[[85.8132058,20.2955222],[85.8131366,20.2956603],[85.8132287,20.2957064],[85.8132979,20.2955683],[85.8132058,20.2955222]]]}},{"type":"Feature","properties":{"building":"yes","name":null,"height":null,"building:levels":null,"amenity":null,"render_height_m":9.0,"height_source":"visual_default_not_measured","web_layer_source":"F:/datasets/layers/all_building.geojson"},"geometry":{"type":"Polygon","coordinates":[[[85.814672,20.2917167],[85.8145343,20.2916455],[85.8144813,20.2917374],[85.8146166,20.2918129],[85.814672,20.2917167]]]}},{"type":"Feature","properties":{"building":"yes","name":null,"height":null,"building:levels":null,"amenity":null,"render_height_m":9.0,"height_source":"visual_default_not_measured","web_layer_source":"F:/datasets/layers/all_building.geojson"},"geometry":{"type":"Polygon","coordinates":[[[85.8148682,20.2917035],[85.8147259,20.291628],[85.8147757,20.2915346],[85.8149166,20.2916128],[85.8148682,20.2917035]]]}},{"type":"Feature","properties":{"building":"yes","name":null,"height":null,"building:levels":null,"amenity":null,"render_height_m":9.0,"height_source":"visual_default_not_measured","web_layer_source":"F:/datasets/layers/all_building.geojson"},"geometry":{"type":"Polygon","coordinates":[[[85.8122357,20.2917633],[85.8121561,20.2918959],[85.8122694,20.2919558],[85.812349,20.2918231],[85.8122357,20.2917633]]]}},{"type":"Feature","properties":{"building":"yes","name":null,"height":null,"building:levels":null,"amenity":null,"render_height_m":9.0,"height_source":"visual_default_not_measured","web_layer_source":"F:/datasets/layers/all_building.geojson"},"geometry":{"type":"Polygon","coordinates":[[[85.8117197,20.2918513],[85.8118308,20.29191],[85.8119104,20.2917773],[85.8117993,20.2917186],[85.8117197,20.2918513]]]}},{"type":"Feature","properties":{"building":"yes","name":null,"height":null,"building:levels":null,"amenity":null,"render_height_m":9.0,"height_source":"visual_default_not_measured","web_layer_source":"F:/datasets/layers/all_building.geojson"},"geometry":{"type":"Polygon","coordinates":[[[85.814999,20.2916393],[85.8151109,20.2917038],[85.8151522,20.2916322],[85.8150403,20.2915677],[85.814999,20.2916393]]]}},{"type":"Feature","properties":{"building":"house","name":null,"height":null,"building:levels":null,"amenity":null,"render_height_m":9.0,"height_source":"visual_default_not_measured","web_layer_source":"F:/datasets/layers/all_building.geojson"},"geometry":{"type":"Polygon","coordinates":[[[85.8131768,20.295354],[85.8131153,20.2954769],[85.8132058,20.2955222],[85.8132673,20.2953993],[85.8131768,20.295354]]]}},{"type":"Feature","properties":{"building":"house","name":null,"height":null,"building:levels":null,"amenity":null,"render_height_m":9.0,"height_source":"visual_default_not_measured","web_layer_source":"F:/datasets/layers/all_building.geojson"},"geometry":{"type":"Polygon","coordinates":[[[85.8129292,20.2953837],[85.81302,20.2954291],[85.8129508,20.2955673],[85.81286,20.2955218],[85.8129292,20.2953837]]]}},{"type":"Feature","properties":{"building":"yes","name":null,"height":null,"building:levels":null,"amenity":null,"render_height_m":9.0,"height_source":"visual_default_not_measured","web_layer_source":"F:/datasets/layers/all_building.geojson"},"geometry":{"type":"Polygon","coordinates":[[[85.8123829,20.2920269],[85.8123032,20.2921596],[85.8124128,20.2922175],[85.8124924,20.2920848],[85.8123829,20.2920269]]]}},{"type":"Feature","properties":{"building":"yes","name":null,"height":null,"building:levels":null,"amenity":null,"render_height_m":9.0,"height_source":"visual_default_not_measured","web_layer_source":"F:/datasets/layers/all_building.geojson"},"geometry":{"type":"Polygon","coordinates":[[[85.8142865,20.292087],[85.8144219,20.2921624],[85.814376,20.2922448],[85.8142406,20.2921694],[85.8142865,20.292087]]]}},{"type":"Feature","properties":{"building":"yes","name":null,"height":null,"building:levels":null,"amenity":null,"render_height_m":9.0,"height_source":"visual_default_not_measured","web_layer_source":"F:/datasets/layers/all_building.geojson"},"geometry":{"type":"Polygon","coordinates":[[[85.8117644,20.2915143],[85.8116848,20.2916469],[85.8118035,20.2917097],[85.8118832,20.291577],[85.8117644,20.2915143]]]}},{"type":"Feature","properties":{"building":"yes","name":null,"height":null,"building:levels":null,"amenity":null,"render_height_m":9.0,"height_source":"visual_default_not_measured","web_layer_source":"F:/datasets/layers/all_building.geojson"},"geometry":{"type":"Polygon","coordinates":[[[85.8118035,20.2917097],[85.8119146,20.2917684],[85.8119943,20.2916357],[85.8118832,20.291577],[85.8118035,20.2917097]]]}},{"type":"Feature","properties":{"building":"yes","name":null,"height":null,"building:levels":null,"amenity":null,"render_height_m":9.0,"height_source":"visual_default_not_measured","web_layer_source":"F:/datasets/layers/all_building.geojson"},"geometry":{"type":"Polygon","coordinates":[[[85.8146042,20.292182],[85.8144638,20.2921031],[85.8144165,20.2921873],[85.8145569,20.2922662],[85.8146042,20.292182]]]}},{"type":"Feature","properties":{"building":"yes","name":null,"height":null,"building:levels":null,"amenity":null,"render_height_m":9.0,"height_source":"visual_default_not_measured","web_layer_source":"F:/datasets/layers/all_building.geojson"},"geometry":{"type":"Polygon","coordinates":[[[85.8151463,20.2916979],[85.8152627,20.2917661],[85.8153007,20.2917011],[85.8151843,20.291633],[85.8151463,20.2916979]]]}},{"type":"Feature","properties":{"building":"house","name":null,"height":null,"building:levels":null,"amenity":null,"render_height_m":9.0,"height_source":"visual_default_not_measured","web_layer_source":"F:/datasets/layers/all_building.geojson"},"geometry":{"type":"Polygon","coordinates":[[[85.813561,20.2957001],[85.8136226,20.2955772],[85.81372,20.295626],[85.8136584,20.2957489],[85.813561,20.2957001]]]}},{"type":"Feature","properties":{"building":"house","name":null,"height":null,"building:levels":null,"amenity":null,"render_height_m":9.0,"height_source":"visual_default_not_measured","web_layer_source":"F:/datasets/layers/all_building.geojson"},"geometry":{"type":"Polygon","coordinates":[[[85.8133836,20.2956112],[85.8133145,20.2957494],[85.8134085,20.2957965],[85.8134776,20.2956583],[85.8133836,20.2956112]]]}},{"type":"Feature","properties":{"building":"yes","name":null,"height":null,"building:levels":null,"amenity":null,"render_height_m":9.0,"height_source":"visual_default_not_measured","web_layer_source":"F:/datasets/layers/all_building.geojson"},"geometry":{"type":"Polygon","coordinates":[[[85.8114207,20.2913322],[85.8113411,20.2914649],[85.8114511,20.2915234],[85.8115307,20.2913908],[85.8114207,20.2913322]]]}},{"type":"Feature","properties":{"building":"yes","name":null,"height":null,"building:levels":null,"amenity":null,"render_height_m":9.0,"height_source":"visual_default_not_measured","web_layer_source":"F:/datasets/layers/all_building.geojson"},"geometry":{"type":"Polygon","coordinates":[[[85.8145576,20.2919188],[85.8144223,20.2918433],[85.8143659,20.2919444],[85.8145013,20.2920199],[85.8145576,20.2919188]]]}},{"type":"Feature","properties":{"building":"yes","name":null,"height":null,"building:levels":null,"amenity":null,"render_height_m":9.0,"height_source":"visual_default_not_measured","web_layer_source":"F:/datasets/layers/all_building.geojson"},"geometry":{"type":"Polygon","coordinates":[[[85.8113978,20.2924587],[85.8114823,20.2923052],[85.8113599,20.2922379],[85.8112755,20.2923914],[85.8113978,20.2924587]]]}},{"type":"Feature","properties":{"building":"yes","name":null,"height":null,"building:levels":null,"amenity":null,"render_height_m":9.0,"height_source":"visual_default_not_measured","web_layer_source":"F:/datasets/layers/all_building.geojson"},"geometry":{"type":"Polygon","coordinates":[[[85.8115307,20.2913908],[85.8114511,20.2915234],[85.8115701,20.2915863],[85.8116498,20.2914537],[85.8115307,20.2913908]]]}},{"type":"Feature","properties":{"building":"yes","name":null,"height":null,"building:levels":null,"amenity":null,"render_height_m":9.0,"height_source":"visual_default_not_measured","web_layer_source":"F:/datasets/layers/all_building.geojson"},"geometry":{"type":"Polygon","coordinates":[[[85.815068,20.2917781],[85.8149562,20.2917135],[85.814999,20.2916393],[85.8151109,20.2917038],[85.815068,20.2917781]]]}},{"type":"Feature","properties":{"building":"yes","name":null,"height":null,"building:levels":null,"amenity":null,"render_height_m":9.0,"height_source":"visual_default_not_measured","web_layer_source":"F:/datasets/layers/all_building.geojson"},"geometry":{"type":"Polygon","coordinates":[[[85.8113369,20.2914738],[85.8112572,20.2916065],[85.8113672,20.2916651],[85.8114469,20.2915324],[85.8113369,20.2914738]]]}},{"type":"Feature","properties":{"building":"house","name":null,"height":null,"building:levels":null,"amenity":null,"render_height_m":9.0,"height_source":"visual_default_not_measured","web_layer_source":"F:/datasets/layers/all_building.geojson"},"geometry":{"type":"Polygon","coordinates":[[[85.8139753,20.295962],[85.813817,20.2958827],[85.8137696,20.2959773],[85.813928,20.2960566],[85.8139753,20.295962]]]}},{"type":"Feature","properties":{"building":"yes","name":null,"height":null,"building:levels":null,"amenity":null,"render_height_m":9.0,"height_source":"visual_default_not_measured","web_layer_source":"F:/datasets/layers/all_building.geojson"},"geometry":{"type":"Polygon","coordinates":[[[85.8118308,20.29191],[85.8119424,20.291969],[85.8120221,20.2918363],[85.8119104,20.2917773],[85.8118308,20.29191]]]}},{"type":"Feature","properties":{"building":"yes","name":null,"height":null,"building:levels":null,"amenity":null,"render_height_m":9.0,"height_source":"visual_default_not_measured","web_layer_source":"F:/datasets/layers/all_building.geojson"},"geometry":{"type":"Polygon","coordinates":[[[85.8118175,20.2924896],[85.8117331,20.2926431],[85.8116197,20.2925808],[85.8117042,20.2924273],[85.8118175,20.2924896]]]}},{"type":"Feature","properties":{"building":"yes","name":null,"height":null,"building:levels":null,"amenity":null,"render_height_m":9.0,"height_source":"visual_default_not_measured","web_layer_source":"F:/datasets/layers/all_building.geojson"},"geometry":{"type":"Polygon","coordinates":[[[85.8111665,20.2923314],[85.8112509,20.2921779],[85.8111255,20.2921089],[85.8110427,20.2922633],[85.8111665,20.2923314]]]}},{"type":"Feature","properties":{"building":"yes","name":null,"height":null,"building:levels":null,"amenity":null,"render_height_m":9.0,"height_source":"visual_default_not_measured","web_layer_source":"F:/datasets/layers/all_building.geojson"},"geometry":{"type":"Polygon","coordinates":[[[85.8110921,20.2913322],[85.8112209,20.2914008],[85.8113005,20.2912682],[85.8111718,20.2911996],[85.8110921,20.2913322]]]}},{"type":"Feature","properties":{"building":"yes","name":null,"height":null,"building:levels":null,"amenity":null,"render_height_m":9.0,"height_source":"visual_default_not_measured","web_layer_source":"F:/datasets/layers/all_building.geojson"},"geometry":{"type":"Polygon","coordinates":[[[85.8146874,20.2920341],[85.8145469,20.2919552],[85.8145867,20.2918844],[85.8147271,20.2919634],[85.8146874,20.2920341]]]}},{"type":"Feature","properties":{"building":"yes","name":null,"height":null,"building:levels":null,"amenity":null,"render_height_m":9.0,"height_source":"visual_default_not_measured","web_layer_source":"F:/datasets/layers/all_building.geojson"},"geometry":{"type":"Polygon","coordinates":[[[85.8116197,20.2925808],[85.8117042,20.2924273],[85.8115971,20.2923683],[85.8115126,20.2925219],[85.8116197,20.2925808]]]}},{"type":"Feature","properties":{"building":"yes","name":null,"height":null,"building:levels":null,"amenity":null,"render_height_m":9.0,"height_source":"visual_default_not_measured","web_layer_source":"F:/datasets/layers/all_building.geojson"},"geometry":{"type":"Polygon","coordinates":[[[85.8148462,20.2912181],[85.8147639,20.2913774],[85.8148296,20.2914114],[85.8149164,20.2912543],[85.8148462,20.2912181]]]}},{"type":"Feature","properties":{"building":"yes","name":null,"height":null,"building:levels":null,"amenity":null,"render_height_m":9.0,"height_source":"visual_default_not_measured","web_layer_source":"F:/datasets/layers/all_building.geojson"},"geometry":{"type":"Polygon","coordinates":[[[85.8151204,20.2920092],[85.815004,20.291941],[85.8149563,20.2920224],[85.8150727,20.2920905],[85.8151204,20.2920092]]]}},{"type":"Feature","properties":{"building":"yes","name":null,"height":null,"building:levels":null,"amenity":null,"render_height_m":9.0,"height_source":"visual_default_not_measured","web_layer_source":"F:/datasets/layers/all_building.geojson"},"geometry":{"type":"Polygon","coordinates":[[[85.8144813,20.2917374],[85.8146166,20.2918129],[85.8145576,20.2919188],[85.8144223,20.2918433],[85.8144813,20.2917374]]]}},{"type":"Feature","properties":{"building":"yes","name":null,"height":null,"building:levels":null,"amenity":null,"render_height_m":9.0,"height_source":"visual_default_not_measured","web_layer_source":"F:/datasets/layers/all_building.geojson"},"geometry":{"type":"Polygon","coordinates":[[[85.8120706,20.2928288],[85.8121551,20.2926753],[85.8120395,20.2926117],[85.8119542,20.2927648],[85.8120706,20.2928288]]]}},{"type":"Feature","properties":{"building":"yes","name":null,"height":null,"building:levels":null,"amenity":null,"render_height_m":9.0,"height_source":"visual_default_not_measured","web_layer_source":"F:/datasets/layers/all_building.geojson"},"geometry":{"type":"Polygon","coordinates":[[[85.8124924,20.2920848],[85.8124128,20.2922175],[85.8125211,20.2922747],[85.8126008,20.2921421],[85.8124924,20.2920848]]]}},{"type":"Feature","properties":{"building":"yes","name":null,"height":null,"building:levels":null,"amenity":null,"render_height_m":9.0,"height_source":"visual_default_not_measured","web_layer_source":"F:/datasets/layers/all_building.geojson"},"geometry":{"type":"Polygon","coordinates":[[[85.8145772,20.2915625],[85.8147149,20.2916336],[85.8147531,20.2915596],[85.8146154,20.2914885],[85.8145772,20.2915625]]]}},{"type":"Feature","properties":{"building":"yes","name":null,"height":null,"building:levels":null,"amenity":null,"render_height_m":9.0,"height_source":"visual_default_not_measured","web_layer_source":"F:/datasets/layers/all_building.geojson"},"geometry":{"type":"Polygon","coordinates":[[[85.8120395,20.2926117],[85.8119542,20.2927648],[85.8118477,20.2927062],[85.8119322,20.2925527],[85.8120395,20.2926117]]]}},{"type":"Feature","properties":{"building":"yes","name":null,"height":null,"building:levels":null,"amenity":null,"render_height_m":9.0,"height_source":"visual_default_not_measured","web_layer_source":"F:/datasets/layers/all_building.geojson"},"geometry":{"type":"Polygon","coordinates":[[[85.8147757,20.2915346],[85.8149166,20.2916128],[85.8149627,20.2915298],[85.8148218,20.2914516],[85.8147757,20.2915346]]]}},{"type":"Feature","properties":{"building":"yes","name":null,"height":null,"building:levels":null,"amenity":null,"render_height_m":9.0,"height_source":"visual_default_not_measured","web_layer_source":"F:/datasets/layers/all_building.geojson"},"geometry":{"type":"Polygon","coordinates":[[[85.8114469,20.2915324],[85.8113672,20.2916651],[85.8114863,20.291728],[85.8115659,20.2915953],[85.8114469,20.2915324]]]}},{"type":"Feature","properties":{"building":"yes","name":null,"height":null,"building:levels":null,"amenity":null,"render_height_m":9.0,"height_source":"visual_default_not_measured","web_layer_source":"F:/datasets/layers/all_building.geojson"},"geometry":{"type":"Polygon","coordinates":[[[85.8151522,20.2916322],[85.8150403,20.2915677],[85.8150886,20.2914841],[85.8152004,20.2915486],[85.8151522,20.2916322]]]}},{"type":"Feature","properties":{"building":"yes","name":null,"height":null,"building:levels":null,"amenity":null,"render_height_m":9.0,"height_source":"visual_default_not_measured","web_layer_source":"F:/datasets/layers/all_building.geojson"},"geometry":{"type":"Polygon","coordinates":[[[85.8128348,20.2922545],[85.8129145,20.2921219],[85.8130623,20.2922],[85.8129827,20.2923326],[85.8128348,20.2922545]]]}},{"type":"Feature","properties":{"building":"house","name":null,"height":null,"building:levels":null,"amenity":null,"render_height_m":9.0,"height_source":"visual_default_not_measured","web_layer_source":"F:/datasets/layers/all_building.geojson"},"geometry":{"type":"Polygon","coordinates":[[[85.8132058,20.2955222],[85.8132673,20.2953993],[85.8133594,20.2954454],[85.8132979,20.2955683],[85.8132058,20.2955222]]]}},{"type":"Feature","properties":{"building":"yes","name":null,"height":null,"building:levels":null,"amenity":null,"render_height_m":9.0,"height_source":"visual_default_not_measured","web_layer_source":"F:/datasets/layers/all_building.geojson"},"geometry":{"type":"Polygon","coordinates":[[[85.8118835,20.2928934],[85.8119542,20.2927648],[85.8120706,20.2928288],[85.8119999,20.2929574],[85.8118835,20.2928934]]]}},{"type":"Feature","properties":{"building":"house","name":null,"height":null,"building:levels":null,"amenity":null,"render_height_m":9.0,"height_source":"visual_default_not_measured","web_layer_source":"F:/datasets/layers/all_building.geojson"},"geometry":{"type":"Polygon","coordinates":[[[85.8131153,20.2954769],[85.81302,20.2954291],[85.8129508,20.2955673],[85.8130461,20.295615],[85.8131153,20.2954769]]]}},{"type":"Feature","properties":{"building":"yes","name":null,"height":null,"building:levels":null,"amenity":null,"render_height_m":9.0,"height_source":"visual_default_not_measured","web_layer_source":"F:/datasets/layers/all_building.geojson"},"geometry":{"type":"Polygon","coordinates":[[[85.8120221,20.2918363],[85.8119424,20.291969],[85.8120722,20.2920375],[85.8121519,20.2919049],[85.8120221,20.2918363]]]}},{"type":"Feature","properties":{"building":"yes","name":null,"height":null,"building:levels":null,"amenity":null,"render_height_m":9.0,"height_source":"visual_default_not_measured","web_layer_source":"F:/datasets/layers/all_building.geojson"},"geometry":{"type":"Polygon","coordinates":[[[85.814692,20.2913403],[85.8147743,20.2911809],[85.8148462,20.2912181],[85.8147639,20.2913774],[85.814692,20.2913403]]]}},{"type":"Feature","properties":{"building":"yes","name":null,"height":null,"building:levels":null,"amenity":null,"render_height_m":9.0,"height_source":"visual_default_not_measured","web_layer_source":"F:/datasets/layers/all_building.geojson"},"geometry":{"type":"Polygon","coordinates":[[[85.8144165,20.2921873],[85.8145569,20.2922662],[85.814522,20.2923283],[85.8143816,20.2922493],[85.8144165,20.2921873]]]}},{"type":"Feature","properties":{"building":"yes","name":null,"height":null,"building:levels":null,"amenity":null,"render_height_m":9.0,"height_source":"visual_default_not_measured","web_layer_source":"F:/datasets/layers/all_building.geojson"},"geometry":{"type":"Polygon","coordinates":[[[85.812605,20.2921331],[85.8127255,20.2921968],[85.8128052,20.2920641],[85.8126846,20.2920004],[85.812605,20.2921331]]]}},{"type":"Feature","properties":{"building":"yes","name":null,"height":null,"building:levels":null,"amenity":null,"render_height_m":9.0,"height_source":"visual_default_not_measured","web_layer_source":"F:/datasets/layers/all_building.geojson"},"geometry":{"type":"Polygon","coordinates":[[[85.8128052,20.2920641],[85.8127255,20.2921968],[85.8128348,20.2922545],[85.8129145,20.2921219],[85.8128052,20.2920641]]]}},{"type":"Feature","properties":{"building":"yes","name":null,"height":null,"building:levels":null,"amenity":null,"render_height_m":9.0,"height_source":"visual_default_not_measured","web_layer_source":"F:/datasets/layers/all_building.geojson"},"geometry":{"type":"Polygon","coordinates":[[[85.8153007,20.2917011],[85.8151843,20.291633],[85.8152247,20.2915641],[85.8153411,20.2916322],[85.8153007,20.2917011]]]}},{"type":"Feature","properties":{"building":"house","name":null,"height":null,"building:levels":null,"amenity":null,"render_height_m":9.0,"height_source":"visual_default_not_measured","web_layer_source":"F:/datasets/layers/all_building.geojson"},"geometry":{"type":"Polygon","coordinates":[[[85.81372,20.295626],[85.8136584,20.2957489],[85.8137477,20.2957936],[85.8138093,20.2956707],[85.81372,20.295626]]]}},{"type":"Feature","properties":{"building":"yes","name":null,"height":null,"building:levels":null,"amenity":null,"render_height_m":9.0,"height_source":"visual_default_not_measured","web_layer_source":"F:/datasets/layers/all_building.geojson"},"geometry":{"type":"Polygon","coordinates":[[[85.8116197,20.2925808],[85.8115481,20.2927089],[85.8116579,20.2927693],[85.8117331,20.2926431],[85.8116197,20.2925808]]]}},{"type":"Feature","properties":{"building":"house","name":null,"height":null,"building:levels":null,"amenity":null,"render_height_m":9.0,"height_source":"visual_default_not_measured","web_layer_source":"F:/datasets/layers/all_building.geojson"},"geometry":{"type":"Polygon","coordinates":[[[85.8134085,20.2957965],[85.8134776,20.2956583],[85.813561,20.2957001],[85.8134919,20.2958382],[85.8134085,20.2957965]]]}},{"type":"Feature","properties":{"building":"yes","name":null,"height":null,"building:levels":null,"amenity":null,"render_height_m":9.0,"height_source":"visual_default_not_measured","web_layer_source":"F:/datasets/layers/all_building.geojson"},"geometry":{"type":"Polygon","coordinates":[[[85.8121519,20.2919049],[85.8120722,20.2920375],[85.8121855,20.2920974],[85.8122652,20.2919648],[85.8121519,20.2919049]]]}},{"type":"Feature","properties":{"building":"yes","name":null,"height":null,"building:levels":null,"amenity":null,"render_height_m":9.0,"height_source":"visual_default_not_measured","web_layer_source":"F:/datasets/layers/all_building.geojson"},"geometry":{"type":"Polygon","coordinates":[[[85.8143659,20.2919444],[85.8145013,20.2920199],[85.8144651,20.2920849],[85.8143297,20.2920095],[85.8143659,20.2919444]]]}},{"type":"Feature","properties":{"building":"yes","name":null,"height":null,"building:levels":null,"amenity":null,"render_height_m":9.0,"height_source":"visual_default_not_measured","web_layer_source":"F:/datasets/layers/all_building.geojson"},"geometry":{"type":"Polygon","coordinates":[[[85.8122694,20.2919558],[85.8123871,20.292018],[85.8124667,20.2918853],[85.812349,20.2918231],[85.8122694,20.2919558]]]}},{"type":"Feature","properties":{"building":"yes","name":null,"height":null,"building:levels":null,"amenity":null,"render_height_m":9.0,"height_source":"visual_default_not_measured","web_layer_source":"F:/datasets/layers/all_building.geojson"},"geometry":{"type":"Polygon","coordinates":[[[85.814873,20.2913594],[85.8150139,20.2914376],[85.8150685,20.2913392],[85.8149277,20.291261],[85.814873,20.2913594]]]}},{"type":"Feature","properties":{"building":"yes","name":null,"height":null,"building:levels":null,"amenity":null,"render_height_m":9.0,"height_source":"visual_default_not_measured","web_layer_source":"F:/datasets/layers/all_building.geojson"},"geometry":{"type":"Polygon","coordinates":[[[85.8110083,20.2914738],[85.811137,20.2915424],[85.8112167,20.2914098],[85.8110879,20.2913412],[85.8110083,20.2914738]]]}},{"type":"Feature","properties":{"building":"yes","name":null,"height":null,"building:levels":null,"amenity":null,"render_height_m":9.0,"height_source":"visual_default_not_measured","web_layer_source":"F:/datasets/layers/all_building.geojson"},"geometry":{"type":"Polygon","coordinates":[[[85.8124667,20.2918853],[85.8123871,20.292018],[85.8124966,20.2920758],[85.8125763,20.2919432],[85.8124667,20.2918853]]]}},{"type":"Feature","properties":{"building":"yes","name":null,"height":null,"building:levels":null,"amenity":null,"render_height_m":9.0,"height_source":"visual_default_not_measured","web_layer_source":"F:/datasets/layers/all_building.geojson"},"geometry":{"type":"Polygon","coordinates":[[[85.8111665,20.2923314],[85.8110971,20.2924608],[85.8112048,20.29252],[85.8112755,20.2923914],[85.8111665,20.2923314]]]}},{"type":"Feature","properties":{"building":"yes","name":null,"height":null,"building:levels":null,"amenity":null,"render_height_m":9.0,"height_source":"visual_default_not_measured","web_layer_source":"F:/datasets/layers/all_building.geojson"},"geometry":{"type":"Polygon","coordinates":[[[85.8112048,20.29252],[85.8112755,20.2923914],[85.8113978,20.2924587],[85.8113258,20.2925866],[85.8112048,20.29252]]]}},{"type":"Feature","properties":{"building":"house","name":null,"height":null,"building:levels":null,"amenity":null,"render_height_m":9.0,"height_source":"visual_default_not_measured","web_layer_source":"F:/datasets/layers/all_building.geojson"},"geometry":{"type":"Polygon","coordinates":[[[85.8133836,20.2956112],[85.8134452,20.2954884],[85.8135392,20.2955355],[85.8134776,20.2956583],[85.8133836,20.2956112]]]}},{"type":"Feature","properties":{"building":"yes","name":null,"height":null,"building:levels":null,"amenity":null,"render_height_m":9.0,"height_source":"visual_default_not_measured","web_layer_source":"F:/datasets/layers/all_building.geojson"},"geometry":{"type":"Polygon","coordinates":[[[85.8145867,20.2918844],[85.8147271,20.2919634],[85.8147621,20.2919012],[85.8146216,20.2918223],[85.8145867,20.2918844]]]}},{"type":"Feature","properties":{"building":"yes","name":null,"height":null,"building:levels":null,"amenity":null,"render_height_m":9.0,"height_source":"visual_default_not_measured","web_layer_source":"F:/datasets/layers/all_building.geojson"},"geometry":{"type":"Polygon","coordinates":[[[85.8119146,20.2917684],[85.8120263,20.2918273],[85.8121059,20.2916947],[85.8119943,20.2916357],[85.8119146,20.2917684]]]}},{"type":"Feature","properties":{"building":"yes","name":null,"height":null,"building:levels":null,"amenity":null,"render_height_m":9.0,"height_source":"visual_default_not_measured","web_layer_source":"F:/datasets/layers/all_building.geojson"},"geometry":{"type":"Polygon","coordinates":[[[85.8121059,20.2916947],[85.8120263,20.2918273],[85.8121561,20.2918959],[85.8122357,20.2917633],[85.8121059,20.2916947]]]}},{"type":"Feature","properties":{"building":"yes","name":null,"height":null,"building:levels":null,"amenity":null,"render_height_m":9.0,"height_source":"visual_default_not_measured","web_layer_source":"F:/datasets/layers/all_building.geojson"},"geometry":{"type":"Polygon","coordinates":[[[85.8149563,20.2920224],[85.8150727,20.2920905],[85.8150183,20.2921834],[85.8149019,20.2921153],[85.8149563,20.2920224]]]}},{"type":"Feature","properties":{"building":"yes","name":null,"height":null,"building:levels":null,"amenity":null,"render_height_m":9.0,"height_source":"visual_default_not_measured","web_layer_source":"F:/datasets/layers/all_building.geojson"},"geometry":{"type":"Polygon","coordinates":[[[85.8125211,20.2922747],[85.8126417,20.2923384],[85.8127213,20.2922057],[85.8126008,20.2921421],[85.8125211,20.2922747]]]}},{"type":"Feature","properties":{"building":"yes","name":null,"height":null,"building:levels":null,"amenity":null,"render_height_m":9.0,"height_source":"visual_default_not_measured","web_layer_source":"F:/datasets/layers/all_building.geojson"},"geometry":{"type":"Polygon","coordinates":[[[85.8147531,20.2915596],[85.8146154,20.2914885],[85.8146572,20.2914075],[85.8147949,20.2914786],[85.8147531,20.2915596]]]}},{"type":"Feature","properties":{"building":"house","name":null,"height":null,"building:levels":null,"amenity":null,"render_height_m":9.0,"height_source":"visual_default_not_measured","web_layer_source":"F:/datasets/layers/all_building.geojson"},"geometry":{"type":"Polygon","coordinates":[[[85.8135893,20.295887],[85.8136584,20.2957489],[85.8137477,20.2957936],[85.8136786,20.2959317],[85.8135893,20.295887]]]}},{"type":"Feature","properties":{"building":"yes","name":null,"height":null,"building:levels":null,"amenity":null,"render_height_m":9.0,"height_source":"visual_default_not_measured","web_layer_source":"F:/datasets/layers/all_building.geojson"},"geometry":{"type":"Polygon","coordinates":[[[85.8115701,20.2915863],[85.8116848,20.2916469],[85.8117644,20.2915143],[85.8116498,20.2914537],[85.8115701,20.2915863]]]}},{"type":"Feature","properties":{"building":"yes","name":null,"height":null,"building:levels":null,"amenity":null,"render_height_m":9.0,"height_source":"visual_default_not_measured","web_layer_source":"F:/datasets/layers/all_building.geojson"},"geometry":{"type":"Polygon","coordinates":[[[85.8149627,20.2915298],[85.8148218,20.2914516],[85.814873,20.2913594],[85.8150139,20.2914376],[85.8149627,20.2915298]]]}},{"type":"Feature","properties":{"building":"yes","name":null,"height":null,"building:levels":null,"amenity":null,"render_height_m":9.0,"height_source":"visual_default_not_measured","web_layer_source":"F:/datasets/layers/all_building.geojson"},"geometry":{"type":"Polygon","coordinates":[[[85.8114863,20.291728],[85.8116009,20.2917885],[85.8116806,20.2916559],[85.8115659,20.2915953],[85.8114863,20.291728]]]}},{"type":"Feature","properties":{"building":"house","name":null,"height":null,"building:levels":null,"amenity":null,"render_height_m":9.0,"height_source":"visual_default_not_measured","web_layer_source":"F:/datasets/layers/all_building.geojson"},"geometry":{"type":"Polygon","coordinates":[[[85.8133594,20.2954454],[85.8132979,20.2955683],[85.8133836,20.2956112],[85.8134452,20.2954884],[85.8133594,20.2954454]]]}},{"type":"Feature","properties":{"building":"yes","name":null,"height":null,"building:levels":null,"amenity":null,"render_height_m":9.0,"height_source":"visual_default_not_measured","web_layer_source":"F:/datasets/layers/all_building.geojson"},"geometry":{"type":"Polygon","coordinates":[[[85.8109921,20.2923552],[85.8110427,20.2922633],[85.8111665,20.2923314],[85.8110971,20.2924608],[85.8109719,20.2923919],[85.8109921,20.2923552]]]}},{"type":"Feature","properties":{"building":"house","name":null,"height":null,"building:levels":null,"amenity":null,"render_height_m":9.0,"height_source":"visual_default_not_measured","web_layer_source":"F:/datasets/layers/all_building.geojson"},"geometry":{"type":"Polygon","coordinates":[[[85.8138543,20.2958083],[85.8140126,20.2958875],[85.8139753,20.295962],[85.813817,20.2958827],[85.8138388,20.2958392],[85.8138543,20.2958083]]]}},{"type":"Feature","properties":{"building":"yes","name":null,"height":null,"building:levels":null,"amenity":null,"render_height_m":9.0,"height_source":"visual_default_not_measured","web_layer_source":"F:/datasets/layers/all_building.geojson"},"geometry":{"type":"Polygon","coordinates":[[[85.8146572,20.2914075],[85.8147949,20.2914786],[85.8148296,20.2914114],[85.8147639,20.2913774],[85.814692,20.2913403],[85.8146572,20.2914075]]]}},{"type":"Feature","properties":{"building":"house","name":null,"height":null,"building:levels":null,"amenity":null,"render_height_m":9.0,"height_source":"visual_default_not_measured","web_layer_source":"F:/datasets/layers/all_building.geojson"},"geometry":{"type":"Polygon","coordinates":[[[85.8137477,20.2957936],[85.8136786,20.2959317],[85.8137696,20.2959773],[85.813817,20.2958827],[85.8138388,20.2958392],[85.8137477,20.2957936]]]}},{"type":"Feature","properties":{"building":"yes","name":null,"height":null,"building:levels":null,"amenity":null,"render_height_m":9.0,"height_source":"visual_default_not_measured","web_layer_source":"F:/datasets/layers/all_building.geojson"},"geometry":{"type":"Polygon","coordinates":[[[85.8111255,20.2921089],[85.8110427,20.2922633],[85.810895,20.2921821],[85.8108497,20.2921572],[85.8109342,20.2920037],[85.8111255,20.2921089]]]}},{"type":"Feature","properties":{"building":"house","name":null,"height":null,"building:levels":null,"amenity":null,"render_height_m":9.0,"height_source":"visual_default_not_measured","web_layer_source":"F:/datasets/layers/all_building.geojson"},"geometry":{"type":"Polygon","coordinates":[[[85.8137477,20.2957936],[85.8138093,20.2956707],[85.8139003,20.2957163],[85.8138543,20.2958083],[85.8138388,20.2958392],[85.8137477,20.2957936]]]}},{"type":"Feature","properties":{"building":"yes","name":null,"height":null,"building:levels":null,"amenity":null,"render_height_m":9.0,"height_source":"visual_default_not_measured","web_layer_source":"F:/datasets/layers/all_building.geojson"},"geometry":{"type":"Polygon","coordinates":[[[85.8148031,20.2919785],[85.8149299,20.2920468],[85.8149641,20.2919835],[85.8148607,20.2919277],[85.8148438,20.2919591],[85.8148204,20.2919465],[85.8148031,20.2919785]]]}},{"type":"Feature","properties":{"building":"house","name":null,"height":null,"building:levels":null,"amenity":null,"render_height_m":9.0,"height_source":"visual_default_not_measured","web_layer_source":"F:/datasets/layers/all_building.geojson"},"geometry":{"type":"Polygon","coordinates":[[[85.8139003,20.2957163],[85.8138543,20.2958083],[85.8140126,20.2958875],[85.8140587,20.2957956],[85.8139003,20.2957163]]]}},{"type":"Feature","properties":{"building":"yes","name":null,"height":null,"building:levels":null,"amenity":null,"render_height_m":9.0,"height_source":"visual_default_not_measured","web_layer_source":"F:/datasets/layers/all_building.geojson"},"geometry":{"type":"Polygon","coordinates":[[[85.8150886,20.2914841],[85.8152004,20.2915486],[85.8152566,20.2914512],[85.815127,20.2913755],[85.8151055,20.2914126],[85.8151269,20.2914251],[85.8150886,20.2914841]]]}},{"type":"Feature","properties":{"building":"yes","name":null,"height":null,"building:levels":null,"amenity":null,"render_height_m":9.0,"height_source":"visual_default_not_measured","web_layer_source":"F:/datasets/layers/all_building.geojson"},"geometry":{"type":"Polygon","coordinates":[[[85.8103037,20.2904638],[85.810266,20.2904434],[85.8102566,20.2904608],[85.8102132,20.2904373],[85.8102221,20.2904209],[85.8101529,20.2903834],[85.8101451,20.2903978],[85.810102,20.2903745],[85.8101096,20.2903606],[85.8100773,20.2903432],[85.8100991,20.290303],[85.8101242,20.2903166],[85.8101342,20.2902981],[85.8101986,20.290333],[85.8101901,20.2903487],[85.8102358,20.2903734],[85.8102464,20.2903537],[85.8103108,20.2903886],[85.8103019,20.2904051],[85.8103278,20.2904191],[85.8103037,20.2904638]]]}},{"type":"Feature","properties":{"building":"yes","name":null,"height":null,"building:levels":null,"amenity":null,"render_height_m":9.0,"height_source":"visual_default_not_measured","web_layer_source":"F:/datasets/layers/all_building.geojson"},"geometry":{"type":"Polygon","coordinates":[[[85.8103709,20.2909008],[85.8103333,20.2908804],[85.8103239,20.2908978],[85.8102804,20.2908743],[85.8102893,20.2908579],[85.8102201,20.2908204],[85.8102123,20.2908348],[85.8101693,20.2908115],[85.8101768,20.2907976],[85.8101445,20.2907802],[85.8101663,20.29074],[85.8101915,20.2907536],[85.8102014,20.2907351],[85.8102658,20.29077],[85.8102573,20.2907857],[85.810303,20.2908104],[85.8103136,20.2907907],[85.810378,20.2908256],[85.8103691,20.2908421],[85.810395,20.2908561],[85.8103709,20.2909008]]]}},{"type":"Feature","properties":{"building":"yes","name":null,"height":null,"building:levels":null,"amenity":null,"render_height_m":9.0,"height_source":"visual_default_not_measured","web_layer_source":"F:/datasets/layers/all_building.geojson"},"geometry":{"type":"Polygon","coordinates":[[[85.8101023,20.2908443],[85.8101394,20.2908657],[85.8101493,20.2908485],[85.8101921,20.2908732],[85.8101827,20.2908894],[85.8102509,20.2909287],[85.8102591,20.2909145],[85.8103015,20.290939],[85.8102936,20.2909527],[85.8103253,20.290971],[85.8103025,20.2910106],[85.8102777,20.2909963],[85.8102672,20.2910145],[85.8102038,20.2909779],[85.8102128,20.2909624],[85.8101678,20.2909365],[85.8101566,20.2909559],[85.8100932,20.2909193],[85.8101025,20.2909031],[85.810077,20.2908883],[85.8101023,20.2908443]]]}},{"type":"Feature","properties":{"building":"yes","name":null,"height":null,"building:levels":null,"amenity":null,"render_height_m":9.0,"height_source":"visual_default_not_measured","web_layer_source":"F:/datasets/layers/all_building.geojson"},"geometry":{"type":"Polygon","coordinates":[[[85.8099733,20.2906455],[85.8099357,20.2906251],[85.8099263,20.2906425],[85.8098828,20.290619],[85.8098917,20.2906025],[85.8098225,20.2905651],[85.8098147,20.2905795],[85.8097717,20.2905562],[85.8097792,20.2905423],[85.809747,20.2905249],[85.8097687,20.2904846],[85.8097939,20.2904983],[85.8098039,20.2904798],[85.8098682,20.2905147],[85.8098597,20.2905304],[85.8099054,20.2905551],[85.8099161,20.2905354],[85.8099804,20.2905703],[85.8099715,20.2905867],[85.8099975,20.2906008],[85.8099733,20.2906455]]]}},{"type":"Feature","properties":{"building":"yes","name":null,"height":null,"building:levels":null,"amenity":null,"render_height_m":9.0,"height_source":"visual_default_not_measured","web_layer_source":"F:/datasets/layers/all_building.geojson"},"geometry":{"type":"Polygon","coordinates":[[[85.8097048,20.290589],[85.8097418,20.2906104],[85.8097517,20.2905932],[85.8097945,20.2906179],[85.8097851,20.2906341],[85.8098533,20.2906734],[85.8098615,20.2906592],[85.8099039,20.2906837],[85.809896,20.2906974],[85.8099278,20.2907157],[85.8099049,20.2907553],[85.8098801,20.290741],[85.8098697,20.2907592],[85.8098063,20.2907226],[85.8098152,20.2907071],[85.8097702,20.2906811],[85.809759,20.2907005],[85.8096956,20.290664],[85.809705,20.2906478],[85.8096794,20.290633],[85.8097048,20.290589]]]}},{"type":"Feature","properties":{"building":"yes","name":null,"height":null,"building:levels":null,"amenity":null,"render_height_m":9.0,"height_source":"visual_default_not_measured","web_layer_source":"F:/datasets/layers/all_building.geojson"},"geometry":{"type":"Polygon","coordinates":[[[85.8108896,20.2908662],[85.8109267,20.2908876],[85.8109366,20.2908705],[85.8109793,20.2908951],[85.81097,20.2909113],[85.8110382,20.2909507],[85.8110464,20.2909365],[85.8110888,20.2909609],[85.8110808,20.2909746],[85.8111126,20.2909929],[85.8110898,20.2910325],[85.811065,20.2910182],[85.8110545,20.2910364],[85.8109911,20.2909998],[85.8110001,20.2909843],[85.810955,20.2909584],[85.8109439,20.2909778],[85.8108805,20.2909412],[85.8108898,20.290925],[85.8108643,20.2909102],[85.8108896,20.2908662]]]}},{"type":"Feature","properties":{"building":"yes","name":null,"height":null,"building:levels":null,"amenity":null,"render_height_m":9.0,"height_source":"visual_default_not_measured","web_layer_source":"F:/datasets/layers/all_building.geojson"},"geometry":{"type":"Polygon","coordinates":[[[85.81116,20.2909116],[85.8111224,20.2908912],[85.811113,20.2909086],[85.8110696,20.2908851],[85.8110785,20.2908686],[85.8110092,20.2908312],[85.8110014,20.2908456],[85.8109584,20.2908223],[85.8109659,20.2908084],[85.8109337,20.2907909],[85.8109554,20.2907507],[85.8109806,20.2907644],[85.8109906,20.2907459],[85.8110549,20.2907808],[85.8110464,20.2907965],[85.8110921,20.2908212],[85.8111028,20.2908015],[85.8111671,20.2908363],[85.8111582,20.2908528],[85.8111842,20.2908669],[85.81116,20.2909116]]]}},{"type":"Feature","properties":{"building":"yes","name":null,"height":null,"building:levels":null,"amenity":null,"render_height_m":9.0,"height_source":"visual_default_not_measured","web_layer_source":"F:/datasets/layers/all_building.geojson"},"geometry":{"type":"Polygon","coordinates":[[[85.810722,20.2906844],[85.8106844,20.2906641],[85.810675,20.2906815],[85.8106315,20.290658],[85.8106404,20.2906415],[85.8105712,20.2906041],[85.8105634,20.2906185],[85.8105204,20.2905952],[85.8105279,20.2905813],[85.8104957,20.2905638],[85.8105174,20.2905236],[85.8105426,20.2905372],[85.8105525,20.2905188],[85.8106169,20.2905536],[85.8106084,20.2905694],[85.8106541,20.2905941],[85.8106648,20.2905744],[85.8107291,20.2906092],[85.8107202,20.2906257],[85.8107462,20.2906397],[85.810722,20.2906844]]]}},{"type":"Feature","properties":{"building":"yes","name":null,"height":null,"building:levels":null,"amenity":null,"render_height_m":9.0,"height_source":"visual_default_not_measured","web_layer_source":"F:/datasets/layers/all_building.geojson"},"geometry":{"type":"Polygon","coordinates":[[[85.812952,20.2920448],[85.8130502,20.2918837],[85.8129135,20.2918106],[85.8128153,20.2919717],[85.812952,20.2920448]]]}},{"type":"Feature","properties":{"building":"yes","name":null,"height":null,"building:levels":null,"amenity":null,"render_height_m":9.0,"height_source":"visual_default_not_measured","web_layer_source":"F:/datasets/layers/all_building.geojson"},"geometry":{"type":"Polygon","coordinates":[[[85.8122087,20.2912418],[85.8121037,20.2911856],[85.8120157,20.2913303],[85.8121207,20.2913865],[85.8122087,20.2912418]]]}},{"type":"Feature","properties":{"building":"yes","name":null,"height":null,"building:levels":null,"amenity":null,"render_height_m":9.0,"height_source":"visual_default_not_measured","web_layer_source":"F:/datasets/layers/all_building.geojson"},"geometry":{"type":"Polygon","coordinates":[[[85.8129035,20.2916134],[85.8127894,20.2915524],[85.8127014,20.2916971],[85.8128155,20.2917581],[85.8129035,20.2916134]]]}},{"type":"Feature","properties":{"building":"yes","name":null,"height":null,"building:levels":null,"amenity":null,"render_height_m":9.0,"height_source":"visual_default_not_measured","web_layer_source":"F:/datasets/layers/all_building.geojson"},"geometry":{"type":"Polygon","coordinates":[[[85.8116461,20.2909408],[85.8115364,20.2908821],[85.8114484,20.2910269],[85.8115581,20.2910856],[85.8116461,20.2909408]]]}},{"type":"Feature","properties":{"building":"yes","name":null,"height":null,"building:levels":null,"amenity":null,"render_height_m":9.0,"height_source":"visual_default_not_measured","web_layer_source":"F:/datasets/layers/all_building.geojson"},"geometry":{"type":"Polygon","coordinates":[[[85.8115581,20.2910856],[85.8114484,20.2910269],[85.8113502,20.291188],[85.8114599,20.2912467],[85.8115581,20.2910856]]]}},{"type":"Feature","properties":{"building":"yes","name":null,"height":null,"building:levels":null,"amenity":null,"render_height_m":9.0,"height_source":"visual_default_not_measured","web_layer_source":"F:/datasets/layers/all_building.geojson"},"geometry":{"type":"Polygon","coordinates":[[[85.8123256,20.2913042],[85.8122087,20.2912418],[85.8121207,20.2913865],[85.8122375,20.291449],[85.8123256,20.2913042]]]}},{"type":"Feature","properties":{"building":"yes","name":null,"height":null,"building:levels":null,"amenity":null,"render_height_m":9.0,"height_source":"visual_default_not_measured","web_layer_source":"F:/datasets/layers/all_building.geojson"},"geometry":{"type":"Polygon","coordinates":[[[85.8118973,20.291267],[85.8117805,20.2912045],[85.8116823,20.2913656],[85.8117991,20.2914281],[85.8118973,20.291267]]]}},{"type":"Feature","properties":{"building":"yes","name":null,"height":null,"building:levels":null,"amenity":null,"render_height_m":9.0,"height_source":"visual_default_not_measured","web_layer_source":"F:/datasets/layers/all_building.geojson"},"geometry":{"type":"Polygon","coordinates":[[[85.8126792,20.2914934],[85.8125615,20.2914304],[85.8124735,20.2915752],[85.8125911,20.2916381],[85.8126792,20.2914934]]]}},{"type":"Feature","properties":{"building":"yes","name":null,"height":null,"building:levels":null,"amenity":null,"render_height_m":9.0,"height_source":"visual_default_not_measured","web_layer_source":"F:/datasets/layers/all_building.geojson"},"geometry":{"type":"Polygon","coordinates":[[[85.8121037,20.2911856],[85.8119853,20.2911223],[85.8118973,20.291267],[85.8120157,20.2913303],[85.8121037,20.2911856]]]}},{"type":"Feature","properties":{"building":"yes","name":null,"height":null,"building:levels":null,"amenity":null,"render_height_m":9.0,"height_source":"visual_default_not_measured","web_layer_source":"F:/datasets/layers/all_building.geojson"},"geometry":{"type":"Polygon","coordinates":[[[85.8121207,20.2913865],[85.8120157,20.2913303],[85.8119175,20.2914914],[85.8120225,20.2915476],[85.8121207,20.2913865]]]}},{"type":"Feature","properties":{"building":"yes","name":null,"height":null,"building:levels":null,"amenity":null,"render_height_m":9.0,"height_source":"visual_default_not_measured","web_layer_source":"F:/datasets/layers/all_building.geojson"},"geometry":{"type":"Polygon","coordinates":[[[85.8127894,20.2915524],[85.8126792,20.2914934],[85.8125911,20.2916381],[85.8127014,20.2916971],[85.8127894,20.2915524]]]}},{"type":"Feature","properties":{"building":"yes","name":null,"height":null,"building:levels":null,"amenity":null,"render_height_m":9.0,"height_source":"visual_default_not_measured","web_layer_source":"F:/datasets/layers/all_building.geojson"},"geometry":{"type":"Polygon","coordinates":[[[85.8115364,20.2908821],[85.8114175,20.2908185],[85.8113294,20.2909632],[85.8114484,20.2910269],[85.8115364,20.2908821]]]}},{"type":"Feature","properties":{"building":"yes","name":null,"height":null,"building:levels":null,"amenity":null,"render_height_m":9.0,"height_source":"visual_default_not_measured","web_layer_source":"F:/datasets/layers/all_building.geojson"},"geometry":{"type":"Polygon","coordinates":[[[85.8124735,20.2915752],[85.812351,20.2915097],[85.8122527,20.2916708],[85.8123753,20.2917363],[85.8124735,20.2915752]]]}},{"type":"Feature","properties":{"building":"yes","name":null,"height":null,"building:levels":null,"amenity":null,"render_height_m":9.0,"height_source":"visual_default_not_measured","web_layer_source":"F:/datasets/layers/all_building.geojson"},"geometry":{"type":"Polygon","coordinates":[[[85.8131383,20.291739],[85.8130015,20.2916658],[85.8129135,20.2918106],[85.8130502,20.2918837],[85.8131383,20.291739]]]}},{"type":"Feature","properties":{"building":"yes","name":null,"height":null,"building:levels":null,"amenity":null,"render_height_m":9.0,"height_source":"visual_default_not_measured","web_layer_source":"F:/datasets/layers/all_building.geojson"},"geometry":{"type":"Polygon","coordinates":[[[85.8129135,20.2918106],[85.8128155,20.2917581],[85.8127173,20.2919192],[85.8128153,20.2919717],[85.8129135,20.2918106]]]}},{"type":"Feature","properties":{"building":"yes","name":null,"height":null,"building:levels":null,"amenity":null,"render_height_m":9.0,"height_source":"visual_default_not_measured","web_layer_source":"F:/datasets/layers/all_building.geojson"},"geometry":{"type":"Polygon","coordinates":[[[85.8128155,20.2917581],[85.8127014,20.2916971],[85.8126032,20.2918582],[85.8127173,20.2919192],[85.8128155,20.2917581]]]}},{"type":"Feature","properties":{"building":"yes","name":null,"height":null,"building:levels":null,"amenity":null,"render_height_m":9.0,"height_source":"visual_default_not_measured","web_layer_source":"F:/datasets/layers/all_building.geojson"},"geometry":{"type":"Polygon","coordinates":[[[85.8125615,20.2914304],[85.812439,20.2913649],[85.812351,20.2915097],[85.8124735,20.2915752],[85.8125615,20.2914304]]]}},{"type":"Feature","properties":{"building":"yes","name":null,"height":null,"building:levels":null,"amenity":null,"render_height_m":9.0,"height_source":"visual_default_not_measured","web_layer_source":"F:/datasets/layers/all_building.geojson"},"geometry":{"type":"Polygon","coordinates":[[[85.8130502,20.2918837],[85.812952,20.2920448],[85.8131017,20.2921248],[85.8131999,20.2919637],[85.8130502,20.2918837]]]}},{"type":"Feature","properties":{"building":"yes","name":null,"height":null,"building:levels":null,"amenity":null,"render_height_m":9.0,"height_source":"visual_default_not_measured","web_layer_source":"F:/datasets/layers/all_building.geojson"},"geometry":{"type":"Polygon","coordinates":[[[85.8114484,20.2910269],[85.8113294,20.2909632],[85.8112312,20.2911243],[85.8113502,20.291188],[85.8114484,20.2910269]]]}},{"type":"Feature","properties":{"building":"yes","name":null,"height":null,"building:levels":null,"amenity":null,"render_height_m":9.0,"height_source":"visual_default_not_measured","web_layer_source":"F:/datasets/layers/all_building.geojson"},"geometry":{"type":"Polygon","coordinates":[[[85.8131999,20.2919637],[85.8132879,20.291819],[85.8131383,20.291739],[85.8130502,20.2918837],[85.8131999,20.2919637]]]}},{"type":"Feature","properties":{"building":"yes","name":null,"height":null,"building:levels":null,"amenity":null,"render_height_m":9.0,"height_source":"visual_default_not_measured","web_layer_source":"F:/datasets/layers/all_building.geojson"},"geometry":{"type":"Polygon","coordinates":[[[85.8119853,20.2911223],[85.8118685,20.2910598],[85.8117805,20.2912045],[85.8118973,20.291267],[85.8119853,20.2911223]]]}},{"type":"Feature","properties":{"building":"yes","name":null,"height":null,"building:levels":null,"amenity":null,"render_height_m":9.0,"height_source":"visual_default_not_measured","web_layer_source":"F:/datasets/layers/all_building.geojson"},"geometry":{"type":"Polygon","coordinates":[[[85.8117805,20.2912045],[85.8116676,20.2911441],[85.8115694,20.2913052],[85.8116823,20.2913656],[85.8117805,20.2912045]]]}},{"type":"Feature","properties":{"building":"yes","name":null,"height":null,"building:levels":null,"amenity":null,"render_height_m":9.0,"height_source":"visual_default_not_measured","web_layer_source":"F:/datasets/layers/all_building.geojson"},"geometry":{"type":"Polygon","coordinates":[[[85.8116676,20.2911441],[85.8115581,20.2910856],[85.8114599,20.2912467],[85.8115694,20.2913052],[85.8116676,20.2911441]]]}},{"type":"Feature","properties":{"building":"yes","name":null,"height":null,"building:levels":null,"amenity":null,"render_height_m":9.0,"height_source":"visual_default_not_measured","web_layer_source":"F:/datasets/layers/all_building.geojson"},"geometry":{"type":"Polygon","coordinates":[[[85.8130015,20.2916658],[85.8129035,20.2916134],[85.8128155,20.2917581],[85.8129135,20.2918106],[85.8130015,20.2916658]]]}},{"type":"Feature","properties":{"building":"yes","name":null,"height":null,"building:levels":null,"amenity":null,"render_height_m":9.0,"height_source":"visual_default_not_measured","web_layer_source":"F:/datasets/layers/all_building.geojson"},"geometry":{"type":"Polygon","coordinates":[[[85.8117556,20.2909994],[85.8116461,20.2909408],[85.8115581,20.2910856],[85.8116676,20.2911441],[85.8117556,20.2909994]]]}},{"type":"Feature","properties":{"building":"yes","name":null,"height":null,"building:levels":null,"amenity":null,"render_height_m":9.0,"height_source":"visual_default_not_measured","web_layer_source":"F:/datasets/layers/all_building.geojson"},"geometry":{"type":"Polygon","coordinates":[[[85.8120157,20.2913303],[85.8118973,20.291267],[85.8117991,20.2914281],[85.8119175,20.2914914],[85.8120157,20.2913303]]]}},{"type":"Feature","properties":{"building":"yes","name":null,"height":null,"building:levels":null,"amenity":null,"render_height_m":9.0,"height_source":"visual_default_not_measured","web_layer_source":"F:/datasets/layers/all_building.geojson"},"geometry":{"type":"Polygon","coordinates":[[[85.812439,20.2913649],[85.8123256,20.2913042],[85.8122375,20.291449],[85.812351,20.2915097],[85.812439,20.2913649]]]}},{"type":"Feature","properties":{"building":"yes","name":null,"height":null,"building:levels":null,"amenity":null,"render_height_m":9.0,"height_source":"visual_default_not_measured","web_layer_source":"F:/datasets/layers/all_building.geojson"},"geometry":{"type":"Polygon","coordinates":[[[85.8122527,20.2916708],[85.812351,20.2915097],[85.8122375,20.291449],[85.8121393,20.2916101],[85.8122527,20.2916708]]]}},{"type":"Feature","properties":{"building":"yes","name":null,"height":null,"building:levels":null,"amenity":null,"render_height_m":9.0,"height_source":"visual_default_not_measured","web_layer_source":"F:/datasets/layers/all_building.geojson"},"geometry":{"type":"Polygon","coordinates":[[[85.8122375,20.291449],[85.8121207,20.2913865],[85.8120225,20.2915476],[85.8121393,20.2916101],[85.8122375,20.291449]]]}},{"type":"Feature","properties":{"building":"yes","name":null,"height":null,"building:levels":null,"amenity":null,"render_height_m":9.0,"height_source":"visual_default_not_measured","web_layer_source":"F:/datasets/layers/all_building.geojson"},"geometry":{"type":"Polygon","coordinates":[[[85.8118685,20.2910598],[85.8117556,20.2909994],[85.8116676,20.2911441],[85.8117805,20.2912045],[85.8118685,20.2910598]]]}},{"type":"Feature","properties":{"building":"yes","name":null,"height":null,"building:levels":null,"amenity":null,"render_height_m":9.0,"height_source":"visual_default_not_measured","web_layer_source":"F:/datasets/layers/all_building.geojson"},"geometry":{"type":"Polygon","coordinates":[[[85.8126032,20.2918582],[85.8127014,20.2916971],[85.8125911,20.2916381],[85.8124929,20.2917992],[85.8126032,20.2918582]]]}},{"type":"Feature","properties":{"building":"yes","name":null,"height":null,"building:levels":null,"amenity":null,"render_height_m":9.0,"height_source":"visual_default_not_measured","web_layer_source":"F:/datasets/layers/all_building.geojson"},"geometry":{"type":"Polygon","coordinates":[[[85.8125911,20.2916381],[85.8124735,20.2915752],[85.8123753,20.2917363],[85.8124929,20.2917992],[85.8125911,20.2916381]]]}},{"type":"Feature","properties":{"building":"yes","name":null,"height":null,"building:levels":null,"amenity":null,"render_height_m":9.0,"height_source":"visual_default_not_measured","web_layer_source":"F:/datasets/layers/all_building.geojson"},"geometry":{"type":"Polygon","coordinates":[[[85.8105708,20.2908102],[85.8106166,20.2908373],[85.8106309,20.2908132],[85.8106465,20.2908224],[85.8106783,20.2907688],[85.810662,20.2907591],[85.8106791,20.2907302],[85.8106342,20.2907035],[85.8105708,20.2908102]]]}},{"type":"Feature","properties":{"building":"yes","name":null,"height":null,"building:levels":null,"amenity":null,"render_height_m":9.0,"height_source":"visual_default_not_measured","web_layer_source":"F:/datasets/layers/all_building.geojson"},"geometry":{"type":"Polygon","coordinates":[[[85.8101007,20.2904204],[85.8100542,20.2903945],[85.8100405,20.290419],[85.8100247,20.2904102],[85.8099944,20.2904648],[85.810011,20.290474],[85.8099946,20.2905033],[85.8100403,20.2905288],[85.8101007,20.2904204]]]}},{"type":"Feature","properties":{"building":"yes","name":null,"height":null,"building:levels":null,"amenity":null,"render_height_m":9.0,"height_source":"visual_default_not_measured","web_layer_source":"F:/datasets/layers/all_building.geojson"},"geometry":{"type":"Polygon","coordinates":[[[85.8101448,20.2905821],[85.8101906,20.2906093],[85.8102049,20.2905851],[85.8102205,20.2905944],[85.8102523,20.2905407],[85.810236,20.290531],[85.8102531,20.2905021],[85.8102082,20.2904755],[85.8101448,20.2905821]]]}},{"type":"Feature","properties":{"building":"yes","name":null,"height":null,"building:levels":null,"amenity":null,"render_height_m":9.0,"height_source":"visual_default_not_measured","web_layer_source":"F:/datasets/layers/all_building.geojson"},"geometry":{"type":"Polygon","coordinates":[[[85.810957,20.2911895],[85.8109837,20.2911435],[85.8109595,20.2911294],[85.8109685,20.2911137],[85.8109145,20.2910824],[85.810905,20.2910989],[85.810876,20.291082],[85.8108497,20.2911272],[85.810957,20.2911895]]]}},{"type":"Feature","properties":{"building":"yes","name":null,"height":null,"building:levels":null,"amenity":null,"render_height_m":9.0,"height_source":"visual_default_not_measured","web_layer_source":"F:/datasets/layers/all_building.geojson"},"geometry":{"type":"Polygon","coordinates":[[[85.8105267,20.2906484],[85.8104802,20.2906226],[85.8104665,20.2906471],[85.8104507,20.2906383],[85.8104204,20.2906928],[85.810437,20.2907021],[85.8104207,20.2907314],[85.8104663,20.2907568],[85.8105267,20.2906484]]]}},{"type":"Feature","properties":{"building":"house","name":null,"height":null,"building:levels":null,"amenity":null,"render_height_m":9.0,"height_source":"visual_default_not_measured","web_layer_source":"F:/datasets/layers/all_building.geojson"},"geometry":{"type":"Polygon","coordinates":[[[85.7772055,20.2708349],[85.7772745,20.2708365],[85.7772778,20.2707145],[85.7772088,20.2707129],[85.7772055,20.2708349]]]}},{"type":"Feature","properties":{"building":"yes","name":"Khandagiri P.S.","height":null,"building:levels":null,"amenity":"police","render_height_m":9.0,"height_source":"visual_default_not_measured","web_layer_source":"F:/datasets/layers/all_building.geojson"},"geometry":{"type":"Polygon","coordinates":[[[85.789836,20.2594304],[85.7898588,20.2594962],[85.7899764,20.2594851],[85.7899982,20.2596001],[85.7898786,20.2596242],[85.7898271,20.2595277],[85.7897916,20.2594452],[85.789836,20.2594304]]]}},{"type":"Feature","properties":{"building":"house","name":"CSA Odisha Office Building","height":null,"building:levels":null,"amenity":null,"render_height_m":9.0,"height_source":"visual_default_not_measured","web_layer_source":"F:/datasets/layers/all_building.geojson"},"geometry":{"type":"Polygon","coordinates":[[[85.838607,20.2844511],[85.838646,20.284447],[85.8386327,20.284398],[85.8385955,20.2844013],[85.838607,20.2844511]]]}},{"type":"Feature","properties":{"building":"Lohia_Academy","name":null,"height":null,"building:levels":"3","amenity":null,"render_height_m":9.0,"height_source":"osm_levels_visualized_3m","web_layer_source":"F:/datasets/layers/all_building.geojson"},"geometry":{"type":"Polygon","coordinates":[[[85.8364471,20.2846803],[85.8366857,20.2846613],[85.8366758,20.2845517],[85.8364372,20.2845707],[85.8364471,20.2846803]]]}},{"type":"Feature","properties":{"building":"yes","name":"Ram Mandir","height":null,"building:levels":null,"amenity":"place_of_worship","render_height_m":9.0,"height_source":"visual_default_not_measured","web_layer_source":"F:/datasets/layers/all_building.geojson"},"geometry":{"type":"Polygon","coordinates":[[[85.8426238,20.2779388],[85.8434316,20.2778265],[85.8433368,20.2771547],[85.8425108,20.2772434],[85.8426238,20.2779388]]]}},{"type":"Feature","properties":{"building":"yes","name":null,"height":null,"building:levels":null,"amenity":"restaurant","render_height_m":9.0,"height_source":"visual_default_not_measured","web_layer_source":"F:/datasets/layers/all_building.geojson"},"geometry":{"type":"Polygon","coordinates":[[[85.8347792,20.2838661],[85.8345708,20.2839089],[85.8346294,20.2841044],[85.8347987,20.2840616],[85.8347792,20.2838661]]]}},{"type":"Feature","properties":{"building":"yes","name":"Relience Super","height":null,"building:levels":null,"amenity":null,"render_height_m":9.0,"height_source":"visual_default_not_measured","web_layer_source":"F:/datasets/layers/all_building.geojson"},"geometry":{"type":"Polygon","coordinates":[[[85.8434965,20.2680321],[85.8437064,20.2683917],[85.8440809,20.2682112],[85.8438358,20.267838],[85.8436801,20.2680034],[85.8434965,20.2680321]]]}},{"type":"Feature","properties":{"building":"commercial","name":"Sports Botique","height":null,"building:levels":null,"amenity":null,"render_height_m":9.0,"height_source":"visual_default_not_measured","web_layer_source":"F:/datasets/layers/all_building.geojson"},"geometry":{"type":"Polygon","coordinates":[[[85.841805,20.2689668],[85.841821,20.2689736],[85.8418298,20.2689545],[85.841805,20.2689668]]]}},{"type":"Feature","properties":{"building":"office","name":null,"height":null,"building:levels":null,"amenity":null,"render_height_m":9.0,"height_source":"visual_default_not_measured","web_layer_source":"F:/datasets/layers/all_building.geojson"},"geometry":{"type":"Polygon","coordinates":[[[85.8523034,20.3004693],[85.8524629,20.3005271],[85.8525801,20.300243],[85.8524206,20.3001852],[85.8523034,20.3004693]]]}},{"type":"Feature","properties":{"building":"office","name":"IDCO Tower","height":null,"building:levels":"17","amenity":null,"render_height_m":51.0,"height_source":"osm_levels_visualized_3m","web_layer_source":"F:/datasets/layers/all_building.geojson"},"geometry":{"type":"Polygon","coordinates":[[[85.8417839,20.2885387],[85.8417657,20.2886859],[85.8423801,20.2887526],[85.8423983,20.2886054],[85.8417839,20.2885387]]]}},{"type":"Feature","properties":{"building":"yes","name":"Terminal T1","height":null,"building:levels":null,"amenity":null,"render_height_m":9.0,"height_source":"visual_default_not_measured","web_layer_source":"F:/datasets/layers/all_building.geojson"},"geometry":{"type":"Polygon","coordinates":[[[85.8152349,20.2549707],[85.8154602,20.2551247],[85.8158206,20.2553712],[85.8162723,20.2548013],[85.8166905,20.2542735],[85.8168752,20.2540404],[85.8166976,20.253915],[85.8166086,20.253855],[85.8162859,20.2536316],[85.8161625,20.2537974],[85.8159407,20.2540779],[85.815596,20.254514],[85.8152751,20.2549198],[85.8152349,20.2549707]]]}},{"type":"Feature","properties":{"building":"office","name":null,"height":null,"building:levels":null,"amenity":null,"render_height_m":9.0,"height_source":"visual_default_not_measured","web_layer_source":"F:/datasets/layers/all_building.geojson"},"geometry":{"type":"Polygon","coordinates":[[[85.8418321,20.2882885],[85.8418114,20.2884226],[85.8422425,20.2884812],[85.8422632,20.2883471],[85.8418321,20.2882885]]]}},{"type":"Feature","properties":{"building":"commercial","name":"Forum Mart","height":null,"building:levels":"7","amenity":null,"render_height_m":21.0,"height_source":"osm_levels_visualized_3m","web_layer_source":"F:/datasets/layers/all_building.geojson"},"geometry":{"type":"Polygon","coordinates":[[[85.8451738,20.278291],[85.8452589,20.2782812],[85.8452684,20.2783501],[85.8453488,20.2783395],[85.845338,20.2782503],[85.8455233,20.2782327],[85.8455349,20.2783122],[85.8456199,20.2783034],[85.8456102,20.278222],[85.8456697,20.278216],[85.8456502,20.2780533],[85.8455773,20.2780625],[85.8455754,20.2780422],[85.8452303,20.2780877],[85.845236,20.2781138],[85.8451488,20.2781232],[85.8451738,20.278291]]]}},{"type":"Feature","properties":{"building":"Education","name":"School of Pharmaceutical Sciences, SOA University","height":null,"building:levels":null,"amenity":null,"render_height_m":9.0,"height_source":"visual_default_not_measured","web_layer_source":"F:/datasets/layers/all_building.geojson"},"geometry":{"type":"Polygon","coordinates":[[[85.7751883,20.2842534],[85.7755423,20.2842635],[85.7755745,20.2837704],[85.775199,20.2837704],[85.7751883,20.2842534]]]}},{"type":"Feature","properties":{"building":"roof","name":null,"height":null,"building:levels":null,"amenity":null,"render_height_m":9.0,"height_source":"visual_default_not_measured","web_layer_source":"F:/datasets/layers/all_building.geojson"},"geometry":{"type":"Polygon","coordinates":[[[85.8159401,20.2554546],[85.8158206,20.2553712],[85.8162723,20.2548013],[85.8166905,20.2542735],[85.8168752,20.2540404],[85.8169947,20.2541238],[85.8159401,20.2554546]]]}},{"type":"Feature","properties":{"building":"yes","name":"Yameswar Temple","height":null,"building:levels":null,"amenity":"place_of_worship","render_height_m":9.0,"height_source":"visual_default_not_measured","web_layer_source":"F:/datasets/layers/all_building.geojson"},"geometry":{"type":"Polygon","coordinates":[[[85.8312455,20.2402532],[85.8312987,20.2405286],[85.8318238,20.2404394],[85.8317707,20.240164],[85.8312455,20.2402532]]]}},{"type":"Feature","properties":{"building":"yes","name":null,"height":null,"building:levels":null,"amenity":"place_of_worship","render_height_m":9.0,"height_source":"visual_default_not_measured","web_layer_source":"F:/datasets/layers/all_building.geojson"},"geometry":{"type":"Polygon","coordinates":[[[85.8340984,20.2381738],[85.8336493,20.2383384],[85.8336456,20.2383293],[85.8334681,20.2383944],[85.833541,20.2385694],[85.8337159,20.2385052],[85.8337086,20.2384879],[85.8341602,20.2383223],[85.8340984,20.2381738]]]}},{"type":"Feature","properties":{"building":"hospital","name":"Borda Hospital","height":null,"building:levels":null,"amenity":null,"render_height_m":9.0,"height_source":"visual_default_not_measured","web_layer_source":"F:/datasets/layers/all_building.geojson"},"geometry":{"type":"Polygon","coordinates":[[[85.8524783,20.2133818],[85.8527753,20.2133624],[85.8527492,20.2130568],[85.8524543,20.2130861],[85.8524783,20.2133818]]]}},{"type":"Feature","properties":{"building":"house","name":null,"height":null,"building:levels":null,"amenity":null,"render_height_m":9.0,"height_source":"visual_default_not_measured","web_layer_source":"F:/datasets/layers/all_building.geojson"},"geometry":{"type":"Polygon","coordinates":[[[85.7996821,20.2734917],[85.7998489,20.2734322],[85.7998112,20.2733393],[85.7996445,20.2733989],[85.7996821,20.2734917]]]}},{"type":"Feature","properties":{"building":"house","name":null,"height":null,"building:levels":null,"amenity":null,"render_height_m":9.0,"height_source":"visual_default_not_measured","web_layer_source":"F:/datasets/layers/all_building.geojson"},"geometry":{"type":"Polygon","coordinates":[[[85.7999875,20.2734681],[85.8000783,20.2734365],[85.8000149,20.2732761],[85.7999241,20.2733076],[85.7999875,20.2734681]]]}},{"type":"Feature","properties":{"building":"house","name":null,"height":null,"building:levels":null,"amenity":null,"render_height_m":9.0,"height_source":"visual_default_not_measured","web_layer_source":"F:/datasets/layers/all_building.geojson"},"geometry":{"type":"Polygon","coordinates":[[[85.7998135,20.2733294],[85.7999916,20.2732607],[85.7999564,20.2731806],[85.7998062,20.2732386],[85.7998237,20.2732785],[85.7997959,20.2732892],[85.7998135,20.2733294]]]}},{"type":"Feature","properties":{"building":"house","name":null,"height":null,"building:levels":null,"amenity":null,"render_height_m":9.0,"height_source":"visual_default_not_measured","web_layer_source":"F:/datasets/layers/all_building.geojson"},"geometry":{"type":"Polygon","coordinates":[[[85.7997244,20.273639],[85.7997748,20.2736239],[85.7997653,20.2735958],[85.7998928,20.2735576],[85.7998609,20.2734639],[85.7996829,20.2735173],[85.7997244,20.273639]]]}},{"type":"Feature","properties":{"building":"yes","name":"Institute of Digital Media Technology","height":null,"building:levels":null,"amenity":null,"render_height_m":9.0,"height_source":"visual_default_not_measured","web_layer_source":"F:/datasets/layers/all_building.geojson"},"geometry":{"type":"Polygon","coordinates":[[[85.8422254,20.2892597],[85.8423676,20.2892761],[85.8424171,20.2888988],[85.8422749,20.2888824],[85.8422254,20.2892597]]]}},{"type":"Feature","properties":{"building":"yes","name":"IPICOL Annexe","height":null,"building:levels":"9","amenity":null,"render_height_m":27.0,"height_source":"osm_levels_visualized_3m","web_layer_source":"F:/datasets/layers/all_building.geojson"},"geometry":{"type":"Polygon","coordinates":[[[85.8420335,20.2892065],[85.842148,20.2892199],[85.8421741,20.2890234],[85.8420552,20.2890095],[85.8420476,20.2890662],[85.8420048,20.2890612],[85.8419991,20.2891043],[85.8420464,20.2891098],[85.8420335,20.2892065]]]}},{"type":"Feature","properties":{"building":"yes","name":null,"height":null,"building:levels":null,"amenity":null,"render_height_m":9.0,"height_source":"visual_default_not_measured","web_layer_source":"F:/datasets/layers/all_building.geojson"},"geometry":{"type":"Polygon","coordinates":[[[85.8422243,20.2882178],[85.8423475,20.288229],[85.8423951,20.2877691],[85.8422725,20.2877579],[85.8422412,20.2880608],[85.8422018,20.2880572],[85.8422105,20.2879726],[85.8419976,20.2879532],[85.8419868,20.2880581],[85.8422384,20.288081],[85.8422243,20.2882178]]]}},{"type":"Feature","properties":{"building":"yes","name":null,"height":null,"building:levels":null,"amenity":null,"render_height_m":9.0,"height_source":"visual_default_not_measured","web_layer_source":"F:/datasets/layers/all_building.geojson"},"geometry":{"type":"Polygon","coordinates":[[[85.8544792,20.3024531],[85.8546511,20.3025117],[85.854827,20.3020576],[85.8547984,20.3020478],[85.8548117,20.3020134],[85.8547008,20.3019756],[85.8546878,20.3020093],[85.8546554,20.3019982],[85.8544792,20.3024531]]]}},{"type":"Feature","properties":{"building":"yes","name":null,"height":null,"building:levels":null,"amenity":null,"render_height_m":9.0,"height_source":"visual_default_not_measured","web_layer_source":"F:/datasets/layers/all_building.geojson"},"geometry":{"type":"Polygon","coordinates":[[[85.8142152,20.3497433],[85.8142048,20.3492118],[85.8149299,20.3491993],[85.8149324,20.349327],[85.8143516,20.349337],[85.8143508,20.3492931],[85.8143133,20.3492938],[85.8143221,20.3497414],[85.8142152,20.3497433]]]}},{"type":"Feature","properties":{"building":"yes","name":null,"height":null,"building:levels":null,"amenity":null,"render_height_m":9.0,"height_source":"visual_default_not_measured","web_layer_source":"F:/datasets/layers/all_building.geojson"},"geometry":{"type":"Polygon","coordinates":[[[85.8183085,20.3477856],[85.8184401,20.3477689],[85.8184233,20.3476526],[85.8182918,20.3476693],[85.8183085,20.3477856]]]}},{"type":"Feature","properties":{"building":"yes","name":null,"height":null,"building:levels":null,"amenity":null,"render_height_m":9.0,"height_source":"visual_default_not_measured","web_layer_source":"F:/datasets/layers/all_building.geojson"},"geometry":{"type":"Polygon","coordinates":[[[85.8184742,20.347756],[85.8186207,20.3477348],[85.8186035,20.3476308],[85.8184571,20.347652],[85.8184742,20.347756]]]}},{"type":"Feature","properties":{"building":"yes","name":null,"height":null,"building:levels":null,"amenity":null,"render_height_m":9.0,"height_source":"visual_default_not_measured","web_layer_source":"F:/datasets/layers/all_building.geojson"},"geometry":{"type":"Polygon","coordinates":[[[85.8186466,20.3477354],[85.8187724,20.3477173],[85.8187568,20.3476215],[85.818631,20.3476395],[85.8186466,20.3477354]]]}},{"type":"Feature","properties":{"building":"yes","name":null,"height":null,"building:levels":null,"amenity":null,"render_height_m":9.0,"height_source":"visual_default_not_measured","web_layer_source":"F:/datasets/layers/all_building.geojson"},"geometry":{"type":"Polygon","coordinates":[[[85.8188246,20.3477112],[85.8189191,20.3476973],[85.8189018,20.3475938],[85.8188073,20.3476077],[85.8188246,20.3477112]]]}},{"type":"Feature","properties":{"building":"yes","name":null,"height":null,"building:levels":null,"amenity":null,"render_height_m":9.0,"height_source":"visual_default_not_measured","web_layer_source":"F:/datasets/layers/all_building.geojson"},"geometry":{"type":"Polygon","coordinates":[[[85.8184317,20.3475887],[85.8185513,20.3475742],[85.8185383,20.3474792],[85.8184186,20.3474936],[85.8184317,20.3475887]]]}},{"type":"Feature","properties":{"building":"yes","name":null,"height":null,"building:levels":null,"amenity":null,"render_height_m":9.0,"height_source":"visual_default_not_measured","web_layer_source":"F:/datasets/layers/all_building.geojson"},"geometry":{"type":"Polygon","coordinates":[[[85.8185773,20.3475662],[85.8186969,20.3475518],[85.8186838,20.3474567],[85.8185642,20.3474712],[85.8185773,20.3475662]]]}},{"type":"Feature","properties":{"building":"yes","name":null,"height":null,"building:levels":null,"amenity":null,"render_height_m":9.0,"height_source":"visual_default_not_measured","web_layer_source":"F:/datasets/layers/all_building.geojson"},"geometry":{"type":"Polygon","coordinates":[[[85.8185634,20.3474521],[85.818683,20.3474377],[85.81867,20.3473426],[85.8185503,20.3473571],[85.8185634,20.3474521]]]}},{"type":"Feature","properties":{"building":"yes","name":null,"height":null,"building:levels":null,"amenity":null,"render_height_m":9.0,"height_source":"visual_default_not_measured","web_layer_source":"F:/datasets/layers/all_building.geojson"},"geometry":{"type":"Polygon","coordinates":[[[85.8184155,20.3474651],[85.8185351,20.3474507],[85.8185221,20.3473556],[85.8184025,20.3473701],[85.8184155,20.3474651]]]}},{"type":"Feature","properties":{"building":"yes","name":null,"height":null,"building:levels":null,"amenity":null,"render_height_m":9.0,"height_source":"visual_default_not_measured","web_layer_source":"F:/datasets/layers/all_building.geojson"},"geometry":{"type":"Polygon","coordinates":[[[85.8187868,20.3475417],[85.8189064,20.3475272],[85.8188933,20.3474322],[85.8187737,20.3474466],[85.8187868,20.3475417]]]}},{"type":"Feature","properties":{"building":"yes","name":null,"height":null,"building:levels":null,"amenity":null,"render_height_m":9.0,"height_source":"visual_default_not_measured","web_layer_source":"F:/datasets/layers/all_building.geojson"},"geometry":{"type":"Polygon","coordinates":[[[85.8189347,20.3475272],[85.8190543,20.3475128],[85.8190412,20.3474177],[85.8189216,20.3474322],[85.8189347,20.3475272]]]}},{"type":"Feature","properties":{"building":"yes","name":null,"height":null,"building:levels":null,"amenity":null,"render_height_m":9.0,"height_source":"visual_default_not_measured","web_layer_source":"F:/datasets/layers/all_building.geojson"},"geometry":{"type":"Polygon","coordinates":[[[85.8188993,20.3474131],[85.8190189,20.3473987],[85.8190058,20.3473036],[85.8188862,20.3473181],[85.8188993,20.3474131]]]}},{"type":"Feature","properties":{"building":"yes","name":null,"height":null,"building:levels":null,"amenity":null,"render_height_m":9.0,"height_source":"visual_default_not_measured","web_layer_source":"F:/datasets/layers/all_building.geojson"},"geometry":{"type":"Polygon","coordinates":[[[85.8187698,20.3474261],[85.8188895,20.3474117],[85.8188764,20.3473166],[85.8187568,20.3473311],[85.8187698,20.3474261]]]}},{"type":"Feature","properties":{"building":"house","name":null,"height":null,"building:levels":null,"amenity":null,"render_height_m":9.0,"height_source":"visual_default_not_measured","web_layer_source":"F:/datasets/layers/all_building.geojson"},"geometry":{"type":"Polygon","coordinates":[[[85.8041619,20.242998],[85.8041891,20.2428744],[85.8043082,20.2428975],[85.804281,20.2430211],[85.8041619,20.242998]]]}},{"type":"Feature","properties":{"building":"house","name":null,"height":null,"building:levels":null,"amenity":null,"render_height_m":9.0,"height_source":"visual_default_not_measured","web_layer_source":"F:/datasets/layers/all_building.geojson"},"geometry":{"type":"Polygon","coordinates":[[[85.8042429,20.2432037],[85.8042558,20.2430651],[85.8043642,20.243074],[85.8043513,20.2432126],[85.8042429,20.2432037]]]}},{"type":"Feature","properties":{"building":"house","name":null,"height":null,"building:levels":null,"amenity":null,"render_height_m":9.0,"height_source":"visual_default_not_measured","web_layer_source":"F:/datasets/layers/all_building.geojson"},"geometry":{"type":"Polygon","coordinates":[[[85.8043049,20.2430464],[85.804329,20.2429293],[85.8043615,20.2429351],[85.8043738,20.2428753],[85.8044283,20.2428851],[85.8044176,20.2429371],[85.8044891,20.24295],[85.804471,20.243038],[85.804501,20.2430434],[85.8044934,20.2430805],[85.8043049,20.2430464]]]}},{"type":"Feature","properties":{"building":"house","name":null,"height":null,"building:levels":null,"amenity":null,"render_height_m":9.0,"height_source":"visual_default_not_measured","web_layer_source":"F:/datasets/layers/all_building.geojson"},"geometry":{"type":"Polygon","coordinates":[[[85.8046012,20.2431054],[85.8045764,20.2429554],[85.8046591,20.2429434],[85.8046839,20.2430934],[85.8046012,20.2431054]]]}},{"type":"Feature","properties":{"building":"house","name":null,"height":null,"building:levels":null,"amenity":null,"render_height_m":9.0,"height_source":"visual_default_not_measured","web_layer_source":"F:/datasets/layers/all_building.geojson"},"geometry":{"type":"Polygon","coordinates":[[[85.8046961,20.2431153],[85.8047806,20.2431084],[85.8047643,20.2429333],[85.8046799,20.2429402],[85.8046961,20.2431153]]]}},{"type":"Feature","properties":{"building":"house","name":null,"height":null,"building:levels":null,"amenity":null,"render_height_m":9.0,"height_source":"visual_default_not_measured","web_layer_source":"F:/datasets/layers/all_building.geojson"},"geometry":{"type":"Polygon","coordinates":[[[85.8048549,20.2432821],[85.8050391,20.243274],[85.8050353,20.2431977],[85.8049676,20.2432007],[85.8049637,20.243122],[85.8047991,20.2431293],[85.8048038,20.243224],[85.8048519,20.2432219],[85.8048549,20.2432821]]]}},{"type":"Feature","properties":{"building":"house","name":null,"height":null,"building:levels":null,"amenity":null,"render_height_m":9.0,"height_source":"visual_default_not_measured","web_layer_source":"F:/datasets/layers/all_building.geojson"},"geometry":{"type":"Polygon","coordinates":[[[85.8043825,20.2428282],[85.8044057,20.2427409],[85.8045102,20.2427654],[85.804487,20.2428528],[85.8043825,20.2428282]]]}},{"type":"Feature","properties":{"building":"house","name":null,"height":null,"building:levels":null,"amenity":null,"render_height_m":9.0,"height_source":"visual_default_not_measured","web_layer_source":"F:/datasets/layers/all_building.geojson"},"geometry":{"type":"Polygon","coordinates":[[[85.8043592,20.2426487],[85.8044797,20.2426851],[85.804509,20.2425998],[85.8043885,20.2425633],[85.8043592,20.2426487]]]}},{"type":"Feature","properties":{"building":"house","name":null,"height":null,"building:levels":null,"amenity":null,"render_height_m":9.0,"height_source":"visual_default_not_measured","web_layer_source":"F:/datasets/layers/all_building.geojson"},"geometry":{"type":"Polygon","coordinates":[[[85.8044894,20.2427064],[85.8045294,20.242603],[85.8046026,20.2426279],[85.8045626,20.2427313],[85.8044894,20.2427064]]]}},{"type":"Feature","properties":{"building":"house","name":null,"height":null,"building:levels":null,"amenity":null,"render_height_m":9.0,"height_source":"visual_default_not_measured","web_layer_source":"F:/datasets/layers/all_building.geojson"},"geometry":{"type":"Polygon","coordinates":[[[85.8046194,20.2426238],[85.804695,20.2426457],[85.8046613,20.2427482],[85.8045857,20.2427264],[85.8046194,20.2426238]]]}},{"type":"Feature","properties":{"building":"house","name":null,"height":null,"building:levels":null,"amenity":null,"render_height_m":9.0,"height_source":"visual_default_not_measured","web_layer_source":"F:/datasets/layers/all_building.geojson"},"geometry":{"type":"Polygon","coordinates":[[[85.8045348,20.2428285],[85.8045504,20.2427834],[85.8046526,20.2428147],[85.8046369,20.2428598],[85.8045348,20.2428285]]]}},{"type":"Feature","properties":{"building":"apartments","name":null,"height":null,"building:levels":null,"amenity":null,"render_height_m":9.0,"height_source":"visual_default_not_measured","web_layer_source":"F:/datasets/layers/all_building.geojson"},"geometry":{"type":"Polygon","coordinates":[[[85.8047631,20.242734],[85.8047491,20.2426715],[85.8048532,20.2426509],[85.8048672,20.2427135],[85.8047631,20.242734]]]}},{"type":"Feature","properties":{"building":"apartments","name":null,"height":null,"building:levels":null,"amenity":null,"render_height_m":9.0,"height_source":"visual_default_not_measured","web_layer_source":"F:/datasets/layers/all_building.geojson"},"geometry":{"type":"Polygon","coordinates":[[[85.8050075,20.2427041],[85.8049867,20.2426336],[85.8050827,20.2426088],[85.8051034,20.2426793],[85.8050075,20.2427041]]]}},{"type":"Feature","properties":{"building":"apartments","name":null,"height":null,"building:levels":null,"amenity":null,"render_height_m":9.0,"height_source":"visual_default_not_measured","web_layer_source":"F:/datasets/layers/all_building.geojson"},"geometry":{"type":"Polygon","coordinates":[[[85.8051304,20.2426749],[85.8051096,20.2426044],[85.8052056,20.2425796],[85.8052263,20.2426501],[85.8051304,20.2426749]]]}},{"type":"Feature","properties":{"building":"apartments","name":null,"height":null,"building:levels":null,"amenity":null,"render_height_m":9.0,"height_source":"visual_default_not_measured","web_layer_source":"F:/datasets/layers/all_building.geojson"},"geometry":{"type":"Polygon","coordinates":[[[85.8048742,20.2425738],[85.8048535,20.2425034],[85.8049495,20.2424785],[85.8049702,20.242549],[85.8048742,20.2425738]]]}},{"type":"Feature","properties":{"building":"apartments","name":null,"height":null,"building:levels":null,"amenity":null,"render_height_m":9.0,"height_source":"visual_default_not_measured","web_layer_source":"F:/datasets/layers/all_building.geojson"},"geometry":{"type":"Polygon","coordinates":[[[85.8049911,20.2425452],[85.8049704,20.2424747],[85.8050664,20.2424499],[85.8050871,20.2425204],[85.8049911,20.2425452]]]}},{"type":"Feature","properties":{"building":"apartments","name":null,"height":null,"building:levels":null,"amenity":null,"render_height_m":9.0,"height_source":"visual_default_not_measured","web_layer_source":"F:/datasets/layers/all_building.geojson"},"geometry":{"type":"Polygon","coordinates":[[[85.8051222,20.2425128],[85.8051015,20.2424423],[85.8051975,20.2424175],[85.8052182,20.242488],[85.8051222,20.2425128]]]}},{"type":"Feature","properties":{"building":"house","name":null,"height":null,"building:levels":null,"amenity":null,"render_height_m":9.0,"height_source":"visual_default_not_measured","web_layer_source":"F:/datasets/layers/all_building.geojson"},"geometry":{"type":"Polygon","coordinates":[[[85.8047516,20.2426058],[85.8047808,20.2426001],[85.8047847,20.2426178],[85.8048322,20.2426085],[85.8048287,20.2425928],[85.8048605,20.2425866],[85.8048437,20.2425107],[85.8047838,20.2425224],[85.8047411,20.2425586],[85.8047516,20.2426058]]]}},{"type":"Feature","properties":{"building":"yes","name":null,"height":null,"building:levels":null,"amenity":null,"render_height_m":9.0,"height_source":"visual_default_not_measured","web_layer_source":"F:/datasets/layers/all_building.geojson"},"geometry":{"type":"Polygon","coordinates":[[[85.8645472,20.2825532],[85.8645028,20.2823996],[85.8645947,20.2823762],[85.8646391,20.2825298],[85.8645472,20.2825532]]]}},{"type":"Feature","properties":{"building":"yes","name":null,"height":null,"building:levels":null,"amenity":null,"render_height_m":9.0,"height_source":"visual_default_not_measured","web_layer_source":"F:/datasets/layers/all_building.geojson"},"geometry":{"type":"Polygon","coordinates":[[[85.8646557,20.2825302],[85.8646337,20.2824496],[85.8647468,20.2824225],[85.8647687,20.2825032],[85.8646557,20.2825302]]]}},{"type":"Feature","properties":{"building":"yes","name":null,"height":null,"building:levels":null,"amenity":null,"render_height_m":9.0,"height_source":"visual_default_not_measured","web_layer_source":"F:/datasets/layers/all_building.geojson"},"geometry":{"type":"Polygon","coordinates":[[[85.8645884,20.2826382],[85.8647308,20.2826114],[85.8647163,20.2825435],[85.8645738,20.2825704],[85.8645884,20.2826382]]]}},{"type":"Feature","properties":{"building":"yes","name":null,"height":null,"building:levels":null,"amenity":null,"render_height_m":9.0,"height_source":"visual_default_not_measured","web_layer_source":"F:/datasets/layers/all_building.geojson"},"geometry":{"type":"Polygon","coordinates":[[[85.8646107,20.2827349],[85.864747,20.2827098],[85.8647305,20.2826308],[85.8645942,20.2826558],[85.8646107,20.2827349]]]}},{"type":"Feature","properties":{"building":"yes","name":null,"height":null,"building:levels":null,"amenity":null,"render_height_m":9.0,"height_source":"visual_default_not_measured","web_layer_source":"F:/datasets/layers/all_building.geojson"},"geometry":{"type":"Polygon","coordinates":[[[85.8646337,20.282831],[85.8647759,20.2828086],[85.8647614,20.2827274],[85.8646192,20.2827499],[85.8646337,20.282831]]]}},{"type":"Feature","properties":{"building":"apartments","name":null,"height":null,"building:levels":null,"amenity":null,"render_height_m":9.0,"height_source":"visual_default_not_measured","web_layer_source":"F:/datasets/layers/all_building.geojson"},"geometry":{"type":"Polygon","coordinates":[[[85.8140405,20.287247],[85.814077,20.287516],[85.8139213,20.2875346],[85.8138848,20.2872656],[85.8140405,20.287247]]]}},{"type":"Feature","properties":{"building":"apartments","name":null,"height":null,"building:levels":null,"amenity":null,"render_height_m":9.0,"height_source":"visual_default_not_measured","web_layer_source":"F:/datasets/layers/all_building.geojson"},"geometry":{"type":"Polygon","coordinates":[[[85.8137332,20.2876561],[85.8138138,20.2875252],[85.8136302,20.2874259],[85.8135497,20.2875568],[85.8137332,20.2876561]]]}},{"type":"Feature","properties":{"building":"apartments","name":null,"height":null,"building:levels":null,"amenity":null,"render_height_m":9.0,"height_source":"visual_default_not_measured","web_layer_source":"F:/datasets/layers/all_building.geojson"},"geometry":{"type":"Polygon","coordinates":[[[85.8244046,20.3513872],[85.8243758,20.3511949],[85.8242751,20.3512082],[85.8243039,20.3514004],[85.8244046,20.3513872]]]}},{"type":"Feature","properties":{"building":"yes","name":null,"height":null,"building:levels":null,"amenity":null,"render_height_m":9.0,"height_source":"visual_default_not_measured","web_layer_source":"F:/datasets/layers/all_building.geojson"},"geometry":{"type":"Polygon","coordinates":[[[85.8450097,20.2628629],[85.8452211,20.2627675],[85.8450341,20.262491],[85.8449264,20.262716],[85.8450097,20.2628629]]]}},{"type":"Feature","properties":{"building":"yes","name":null,"height":null,"building:levels":null,"amenity":null,"render_height_m":9.0,"height_source":"visual_default_not_measured","web_layer_source":"F:/datasets/layers/all_building.geojson"},"geometry":{"type":"Polygon","coordinates":[[[85.8384971,20.30993],[85.8384845,20.3097913],[85.8383712,20.3098004],[85.8383838,20.309939],[85.8384971,20.30993]]]}},{"type":"Feature","properties":{"building":"yes","name":null,"height":null,"building:levels":null,"amenity":null,"render_height_m":9.0,"height_source":"visual_default_not_measured","web_layer_source":"F:/datasets/layers/all_building.geojson"},"geometry":{"type":"Polygon","coordinates":[[[85.7921781,20.2814968],[85.7923884,20.2814985],[85.7923896,20.2813746],[85.7921793,20.2813729],[85.7921781,20.2814968]]]}},{"type":"Feature","properties":{"building":"yes","name":null,"height":null,"building:levels":null,"amenity":null,"render_height_m":9.0,"height_source":"visual_default_not_measured","web_layer_source":"F:/datasets/layers/all_building.geojson"},"geometry":{"type":"Polygon","coordinates":[[[85.7922307,20.2810018],[85.792419,20.2809789],[85.7923991,20.280835],[85.7922108,20.2808578],[85.7922307,20.2810018]]]}},{"type":"Feature","properties":{"building":"yes","name":null,"height":null,"building:levels":null,"amenity":null,"render_height_m":9.0,"height_source":"visual_default_not_measured","web_layer_source":"F:/datasets/layers/all_building.geojson"},"geometry":{"type":"Polygon","coordinates":[[[85.7923379,20.2812128],[85.7923193,20.281045],[85.7924446,20.2810329],[85.7924555,20.2811313],[85.7924108,20.2811357],[85.7924184,20.281205],[85.7923379,20.2812128]]]}},{"type":"Feature","properties":{"building":"yes","name":null,"height":null,"building:levels":null,"amenity":null,"render_height_m":9.0,"height_source":"visual_default_not_measured","web_layer_source":"F:/datasets/layers/all_building.geojson"},"geometry":{"type":"Polygon","coordinates":[[[85.7922167,20.2812216],[85.792197,20.2810455],[85.7923043,20.281035],[85.7923239,20.2812111],[85.7922167,20.2812216]]]}},{"type":"Feature","properties":{"building":"apartments","name":"Harshapriya Enclave","height":null,"building:levels":null,"amenity":null,"render_height_m":9.0,"height_source":"visual_default_not_measured","web_layer_source":"F:/datasets/layers/all_building.geojson"},"geometry":{"type":"Polygon","coordinates":[[[85.840892,20.3259338],[85.8405922,20.3251816],[85.8402574,20.3253956],[85.8403861,20.3258113],[85.8405112,20.3259252],[85.8405775,20.3259027],[85.8406511,20.3260269],[85.840892,20.3259338]]]}},{"type":"Feature","properties":{"building":"apartments","name":"DHPL Homes","height":null,"building:levels":null,"amenity":null,"render_height_m":9.0,"height_source":"visual_default_not_measured","web_layer_source":"F:/datasets/layers/all_building.geojson"},"geometry":{"type":"Polygon","coordinates":[[[85.8405628,20.326189],[85.8406779,20.3264767],[85.8407695,20.3267205],[85.840842,20.3268803],[85.8408654,20.3268803],[85.840908,20.3269882],[85.8406843,20.3270861],[85.8405223,20.3271341],[85.840403,20.3269183],[85.8404904,20.3268803],[85.840582,20.3268444],[85.840322,20.3263009],[85.8405628,20.326189]]]}},{"type":"Feature","properties":{"building":"yes","name":null,"height":null,"building:levels":null,"amenity":null,"render_height_m":9.0,"height_source":"visual_default_not_measured","web_layer_source":"F:/datasets/layers/all_building.geojson"},"geometry":{"type":"Polygon","coordinates":[[[85.8535466,20.27603],[85.8536365,20.2762453],[85.8535132,20.2762907],[85.8534232,20.2760753],[85.8535466,20.27603]]]}},{"type":"Feature","properties":{"building":"yes","name":null,"height":null,"building:levels":null,"amenity":null,"render_height_m":9.0,"height_source":"visual_default_not_measured","web_layer_source":"F:/datasets/layers/all_building.geojson"},"geometry":{"type":"Polygon","coordinates":[[[85.8539163,20.2765036],[85.8540891,20.2764297],[85.8542086,20.2766755],[85.8540358,20.2767494],[85.8539163,20.2765036]]]}},{"type":"Feature","properties":{"building":"yes","name":null,"height":null,"building:levels":null,"amenity":null,"render_height_m":9.0,"height_source":"visual_default_not_measured","web_layer_source":"F:/datasets/layers/all_building.geojson"},"geometry":{"type":"Polygon","coordinates":[[[85.854182,20.2763578],[85.8543445,20.2762897],[85.8544677,20.2765486],[85.8543052,20.2766167],[85.854182,20.2763578]]]}},{"type":"Feature","properties":{"building":"yes","name":null,"height":null,"building:levels":null,"amenity":null,"render_height_m":9.0,"height_source":"visual_default_not_measured","web_layer_source":"F:/datasets/layers/all_building.geojson"},"geometry":{"type":"Polygon","coordinates":[[[85.8554666,20.2765032],[85.8555596,20.2764442],[85.855659,20.276582],[85.8555661,20.276641],[85.8554666,20.2765032]]]}},{"type":"Feature","properties":{"building":"yes","name":null,"height":null,"building:levels":null,"amenity":null,"render_height_m":9.0,"height_source":"visual_default_not_measured","web_layer_source":"F:/datasets/layers/all_building.geojson"},"geometry":{"type":"Polygon","coordinates":[[[85.8574012,20.2774572],[85.8575141,20.2773669],[85.857612,20.2774746],[85.8574991,20.2775649],[85.8574012,20.2774572]]]}},{"type":"Feature","properties":{"building":"yes","name":null,"height":null,"building:levels":null,"amenity":null,"render_height_m":9.0,"height_source":"visual_default_not_measured","web_layer_source":"F:/datasets/layers/all_building.geojson"},"geometry":{"type":"Polygon","coordinates":[[[85.8577081,20.2772147],[85.8577851,20.2771621],[85.8578298,20.2772195],[85.8577527,20.2772722],[85.8577081,20.2772147]]]}},{"type":"Feature","properties":{"building":"yes","name":null,"height":null,"building:levels":null,"amenity":null,"render_height_m":9.0,"height_source":"visual_default_not_measured","web_layer_source":"F:/datasets/layers/all_building.geojson"},"geometry":{"type":"Polygon","coordinates":[[[85.8580212,20.2772272],[85.8580232,20.2772737],[85.8580957,20.277271],[85.8580937,20.2772245],[85.8580212,20.2772272]]]}},{"type":"Feature","properties":{"building":"yes","name":null,"height":null,"building:levels":null,"amenity":null,"render_height_m":9.0,"height_source":"visual_default_not_measured","web_layer_source":"F:/datasets/layers/all_building.geojson"},"geometry":{"type":"Polygon","coordinates":[[[85.8584643,20.2767451],[85.858573,20.2767558],[85.8585576,20.2768926],[85.858449,20.2768818],[85.8584643,20.2767451]]]}},{"type":"Feature","properties":{"building":"yes","name":null,"height":null,"building:levels":null,"amenity":null,"render_height_m":9.0,"height_source":"visual_default_not_measured","web_layer_source":"F:/datasets/layers/all_building.geojson"},"geometry":{"type":"Polygon","coordinates":[[[85.8590766,20.2755567],[85.8591136,20.2756204],[85.8590498,20.275653],[85.8590999,20.2757392],[85.8593968,20.2755875],[85.8593666,20.2755354],[85.8593389,20.2755277],[85.8592919,20.2754467],[85.8590766,20.2755567]]]}},{"type":"Feature","properties":{"building":"yes","name":null,"height":null,"building:levels":null,"amenity":null,"render_height_m":9.0,"height_source":"visual_default_not_measured","web_layer_source":"F:/datasets/layers/all_building.geojson"},"geometry":{"type":"Polygon","coordinates":[[[85.8589743,20.2754476],[85.8590118,20.275428],[85.8590427,20.2754802],[85.8590052,20.2754998],[85.8589743,20.2754476]]]}},{"type":"Feature","properties":{"building":"yes","name":null,"height":null,"building:levels":null,"amenity":null,"render_height_m":9.0,"height_source":"visual_default_not_measured","web_layer_source":"F:/datasets/layers/all_building.geojson"},"geometry":{"type":"Polygon","coordinates":[[[85.8587949,20.2760473],[85.8588373,20.276108],[85.8589476,20.2760402],[85.8589052,20.2759795],[85.8587949,20.2760473]]]}},{"type":"Feature","properties":{"building":"yes","name":null,"height":null,"building:levels":null,"amenity":null,"render_height_m":9.0,"height_source":"visual_default_not_measured","web_layer_source":"F:/datasets/layers/all_building.geojson"},"geometry":{"type":"Polygon","coordinates":[[[85.8591425,20.2764982],[85.8593395,20.2767587],[85.8590869,20.2769269],[85.8588899,20.2766664],[85.8591425,20.2764982]]]}},{"type":"Feature","properties":{"building":"yes","name":null,"height":null,"building:levels":null,"amenity":null,"render_height_m":9.0,"height_source":"visual_default_not_measured","web_layer_source":"F:/datasets/layers/all_building.geojson"},"geometry":{"type":"Polygon","coordinates":[[[85.8602354,20.2774814],[85.8603099,20.2774566],[85.8603099,20.2774918],[85.8604459,20.2774465],[85.8604817,20.277541],[85.860283,20.2776072],[85.8602354,20.2774814]]]}},{"type":"Feature","properties":{"building":"yes","name":null,"height":null,"building:levels":null,"amenity":null,"render_height_m":9.0,"height_source":"visual_default_not_measured","web_layer_source":"F:/datasets/layers/all_building.geojson"},"geometry":{"type":"Polygon","coordinates":[[[85.8605355,20.2776022],[85.8606897,20.2775387],[85.8607444,20.2776556],[85.8605901,20.2777191],[85.8605355,20.2776022]]]}},{"type":"Feature","properties":{"building":"yes","name":null,"height":null,"building:levels":null,"amenity":null,"render_height_m":9.0,"height_source":"visual_default_not_measured","web_layer_source":"F:/datasets/layers/all_building.geojson"},"geometry":{"type":"Polygon","coordinates":[[[85.861132,20.2772848],[85.8612524,20.2772422],[85.8613075,20.2773788],[85.861187,20.2774215],[85.861132,20.2772848]]]}},{"type":"Feature","properties":{"building":"yes","name":null,"height":null,"building:levels":null,"amenity":null,"render_height_m":9.0,"height_source":"visual_default_not_measured","web_layer_source":"F:/datasets/layers/all_building.geojson"},"geometry":{"type":"Polygon","coordinates":[[[85.8609221,20.2773958],[85.8610251,20.2773529],[85.8610852,20.2774799],[85.8609823,20.2775229],[85.8609221,20.2773958]]]}},{"type":"Feature","properties":{"building":"yes","name":null,"height":null,"building:levels":null,"amenity":null,"render_height_m":9.0,"height_source":"visual_default_not_measured","web_layer_source":"F:/datasets/layers/all_building.geojson"},"geometry":{"type":"Polygon","coordinates":[[[85.8604999,20.2772014],[85.8609472,20.2770524],[85.8610289,20.2772683],[85.8605817,20.2774173],[85.8604999,20.2772014]]]}},{"type":"Feature","properties":{"building":"yes","name":null,"height":null,"building:levels":null,"amenity":null,"render_height_m":9.0,"height_source":"visual_default_not_measured","web_layer_source":"F:/datasets/layers/all_building.geojson"},"geometry":{"type":"Polygon","coordinates":[[[85.861171,20.2766888],[85.8612036,20.2767866],[85.8613339,20.2767484],[85.8613013,20.2766505],[85.861171,20.2766888]]]}},{"type":"Feature","properties":{"building":"yes","name":null,"height":null,"building:levels":null,"amenity":null,"render_height_m":9.0,"height_source":"visual_default_not_measured","web_layer_source":"F:/datasets/layers/all_building.geojson"},"geometry":{"type":"Polygon","coordinates":[[[85.8613534,20.2776626],[85.8615151,20.2776578],[85.861521,20.2778307],[85.8613592,20.2778356],[85.8613534,20.2776626]]]}},{"type":"Feature","properties":{"building":"yes","name":null,"height":null,"building:levels":null,"amenity":null,"render_height_m":9.0,"height_source":"visual_default_not_measured","web_layer_source":"F:/datasets/layers/all_building.geojson"},"geometry":{"type":"Polygon","coordinates":[[[85.8620326,20.2779127],[85.8620395,20.2780135],[85.86209,20.2780105],[85.862091,20.2780262],[85.8621974,20.2780198],[85.8621894,20.2779033],[85.8620326,20.2779127]]]}},{"type":"Feature","properties":{"building":"yes","name":null,"height":null,"building:levels":null,"amenity":null,"render_height_m":9.0,"height_source":"visual_default_not_measured","web_layer_source":"F:/datasets/layers/all_building.geojson"},"geometry":{"type":"Polygon","coordinates":[[[85.8619733,20.2775758],[85.8619856,20.277651],[85.862192,20.2776214],[85.8621797,20.2775462],[85.8619733,20.2775758]]]}},{"type":"Feature","properties":{"building":"yes","name":null,"height":null,"building:levels":null,"amenity":null,"render_height_m":9.0,"height_source":"visual_default_not_measured","web_layer_source":"F:/datasets/layers/all_building.geojson"},"geometry":{"type":"Polygon","coordinates":[[[85.8619536,20.2776952],[85.8619705,20.2777718],[85.8620845,20.2777496],[85.8620675,20.277673],[85.8619536,20.2776952]]]}},{"type":"Feature","properties":{"building":"yes","name":null,"height":null,"building:levels":null,"amenity":null,"render_height_m":9.0,"height_source":"visual_default_not_measured","web_layer_source":"F:/datasets/layers/all_building.geojson"},"geometry":{"type":"Polygon","coordinates":[[[85.8621489,20.2781758],[85.8621649,20.278262],[85.8623699,20.2782284],[85.8623538,20.2781422],[85.8621489,20.2781758]]]}},{"type":"Feature","properties":{"building":"yes","name":null,"height":null,"building:levels":null,"amenity":null,"render_height_m":9.0,"height_source":"visual_default_not_measured","web_layer_source":"F:/datasets/layers/all_building.geojson"},"geometry":{"type":"Polygon","coordinates":[[[85.8415995,20.2748032],[85.8416389,20.2749506],[85.8418689,20.2748964],[85.8418295,20.274749],[85.8415995,20.2748032]]]}},{"type":"Feature","properties":{"building":"yes","name":null,"height":null,"building:levels":null,"amenity":null,"render_height_m":9.0,"height_source":"visual_default_not_measured","web_layer_source":"F:/datasets/layers/all_building.geojson"},"geometry":{"type":"Polygon","coordinates":[[[85.845137,20.2708627],[85.8453774,20.2708535],[85.8453827,20.2709228],[85.8454774,20.2709153],[85.8454732,20.2708448],[85.8456688,20.2708373],[85.845664,20.2707259],[85.8454685,20.2707334],[85.8454613,20.2705701],[85.8453261,20.2705753],[85.8453326,20.2707262],[85.8451314,20.2707339],[85.845137,20.2708627]]]}},{"type":"Feature","properties":{"building":"yes","name":null,"height":null,"building:levels":null,"amenity":null,"render_height_m":9.0,"height_source":"visual_default_not_measured","web_layer_source":"F:/datasets/layers/all_building.geojson"},"geometry":{"type":"Polygon","coordinates":[[[85.8456022,20.2696307],[85.8456865,20.2697532],[85.8457449,20.2697178],[85.8456607,20.2695953],[85.8456022,20.2696307]]]}},{"type":"Feature","properties":{"building":"yes","name":null,"height":null,"building:levels":null,"amenity":null,"render_height_m":9.0,"height_source":"visual_default_not_measured","web_layer_source":"F:/datasets/layers/all_building.geojson"},"geometry":{"type":"Polygon","coordinates":[[[85.8457191,20.2697951],[85.8458079,20.2699085],[85.8458587,20.2698735],[85.8457699,20.2697601],[85.8457191,20.2697951]]]}},{"type":"Feature","properties":{"building":"yes","name":null,"height":null,"building:levels":null,"amenity":null,"render_height_m":9.0,"height_source":"visual_default_not_measured","web_layer_source":"F:/datasets/layers/all_building.geojson"},"geometry":{"type":"Polygon","coordinates":[[[85.8458372,20.269959],[85.8459121,20.2700613],[85.8459571,20.2700323],[85.8458822,20.26993],[85.8458372,20.269959]]]}},{"type":"Feature","properties":{"building":"yes","name":null,"height":null,"building:levels":null,"amenity":null,"render_height_m":9.0,"height_source":"visual_default_not_measured","web_layer_source":"F:/datasets/layers/all_building.geojson"},"geometry":{"type":"Polygon","coordinates":[[[85.8506236,20.2675783],[85.8507462,20.2675531],[85.850725,20.2674627],[85.8506025,20.2674879],[85.8506236,20.2675783]]]}},{"type":"Feature","properties":{"building":"yes","name":"Raj Bhawan","height":null,"building:levels":"3","amenity":null,"render_height_m":9.0,"height_source":"osm_levels_visualized_3m","web_layer_source":"F:/datasets/layers/all_building.geojson"},"geometry":{"type":"Polygon","coordinates":[[[85.8170781,20.2709822],[85.8173789,20.2709084],[85.8173745,20.2708909],[85.8174134,20.2708818],[85.817471,20.2708699],[85.8174563,20.270802],[85.817573,20.2707768],[85.8176061,20.2708916],[85.8175831,20.2708982],[85.817599,20.2709895],[85.8176574,20.2709812],[85.8176769,20.2710858],[85.8176149,20.2710974],[85.8175937,20.2711057],[85.8176149,20.271207],[85.8176291,20.271202],[85.8176574,20.2713447],[85.8176751,20.2714062],[85.8176981,20.2714626],[85.8177211,20.2715024],[85.8177494,20.2715423],[85.8177795,20.2715755],[85.817808,20.2716001],[85.8178419,20.2716242],[85.8178629,20.2716341],[85.8178722,20.271622],[85.8179423,20.2716494],[85.8180135,20.2716702],[85.8180182,20.2717031],[85.8180053,20.2717304],[85.8179901,20.2717458],[85.8179633,20.2717447],[85.8178956,20.2717151],[85.8178349,20.2718465],[85.8178162,20.2718367],[85.8177952,20.271886],[85.8177601,20.2718706],[85.8177695,20.2718487],[85.8177275,20.2718301],[85.8177566,20.2717688],[85.8177715,20.2717287],[85.8177929,20.2717363],[85.8177983,20.2717111],[85.81775,20.2716872],[85.8176857,20.2716407],[85.8176387,20.2715828],[85.8176052,20.2715262],[85.8175824,20.2714771],[85.8174979,20.2714922],[85.8174912,20.2714532],[85.817459,20.2714545],[85.8174456,20.2713652],[85.8174147,20.2713664],[85.8173933,20.2712419],[85.8174228,20.2712356],[85.817409,20.2711549],[85.8173895,20.2710669],[85.8173585,20.271071],[85.8173519,20.2710299],[85.8172504,20.2710418],[85.8172554,20.2710709],[85.817232,20.2710752],[85.8172391,20.2711233],[85.8170728,20.2711391],[85.8170681,20.2710883],[85.8170473,20.2710902],[85.8170447,20.2710512],[85.8170856,20.2710474],[85.8170781,20.2709822]]]}},{"type":"Feature","properties":{"building":"yes","name":"Commissioner of Police","height":null,"building:levels":"5","amenity":null,"render_height_m":15.0,"height_source":"osm_levels_visualized_3m","web_layer_source":"F:/datasets/layers/all_building.geojson"},"geometry":{"type":"Polygon","coordinates":[[[85.8259938,20.2751864],[85.8259602,20.2750935],[85.8260469,20.2750702],[85.8259688,20.2748552],[85.8259486,20.2748552],[85.8259285,20.2748463],[85.8259165,20.2748212],[85.8259084,20.274796],[85.8259071,20.2747759],[85.8259151,20.2747621],[85.8259245,20.2747545],[85.825844,20.2745482],[85.8257502,20.2745796],[85.825714,20.2745017],[85.826123,20.2743532],[85.8261632,20.2744614],[85.826025,20.2745117],[85.82609,20.2746715],[85.8261598,20.2746495],[85.8262182,20.2747935],[85.8261418,20.2748187],[85.8262128,20.2749898],[85.8263456,20.2749445],[85.8263939,20.2750514],[85.8259938,20.2751864]]]}},{"type":"Feature","properties":{"building":"yes","name":"New Market Complex","height":null,"building:levels":null,"amenity":"marketplace","render_height_m":9.0,"height_source":"visual_default_not_measured","web_layer_source":"F:/datasets/layers/all_building.geojson"},"geometry":{"type":"Polygon","coordinates":[[[85.8313329,20.276788],[85.8313895,20.2769523],[85.8314036,20.2769756],[85.8314373,20.2769872],[85.8314797,20.2770005],[85.8321451,20.2769839],[85.832138,20.27671],[85.8321203,20.2766585],[85.8320849,20.2766154],[85.832046,20.2765872],[85.8320053,20.2765755],[85.8319646,20.2765739],[85.8319204,20.2765772],[85.8313329,20.276788]]]}},{"type":"Feature","properties":{"building":"yes","name":"Gol Market","height":null,"building:levels":null,"amenity":"marketplace","render_height_m":9.0,"height_source":"visual_default_not_measured","web_layer_source":"F:/datasets/layers/all_building.geojson"},"geometry":{"type":"Polygon","coordinates":[[[85.8314053,20.2779263],[85.8314035,20.2779662],[85.8314106,20.2780093],[85.8314371,20.2780625],[85.831469,20.278099],[85.8315132,20.2781322],[85.8315522,20.2781504],[85.8316141,20.2781587],[85.8316583,20.2781571],[85.8317097,20.2781338],[85.8317486,20.2781106],[85.8317769,20.2780741],[85.831807,20.2780176],[85.8318141,20.2779778],[85.8318123,20.2779114],[85.8317911,20.2778633],[85.8317628,20.2778251],[85.8317221,20.2777952],[85.8316743,20.2777753],[85.83163,20.277767],[85.8315734,20.277767],[85.8315203,20.2777819],[85.8314708,20.2778184],[85.8314318,20.2778533],[85.8314106,20.2778931],[85.8314053,20.2779263]]]}},{"type":"Feature","properties":{"building":"residential","name":"Utkal Heights Tower 2","height":null,"building:levels":"23","amenity":null,"render_height_m":69.0,"height_source":"osm_levels_visualized_3m","web_layer_source":"F:/datasets/layers/all_building.geojson"},"geometry":{"type":"Polygon","coordinates":[[[85.8853943,20.3351984],[85.8853905,20.3351398],[85.8854082,20.3351389],[85.8854062,20.3350922],[85.8854591,20.3350902],[85.885458,20.3350655],[85.8854001,20.3350683],[85.8854001,20.3350312],[85.8854164,20.3350312],[85.8854154,20.3349826],[85.885392,20.3349835],[85.8853905,20.334866],[85.8853663,20.3348665],[85.8853651,20.3348027],[85.8854487,20.3347998],[85.8854501,20.3348513],[85.8855474,20.334848],[85.8855651,20.3351132],[85.8854874,20.3351185],[85.8854929,20.3351926],[85.8853943,20.3351984]]]}},{"type":"Feature","properties":{"building":"residential","name":"Utkal Heights Tower 1","height":null,"building:levels":"23","amenity":null,"render_height_m":69.0,"height_source":"osm_levels_visualized_3m","web_layer_source":"F:/datasets/layers/all_building.geojson"},"geometry":{"type":"Polygon","coordinates":[[[85.8852721,20.333992],[85.8854107,20.3338735],[85.8854385,20.333901],[85.8853938,20.3339385],[85.8854185,20.3339645],[85.8855063,20.3339024],[85.8855355,20.3339299],[85.8855155,20.3339515],[85.8855494,20.3339876],[85.8855078,20.3340281],[85.8854785,20.3339905],[85.8854416,20.3340194],[85.8854123,20.3339992],[85.8853971,20.3339993],[85.8853953,20.3340408],[85.8854205,20.3340437],[85.885417,20.3340798],[85.885459,20.3340787],[85.8854583,20.3341011],[85.8855132,20.3340989],[85.8855144,20.3341295],[85.8854688,20.3341295],[85.88547,20.3341613],[85.8855144,20.3341613],[85.8855155,20.3342106],[85.885421,20.3342117],[85.885423,20.334284],[85.8854231,20.3343562],[85.8855264,20.334355],[85.8855264,20.3344065],[85.8854902,20.3344078],[85.8854902,20.3344443],[85.8855358,20.3344455],[85.8855344,20.3344782],[85.8854754,20.3344782],[85.8854767,20.3345106],[85.8854592,20.3345117],[85.8854592,20.3345588],[85.8854767,20.3345413],[85.8854978,20.3345544],[85.8855386,20.3345818],[85.8855628,20.3345529],[85.8856052,20.3345819],[85.8855725,20.3346234],[85.8855935,20.3346354],[85.885569,20.3346639],[85.8854662,20.3346059],[85.8854557,20.3346223],[85.8854943,20.3346442],[85.8854686,20.3346836],[85.8853976,20.3346417],[85.8853861,20.3346574],[85.8853366,20.3346217],[85.8853852,20.3345711],[85.8853534,20.334572],[85.8853542,20.3345131],[85.8853958,20.3345131],[85.885395,20.3344907],[85.8853463,20.3344898],[85.8853437,20.3344275],[85.8853813,20.3344256],[85.8853813,20.3343541],[85.8853163,20.334357],[85.8853153,20.3342092],[85.8853895,20.3342073],[85.8853884,20.3341864],[85.8853183,20.3341864],[85.8853166,20.3341248],[85.8853635,20.3341248],[85.8853626,20.3340958],[85.8853166,20.3340966],[85.8853166,20.3340477],[85.8853714,20.3340477],[85.8853705,20.3340153],[85.8853431,20.3340153],[85.8853263,20.3339962],[85.885298,20.3340186],[85.8852721,20.333992]]]}},{"type":"Feature","properties":{"building":"hospital","name":"Dr.Abhin Chandra Homoeopathic Medical College And Hospital","height":null,"building:levels":"3","amenity":null,"render_height_m":9.0,"height_source":"osm_levels_visualized_3m","web_layer_source":"F:/datasets/layers/all_building.geojson"},"geometry":{"type":"Polygon","coordinates":[[[85.8391446,20.274044],[85.8391043,20.2739207],[85.8392438,20.2738867],[85.8392076,20.2737647],[85.8395683,20.2736703],[85.8395965,20.273771],[85.8397668,20.273732],[85.8398071,20.2738754],[85.8396135,20.2739198],[85.8396188,20.273938],[85.8396763,20.2739264],[85.8396949,20.2739936],[85.8398506,20.2739563],[85.839878,20.2740517],[85.8392051,20.27423],[85.8391727,20.2741433],[85.8392991,20.2741086],[85.8392828,20.2740571],[85.8393375,20.2740421],[85.8393282,20.274018],[85.839292,20.2740278],[85.8392838,20.274007],[85.8391446,20.274044]]]}},{"type":"Feature","properties":{"building":"school","name":"St.Joseph\u2019s High School","height":null,"building:levels":"4","amenity":null,"render_height_m":12.0,"height_source":"osm_levels_visualized_3m","web_layer_source":"F:/datasets/layers/all_building.geojson"},"geometry":{"type":"Polygon","coordinates":[[[85.8423113,20.2792868],[85.8422179,20.2784961],[85.842337,20.2784852],[85.8424281,20.279278],[85.8423113,20.2792868]]]}},{"type":"Feature","properties":{"building":"school","name":"St.Joseph\u2019s High School","height":null,"building:levels":"4","amenity":null,"render_height_m":12.0,"height_source":"osm_levels_visualized_3m","web_layer_source":"F:/datasets/layers/all_building.geojson"},"geometry":{"type":"Polygon","coordinates":[[[85.8424636,20.2787108],[85.8424493,20.2786002],[85.8426153,20.2785822],[85.8427948,20.2785628],[85.8429433,20.2785468],[85.842927,20.2783962],[85.843049,20.2783828],[85.84311,20.2789205],[85.8429809,20.2789327],[85.8429673,20.2788212],[85.8429842,20.2788198],[85.8429642,20.2786493],[85.8424636,20.2787108]]]}},{"type":"Feature","properties":{"building":"school","name":"St.Joseph\u2019s High School","height":null,"building:levels":"2","amenity":null,"render_height_m":6.0,"height_source":"osm_levels_visualized_3m","web_layer_source":"F:/datasets/layers/all_building.geojson"},"geometry":{"type":"Polygon","coordinates":[[[85.8426153,20.2785822],[85.8426062,20.2785086],[85.8427864,20.2784898],[85.8427948,20.2785628],[85.8426153,20.2785822]]]}},{"type":"Feature","properties":{"building":"commercial","name":"Forum Mart","height":null,"building:levels":"3","amenity":null,"render_height_m":9.0,"height_source":"osm_levels_visualized_3m","web_layer_source":"F:/datasets/layers/all_building.geojson"},"geometry":{"type":"Polygon","coordinates":[[[85.8456697,20.278216],[85.84575,20.2785127],[85.8452551,20.2785832],[85.8451738,20.278291],[85.8452589,20.2782812],[85.8452684,20.2783501],[85.8453488,20.2783395],[85.845338,20.2782503],[85.8455233,20.2782327],[85.8455349,20.2783122],[85.8456199,20.2783034],[85.8456102,20.278222],[85.8456697,20.278216]]]}},{"type":"Feature","properties":{"building":"yes","name":"FICUSSOFT","height":null,"building:levels":"4","amenity":null,"render_height_m":12.0,"height_source":"osm_levels_visualized_3m","web_layer_source":"F:/datasets/layers/all_building.geojson"},"geometry":{"type":"Polygon","coordinates":[[[85.8415673,20.2891185],[85.8415795,20.2889736],[85.8419108,20.2890032],[85.8418966,20.2891481],[85.8415673,20.2891185]]]}},{"type":"Feature","properties":{"building":"yes","name":"Empires Hotel","height":null,"building:levels":null,"amenity":null,"render_height_m":9.0,"height_source":"visual_default_not_measured","web_layer_source":"F:/datasets/layers/all_building.geojson"},"geometry":{"type":"Polygon","coordinates":[[[85.8451713,20.2910182],[85.8451827,20.2909078],[85.8454323,20.2909297],[85.8454482,20.2907342],[85.845416,20.2907317],[85.8454247,20.2906344],[85.8455016,20.2906411],[85.8454591,20.2910454],[85.8451713,20.2910182]]]}},{"type":"Feature","properties":{"building":"yes","name":"Empires Hotel","height":null,"building:levels":null,"amenity":null,"render_height_m":9.0,"height_source":"visual_default_not_measured","web_layer_source":"F:/datasets/layers/all_building.geojson"},"geometry":{"type":"Polygon","coordinates":[[[85.8451827,20.2909078],[85.8454323,20.2909297],[85.8454482,20.2907342],[85.845416,20.2907317],[85.8454247,20.2906344],[85.8454296,20.2905792],[85.8455055,20.2905835],[85.8455113,20.2905102],[85.8452206,20.2904883],[85.8451827,20.2909078]]]}},{"type":"Feature","properties":{"building":"apartments","name":null,"height":null,"building:levels":"9","amenity":null,"render_height_m":27.0,"height_source":"osm_levels_visualized_3m","web_layer_source":"F:/datasets/layers/all_building.geojson"},"geometry":{"type":"Polygon","coordinates":[[[85.8474026,20.2704522],[85.84758,20.2703296],[85.8475438,20.2702785],[85.8474902,20.2703153],[85.8474692,20.2702857],[85.8475228,20.2702493],[85.847487,20.2702026],[85.8474014,20.27026],[85.8473902,20.2702444],[85.8474032,20.2702343],[85.8473758,20.2702003],[85.8473546,20.270216],[85.8473415,20.2701969],[85.8474249,20.2701351],[85.8473846,20.2700865],[85.8473351,20.2701181],[85.8473218,20.2700982],[85.8473687,20.2700625],[85.8473298,20.2700152],[85.8471549,20.2701415],[85.8471884,20.2701863],[85.8472393,20.270151],[85.8472555,20.2701701],[85.8472047,20.2702082],[85.8472467,20.2702646],[85.8473216,20.2702101],[85.8473324,20.270226],[85.8472954,20.2702535],[85.8473239,20.2702896],[85.847367,20.2702607],[85.847377,20.2702737],[85.8473023,20.270325],[85.8473424,20.2703778],[85.847394,20.2703438],[85.8474117,20.2703655],[85.8473601,20.2704023],[85.8474026,20.2704522]]]}},{"type":"Feature","properties":{"building":"yes","name":"Trytoon Academy","height":null,"building:levels":"3","amenity":null,"render_height_m":9.0,"height_source":"osm_levels_visualized_3m","web_layer_source":"F:/datasets/layers/all_building.geojson"},"geometry":{"type":"Polygon","coordinates":[[[85.8644267,20.3001082],[85.8642022,20.3005353],[85.8647669,20.3004869],[85.8651731,20.3003093],[85.865056,20.2999953],[85.8644267,20.3001082]]]}},{"type":"Feature","properties":{"building":"yes","name":"Chitrakarini Temple","height":null,"building:levels":null,"amenity":"place_of_worship","render_height_m":9.0,"height_source":"visual_default_not_measured","web_layer_source":"F:/datasets/layers/all_building.geojson"},"geometry":{"type":"Polygon","coordinates":[[[85.8334583,20.2395591],[85.8333083,20.2391579],[85.8337997,20.2389896],[85.8339113,20.2392875],[85.8334583,20.2395591]]]}},{"type":"Feature","properties":{"building":"yes","name":null,"height":null,"building:levels":"4","amenity":null,"render_height_m":12.0,"height_source":"osm_levels_visualized_3m","web_layer_source":"F:/datasets/layers/all_building.geojson"},"geometry":{"type":"Polygon","coordinates":[[[85.832713,20.2386523],[85.8326756,20.2385736],[85.8326321,20.2385902],[85.832619,20.2385656],[85.832599,20.2385757],[85.8326267,20.2386278],[85.8325297,20.2386841],[85.8325019,20.2386437],[85.8323679,20.2387203],[85.832465,20.2389197],[85.8325174,20.2389009],[85.8325096,20.2388865],[85.8326098,20.2388359],[85.8326252,20.2388619],[85.8326791,20.2388345],[85.8326575,20.2387781],[85.8327361,20.2387506],[85.8327638,20.2388055],[85.8328162,20.238781],[85.8328224,20.2388084],[85.8328902,20.2387839],[85.8329395,20.2388952],[85.8329649,20.2388894],[85.832993,20.2389559],[85.8328592,20.2390195],[85.8328338,20.2389703],[85.8328535,20.2389602],[85.8328403,20.2389364],[85.8327592,20.2389732],[85.8328085,20.2390585],[85.8325651,20.2391481],[85.8325466,20.2391423],[85.8324696,20.2390744],[85.8323864,20.2389356],[85.8322739,20.2387246],[85.8324788,20.2386032],[85.8324511,20.2385627],[85.8325528,20.2385107],[85.8325682,20.2385483],[85.8326082,20.2385324],[85.8325975,20.2385092],[85.8327022,20.2384615],[85.8327854,20.2386263],[85.832713,20.2386523]]]}},{"type":"Feature","properties":{"building":"yes","name":"Baramunda Fire Station","height":null,"building:levels":null,"amenity":"fire_station","render_height_m":9.0,"height_source":"visual_default_not_measured","web_layer_source":"F:/datasets/layers/all_building.geojson"},"geometry":{"type":"Polygon","coordinates":[[[85.7990567,20.2789582],[85.7991221,20.2788704],[85.7995451,20.2791473],[85.7994821,20.2792387],[85.7990567,20.2789582]]]}},{"type":"Feature","properties":{"building":"yes","name":null,"height":null,"building:levels":null,"amenity":null,"render_height_m":9.0,"height_source":"visual_default_not_measured","web_layer_source":"F:/datasets/layers/all_building.geojson"},"geometry":{"type":"Polygon","coordinates":[[[85.8008058,20.288403],[85.8007753,20.2883445],[85.8007896,20.288338],[85.8007823,20.2883241],[85.800836,20.2882996],[85.8008504,20.2883273],[85.8008691,20.2883187],[85.8008534,20.2882886],[85.8009178,20.2882591],[85.800956,20.2883325],[85.8008881,20.2883636],[85.8008722,20.2883331],[85.8008368,20.2883493],[85.8008534,20.2883812],[85.8008058,20.288403]]]}},{"type":"Feature","properties":{"building":"yes","name":null,"height":null,"building:levels":null,"amenity":null,"render_height_m":9.0,"height_source":"visual_default_not_measured","web_layer_source":"F:/datasets/layers/all_building.geojson"},"geometry":{"type":"Polygon","coordinates":[[[85.8010264,20.2880637],[85.8009959,20.2880052],[85.8010102,20.2879987],[85.8010029,20.2879848],[85.8010566,20.2879603],[85.801071,20.287988],[85.8010897,20.2879794],[85.801074,20.2879493],[85.8011384,20.2879199],[85.8011766,20.2879932],[85.8011087,20.2880243],[85.8010928,20.2879938],[85.8010574,20.28801],[85.801074,20.2880419],[85.8010264,20.2880637]]]}},{"type":"Feature","properties":{"building":"yes","name":null,"height":null,"building:levels":null,"amenity":null,"render_height_m":9.0,"height_source":"visual_default_not_measured","web_layer_source":"F:/datasets/layers/all_building.geojson"},"geometry":{"type":"Polygon","coordinates":[[[85.8009196,20.2882367],[85.8008892,20.2881782],[85.8009034,20.2881717],[85.8008962,20.2881579],[85.8009498,20.2881333],[85.8009643,20.288161],[85.800983,20.2881525],[85.8009673,20.2881224],[85.8010317,20.2880929],[85.8010699,20.2881663],[85.801002,20.2881974],[85.8009861,20.2881668],[85.8009507,20.288183],[85.8009673,20.2882149],[85.8009196,20.2882367]]]}},{"type":"Feature","properties":{"building":"yes","name":null,"height":null,"building:levels":null,"amenity":null,"render_height_m":9.0,"height_source":"visual_default_not_measured","web_layer_source":"F:/datasets/layers/all_building.geojson"},"geometry":{"type":"Polygon","coordinates":[[[85.8009664,20.2887157],[85.8010087,20.2886565],[85.8008802,20.2885757],[85.8008349,20.288639],[85.8008459,20.2886459],[85.8008394,20.2886551],[85.8008717,20.2886754],[85.8008781,20.2886665],[85.8008903,20.2886742],[85.8009278,20.2886217],[85.8009466,20.2886336],[85.8009113,20.288683],[85.8009201,20.2886885],[85.800912,20.2886998],[85.8009443,20.28872],[85.8009533,20.2887074],[85.8009664,20.2887157]]]}},{"type":"Feature","properties":{"building":"yes","name":null,"height":null,"building:levels":null,"amenity":null,"render_height_m":9.0,"height_source":"visual_default_not_measured","web_layer_source":"F:/datasets/layers/all_building.geojson"},"geometry":{"type":"Polygon","coordinates":[[[85.8007767,20.2886071],[85.8008189,20.2885479],[85.8006904,20.2884671],[85.8006452,20.2885304],[85.8006562,20.2885373],[85.8006496,20.2885465],[85.8006819,20.2885668],[85.8006883,20.2885579],[85.8007005,20.2885656],[85.800738,20.2885131],[85.8007569,20.288525],[85.8007215,20.2885744],[85.8007303,20.2885799],[85.8007222,20.2885912],[85.8007545,20.2886114],[85.8007635,20.2885988],[85.8007767,20.2886071]]]}},{"type":"Feature","properties":{"building":"yes","name":null,"height":null,"building:levels":null,"amenity":null,"render_height_m":9.0,"height_source":"visual_default_not_measured","web_layer_source":"F:/datasets/layers/all_building.geojson"},"geometry":{"type":"Polygon","coordinates":[[[85.8004889,20.2884304],[85.8005312,20.2883712],[85.8004027,20.2882904],[85.8003574,20.2883537],[85.8003684,20.2883606],[85.8003618,20.2883698],[85.8003942,20.2883901],[85.8004006,20.2883812],[85.8004128,20.2883889],[85.8004503,20.2883364],[85.8004691,20.2883483],[85.8004338,20.2883977],[85.8004426,20.2884032],[85.8004345,20.2884145],[85.8004667,20.2884347],[85.8004758,20.2884221],[85.8004889,20.2884304]]]}},{"type":"Feature","properties":{"building":"yes","name":null,"height":null,"building:levels":null,"amenity":null,"render_height_m":9.0,"height_source":"visual_default_not_measured","web_layer_source":"F:/datasets/layers/all_building.geojson"},"geometry":{"type":"Polygon","coordinates":[[[85.8002882,20.2883109],[85.8003305,20.2882518],[85.800202,20.288171],[85.8001567,20.2882342],[85.8001677,20.2882411],[85.8001612,20.2882503],[85.8001935,20.2882707],[85.8001999,20.2882618],[85.8002121,20.2882694],[85.8002496,20.288217],[85.8002684,20.2882288],[85.8002331,20.2882782],[85.8002419,20.2882838],[85.8002338,20.288295],[85.8002661,20.2883153],[85.8002751,20.2883027],[85.8002882,20.2883109]]]}},{"type":"Feature","properties":{"building":"yes","name":null,"height":null,"building:levels":null,"amenity":null,"render_height_m":9.0,"height_source":"visual_default_not_measured","web_layer_source":"F:/datasets/layers/all_building.geojson"},"geometry":{"type":"Polygon","coordinates":[[[85.7999993,20.2867338],[85.8000373,20.2866765],[85.7999022,20.2865978],[85.7998634,20.2866564],[85.7998765,20.286664],[85.7998667,20.2866788],[85.7999036,20.2867004],[85.7999107,20.2866897],[85.7999199,20.2866951],[85.7999308,20.2866787],[85.7999472,20.2866882],[85.7999377,20.2867025],[85.7999469,20.2867078],[85.7999386,20.2867202],[85.7999739,20.2867408],[85.7999818,20.2867289],[85.7999968,20.2867376],[85.7999993,20.2867338]]]}},{"type":"Feature","properties":{"building":"yes","name":null,"height":null,"building:levels":null,"amenity":null,"render_height_m":9.0,"height_source":"visual_default_not_measured","web_layer_source":"F:/datasets/layers/all_building.geojson"},"geometry":{"type":"Polygon","coordinates":[[[85.8000782,20.2865923],[85.8001162,20.286535],[85.7999811,20.2864562],[85.7999423,20.2865148],[85.7999554,20.2865225],[85.7999456,20.2865373],[85.7999825,20.2865588],[85.7999896,20.2865482],[85.7999988,20.2865536],[85.8000097,20.2865371],[85.8000261,20.2865467],[85.8000166,20.2865609],[85.8000258,20.2865663],[85.8000175,20.2865787],[85.8000528,20.2865992],[85.8000607,20.2865873],[85.8000757,20.2865961],[85.8000782,20.2865923]]]}},{"type":"Feature","properties":{"building":"yes","name":null,"height":null,"building:levels":null,"amenity":null,"render_height_m":9.0,"height_source":"visual_default_not_measured","web_layer_source":"F:/datasets/layers/all_building.geojson"},"geometry":{"type":"Polygon","coordinates":[[[85.7998326,20.2866408],[85.7998706,20.2865835],[85.7997355,20.2865047],[85.7996967,20.2865633],[85.7997097,20.286571],[85.7996999,20.2865858],[85.7997369,20.2866073],[85.7997439,20.2865967],[85.7997532,20.2866021],[85.7997641,20.2865856],[85.7997805,20.2865952],[85.799771,20.2866094],[85.7997801,20.2866148],[85.7997719,20.2866272],[85.7998071,20.2866478],[85.799815,20.2866358],[85.7998301,20.2866446],[85.7998326,20.2866408]]]}},{"type":"Feature","properties":{"building":"yes","name":null,"height":null,"building:levels":null,"amenity":null,"render_height_m":9.0,"height_source":"visual_default_not_measured","web_layer_source":"F:/datasets/layers/all_building.geojson"},"geometry":{"type":"Polygon","coordinates":[[[85.7999158,20.2864953],[85.7999538,20.286438],[85.7998188,20.2863592],[85.7997799,20.2864178],[85.799793,20.2864254],[85.7997832,20.2864402],[85.7998202,20.2864618],[85.7998272,20.2864512],[85.7998364,20.2864566],[85.7998474,20.2864401],[85.7998637,20.2864496],[85.7998543,20.2864639],[85.7998634,20.2864692],[85.7998552,20.2864817],[85.7998904,20.2865022],[85.7998983,20.2864903],[85.7999133,20.2864991],[85.7999158,20.2864953]]]}},{"type":"Feature","properties":{"building":"yes","name":null,"height":null,"building:levels":null,"amenity":null,"render_height_m":9.0,"height_source":"visual_default_not_measured","web_layer_source":"F:/datasets/layers/all_building.geojson"},"geometry":{"type":"Polygon","coordinates":[[[85.8010138,20.2876542],[85.8009711,20.2875829],[85.8009035,20.2876186],[85.8009293,20.2876617],[85.800898,20.2876783],[85.8008736,20.2876376],[85.8008257,20.2876629],[85.8008662,20.2877303],[85.8008822,20.2877218],[85.80089,20.2877348],[85.8009282,20.2877147],[85.8009214,20.2877035],[85.8009348,20.2876964],[85.8009269,20.2876833],[85.8009372,20.2876779],[85.800945,20.287691],[85.8009537,20.2876864],[85.8009606,20.2876978],[85.8009962,20.287679],[85.8009891,20.2876672],[85.8010138,20.2876542]]]}},{"type":"Feature","properties":{"building":"yes","name":null,"height":null,"building:levels":null,"amenity":null,"render_height_m":9.0,"height_source":"visual_default_not_measured","web_layer_source":"F:/datasets/layers/all_building.geojson"},"geometry":{"type":"Polygon","coordinates":[[[85.8011686,20.2884558],[85.8011259,20.2883846],[85.8010583,20.2884203],[85.8010841,20.2884634],[85.8010528,20.2884799],[85.8010284,20.2884393],[85.8009806,20.2884645],[85.801021,20.2885319],[85.801037,20.2885235],[85.8010448,20.2885365],[85.801083,20.2885164],[85.8010763,20.2885051],[85.8010896,20.2884981],[85.8010818,20.288485],[85.801092,20.2884795],[85.8010999,20.2884926],[85.8011086,20.288488],[85.8011154,20.2884994],[85.8011511,20.2884807],[85.801144,20.2884688],[85.8011686,20.2884558]]]}},{"type":"Feature","properties":{"building":"yes","name":null,"height":null,"building:levels":null,"amenity":null,"render_height_m":9.0,"height_source":"visual_default_not_measured","web_layer_source":"F:/datasets/layers/all_building.geojson"},"geometry":{"type":"Polygon","coordinates":[[[85.8012796,20.2882817],[85.8012369,20.2882104],[85.8011693,20.2882461],[85.8011951,20.2882892],[85.8011638,20.2883058],[85.8011394,20.2882652],[85.8010916,20.2882904],[85.801132,20.2883578],[85.801148,20.2883493],[85.8011558,20.2883624],[85.801194,20.2883422],[85.8011873,20.288331],[85.8012006,20.2883239],[85.8011928,20.2883108],[85.801203,20.2883054],[85.8012109,20.2883185],[85.8012196,20.2883139],[85.8012264,20.2883253],[85.801262,20.2883065],[85.801255,20.2882947],[85.8012796,20.2882817]]]}},{"type":"Feature","properties":{"building":"yes","name":null,"height":null,"building:levels":null,"amenity":null,"render_height_m":9.0,"height_source":"visual_default_not_measured","web_layer_source":"F:/datasets/layers/all_building.geojson"},"geometry":{"type":"Polygon","coordinates":[[[85.801389,20.2881146],[85.8013463,20.2880433],[85.8012787,20.288079],[85.8013045,20.2881221],[85.8012732,20.2881387],[85.8012488,20.288098],[85.801201,20.2881233],[85.8012414,20.2881907],[85.8012574,20.2881822],[85.8012652,20.2881952],[85.8013034,20.2881751],[85.8012967,20.2881638],[85.80131,20.2881568],[85.8013021,20.2881437],[85.8013124,20.2881383],[85.8013202,20.2881514],[85.801329,20.2881468],[85.8013358,20.2881582],[85.8013714,20.2881394],[85.8013643,20.2881276],[85.801389,20.2881146]]]}},{"type":"Feature","properties":{"building":"yes","name":null,"height":null,"building:levels":null,"amenity":null,"render_height_m":9.0,"height_source":"visual_default_not_measured","web_layer_source":"F:/datasets/layers/all_building.geojson"},"geometry":{"type":"Polygon","coordinates":[[[85.8006487,20.2880667],[85.8006086,20.2879985],[85.8006537,20.2879752],[85.8006792,20.2880185],[85.8007114,20.2880019],[85.8006868,20.2879601],[85.8007556,20.2879246],[85.8007931,20.2879884],[85.8007673,20.2880017],[85.8007772,20.2880185],[85.8007414,20.288037],[85.8007349,20.2880259],[85.8007275,20.2880297],[85.8007173,20.2880124],[85.8007034,20.2880195],[85.8007104,20.2880315],[85.8007018,20.2880359],[85.80071,20.28805],[85.800671,20.2880702],[85.8006643,20.2880587],[85.8006487,20.2880667]]]}},{"type":"Feature","properties":{"building":"yes","name":null,"height":null,"building:levels":null,"amenity":null,"render_height_m":9.0,"height_source":"visual_default_not_measured","web_layer_source":"F:/datasets/layers/all_building.geojson"},"geometry":{"type":"Polygon","coordinates":[[[85.8007552,20.2878986],[85.8007151,20.2878304],[85.8007603,20.287807],[85.8007857,20.2878503],[85.8008179,20.2878337],[85.8007934,20.287792],[85.8008622,20.2877564],[85.8008997,20.2878202],[85.8008739,20.2878336],[85.8008838,20.2878504],[85.800848,20.2878689],[85.8008414,20.2878577],[85.800834,20.2878616],[85.8008238,20.2878442],[85.8008099,20.2878514],[85.8008169,20.2878633],[85.8008083,20.2878677],[85.8008166,20.2878818],[85.8007776,20.287902],[85.8007708,20.2878905],[85.8007552,20.2878986]]]}},{"type":"Feature","properties":{"building":"yes","name":null,"height":null,"building:levels":null,"amenity":null,"render_height_m":9.0,"height_source":"visual_default_not_measured","web_layer_source":"F:/datasets/layers/all_building.geojson"},"geometry":{"type":"Polygon","coordinates":[[[85.8014717,20.2882816],[85.8015235,20.2883126],[85.8015162,20.2883234],[85.8015439,20.28834],[85.801552,20.2883281],[85.8016084,20.2883619],[85.8016198,20.2883451],[85.8016427,20.2883588],[85.8016732,20.2883141],[85.8016337,20.2882903],[85.8016251,20.2883029],[85.8016077,20.2882925],[85.801601,20.2883022],[85.8015734,20.2882857],[85.8015677,20.2882939],[85.8015485,20.2882824],[85.8015552,20.2882727],[85.8015362,20.2882613],[85.8015402,20.2882554],[85.801519,20.2882427],[85.8015283,20.2882291],[85.8014948,20.288209],[85.801469,20.2882469],[85.8014813,20.2882542],[85.8014653,20.2882777],[85.8014717,20.2882816]]]}},{"type":"Feature","properties":{"building":"yes","name":null,"height":null,"building:levels":null,"amenity":null,"render_height_m":9.0,"height_source":"visual_default_not_measured","web_layer_source":"F:/datasets/layers/all_building.geojson"},"geometry":{"type":"Polygon","coordinates":[[[85.8012851,20.2885589],[85.8012915,20.2885627],[85.8013433,20.2885937],[85.8013359,20.2886045],[85.8013637,20.2886211],[85.8013718,20.2886092],[85.8014282,20.288643],[85.8014396,20.2886262],[85.8014625,20.28864],[85.801493,20.2885952],[85.8014534,20.2885715],[85.8014449,20.288584],[85.8014275,20.2885736],[85.8014208,20.2885834],[85.8013931,20.2885668],[85.8013875,20.2885751],[85.8013683,20.2885636],[85.801375,20.2885538],[85.801356,20.2885424],[85.80136,20.2885366],[85.8013388,20.2885239],[85.8013481,20.2885102],[85.8013146,20.2884901],[85.8012888,20.288528],[85.8013011,20.2885354],[85.8012851,20.2885589]]]}},{"type":"Feature","properties":{"building":"yes","name":null,"height":null,"building:levels":null,"amenity":null,"render_height_m":9.0,"height_source":"visual_default_not_measured","web_layer_source":"F:/datasets/layers/all_building.geojson"},"geometry":{"type":"Polygon","coordinates":[[[85.8019951,20.2886824],[85.8019886,20.2886787],[85.8019364,20.2886483],[85.8019436,20.2886374],[85.8019156,20.2886212],[85.8019077,20.2886332],[85.8018508,20.2886001],[85.8018396,20.288617],[85.8018165,20.2886036],[85.8017867,20.2886487],[85.8018266,20.288672],[85.801835,20.2886593],[85.8018525,20.2886695],[85.8018591,20.2886596],[85.801887,20.2886759],[85.8018925,20.2886675],[85.8019118,20.2886788],[85.8019053,20.2886886],[85.8019245,20.2886998],[85.8019206,20.2887057],[85.8019419,20.2887181],[85.8019328,20.2887319],[85.8019666,20.2887515],[85.8019919,20.2887133],[85.8019795,20.2887061],[85.8019951,20.2886824]]]}},{"type":"Feature","properties":{"building":"yes","name":null,"height":null,"building:levels":null,"amenity":null,"render_height_m":9.0,"height_source":"visual_default_not_measured","web_layer_source":"F:/datasets/layers/all_building.geojson"},"geometry":{"type":"Polygon","coordinates":[[[85.8017003,20.2887995],[85.8017067,20.2888034],[85.8017585,20.2888344],[85.8017511,20.2888452],[85.8017789,20.2888618],[85.801787,20.2888499],[85.8018434,20.2888837],[85.8018548,20.2888669],[85.8018777,20.2888806],[85.8019082,20.2888359],[85.8018687,20.2888121],[85.8018601,20.2888247],[85.8018427,20.2888143],[85.801836,20.288824],[85.8018084,20.2888075],[85.8018027,20.2888157],[85.8017835,20.2888042],[85.8017902,20.2887944],[85.8017712,20.2887831],[85.8017752,20.2887772],[85.801754,20.2887645],[85.8017633,20.2887509],[85.8017298,20.2887308],[85.801704,20.2887687],[85.8017163,20.288776],[85.8017003,20.2887995]]]}},{"type":"Feature","properties":{"building":"yes","name":null,"height":null,"building:levels":null,"amenity":null,"render_height_m":9.0,"height_source":"visual_default_not_measured","web_layer_source":"F:/datasets/layers/all_building.geojson"},"geometry":{"type":"Polygon","coordinates":[[[85.801492,20.2886761],[85.8014985,20.28868],[85.8015502,20.288711],[85.8015429,20.2887218],[85.8015706,20.2887384],[85.8015788,20.2887265],[85.8016351,20.2887603],[85.8016466,20.2887435],[85.8016694,20.2887573],[85.8017,20.2887125],[85.8016604,20.2886888],[85.8016518,20.2887013],[85.8016344,20.2886909],[85.8016277,20.2887007],[85.8016001,20.2886841],[85.8015944,20.2886924],[85.8015752,20.2886809],[85.8015819,20.2886711],[85.8015629,20.2886597],[85.8015669,20.2886538],[85.8015457,20.2886412],[85.801555,20.2886275],[85.8015215,20.2886074],[85.8014957,20.2886453],[85.801508,20.2886527],[85.801492,20.2886761]]]}},{"type":"Feature","properties":{"building":"yes","name":null,"height":null,"building:levels":null,"amenity":null,"render_height_m":9.0,"height_source":"visual_default_not_measured","web_layer_source":"F:/datasets/layers/all_building.geojson"},"geometry":{"type":"Polygon","coordinates":[[[85.8018972,20.2885226],[85.8019489,20.2885536],[85.8019416,20.2885643],[85.8019694,20.288581],[85.8019775,20.2885691],[85.8020339,20.2886028],[85.8020453,20.2885861],[85.8020682,20.2885998],[85.8020987,20.288555],[85.8020591,20.2885313],[85.8020506,20.2885439],[85.8020331,20.2885334],[85.8020265,20.2885432],[85.8019988,20.2885266],[85.8019932,20.2885349],[85.801974,20.2885234],[85.8019806,20.2885136],[85.8019617,20.2885022],[85.8019656,20.2884964],[85.8019445,20.2884837],[85.8019538,20.2884701],[85.8019203,20.28845],[85.8018945,20.2884879],[85.8019067,20.2884952],[85.8018907,20.2885187],[85.8018972,20.2885226]]]}},{"type":"Feature","properties":{"building":"yes","name":null,"height":null,"building:levels":null,"amenity":null,"render_height_m":9.0,"height_source":"visual_default_not_measured","web_layer_source":"F:/datasets/layers/all_building.geojson"},"geometry":{"type":"Polygon","coordinates":[[[85.8017821,20.2885616],[85.8017756,20.2885578],[85.8017234,20.2885275],[85.8017306,20.2885166],[85.8017026,20.2885003],[85.8016946,20.2885124],[85.8016377,20.2884793],[85.8016266,20.2884962],[85.8016035,20.2884828],[85.8015736,20.2885279],[85.8016135,20.2885511],[85.8016219,20.2885385],[85.8016395,20.2885487],[85.801646,20.2885388],[85.8016739,20.2885551],[85.8016794,20.2885467],[85.8016988,20.288558],[85.8016922,20.2885678],[85.8017114,20.288579],[85.8017075,20.2885849],[85.8017288,20.2885973],[85.8017197,20.2886111],[85.8017535,20.2886307],[85.8017788,20.2885925],[85.8017664,20.2885853],[85.8017821,20.2885616]]]}},{"type":"Feature","properties":{"building":"yes","name":null,"height":null,"building:levels":null,"amenity":null,"render_height_m":9.0,"height_source":"visual_default_not_measured","web_layer_source":"F:/datasets/layers/all_building.geojson"},"geometry":{"type":"Polygon","coordinates":[[[85.8015652,20.2884398],[85.8015587,20.288436],[85.8015564,20.2884347],[85.8015065,20.2884057],[85.8015137,20.2883948],[85.8014857,20.2883785],[85.8014777,20.2883906],[85.8014209,20.2883575],[85.8014097,20.2883744],[85.8013866,20.288361],[85.8013567,20.2884061],[85.8013967,20.2884293],[85.801405,20.2884167],[85.8014226,20.2884269],[85.8014291,20.288417],[85.801457,20.2884332],[85.8014625,20.2884249],[85.8014819,20.2884361],[85.8014754,20.288446],[85.8014945,20.2884572],[85.8014906,20.288463],[85.801512,20.2884755],[85.8015029,20.2884892],[85.8015367,20.2885089],[85.8015619,20.2884707],[85.8015495,20.2884635],[85.8015652,20.2884398]]]}},{"type":"Feature","properties":{"building":"yes","name":null,"height":null,"building:levels":null,"amenity":null,"render_height_m":9.0,"height_source":"visual_default_not_measured","web_layer_source":"F:/datasets/layers/all_building.geojson"},"geometry":{"type":"Polygon","coordinates":[[[85.8005073,20.2887684],[85.8005957,20.2887227],[85.8005525,20.2886492],[85.8004642,20.2886948],[85.8005073,20.2887684]]]}},{"type":"Feature","properties":{"building":"yes","name":null,"height":null,"building:levels":null,"amenity":null,"render_height_m":9.0,"height_source":"visual_default_not_measured","web_layer_source":"F:/datasets/layers/all_building.geojson"},"geometry":{"type":"Polygon","coordinates":[[[85.800185,20.2885788],[85.800272,20.2885344],[85.8002299,20.2884618],[85.8001429,20.2885062],[85.800185,20.2885788]]]}},{"type":"Feature","properties":{"building":"yes","name":null,"height":null,"building:levels":null,"amenity":null,"render_height_m":9.0,"height_source":"visual_default_not_measured","web_layer_source":"F:/datasets/layers/all_building.geojson"},"geometry":{"type":"Polygon","coordinates":[[[85.7995708,20.2871792],[85.7996653,20.2871361],[85.7996281,20.2870642],[85.7995336,20.2871073],[85.7995708,20.2871792]]]}},{"type":"Feature","properties":{"building":"yes","name":null,"height":null,"building:levels":null,"amenity":null,"render_height_m":9.0,"height_source":"visual_default_not_measured","web_layer_source":"F:/datasets/layers/all_building.geojson"},"geometry":{"type":"Polygon","coordinates":[[[85.7993478,20.2881698],[85.7993903,20.2882469],[85.799482,20.2882024],[85.7994395,20.2881253],[85.7993478,20.2881698]]]}},{"type":"Feature","properties":{"building":"yes","name":null,"height":null,"building:levels":null,"amenity":null,"render_height_m":9.0,"height_source":"visual_default_not_measured","web_layer_source":"F:/datasets/layers/all_building.geojson"},"geometry":{"type":"Polygon","coordinates":[[[85.7994077,20.2872531],[85.7994961,20.2872126],[85.7994572,20.2871379],[85.7993688,20.2871783],[85.7994077,20.2872531]]]}},{"type":"Feature","properties":{"building":"yes","name":null,"height":null,"building:levels":null,"amenity":null,"render_height_m":9.0,"height_source":"visual_default_not_measured","web_layer_source":"F:/datasets/layers/all_building.geojson"},"geometry":{"type":"Polygon","coordinates":[[[85.7992337,20.2875011],[85.7993262,20.2874619],[85.7992875,20.2873817],[85.799195,20.2874209],[85.7992337,20.2875011]]]}},{"type":"Feature","properties":{"building":"yes","name":null,"height":null,"building:levels":null,"amenity":null,"render_height_m":9.0,"height_source":"visual_default_not_measured","web_layer_source":"F:/datasets/layers/all_building.geojson"},"geometry":{"type":"Polygon","coordinates":[[[85.7992217,20.2879763],[85.7993094,20.2879301],[85.7992648,20.2878557],[85.7991771,20.287902],[85.7992217,20.2879763]]]}},{"type":"Feature","properties":{"building":"yes","name":null,"height":null,"building:levels":null,"amenity":null,"render_height_m":9.0,"height_source":"visual_default_not_measured","web_layer_source":"F:/datasets/layers/all_building.geojson"},"geometry":{"type":"Polygon","coordinates":[[[85.79906,20.2878812],[85.7991464,20.2878369],[85.799102,20.2877609],[85.7990157,20.2878053],[85.79906,20.2878812]]]}},{"type":"Feature","properties":{"building":"yes","name":null,"height":null,"building:levels":null,"amenity":null,"render_height_m":9.0,"height_source":"visual_default_not_measured","web_layer_source":"F:/datasets/layers/all_building.geojson"},"geometry":{"type":"Polygon","coordinates":[[[85.7990648,20.2880599],[85.7991525,20.2880168],[85.7991118,20.2879438],[85.7990241,20.2879868],[85.7990648,20.2880599]]]}},{"type":"Feature","properties":{"building":"yes","name":null,"height":null,"building:levels":null,"amenity":null,"render_height_m":9.0,"height_source":"visual_default_not_measured","web_layer_source":"F:/datasets/layers/all_building.geojson"},"geometry":{"type":"Polygon","coordinates":[[[85.799554,20.2883388],[85.7996409,20.2882944],[85.7995985,20.2882212],[85.7995115,20.2882655],[85.799554,20.2883388]]]}},{"type":"Feature","properties":{"building":"yes","name":null,"height":null,"building:levels":null,"amenity":null,"render_height_m":9.0,"height_source":"visual_default_not_measured","web_layer_source":"F:/datasets/layers/all_building.geojson"},"geometry":{"type":"Polygon","coordinates":[[[85.7994112,20.2870751],[85.7995126,20.2870307],[85.7994731,20.2869513],[85.7993717,20.2869957],[85.7994112,20.2870751]]]}},{"type":"Feature","properties":{"building":"yes","name":null,"height":null,"building:levels":null,"amenity":null,"render_height_m":9.0,"height_source":"visual_default_not_measured","web_layer_source":"F:/datasets/layers/all_building.geojson"},"geometry":{"type":"Polygon","coordinates":[[[85.7988997,20.2879648],[85.7989874,20.2879172],[85.7989439,20.2878466],[85.7988562,20.2878942],[85.7988997,20.2879648]]]}},{"type":"Feature","properties":{"building":"yes","name":null,"height":null,"building:levels":null,"amenity":null,"render_height_m":9.0,"height_source":"visual_default_not_measured","web_layer_source":"F:/datasets/layers/all_building.geojson"},"geometry":{"type":"Polygon","coordinates":[[[85.8018659,20.2876505],[85.8025072,20.2880143],[85.8025524,20.2879441],[85.8019111,20.2875804],[85.8018659,20.2876505]]]}},{"type":"Feature","properties":{"building":"yes","name":null,"height":null,"building:levels":null,"amenity":null,"render_height_m":9.0,"height_source":"visual_default_not_measured","web_layer_source":"F:/datasets/layers/all_building.geojson"},"geometry":{"type":"Polygon","coordinates":[[[85.8019283,20.2872743],[85.8018858,20.2872037],[85.8017207,20.2872911],[85.8017631,20.2873617],[85.8019283,20.2872743]]]}},{"type":"Feature","properties":{"building":"yes","name":null,"height":null,"building:levels":null,"amenity":null,"render_height_m":9.0,"height_source":"visual_default_not_measured","web_layer_source":"F:/datasets/layers/all_building.geojson"},"geometry":{"type":"Polygon","coordinates":[[[85.8001853,20.2866352],[85.8008163,20.2869983],[85.8008595,20.2869321],[85.8002286,20.286569],[85.8001853,20.2866352]]]}},{"type":"Feature","properties":{"building":"yes","name":null,"height":null,"building:levels":null,"amenity":null,"render_height_m":9.0,"height_source":"visual_default_not_measured","web_layer_source":"F:/datasets/layers/all_building.geojson"},"geometry":{"type":"Polygon","coordinates":[[[85.8003474,20.288672],[85.800433,20.2886263],[85.8003891,20.2885539],[85.8003035,20.2885995],[85.8003474,20.288672]]]}},{"type":"Feature","properties":{"building":"yes","name":null,"height":null,"building:levels":null,"amenity":null,"render_height_m":9.0,"height_source":"visual_default_not_measured","web_layer_source":"F:/datasets/layers/all_building.geojson"},"geometry":{"type":"Polygon","coordinates":[[[85.8000161,20.2884872],[85.8001117,20.2884393],[85.8000698,20.2883658],[85.7999742,20.2884137],[85.8000161,20.2884872]]]}},{"type":"Feature","properties":{"building":"yes","name":null,"height":null,"building:levels":null,"amenity":null,"render_height_m":9.0,"height_source":"visual_default_not_measured","web_layer_source":"F:/datasets/layers/all_building.geojson"},"geometry":{"type":"Polygon","coordinates":[[[85.7992433,20.2873238],[85.7993296,20.2872865],[85.7992896,20.287205],[85.7992033,20.2872423],[85.7992433,20.2873238]]]}},{"type":"Feature","properties":{"building":"yes","name":null,"height":null,"building:levels":null,"amenity":null,"render_height_m":9.0,"height_source":"visual_default_not_measured","web_layer_source":"F:/datasets/layers/all_building.geojson"},"geometry":{"type":"Polygon","coordinates":[[[85.8000833,20.2867824],[85.8007142,20.2871454],[85.8007575,20.2870793],[85.8001265,20.2867162],[85.8000833,20.2867824]]]}},{"type":"Feature","properties":{"building":"yes","name":null,"height":null,"building:levels":null,"amenity":null,"render_height_m":9.0,"height_source":"visual_default_not_measured","web_layer_source":"F:/datasets/layers/all_building.geojson"},"geometry":{"type":"Polygon","coordinates":[[[85.7995081,20.2880882],[85.7995519,20.2881646],[85.799644,20.2881182],[85.7996002,20.2880417],[85.7995081,20.2880882]]]}},{"type":"Feature","properties":{"building":"yes","name":null,"height":null,"building:levels":null,"amenity":null,"render_height_m":9.0,"height_source":"visual_default_not_measured","web_layer_source":"F:/datasets/layers/all_building.geojson"},"geometry":{"type":"Polygon","coordinates":[[[85.7994009,20.2874285],[85.7994893,20.2873867],[85.7994505,20.2873147],[85.7993622,20.2873564],[85.7994009,20.2874285]]]}},{"type":"Feature","properties":{"building":"yes","name":null,"height":null,"building:levels":null,"amenity":null,"render_height_m":9.0,"height_source":"visual_default_not_measured","web_layer_source":"F:/datasets/layers/all_building.geojson"},"geometry":{"type":"Polygon","coordinates":[[[85.8007772,20.2871891],[85.8014082,20.2875522],[85.8014515,20.287486],[85.8008205,20.287123],[85.8007772,20.2871891]]]}},{"type":"Feature","properties":{"building":"yes","name":null,"height":null,"building:levels":null,"amenity":null,"render_height_m":9.0,"height_source":"visual_default_not_measured","web_layer_source":"F:/datasets/layers/all_building.geojson"},"geometry":{"type":"Polygon","coordinates":[[[85.7991807,20.2881845],[85.7992711,20.2881325],[85.7992258,20.2880633],[85.7991354,20.2881153],[85.7991807,20.2881845]]]}},{"type":"Feature","properties":{"building":"yes","name":null,"height":null,"building:levels":null,"amenity":null,"render_height_m":9.0,"height_source":"visual_default_not_measured","web_layer_source":"F:/datasets/layers/all_building.geojson"},"geometry":{"type":"Polygon","coordinates":[[[85.7998061,20.2883915],[85.7997636,20.288315],[85.7996752,20.2883582],[85.7997177,20.2884347],[85.7998061,20.2883915]]]}},{"type":"Feature","properties":{"building":"yes","name":null,"height":null,"building:levels":null,"amenity":null,"render_height_m":9.0,"height_source":"visual_default_not_measured","web_layer_source":"F:/datasets/layers/all_building.geojson"},"geometry":{"type":"Polygon","coordinates":[[[85.8015316,20.2878816],[85.801488,20.2878078],[85.8013187,20.2878958],[85.8013624,20.2879696],[85.8015316,20.2878816]]]}},{"type":"Feature","properties":{"building":"yes","name":null,"height":null,"building:levels":null,"amenity":null,"render_height_m":9.0,"height_source":"visual_default_not_measured","web_layer_source":"F:/datasets/layers/all_building.geojson"},"geometry":{"type":"Polygon","coordinates":[[[85.7995578,20.2873559],[85.7996523,20.2873154],[85.7996156,20.28724],[85.799521,20.2872804],[85.7995578,20.2873559]]]}},{"type":"Feature","properties":{"building":"yes","name":null,"height":null,"building:levels":null,"amenity":null,"render_height_m":9.0,"height_source":"visual_default_not_measured","web_layer_source":"F:/datasets/layers/all_building.geojson"},"geometry":{"type":"Polygon","coordinates":[[[85.7998791,20.2883526],[85.7999702,20.2883005],[85.7999253,20.2882314],[85.7998342,20.2882835],[85.7998791,20.2883526]]]}},{"type":"Feature","properties":{"building":"yes","name":null,"height":null,"building:levels":null,"amenity":null,"render_height_m":9.0,"height_source":"visual_default_not_measured","web_layer_source":"F:/datasets/layers/all_building.geojson"},"geometry":{"type":"Polygon","coordinates":[[[85.801659,20.2876836],[85.8016204,20.2876159],[85.8014539,20.2876995],[85.8014925,20.2877672],[85.801659,20.2876836]]]}},{"type":"Feature","properties":{"building":"yes","name":null,"height":null,"building:levels":null,"amenity":null,"render_height_m":9.0,"height_source":"visual_default_not_measured","web_layer_source":"F:/datasets/layers/all_building.geojson"},"geometry":{"type":"Polygon","coordinates":[[[85.7997164,20.2882591],[85.7997998,20.2882166],[85.7997566,20.2881421],[85.7996732,20.2881845],[85.7997164,20.2882591]]]}},{"type":"Feature","properties":{"building":"yes","name":null,"height":null,"building:levels":null,"amenity":null,"render_height_m":9.0,"height_source":"visual_default_not_measured","web_layer_source":"F:/datasets/layers/all_building.geojson"},"geometry":{"type":"Polygon","coordinates":[[[85.7993425,20.2880886],[85.799433,20.2880365],[85.7993877,20.2879673],[85.7992973,20.2880194],[85.7993425,20.2880886]]]}},{"type":"Feature","properties":{"building":"yes","name":null,"height":null,"building:levels":null,"amenity":null,"render_height_m":9.0,"height_source":"visual_default_not_measured","web_layer_source":"F:/datasets/layers/all_building.geojson"},"geometry":{"type":"Polygon","coordinates":[[[85.8008882,20.2870362],[85.8015192,20.2873993],[85.8015625,20.2873331],[85.8009315,20.28697],[85.8008882,20.2870362]]]}},{"type":"Feature","properties":{"building":"yes","name":null,"height":null,"building:levels":null,"amenity":null,"render_height_m":9.0,"height_source":"visual_default_not_measured","web_layer_source":"F:/datasets/layers/all_building.geojson"},"geometry":{"type":"Polygon","coordinates":[[[85.7993927,20.2876033],[85.799492,20.2875583],[85.7994522,20.2874811],[85.7993529,20.2875261],[85.7993927,20.2876033]]]}},{"type":"Feature","properties":{"building":"yes","name":null,"height":null,"building:levels":null,"amenity":null,"render_height_m":9.0,"height_source":"visual_default_not_measured","web_layer_source":"F:/datasets/layers/all_building.geojson"},"geometry":{"type":"Polygon","coordinates":[[[85.8016727,20.2879436],[85.8023071,20.2883124],[85.802354,20.2882414],[85.8017196,20.2878726],[85.8016727,20.2879436]]]}},{"type":"Feature","properties":{"building":"yes","name":null,"height":null,"building:levels":null,"amenity":null,"render_height_m":9.0,"height_source":"visual_default_not_measured","web_layer_source":"F:/datasets/layers/all_building.geojson"},"geometry":{"type":"Polygon","coordinates":[[[85.8017988,20.2874793],[85.8017623,20.2874147],[85.8015903,20.2875002],[85.8016268,20.2875648],[85.8017988,20.2874793]]]}},{"type":"Feature","properties":{"building":"yes","name":null,"height":null,"building:levels":null,"amenity":null,"render_height_m":9.0,"height_source":"visual_default_not_measured","web_layer_source":"F:/datasets/layers/all_building.geojson"},"geometry":{"type":"Polygon","coordinates":[[[85.8006649,20.2888532],[85.8007533,20.2888108],[85.8007144,20.2887394],[85.800626,20.2887819],[85.8006649,20.2888532]]]}},{"type":"Feature","properties":{"building":"yes","name":null,"height":null,"building:levels":null,"amenity":null,"render_height_m":9.0,"height_source":"visual_default_not_measured","web_layer_source":"F:/datasets/layers/all_building.geojson"},"geometry":{"type":"Polygon","coordinates":[[[85.8015686,20.2880939],[85.8022126,20.2884628],[85.8022562,20.2883958],[85.8016122,20.288027],[85.8015686,20.2880939]]]}},{"type":"Feature","properties":{"building":"yes","name":null,"height":null,"building:levels":null,"amenity":null,"render_height_m":9.0,"height_source":"visual_default_not_measured","web_layer_source":"F:/datasets/layers/all_building.geojson"},"geometry":{"type":"Polygon","coordinates":[[[85.800316,20.2881095],[85.8003618,20.2880882],[85.8003445,20.2880555],[85.8003787,20.2880396],[85.8003932,20.288067],[85.8004539,20.2880388],[85.8004137,20.2879627],[85.800273,20.2880281],[85.800316,20.2881095]]]}},{"type":"Feature","properties":{"building":"yes","name":null,"height":null,"building:levels":null,"amenity":null,"render_height_m":9.0,"height_source":"visual_default_not_measured","web_layer_source":"F:/datasets/layers/all_building.geojson"},"geometry":{"type":"Polygon","coordinates":[[[85.8005346,20.2877715],[85.8005804,20.2877502],[85.8005631,20.2877175],[85.8005973,20.2877016],[85.8006117,20.287729],[85.8006725,20.2877008],[85.8006323,20.2876247],[85.8004916,20.2876901],[85.8005346,20.2877715]]]}},{"type":"Feature","properties":{"building":"yes","name":null,"height":null,"building:levels":null,"amenity":null,"render_height_m":9.0,"height_source":"visual_default_not_measured","web_layer_source":"F:/datasets/layers/all_building.geojson"},"geometry":{"type":"Polygon","coordinates":[[[85.8006477,20.2876],[85.8006935,20.2875787],[85.8006762,20.287546],[85.8007104,20.2875301],[85.8007249,20.2875575],[85.8007856,20.2875293],[85.8007454,20.2874532],[85.8006047,20.2875186],[85.8006477,20.2876]]]}},{"type":"Feature","properties":{"building":"yes","name":null,"height":null,"building:levels":null,"amenity":null,"render_height_m":9.0,"height_source":"visual_default_not_measured","web_layer_source":"F:/datasets/layers/all_building.geojson"},"geometry":{"type":"Polygon","coordinates":[[[85.800427,20.2879379],[85.8004728,20.2879166],[85.8004555,20.2878839],[85.8004897,20.287868],[85.8005042,20.2878954],[85.8005649,20.2878672],[85.8005247,20.2877911],[85.800384,20.2878565],[85.800427,20.2879379]]]}},{"type":"Feature","properties":{"building":"yes","name":null,"height":null,"building:levels":null,"amenity":null,"render_height_m":9.0,"height_source":"visual_default_not_measured","web_layer_source":"F:/datasets/layers/all_building.geojson"},"geometry":{"type":"Polygon","coordinates":[[[85.8459902,20.2968635],[85.8459991,20.2969581],[85.8460482,20.296954],[85.8460472,20.2969432],[85.8463012,20.2969221],[85.8462933,20.2968383],[85.8461907,20.2968469],[85.8461892,20.2968308],[85.8461322,20.2968356],[85.8461337,20.2968516],[85.8459902,20.2968635]]]}},{"type":"Feature","properties":{"building":"yes","name":null,"height":null,"building:levels":null,"amenity":null,"render_height_m":9.0,"height_source":"visual_default_not_measured","web_layer_source":"F:/datasets/layers/all_building.geojson"},"geometry":{"type":"Polygon","coordinates":[[[85.8398392,20.3023225],[85.8398371,20.3022959],[85.8398136,20.3022975],[85.8398119,20.3022743],[85.8396336,20.3022862],[85.8396455,20.3024447],[85.8398324,20.3024323],[85.8398283,20.3023777],[85.8398991,20.302373],[85.839895,20.3023188],[85.8398392,20.3023225]]]}},{"type":"Feature","properties":{"building":"yes","name":null,"height":null,"building:levels":null,"amenity":null,"render_height_m":9.0,"height_source":"visual_default_not_measured","web_layer_source":"F:/datasets/layers/all_building.geojson"},"geometry":{"type":"Polygon","coordinates":[[[85.8408048,20.3024826],[85.8408006,20.3023678],[85.84109,20.3023586],[85.8410895,20.3023455],[85.8411632,20.3023432],[85.8411671,20.3024496],[85.8410843,20.3024522],[85.8410832,20.3024197],[85.8410543,20.3024206],[85.8410548,20.3024333],[85.841071,20.3024328],[85.8410725,20.302474],[85.8408048,20.3024826]]]}},{"type":"Feature","properties":{"building":"yes","name":null,"height":null,"building:levels":null,"amenity":null,"render_height_m":9.0,"height_source":"visual_default_not_measured","web_layer_source":"F:/datasets/layers/all_building.geojson"},"geometry":{"type":"Polygon","coordinates":[[[85.8377991,20.2974635],[85.8378994,20.2974569],[85.837905,20.2975308],[85.8380004,20.2975245],[85.837994,20.2974382],[85.8382035,20.2974243],[85.8381986,20.2973588],[85.837984,20.297373],[85.8379816,20.297342],[85.8379135,20.2973465],[85.8379157,20.297376],[85.8377931,20.2973841],[85.8377991,20.2974635]]]}},{"type":"Feature","properties":{"building":"yes","name":null,"height":null,"building:levels":null,"amenity":null,"render_height_m":9.0,"height_source":"visual_default_not_measured","web_layer_source":"F:/datasets/layers/all_building.geojson"},"geometry":{"type":"Polygon","coordinates":[[[85.8411699,20.3000062],[85.8411774,20.3000055],[85.8411785,20.300017],[85.8412284,20.3000126],[85.8412273,20.3000013],[85.8414746,20.2999791],[85.8414759,20.2999913],[85.8415254,20.2999868],[85.8415242,20.299975],[85.8415702,20.2999709],[85.8415509,20.2997811],[85.8411506,20.2998169],[85.8411699,20.3000062]]]}},{"type":"Feature","properties":{"building":"yes","name":null,"height":null,"building:levels":null,"amenity":null,"render_height_m":9.0,"height_source":"visual_default_not_measured","web_layer_source":"F:/datasets/layers/all_building.geojson"},"geometry":{"type":"Polygon","coordinates":[[[85.8397529,20.3018889],[85.8397476,20.3018386],[85.8399011,20.3018234],[85.8398832,20.3016645],[85.8395023,20.3017023],[85.8395202,20.3018611],[85.8397,20.3018433],[85.8397053,20.3018937],[85.8396384,20.3019003],[85.8396516,20.3020171],[85.8398032,20.302002],[85.8397899,20.3018852],[85.8397529,20.3018889]]]}},{"type":"Feature","properties":{"building":"yes","name":null,"height":null,"building:levels":null,"amenity":null,"render_height_m":9.0,"height_source":"visual_default_not_measured","web_layer_source":"F:/datasets/layers/all_building.geojson"},"geometry":{"type":"Polygon","coordinates":[[[85.8440046,20.3008723],[85.8439619,20.3008746],[85.8439594,20.3008415],[85.8438165,20.3008509],[85.8438303,20.3010343],[85.8439731,20.3010248],[85.8439686,20.3009643],[85.8440095,20.3009621],[85.8440167,20.3010965],[85.8440697,20.301094],[85.8440569,20.3008565],[85.8440039,20.300859],[85.8440046,20.3008723]]]}},{"type":"Feature","properties":{"building":"yes","name":null,"height":null,"building:levels":null,"amenity":null,"render_height_m":9.0,"height_source":"visual_default_not_measured","web_layer_source":"F:/datasets/layers/all_building.geojson"},"geometry":{"type":"Polygon","coordinates":[[[85.8456328,20.2967264],[85.8457506,20.2967169],[85.8457457,20.2966631],[85.8457232,20.2966649],[85.8457212,20.2966428],[85.8457532,20.2966402],[85.8457434,20.2965334],[85.8457139,20.2965358],[85.8457071,20.2964613],[85.8456093,20.2964692],[85.8456168,20.2965509],[85.845538,20.2965573],[85.8455469,20.2966546],[85.8456256,20.2966483],[85.8456328,20.2967264]]]}},{"type":"Feature","properties":{"building":"yes","name":null,"height":null,"building:levels":null,"amenity":null,"render_height_m":9.0,"height_source":"visual_default_not_measured","web_layer_source":"F:/datasets/layers/all_building.geojson"},"geometry":{"type":"Polygon","coordinates":[[[85.8422808,20.2992808],[85.842324,20.2992726],[85.8423269,20.2992862],[85.8423646,20.2992791],[85.8423699,20.2993035],[85.8424028,20.2992973],[85.8424004,20.2992863],[85.842481,20.299271],[85.8424755,20.2992453],[85.84248,20.2992445],[85.8424756,20.2992241],[85.8424675,20.2992256],[85.8424408,20.2991011],[85.84225,20.2991372],[85.8422808,20.2992808]]]}},{"type":"Feature","properties":{"building":"yes","name":null,"height":null,"building:levels":null,"amenity":null,"render_height_m":9.0,"height_source":"visual_default_not_measured","web_layer_source":"F:/datasets/layers/all_building.geojson"},"geometry":{"type":"Polygon","coordinates":[[[85.8379922,20.2978721],[85.837713,20.2978949],[85.8376729,20.297462],[85.8376363,20.297465],[85.8376288,20.2973846],[85.8377851,20.2973718],[85.8377917,20.297444],[85.8377334,20.2974487],[85.8377387,20.2975061],[85.8378892,20.2974939],[85.8378988,20.2975974],[85.8377536,20.2976092],[85.8377735,20.2978239],[85.8379862,20.2978065],[85.8379922,20.2978721]]]}},{"type":"Feature","properties":{"building":"yes","name":null,"height":null,"building:levels":null,"amenity":null,"render_height_m":9.0,"height_source":"visual_default_not_measured","web_layer_source":"F:/datasets/layers/all_building.geojson"},"geometry":{"type":"Polygon","coordinates":[[[85.8393537,20.2996426],[85.8393683,20.2997656],[85.8392529,20.2997776],[85.8392804,20.3000114],[85.8391885,20.3000209],[85.8391608,20.2997859],[85.8391116,20.299791],[85.8391053,20.2997378],[85.8391593,20.2997322],[85.8391497,20.2996506],[85.8390987,20.2996559],[85.8390882,20.299508],[85.839166,20.2994979],[85.8392424,20.2995671],[85.8392974,20.2995608],[85.8392974,20.2996048],[85.8393537,20.2996426]]]}},{"type":"Feature","properties":{"building":"yes","name":null,"height":null,"building:levels":null,"amenity":null,"render_height_m":9.0,"height_source":"visual_default_not_measured","web_layer_source":"F:/datasets/layers/all_building.geojson"},"geometry":{"type":"Polygon","coordinates":[[[85.8404402,20.3018215],[85.8405336,20.3018197],[85.8405515,20.301839],[85.8405759,20.3018505],[85.8406031,20.3018523],[85.840629,20.3018442],[85.8406496,20.3018275],[85.8406619,20.3018046],[85.8406638,20.301779],[85.8406552,20.3017548],[85.8406373,20.3017354],[85.8406129,20.3017239],[85.8405857,20.3017221],[85.8405598,20.3017302],[85.8405392,20.301747],[85.840527,20.3017699],[85.8404382,20.3017718],[85.8404402,20.3018215]]]}},{"type":"Feature","properties":{"building":"yes","name":null,"height":null,"building:levels":null,"amenity":null,"render_height_m":9.0,"height_source":"visual_default_not_measured","web_layer_source":"F:/datasets/layers/all_building.geojson"},"geometry":{"type":"Polygon","coordinates":[[[85.8401732,20.2997209],[85.8404178,20.2997033],[85.8404142,20.2996592],[85.840488,20.2996539],[85.8404975,20.2997693],[85.8406533,20.299758],[85.8406497,20.2997143],[85.8412078,20.2996739],[85.8412108,20.2997104],[85.841397,20.299697],[85.8413843,20.2995428],[85.8412649,20.2995514],[85.8412673,20.2995813],[85.8406325,20.2996272],[85.8406247,20.2995321],[85.8405036,20.2995408],[85.840507,20.2995818],[85.8401638,20.2996066],[85.8401732,20.2997209]]]}},{"type":"Feature","properties":{"building":"yes","name":null,"height":null,"building:levels":null,"amenity":null,"render_height_m":9.0,"height_source":"visual_default_not_measured","web_layer_source":"F:/datasets/layers/all_building.geojson"},"geometry":{"type":"Polygon","coordinates":[[[85.8378301,20.2983811],[85.8378637,20.2983802],[85.8378658,20.2984443],[85.8379541,20.2984417],[85.8379497,20.2983089],[85.8379667,20.2983084],[85.8379647,20.29825],[85.8379485,20.2982504],[85.8379447,20.2981381],[85.8378483,20.2981409],[85.837853,20.2982809],[85.8377967,20.2982826],[85.8377983,20.2983313],[85.8378329,20.2983303],[85.8378326,20.2983198],[85.8378544,20.2983192],[85.8378553,20.2983445],[85.8378289,20.2983452],[85.8378301,20.2983811]]]}},{"type":"Feature","properties":{"building":"yes","name":null,"height":null,"building:levels":null,"amenity":null,"render_height_m":9.0,"height_source":"visual_default_not_measured","web_layer_source":"F:/datasets/layers/all_building.geojson"},"geometry":{"type":"Polygon","coordinates":[[[85.8402425,20.3010756],[85.8402266,20.300922],[85.8397219,20.3009678],[85.8397205,20.3009535],[85.8396258,20.3009621],[85.8396344,20.3010461],[85.8395903,20.3010501],[85.8395937,20.3010829],[85.8396318,20.3010795],[85.8396447,20.3012045],[85.8397118,20.3011984],[85.8397085,20.3011661],[85.8397494,20.3011624],[85.8397369,20.3010415],[85.8397898,20.3010367],[85.8397945,20.3010819],[85.839829,20.3010788],[85.8398312,20.3010996],[85.8401309,20.3010724],[85.8401294,20.3010581],[85.8401654,20.3010548],[85.8401682,20.3010824],[85.8402425,20.3010756]]]}},{"type":"Feature","properties":{"building":"yes","name":null,"height":null,"building:levels":null,"amenity":null,"render_height_m":9.0,"height_source":"visual_default_not_measured","web_layer_source":"F:/datasets/layers/all_building.geojson"},"geometry":{"type":"Polygon","coordinates":[[[85.8444293,20.3025881],[85.844427,20.3025574],[85.8444029,20.302559],[85.8444003,20.3025242],[85.8443398,20.3025281],[85.8443374,20.3024957],[85.8443284,20.3024963],[85.844326,20.3024643],[85.8442703,20.302468],[85.8442735,20.3025111],[85.8442397,20.3025133],[85.844243,20.3025576],[85.8442781,20.3025553],[85.8442817,20.3026035],[85.8443206,20.302601],[85.8443185,20.3025731],[85.8443524,20.3025708],[85.8443536,20.3025874],[85.8443366,20.3025885],[85.8443393,20.3026247],[85.8443964,20.3026209],[85.8443941,20.3025904],[85.8444293,20.3025881]]]}},{"type":"Feature","properties":{"building":"yes","name":null,"height":null,"building:levels":null,"amenity":null,"render_height_m":9.0,"height_source":"visual_default_not_measured","web_layer_source":"F:/datasets/layers/all_building.geojson"},"geometry":{"type":"Polygon","coordinates":[[[85.8418122,20.300005],[85.8418135,20.3000225],[85.8424226,20.2999828],[85.8424203,20.2999514],[85.8426151,20.2999387],[85.8426045,20.2997959],[85.8419961,20.2998355],[85.8419983,20.2998654],[85.8419693,20.2998672],[85.841849,20.2998752],[85.841845,20.2998011],[85.8418993,20.2998005],[85.8418973,20.2997735],[85.8420368,20.2998112],[85.8420549,20.2997477],[85.8419013,20.2997037],[85.8419013,20.2996854],[85.8417343,20.2996917],[85.8417471,20.2998356],[85.8417212,20.2998371],[85.8417241,20.2998834],[85.8416534,20.2998872],[85.8416589,20.2999755],[85.8417276,20.2999717],[85.84173,20.3000095],[85.8418122,20.300005]]]}},{"type":"Feature","properties":{"building":"yes","name":null,"height":null,"building:levels":null,"amenity":null,"render_height_m":9.0,"height_source":"visual_default_not_measured","web_layer_source":"F:/datasets/layers/all_building.geojson"},"geometry":{"type":"Polygon","coordinates":[[[85.8445054,20.3026643],[85.8444451,20.3026673],[85.844444,20.3026482],[85.8444082,20.30265],[85.8444092,20.3026666],[85.8443656,20.3026688],[85.8443674,20.3027011],[85.8443979,20.3026996],[85.8443986,20.3027125],[85.8443812,20.3027134],[85.8443832,20.3027479],[85.844432,20.3027454],[85.8444343,20.3027846],[85.8444691,20.3027828],[85.8444663,20.3027338],[85.8445077,20.3027317],[85.8445087,20.302748],[85.8445645,20.3027452],[85.8445627,20.3027147],[85.8446057,20.3027125],[85.844604,20.3026829],[85.8445853,20.3026839],[85.8445834,20.3026515],[85.844526,20.3026544],[85.844528,20.3026885],[85.8445069,20.3026895],[85.8445054,20.3026643]]]}},{"type":"Feature","properties":{"building":"yes","name":null,"height":null,"building:levels":null,"amenity":null,"render_height_m":9.0,"height_source":"visual_default_not_measured","web_layer_source":"F:/datasets/layers/all_building.geojson"},"geometry":{"type":"Polygon","coordinates":[[[85.844596,20.3022417],[85.8445392,20.3022421],[85.8445396,20.3022914],[85.8445256,20.3022915],[85.8445258,20.3023173],[85.8445552,20.3023171],[85.8445555,20.3023472],[85.8445906,20.302347],[85.8445905,20.3023403],[85.8446163,20.3023401],[85.8446161,20.3023123],[85.8445924,20.3023124],[85.8445921,20.302286],[85.8446225,20.3022858],[85.8446225,20.3022944],[85.8446503,20.3022944],[85.8446502,20.3022658],[85.8446974,20.3022658],[85.8446973,20.3022339],[85.8447171,20.3022339],[85.8447171,20.3022035],[85.8446767,20.3022036],[85.8446767,20.3021748],[85.8446134,20.3021748],[85.8446134,20.3022141],[85.844596,20.3022141],[85.844596,20.3022417]]]}},{"type":"Feature","properties":{"building":"yes","name":null,"height":null,"building:levels":null,"amenity":null,"render_height_m":9.0,"height_source":"visual_default_not_measured","web_layer_source":"F:/datasets/layers/all_building.geojson"},"geometry":{"type":"Polygon","coordinates":[[[85.8417302,20.3015514],[85.8418123,20.3015475],[85.8418116,20.301533],[85.8418245,20.3015324],[85.8418323,20.3016794],[85.8417245,20.3016844],[85.841726,20.3017128],[85.8417358,20.3017123],[85.8417392,20.3017751],[85.8418425,20.3017703],[85.841844,20.3017982],[85.84195,20.3017932],[85.8419479,20.3017539],[85.8420018,20.3017514],[85.8419999,20.3017153],[85.8420553,20.3017127],[85.8420564,20.3017336],[85.8421993,20.3017269],[85.8421948,20.3016436],[85.8419512,20.301655],[85.8419527,20.3016822],[85.8419005,20.3016846],[85.8418952,20.3015854],[85.8421804,20.3015721],[85.8421732,20.3014369],[85.8418347,20.3014527],[85.8418358,20.3014727],[85.8417263,20.3014779],[85.8417302,20.3015514]]]}},{"type":"Feature","properties":{"building":"yes","name":null,"height":null,"building:levels":null,"amenity":null,"render_height_m":9.0,"height_source":"visual_default_not_measured","web_layer_source":"F:/datasets/layers/all_building.geojson"},"geometry":{"type":"Polygon","coordinates":[[[85.8420812,20.2991547],[85.8420997,20.2994185],[85.8419998,20.2994246],[85.8419942,20.2993444],[85.8419816,20.2993452],[85.8419862,20.2994111],[85.8418501,20.2994195],[85.8418461,20.2993613],[85.8416493,20.2993734],[85.8416523,20.2994164],[85.8415876,20.2994204],[85.8415926,20.2994923],[85.8414789,20.2994993],[85.8414742,20.299431],[85.8414448,20.2994328],[85.841442,20.2993939],[85.841163,20.2994111],[85.8411618,20.2993938],[85.8409631,20.299406],[85.8409586,20.2993422],[85.8409316,20.2993438],[85.8409176,20.2991444],[85.8411582,20.2991296],[85.8411719,20.2993257],[85.8411468,20.2993272],[85.8411478,20.2993414],[85.8414947,20.29932],[85.8414911,20.2992687],[85.8416214,20.2992607],[85.8416232,20.2992865],[85.8419855,20.2992642],[85.8419782,20.299161],[85.8420812,20.2991547]]]}},{"type":"Feature","properties":{"building":"yes","name":null,"height":null,"building:levels":null,"amenity":null,"render_height_m":9.0,"height_source":"visual_default_not_measured","web_layer_source":"F:/datasets/layers/all_building.geojson"},"geometry":{"type":"Polygon","coordinates":[[[85.8436332,20.3018113],[85.8436647,20.3018081],[85.8436671,20.3018287],[85.8437279,20.3018226],[85.843724,20.3017881],[85.8437403,20.3017865],[85.8437474,20.301848],[85.8437829,20.3018444],[85.8437851,20.3018637],[85.8438337,20.3018588],[85.8438351,20.3018708],[85.8438677,20.3018675],[85.8438712,20.3018976],[85.8439881,20.3018859],[85.8439851,20.3018599],[85.8440269,20.3018557],[85.8440241,20.3018313],[85.8440608,20.3018276],[85.8440578,20.3018016],[85.8440089,20.3018066],[85.8440054,20.3017762],[85.8439207,20.3017848],[85.8439184,20.3017647],[85.8438191,20.3017747],[85.8438166,20.3017525],[85.8437927,20.3017549],[85.843789,20.3017229],[85.8437052,20.3017314],[85.8437099,20.3017731],[85.84368,20.3017762],[85.8436764,20.3017447],[85.8436261,20.3017498],[85.8436332,20.3018113]]]}},{"type":"Feature","properties":{"building":"yes","name":null,"height":null,"building:levels":null,"amenity":null,"render_height_m":9.0,"height_source":"visual_default_not_measured","web_layer_source":"F:/datasets/layers/all_building.geojson"},"geometry":{"type":"Polygon","coordinates":[[[85.8410599,20.3016878],[85.8411968,20.301679],[85.8411982,20.3016973],[85.8412769,20.3016922],[85.84128,20.3017338],[85.8415041,20.3017193],[85.8414979,20.3016345],[85.841551,20.3016311],[85.8415477,20.3015873],[85.8414553,20.3015933],[85.8414441,20.301594],[85.8414393,20.3015284],[85.8413741,20.3015326],[85.8413782,20.3015881],[85.8413565,20.3015895],[85.8413609,20.3016486],[85.8412773,20.301654],[85.841268,20.301528],[85.841215,20.3015315],[85.8412083,20.3014409],[85.841439,20.3014259],[85.8414322,20.3013333],[85.8414459,20.3013324],[85.8414434,20.3012995],[85.8413945,20.3013027],[85.8413936,20.3012904],[85.8411892,20.3013036],[85.8411903,20.3013186],[85.8411459,20.3013214],[85.8411482,20.301353],[85.8410334,20.3013604],[85.8410427,20.3014868],[85.8411487,20.30148],[85.8411451,20.3014312],[85.8411688,20.3014296],[85.8411768,20.301539],[85.8410495,20.3015473],[85.8410599,20.3016878]]]}},{"type":"Feature","properties":{"building":"yes","name":null,"height":null,"building:levels":null,"amenity":null,"render_height_m":9.0,"height_source":"visual_default_not_measured","web_layer_source":"F:/datasets/layers/all_building.geojson"},"geometry":{"type":"Polygon","coordinates":[[[85.844025,20.300086],[85.844084,20.3000835],[85.8440653,20.2996975],[85.8440062,20.2997],[85.844025,20.300086]]]}},{"type":"Feature","properties":{"building":"yes","name":null,"height":null,"building:levels":null,"amenity":null,"render_height_m":9.0,"height_source":"visual_default_not_measured","web_layer_source":"F:/datasets/layers/all_building.geojson"},"geometry":{"type":"Polygon","coordinates":[[[85.845059,20.2967404],[85.8451506,20.2967343],[85.8451426,20.2966291],[85.845051,20.2966352],[85.845059,20.2967404]]]}},{"type":"Feature","properties":{"building":"yes","name":null,"height":null,"building:levels":null,"amenity":null,"render_height_m":9.0,"height_source":"visual_default_not_measured","web_layer_source":"F:/datasets/layers/all_building.geojson"},"geometry":{"type":"Polygon","coordinates":[[[85.8440758,20.3016699],[85.8441133,20.3016668],[85.844104,20.3015693],[85.8440665,20.3015724],[85.8440758,20.3016699]]]}},{"type":"Feature","properties":{"building":"yes","name":null,"height":null,"building:levels":null,"amenity":null,"render_height_m":9.0,"height_source":"visual_default_not_measured","web_layer_source":"F:/datasets/layers/all_building.geojson"},"geometry":{"type":"Polygon","coordinates":[[[85.8398541,20.301158],[85.8398608,20.3012354],[85.840316,20.3012006],[85.8403704,20.3011964],[85.8403637,20.301119],[85.8398541,20.301158]]]}},{"type":"Feature","properties":{"building":"yes","name":null,"height":null,"building:levels":null,"amenity":null,"render_height_m":9.0,"height_source":"visual_default_not_measured","web_layer_source":"F:/datasets/layers/all_building.geojson"},"geometry":{"type":"Polygon","coordinates":[[[85.8409317,20.2998562],[85.8410303,20.2998486],[85.841021,20.2997417],[85.8409224,20.2997493],[85.8409317,20.2998562]]]}},{"type":"Feature","properties":{"building":"yes","name":null,"height":null,"building:levels":null,"amenity":null,"render_height_m":9.0,"height_source":"visual_default_not_measured","web_layer_source":"F:/datasets/layers/all_building.geojson"},"geometry":{"type":"Polygon","coordinates":[[[85.840404,20.3021919],[85.8404516,20.3021869],[85.8404325,20.3020284],[85.8403849,20.3020334],[85.840404,20.3021919]]]}},{"type":"Feature","properties":{"building":"yes","name":null,"height":null,"building:levels":null,"amenity":null,"render_height_m":9.0,"height_source":"visual_default_not_measured","web_layer_source":"F:/datasets/layers/all_building.geojson"},"geometry":{"type":"Polygon","coordinates":[[[85.8438955,20.2999684],[85.8439834,20.2999647],[85.8439764,20.2998225],[85.8438886,20.2998263],[85.8438955,20.2999684]]]}},{"type":"Feature","properties":{"building":"yes","name":null,"height":null,"building:levels":null,"amenity":null,"render_height_m":9.0,"height_source":"visual_default_not_measured","web_layer_source":"F:/datasets/layers/all_building.geojson"},"geometry":{"type":"Polygon","coordinates":[[[85.8416603,20.3009549],[85.8421618,20.3009108],[85.8421439,20.3007313],[85.8416423,20.3007753],[85.8416603,20.3009549]]]}},{"type":"Feature","properties":{"building":"yes","name":null,"height":null,"building:levels":null,"amenity":null,"render_height_m":9.0,"height_source":"visual_default_not_measured","web_layer_source":"F:/datasets/layers/all_building.geojson"},"geometry":{"type":"Polygon","coordinates":[[[85.8439852,20.3016787],[85.8440617,20.3016714],[85.8440576,20.3016347],[85.8439812,20.3016421],[85.8439852,20.3016787]]]}},{"type":"Feature","properties":{"building":"yes","name":null,"height":null,"building:levels":null,"amenity":null,"render_height_m":9.0,"height_source":"visual_default_not_measured","web_layer_source":"F:/datasets/layers/all_building.geojson"},"geometry":{"type":"Polygon","coordinates":[[[85.8423409,20.3023881],[85.8423811,20.3024095],[85.8423838,20.3024479],[85.8424334,20.3024472],[85.8424475,20.3024315],[85.8424622,20.3024428],[85.8424733,20.3024416],[85.8424813,20.3024309],[85.8424911,20.3024309],[85.8424911,20.3024123],[85.8425417,20.3024104],[85.8425601,20.302434],[85.8425803,20.3024331],[85.8425917,20.3024164],[85.8426047,20.3024365],[85.8426473,20.3024359],[85.8426577,20.3024126],[85.8426865,20.3023963],[85.8426859,20.3023416],[85.8426584,20.3023145],[85.8426557,20.3022699],[85.8426295,20.3022579],[85.8425933,20.3022586],[85.8425725,20.302273],[85.8425746,20.3023196],[85.842533,20.3023208],[85.8425316,20.3022724],[85.8425672,20.302241],[85.8425638,20.3021724],[85.8425437,20.3021542],[85.8424733,20.3021554],[85.8424471,20.3021906],[85.8424545,20.3022454],[85.842472,20.3022598],[85.8424713,20.30228],[85.8424317,20.302285],[85.8424183,20.3022667],[85.8423821,20.3022705],[85.8423653,20.30229],[85.8423687,20.3023158],[85.8423419,20.3023372],[85.8423409,20.3023881]]]}},{"type":"Feature","properties":{"building":"yes","name":null,"height":null,"building:levels":null,"amenity":null,"render_height_m":9.0,"height_source":"visual_default_not_measured","web_layer_source":"F:/datasets/layers/all_building.geojson"},"geometry":{"type":"Polygon","coordinates":[[[85.8409991,20.3008209],[85.8414437,20.3007832],[85.8414226,20.3005651],[85.8412847,20.3005768],[85.8412977,20.3007121],[85.8409911,20.3007382],[85.8409991,20.3008209]]]}},{"type":"Feature","properties":{"building":"yes","name":null,"height":null,"building:levels":null,"amenity":null,"render_height_m":9.0,"height_source":"visual_default_not_measured","web_layer_source":"F:/datasets/layers/all_building.geojson"},"geometry":{"type":"Polygon","coordinates":[[[85.8441629,20.2967939],[85.8442892,20.2967853],[85.8442885,20.2967769],[85.844345,20.296773],[85.8443391,20.296697],[85.8445412,20.2966832],[85.8445423,20.2966982],[85.8445079,20.2967006],[85.8445107,20.296736],[85.8445764,20.2967315],[85.8445786,20.2967597],[85.8445874,20.2968735],[85.8445089,20.2968789],[85.8445067,20.2968504],[85.8444525,20.2968541],[85.844455,20.2968865],[85.8444639,20.2968859],[85.8444651,20.2969013],[85.8444787,20.2969004],[85.8444933,20.297089],[85.8444754,20.2970902],[85.844479,20.2971354],[85.8445301,20.2971319],[85.8445275,20.2970992],[85.8446124,20.2970934],[85.8446132,20.2971035],[85.8445652,20.2971068],[85.8445682,20.2971457],[85.8446579,20.2971396],[85.8446555,20.2971086],[85.8446414,20.2971096],[85.8446399,20.2970907],[85.8447251,20.2970849],[85.8447274,20.2971152],[85.844783,20.2971114],[85.8447796,20.2970667],[85.8447433,20.2970692],[85.8447403,20.2970309],[85.844785,20.2970278],[85.8447763,20.2969159],[85.8447323,20.2969189],[85.8447292,20.2968792],[85.8447699,20.2968764],[85.8447661,20.2968272],[85.844706,20.2968313],[85.8447085,20.296864],[85.8446276,20.2968696],[85.8446241,20.2968239],[85.8447623,20.2968145],[85.8447591,20.2967732],[85.8446144,20.2967831],[85.8446103,20.29673],[85.8448626,20.2967127],[85.8448519,20.2965746],[85.8446553,20.296588],[85.8446519,20.2965446],[85.8441684,20.2965776],[85.8441784,20.2967062],[85.8441923,20.2967053],[85.8441942,20.296729],[85.844158,20.2967315],[85.8441629,20.2967939]]]}},{"type":"Feature","properties":{"building":"yes","name":null,"height":null,"building:levels":null,"amenity":null,"render_height_m":9.0,"height_source":"visual_default_not_measured","web_layer_source":"F:/datasets/layers/all_building.geojson"},"geometry":{"type":"Polygon","coordinates":[[[85.8383247,20.297459],[85.8383937,20.2974569],[85.83839,20.2973497],[85.8383329,20.2973514],[85.838334,20.2973822],[85.8383087,20.297383],[85.8383113,20.2974595],[85.8383247,20.297459]]]}},{"type":"Feature","properties":{"building":"yes","name":null,"height":null,"building:levels":null,"amenity":null,"render_height_m":9.0,"height_source":"visual_default_not_measured","web_layer_source":"F:/datasets/layers/all_building.geojson"},"geometry":{"type":"Polygon","coordinates":[[[85.843307,20.3001583],[85.8434572,20.3001916],[85.8437321,20.3001727],[85.843897,20.3000948],[85.8438649,20.3000124],[85.8437006,20.3000853],[85.8434793,20.3001029],[85.8433291,20.3000652],[85.843307,20.3001583]]]}},{"type":"Feature","properties":{"building":"yes","name":null,"height":null,"building:levels":null,"amenity":null,"render_height_m":9.0,"height_source":"visual_default_not_measured","web_layer_source":"F:/datasets/layers/all_building.geojson"},"geometry":{"type":"Polygon","coordinates":[[[85.8454436,20.2965591],[85.8454953,20.2965562],[85.8454764,20.2962584],[85.8454074,20.2962622],[85.845415,20.2963819],[85.8454499,20.2963799],[85.8454508,20.2963928],[85.8454331,20.2963938],[85.8454436,20.2965591]]]}},{"type":"Feature","properties":{"building":"yes","name":null,"height":null,"building:levels":null,"amenity":null,"render_height_m":9.0,"height_source":"visual_default_not_measured","web_layer_source":"F:/datasets/layers/all_building.geojson"},"geometry":{"type":"Polygon","coordinates":[[[85.8434002,20.3011938],[85.8435504,20.3012271],[85.8438253,20.3012082],[85.8439902,20.3011302],[85.8439581,20.3010479],[85.8437938,20.3011208],[85.8435725,20.3011384],[85.8434223,20.3011007],[85.8434002,20.3011938]]]}},{"type":"Feature","properties":{"building":"yes","name":null,"height":null,"building:levels":null,"amenity":null,"render_height_m":9.0,"height_source":"visual_default_not_measured","web_layer_source":"F:/datasets/layers/all_building.geojson"},"geometry":{"type":"Polygon","coordinates":[[[85.8426647,20.3007121],[85.8426514,20.3005487],[85.8421619,20.3005839],[85.8421739,20.3007305],[85.8422449,20.3007254],[85.8422479,20.3007619],[85.8424337,20.3007485],[85.8424321,20.3007288],[85.8426647,20.3007121]]]}},{"type":"Feature","properties":{"building":"yes","name":null,"height":null,"building:levels":null,"amenity":null,"render_height_m":9.0,"height_source":"visual_default_not_measured","web_layer_source":"F:/datasets/layers/all_building.geojson"},"geometry":{"type":"Polygon","coordinates":[[[85.8453136,20.2964632],[85.8453995,20.2964614],[85.8453953,20.2962877],[85.8453078,20.2962896],[85.8453093,20.2963541],[85.8452835,20.2963547],[85.8452847,20.2964028],[85.8453122,20.2964022],[85.8453136,20.2964632]]]}},{"type":"Feature","properties":{"building":"yes","name":null,"height":null,"building:levels":null,"amenity":null,"render_height_m":9.0,"height_source":"visual_default_not_measured","web_layer_source":"F:/datasets/layers/all_building.geojson"},"geometry":{"type":"Polygon","coordinates":[[[85.8434136,20.3008649],[85.8435316,20.3008076],[85.8437763,20.3007888],[85.8439326,20.3008353],[85.84395,20.3007535],[85.8437951,20.3007045],[85.8435021,20.3007177],[85.8433653,20.3007862],[85.8434136,20.3008649]]]}},{"type":"Feature","properties":{"building":"yes","name":null,"height":null,"building:levels":null,"amenity":null,"render_height_m":9.0,"height_source":"visual_default_not_measured","web_layer_source":"F:/datasets/layers/all_building.geojson"},"geometry":{"type":"Polygon","coordinates":[[[85.8438659,20.2997282],[85.8436938,20.2996706],[85.8434469,20.2996923],[85.8432722,20.2997633],[85.8433137,20.299836],[85.8434638,20.2997731],[85.8436893,20.299756],[85.8438342,20.2997978],[85.8438659,20.2997282]]]}},{"type":"Feature","properties":{"building":"yes","name":null,"height":null,"building:levels":null,"amenity":null,"render_height_m":9.0,"height_source":"visual_default_not_measured","web_layer_source":"F:/datasets/layers/all_building.geojson"},"geometry":{"type":"Polygon","coordinates":[[[85.8438496,20.3017483],[85.843952,20.3017385],[85.8439313,20.3015492],[85.8438749,20.3015546],[85.8438783,20.3015859],[85.8439295,20.301581],[85.8439312,20.3015972],[85.8438341,20.3016066],[85.8438496,20.3017483]]]}},{"type":"Feature","properties":{"building":"yes","name":null,"height":null,"building:levels":null,"amenity":null,"render_height_m":9.0,"height_source":"visual_default_not_measured","web_layer_source":"F:/datasets/layers/all_building.geojson"},"geometry":{"type":"Polygon","coordinates":[[[85.8445005,20.3025857],[85.8444986,20.3025362],[85.8445564,20.3025343],[85.8445574,20.3025624],[85.8445433,20.3025629],[85.8445443,20.3025886],[85.8445731,20.3025876],[85.8445741,20.3026152],[85.8446317,20.3026133],[85.8446303,20.3025763],[85.8446059,20.3025772],[85.8446051,20.3025554],[85.8446427,20.3025541],[85.844644,20.302587],[85.8446886,20.3025855],[85.8446873,20.3025528],[85.8446661,20.3025536],[85.8446655,20.3025379],[85.8447225,20.3025359],[85.8447211,20.3025],[85.8447358,20.3024995],[85.8447347,20.3024707],[85.8446898,20.3024722],[85.8446889,20.3024481],[85.8446269,20.3024502],[85.8446283,20.3024885],[85.8446153,20.3024889],[85.8446164,20.3025169],[85.8445179,20.3025203],[85.8445167,20.3024906],[85.8445673,20.3024889],[85.8445633,20.3023859],[85.8445451,20.3023865],[85.8445438,20.302352],[85.8445116,20.3023531],[85.8445096,20.3023018],[85.8444452,20.302304],[85.8443955,20.3023057],[85.8443944,20.3022757],[85.8443335,20.3022778],[85.8443323,20.3022471],[85.8443238,20.3022474],[85.8443226,20.3022166],[85.8442963,20.3022175],[85.8442945,20.3021719],[85.8443591,20.3021697],[85.8443584,20.3021516],[85.8443731,20.3021511],[85.8443754,20.3022092],[85.8445047,20.3022047],[85.8445036,20.3021751],[85.8445481,20.3021736],[85.8445468,20.30214],[85.8445283,20.3021406],[85.8445278,20.3021265],[85.8445628,20.3021253],[85.8445617,20.3020954],[85.8445263,20.3020966],[85.8445257,20.3020808],[85.8444812,20.3020823],[85.8444817,20.3020959],[85.8444383,20.3020974],[85.8444394,20.3021263],[85.8443948,20.3021278],[85.8443938,20.302101],[85.8443355,20.302103],[85.8443363,20.3021217],[85.8442749,20.3021238],[85.8442782,20.3022107],[85.8442405,20.302212],[85.844241,20.3022257],[85.8441961,20.3022273],[85.8441981,20.3022778],[85.84422,20.302277],[85.8442212,20.3023091],[85.8442711,20.3023074],[85.8442727,20.3023503],[85.8443059,20.3023492],[85.8443049,20.3023235],[85.8443339,20.3023225],[85.8443346,20.3023403],[85.8443236,20.3023407],[85.8443251,20.3023798],[85.8443787,20.3023779],[85.8443773,20.3023439],[85.8444103,20.3023428],[85.844442,20.3023417],[85.8444451,20.3024206],[85.8443934,20.3024223],[85.8443951,20.3024658],[85.8444502,20.3024639],[85.844453,20.3025338],[85.8444412,20.3025342],[85.8444432,20.3025877],[85.8445005,20.3025857]]]}},{"type":"Feature","properties":{"building":"yes","name":"Hotel Prangan by Mango","height":null,"building:levels":null,"amenity":null,"render_height_m":9.0,"height_source":"visual_default_not_measured","web_layer_source":"F:/datasets/layers/all_building.geojson"},"geometry":{"type":"Polygon","coordinates":[[[85.8465818,20.2641947],[85.8466247,20.2643306],[85.8468795,20.2642601],[85.8468634,20.2641997],[85.8468956,20.2641846],[85.8468688,20.2641041],[85.8465818,20.2641947]]]}},{"type":"Feature","properties":{"building":"apartments","name":"Aparti Enclave","height":null,"building:levels":"4","amenity":null,"render_height_m":12.0,"height_source":"osm_levels_visualized_3m","web_layer_source":"F:/datasets/layers/all_building.geojson"},"geometry":{"type":"Polygon","coordinates":[[[85.8397849,20.3273864],[85.8402023,20.3273046],[85.8402696,20.3276064],[85.8401919,20.3276216],[85.8400529,20.3276469],[85.8400263,20.3276247],[85.8398788,20.3276179],[85.8398383,20.3276259],[85.8397849,20.3273864]]]}},{"type":"Feature","properties":{"building":"apartments","name":"Ahalya Enclave","height":null,"building:levels":null,"amenity":null,"render_height_m":9.0,"height_source":"visual_default_not_measured","web_layer_source":"F:/datasets/layers/all_building.geojson"},"geometry":{"type":"Polygon","coordinates":[[[85.8398287,20.3278628],[85.8400027,20.3277984],[85.8402034,20.3282751],[85.8401887,20.3283471],[85.8400559,20.3284716],[85.8397941,20.3278845],[85.8397798,20.3278506],[85.8398176,20.3278366],[85.8398287,20.3278628]]]}},{"type":"Feature","properties":{"building":"apartments","name":"SBI staff quarters D-block","height":null,"building:levels":"3","amenity":null,"render_height_m":9.0,"height_source":"osm_levels_visualized_3m","web_layer_source":"F:/datasets/layers/all_building.geojson"},"geometry":{"type":"Polygon","coordinates":[[[85.8261368,20.2816884],[85.8260682,20.2815515],[85.8261522,20.2815145],[85.8261695,20.2815488],[85.8262631,20.2815075],[85.8262901,20.2814949],[85.8263168,20.281545],[85.8262101,20.2815943],[85.8261804,20.2816075],[85.8262057,20.281658],[85.8261368,20.2816884]]]}},{"type":"Feature","properties":{"building":"yes","name":"SBI staff quarters A block","height":null,"building:levels":"3","amenity":null,"render_height_m":9.0,"height_source":"osm_levels_visualized_3m","web_layer_source":"F:/datasets/layers/all_building.geojson"},"geometry":{"type":"Polygon","coordinates":[[[85.8263175,20.281489],[85.8263008,20.2812307],[85.8263799,20.2812261],[85.8264031,20.2814947],[85.8263175,20.281489]]]}},{"type":"Feature","properties":{"building":"yes","name":null,"height":null,"building:levels":"3","amenity":null,"render_height_m":9.0,"height_source":"osm_levels_visualized_3m","web_layer_source":"F:/datasets/layers/all_building.geojson"},"geometry":{"type":"Polygon","coordinates":[[[85.8260641,20.2815005],[85.8262264,20.2814301],[85.8261432,20.2812829],[85.8259836,20.2813571],[85.8260641,20.2815005]]]}},{"type":"Feature","properties":{"building":"yes","name":null,"height":null,"building:levels":"3","amenity":null,"render_height_m":9.0,"height_source":"osm_levels_visualized_3m","web_layer_source":"F:/datasets/layers/all_building.geojson"},"geometry":{"type":"Polygon","coordinates":[[[85.8259595,20.2813257],[85.8261486,20.2812439],[85.826052,20.2811005],[85.8259172,20.2812073],[85.8259595,20.2813257]]]}},{"type":"Feature","properties":{"building":"yes","name":null,"height":null,"building:levels":"3","amenity":null,"render_height_m":9.0,"height_source":"osm_levels_visualized_3m","web_layer_source":"F:/datasets/layers/all_building.geojson"},"geometry":{"type":"Polygon","coordinates":[[[85.8259306,20.2810724],[85.8261655,20.2810674],[85.8261822,20.2809741],[85.8260857,20.2809528],[85.8261028,20.2808438],[85.8260162,20.2808299],[85.8260119,20.2809835],[85.8259304,20.2809907],[85.8259306,20.2810724]]]}},{"type":"Feature","properties":{"building":"yes","name":null,"height":null,"building:levels":"3","amenity":null,"render_height_m":9.0,"height_source":"osm_levels_visualized_3m","web_layer_source":"F:/datasets/layers/all_building.geojson"},"geometry":{"type":"Polygon","coordinates":[[[85.8257355,20.28082],[85.8257704,20.2807545],[85.8259005,20.2808061],[85.8259273,20.2807671],[85.8260105,20.2808023],[85.8259126,20.2809885],[85.8258254,20.2809596],[85.8258562,20.2808791],[85.8257355,20.28082]]]}},{"type":"Feature","properties":{"building":"apartments","name":"SBI guest house","height":null,"building:levels":"3","amenity":null,"render_height_m":9.0,"height_source":"osm_levels_visualized_3m","web_layer_source":"F:/datasets/layers/all_building.geojson"},"geometry":{"type":"Polygon","coordinates":[[[85.8261713,20.2811866],[85.8261841,20.2810981],[85.8262393,20.2810958],[85.8262288,20.2809709],[85.8263113,20.2809616],[85.8263233,20.2810228],[85.8263716,20.2810971],[85.8263857,20.2811674],[85.8261713,20.2811866]]]}},{"type":"Feature","properties":{"building":"yes","name":null,"height":null,"building:levels":"3","amenity":null,"render_height_m":9.0,"height_source":"osm_levels_visualized_3m","web_layer_source":"F:/datasets/layers/all_building.geojson"},"geometry":{"type":"Polygon","coordinates":[[[85.8261993,20.2808989],[85.8261834,20.2807756],[85.8261125,20.2807764],[85.8260931,20.2806771],[85.8263065,20.2806226],[85.8263177,20.2807376],[85.8262535,20.2807665],[85.8262805,20.2808692],[85.8261993,20.2808989]]]}},{"type":"Feature","properties":{"building":"apartments","name":"Jyotsna Garden Apartment","height":null,"building:levels":null,"amenity":null,"render_height_m":9.0,"height_source":"visual_default_not_measured","web_layer_source":"F:/datasets/layers/all_building.geojson"},"geometry":{"type":"Polygon","coordinates":[[[85.8257566,20.2821762],[85.8256656,20.2820288],[85.8260487,20.2818503],[85.8261244,20.2819926],[85.8257566,20.2821762]]]}},{"type":"Feature","properties":{"building":"yes","name":"Jagannatha Heights","height":null,"building:levels":null,"amenity":null,"render_height_m":9.0,"height_source":"visual_default_not_measured","web_layer_source":"F:/datasets/layers/all_building.geojson"},"geometry":{"type":"Polygon","coordinates":[[[85.8257181,20.2819748],[85.8259944,20.2818503],[85.8259564,20.2817808],[85.8256846,20.2819068],[85.8257181,20.2819748]]]}},{"type":"Feature","properties":{"building":"apartments","name":null,"height":null,"building:levels":null,"amenity":null,"render_height_m":9.0,"height_source":"visual_default_not_measured","web_layer_source":"F:/datasets/layers/all_building.geojson"},"geometry":{"type":"Polygon","coordinates":[[[85.8258965,20.2827056],[85.8264222,20.2824704],[85.8263364,20.2822779],[85.8257999,20.282522],[85.8258965,20.2827056]]]}},{"type":"Feature","properties":{"building":"yes","name":"SS The Mart","height":null,"building:levels":null,"amenity":null,"render_height_m":9.0,"height_source":"visual_default_not_measured","web_layer_source":"F:/datasets/layers/all_building.geojson"},"geometry":{"type":"Polygon","coordinates":[[[85.8262586,20.2849246],[85.8262773,20.2846831],[85.8264758,20.2847095],[85.8264678,20.2847825],[85.8265442,20.2847875],[85.8265187,20.2849536],[85.8262586,20.2849246]]]}},{"type":"Feature","properties":{"building":"yes","name":"Baruneswar Temple","height":null,"building:levels":null,"amenity":null,"render_height_m":9.0,"height_source":"visual_default_not_measured","web_layer_source":"F:/datasets/layers/all_building.geojson"},"geometry":{"type":"Polygon","coordinates":[[[85.8078351,20.2338624],[85.8077842,20.2336283],[85.8079391,20.2336072],[85.8079558,20.2337214],[85.8083895,20.2336886],[85.8084118,20.2338347],[85.8078351,20.2338624]]]}},{"type":"Feature","properties":{"building":"college","name":"CRPF ITI KHORDHA BBSR","height":null,"building:levels":null,"amenity":null,"render_height_m":9.0,"height_source":"visual_default_not_measured","web_layer_source":"F:/datasets/layers/all_building.geojson"},"geometry":{"type":"Polygon","coordinates":[[[85.7990178,20.2808059],[85.7989406,20.2807487],[85.7990422,20.2805923],[85.7990991,20.2806076],[85.799152,20.2805313],[85.7995422,20.2807296],[85.7992739,20.28105],[85.7989812,20.2809203],[85.7990178,20.2808059]]]}},{"type":"Feature","properties":{"building":"school","name":null,"height":null,"building:levels":null,"amenity":null,"render_height_m":9.0,"height_source":"visual_default_not_measured","web_layer_source":"F:/datasets/layers/all_building.geojson"},"geometry":{"type":"Polygon","coordinates":[[[85.7979886,20.2821436],[85.7980147,20.2821925],[85.7980781,20.2823114],[85.7983342,20.282178],[85.7982936,20.2820903],[85.7981513,20.2821589],[85.7980496,20.2820102],[85.7979886,20.2821436]]]}},{"type":"Feature","properties":{"building":"school","name":"K V","height":null,"building:levels":null,"amenity":null,"render_height_m":9.0,"height_source":"visual_default_not_measured","web_layer_source":"F:/datasets/layers/all_building.geojson"},"geometry":{"type":"Polygon","coordinates":[[[85.7983958,20.2822092],[85.798412,20.2822741],[85.7984852,20.2822588],[85.7985137,20.2823313],[85.7985462,20.2823236],[85.7985462,20.2823732],[85.7986763,20.2823313],[85.798656,20.2822893],[85.7986966,20.282255],[85.7986397,20.2820834],[85.7985584,20.2821025],[85.798595,20.2820491],[85.798656,20.2820491],[85.7987413,20.2818965],[85.7986763,20.2818355],[85.798721,20.2817898],[85.7987291,20.2818508],[85.7989243,20.281805],[85.7989202,20.2817707],[85.7989853,20.2817516],[85.7989527,20.2816792],[85.798908,20.2816906],[85.7989121,20.2816449],[85.7988389,20.2816639],[85.7988064,20.2815724],[85.798717,20.2816029],[85.7987373,20.2816601],[85.7986844,20.2816792],[85.7987048,20.2817364],[85.7986275,20.2817554],[85.7984649,20.2820262],[85.7984812,20.2820758],[85.798473,20.2821177],[85.7984324,20.2821215],[85.7984446,20.282194],[85.7983958,20.2822092]]]}},{"type":"Feature","properties":{"building":"hospital","name":"CRPF GC HOSPITAL","height":null,"building:levels":null,"amenity":null,"render_height_m":9.0,"height_source":"visual_default_not_measured","web_layer_source":"F:/datasets/layers/all_building.geojson"},"geometry":{"type":"Polygon","coordinates":[[[85.8037286,20.28898],[85.8038547,20.2890487],[85.8038547,20.2890144],[85.8040417,20.2891249],[85.8040295,20.289186],[85.8041189,20.2892432],[85.8043913,20.2893995],[85.8045661,20.2891554],[85.8044857,20.2891094],[85.8038465,20.2887436],[85.8037286,20.28898]]]}},{"type":"Feature","properties":{"building":"yes","name":"Utkal Villa Apartment","height":null,"building:levels":"9","amenity":null,"render_height_m":27.0,"height_source":"osm_levels_visualized_3m","web_layer_source":"F:/datasets/layers/all_building.geojson"},"geometry":{"type":"Polygon","coordinates":[[[85.8272215,20.2938834],[85.8271932,20.2935366],[85.8278355,20.2935034],[85.8278674,20.2936511],[85.8276533,20.293661],[85.827655,20.293827],[85.8274427,20.2938685],[85.8272215,20.2938834]]]}},{"type":"Feature","properties":{"building":"stadium","name":null,"height":null,"building:levels":null,"amenity":null,"render_height_m":9.0,"height_source":"visual_default_not_measured","web_layer_source":"F:/datasets/layers/all_building.geojson"},"geometry":{"type":"Polygon","coordinates":[[[85.8246444,20.2913447],[85.8245051,20.2913853],[85.8245032,20.2914185],[85.8243706,20.2914263],[85.8243528,20.2905313],[85.8246352,20.2905268],[85.8246444,20.2913447]]]}},{"type":"Feature","properties":{"building":"stadium","name":null,"height":null,"building:levels":null,"amenity":null,"render_height_m":9.0,"height_source":"visual_default_not_measured","web_layer_source":"F:/datasets/layers/all_building.geojson"},"geometry":{"type":"Polygon","coordinates":[[[85.8253288,20.291421],[85.8255987,20.2915131],[85.8255853,20.2905864],[85.8253304,20.2905134],[85.8253288,20.291421]]]}},{"type":"Feature","properties":{"building":"yes","name":null,"height":null,"building:levels":null,"amenity":null,"render_height_m":9.0,"height_source":"visual_default_not_measured","web_layer_source":"F:/datasets/layers/all_building.geojson"},"geometry":{"type":"Polygon","coordinates":[[[85.8239822,20.290494],[85.8239743,20.2898601],[85.8241603,20.2898581],[85.8241682,20.290492],[85.8239822,20.290494]]]}},{"type":"Feature","properties":{"building":"stadium","name":null,"height":null,"building:levels":null,"amenity":null,"render_height_m":9.0,"height_source":"visual_default_not_measured","web_layer_source":"F:/datasets/layers/all_building.geojson"},"geometry":{"type":"Polygon","coordinates":[[[85.8246853,20.2914564],[85.8246954,20.2917608],[85.8253234,20.2917383],[85.8253291,20.2914505],[85.8246853,20.2914564]]]}},{"type":"Feature","properties":{"building":"stadium","name":null,"height":null,"building:levels":null,"amenity":null,"render_height_m":9.0,"height_source":"visual_default_not_measured","web_layer_source":"F:/datasets/layers/all_building.geojson"},"geometry":{"type":"Polygon","coordinates":[[[85.8246779,20.2904826],[85.8246616,20.2903027],[85.8253117,20.2902948],[85.8252873,20.2904781],[85.8246779,20.2904826]]]}},{"type":"Feature","properties":{"building":"yes","name":null,"height":null,"building:levels":null,"amenity":null,"render_height_m":9.0,"height_source":"visual_default_not_measured","web_layer_source":"F:/datasets/layers/all_building.geojson"},"geometry":{"type":"Polygon","coordinates":[[[85.8239003,20.2915773],[85.8237009,20.2913756],[85.8238044,20.2912856],[85.8240038,20.2914872],[85.8239003,20.2915773]]]}},{"type":"Feature","properties":{"building":"yes","name":null,"height":null,"building:levels":null,"amenity":null,"render_height_m":9.0,"height_source":"visual_default_not_measured","web_layer_source":"F:/datasets/layers/all_building.geojson"},"geometry":{"type":"Polygon","coordinates":[[[85.8235111,20.291428],[85.8234237,20.2913301],[85.8236649,20.2911409],[85.8237522,20.2912388],[85.8235111,20.291428]]]}},{"type":"Feature","properties":{"building":"yes","name":null,"height":null,"building:levels":null,"amenity":null,"render_height_m":9.0,"height_source":"visual_default_not_measured","web_layer_source":"F:/datasets/layers/all_building.geojson"},"geometry":{"type":"Polygon","coordinates":[[[85.8242224,20.2921528],[85.8241738,20.2920979],[85.8244187,20.291907],[85.8244673,20.2919619],[85.8242224,20.2921528]]]}},{"type":"Feature","properties":{"building":"yes","name":null,"height":null,"building:levels":null,"amenity":null,"render_height_m":9.0,"height_source":"visual_default_not_measured","web_layer_source":"F:/datasets/layers/all_building.geojson"},"geometry":{"type":"Polygon","coordinates":[[[85.8241129,20.2920334],[85.82406,20.291978],[85.824293,20.291782],[85.8243459,20.2918374],[85.8241129,20.2920334]]]}},{"type":"Feature","properties":{"building":"yes","name":null,"height":null,"building:levels":null,"amenity":null,"render_height_m":9.0,"height_source":"visual_default_not_measured","web_layer_source":"F:/datasets/layers/all_building.geojson"},"geometry":{"type":"Polygon","coordinates":[[[85.8243081,20.2916976],[85.8242527,20.2916397],[85.8244334,20.2914876],[85.8244888,20.2915455],[85.8243081,20.2916976]]]}},{"type":"Feature","properties":{"building":"yes","name":null,"height":null,"building:levels":null,"amenity":null,"render_height_m":9.0,"height_source":"visual_default_not_measured","web_layer_source":"F:/datasets/layers/all_building.geojson"},"geometry":{"type":"Polygon","coordinates":[[[85.8238785,20.2929483],[85.8237671,20.2928874],[85.8240207,20.2924793],[85.8241321,20.2925402],[85.8238785,20.2929483]]]}},{"type":"Feature","properties":{"building":"yes","name":null,"height":null,"building:levels":null,"amenity":null,"render_height_m":9.0,"height_source":"visual_default_not_measured","web_layer_source":"F:/datasets/layers/all_building.geojson"},"geometry":{"type":"Polygon","coordinates":[[[85.8246828,20.297547],[85.8247498,20.2973936],[85.8248553,20.2974342],[85.8247883,20.2975875],[85.8246828,20.297547]]]}},{"type":"Feature","properties":{"building":"yes","name":null,"height":null,"building:levels":null,"amenity":null,"render_height_m":9.0,"height_source":"visual_default_not_measured","web_layer_source":"F:/datasets/layers/all_building.geojson"},"geometry":{"type":"Polygon","coordinates":[[[85.8249237,20.2976415],[85.8248135,20.297598],[85.8248832,20.2974425],[85.8249935,20.297486],[85.8249237,20.2976415]]]}},{"type":"Feature","properties":{"building":"yes","name":null,"height":null,"building:levels":null,"amenity":null,"render_height_m":9.0,"height_source":"visual_default_not_measured","web_layer_source":"F:/datasets/layers/all_building.geojson"},"geometry":{"type":"Polygon","coordinates":[[[85.8250516,20.2977048],[85.8249442,20.2976638],[85.8250143,20.2975023],[85.8251217,20.2975433],[85.8250516,20.2977048]]]}},{"type":"Feature","properties":{"building":"yes","name":null,"height":null,"building:levels":null,"amenity":null,"render_height_m":9.0,"height_source":"visual_default_not_measured","web_layer_source":"F:/datasets/layers/all_building.geojson"},"geometry":{"type":"Polygon","coordinates":[[[85.8251882,20.2977602],[85.8250789,20.2977183],[85.8251487,20.2975581],[85.825258,20.2975999],[85.8251882,20.2977602]]]}},{"type":"Feature","properties":{"building":"yes","name":null,"height":null,"building:levels":null,"amenity":null,"render_height_m":9.0,"height_source":"visual_default_not_measured","web_layer_source":"F:/datasets/layers/all_building.geojson"},"geometry":{"type":"Polygon","coordinates":[[[85.8247534,20.2972914],[85.8246009,20.2972299],[85.8246427,20.2971386],[85.8247952,20.2972001],[85.8247534,20.2972914]]]}},{"type":"Feature","properties":{"building":"yes","name":null,"height":null,"building:levels":null,"amenity":null,"render_height_m":9.0,"height_source":"visual_default_not_measured","web_layer_source":"F:/datasets/layers/all_building.geojson"},"geometry":{"type":"Polygon","coordinates":[[[85.8247557,20.2973694],[85.8248239,20.2972119],[85.824935,20.2972542],[85.8248668,20.2974117],[85.8247557,20.2973694]]]}},{"type":"Feature","properties":{"building":"yes","name":null,"height":null,"building:levels":null,"amenity":null,"render_height_m":9.0,"height_source":"visual_default_not_measured","web_layer_source":"F:/datasets/layers/all_building.geojson"},"geometry":{"type":"Polygon","coordinates":[[[85.8248903,20.2974195],[85.8249511,20.2972806],[85.8250603,20.2973226],[85.8249995,20.2974615],[85.8248903,20.2974195]]]}},{"type":"Feature","properties":{"building":"yes","name":null,"height":null,"building:levels":null,"amenity":null,"render_height_m":9.0,"height_source":"visual_default_not_measured","web_layer_source":"F:/datasets/layers/all_building.geojson"},"geometry":{"type":"Polygon","coordinates":[[[85.8251343,20.2974989],[85.8250495,20.2974653],[85.8250773,20.2974036],[85.8250622,20.2973976],[85.8250794,20.2973594],[85.8250638,20.2973532],[85.8250798,20.2973176],[85.8251954,20.2973635],[85.8251343,20.2974989]]]}},{"type":"Feature","properties":{"building":"yes","name":null,"height":null,"building:levels":null,"amenity":null,"render_height_m":9.0,"height_source":"visual_default_not_measured","web_layer_source":"F:/datasets/layers/all_building.geojson"},"geometry":{"type":"Polygon","coordinates":[[[85.8252756,20.2975708],[85.8251525,20.2975219],[85.8252195,20.2973735],[85.8253426,20.2974223],[85.8252756,20.2975708]]]}},{"type":"Feature","properties":{"building":"yes","name":null,"height":null,"building:levels":null,"amenity":null,"render_height_m":9.0,"height_source":"visual_default_not_measured","web_layer_source":"F:/datasets/layers/all_building.geojson"},"geometry":{"type":"Polygon","coordinates":[[[85.8517254,20.2869791],[85.8517294,20.2869794],[85.8517343,20.2869088],[85.8517298,20.2869085],[85.8517305,20.2868985],[85.8517269,20.2868982],[85.8517284,20.286877],[85.8517137,20.2868761],[85.851716,20.2868415],[85.8517112,20.2868412],[85.8517134,20.2868101],[85.8515705,20.2868015],[85.8515655,20.2868743],[85.8515836,20.2868754],[85.851582,20.2868982],[85.8515619,20.286897],[85.851557,20.286968],[85.8516771,20.2869752],[85.851674,20.2870201],[85.8517224,20.2870231],[85.8517254,20.2869791]]]}},{"type":"Feature","properties":{"building":"yes","name":null,"height":null,"building:levels":null,"amenity":null,"render_height_m":9.0,"height_source":"visual_default_not_measured","web_layer_source":"F:/datasets/layers/all_building.geojson"},"geometry":{"type":"Polygon","coordinates":[[[85.8514203,20.2869086],[85.851402,20.2869071],[85.8513978,20.2869523],[85.8515279,20.286963],[85.8515321,20.2869178],[85.8515268,20.2869174],[85.8515282,20.2869003],[85.8515393,20.2869014],[85.851552,20.2867819],[85.8513971,20.2867675],[85.8513844,20.2868869],[85.8514218,20.2868904],[85.8514203,20.2869086]]]}},{"type":"Feature","properties":{"building":"yes","name":null,"height":null,"building:levels":null,"amenity":null,"render_height_m":9.0,"height_source":"visual_default_not_measured","web_layer_source":"F:/datasets/layers/all_building.geojson"},"geometry":{"type":"Polygon","coordinates":[[[85.8512228,20.2869523],[85.851368,20.2869647],[85.8513814,20.286827],[85.8512362,20.2868146],[85.8512228,20.2869523]]]}},{"type":"Feature","properties":{"building":"yes","name":null,"height":null,"building:levels":null,"amenity":null,"render_height_m":9.0,"height_source":"visual_default_not_measured","web_layer_source":"F:/datasets/layers/all_building.geojson"},"geometry":{"type":"Polygon","coordinates":[[[85.8510699,20.2869334],[85.851169,20.2869434],[85.8511837,20.2868138],[85.8510847,20.2868039],[85.8510699,20.2869334]]]}},{"type":"Feature","properties":{"building":"yes","name":null,"height":null,"building:levels":null,"amenity":null,"render_height_m":9.0,"height_source":"visual_default_not_measured","web_layer_source":"F:/datasets/layers/all_building.geojson"},"geometry":{"type":"Polygon","coordinates":[[[85.8509054,20.2868835],[85.8509461,20.2868879],[85.850947,20.2868803],[85.851004,20.2868864],[85.8510096,20.2868413],[85.8510363,20.2868442],[85.8510392,20.2868204],[85.850962,20.2868121],[85.8509696,20.2867504],[85.8509111,20.2867441],[85.8509034,20.2868061],[85.8508824,20.2868039],[85.8508794,20.2868277],[85.8509118,20.2868312],[85.8509054,20.2868835]]]}},{"type":"Feature","properties":{"building":"yes","name":null,"height":null,"building:levels":null,"amenity":null,"render_height_m":9.0,"height_source":"visual_default_not_measured","web_layer_source":"F:/datasets/layers/all_building.geojson"},"geometry":{"type":"Polygon","coordinates":[[[85.8507172,20.2868605],[85.8508457,20.2868747],[85.8508604,20.2867578],[85.850732,20.2867435],[85.8507172,20.2868605]]]}},{"type":"Feature","properties":{"building":"yes","name":null,"height":null,"building:levels":null,"amenity":null,"render_height_m":9.0,"height_source":"visual_default_not_measured","web_layer_source":"F:/datasets/layers/all_building.geojson"},"geometry":{"type":"Polygon","coordinates":[[[85.8517627,20.2866179],[85.8517202,20.2866126],[85.8517173,20.2866326],[85.8516095,20.2866191],[85.8515905,20.2867531],[85.8516662,20.2867625],[85.8516714,20.2867261],[85.8517043,20.2867302],[85.8516991,20.2867669],[85.8517408,20.2867721],[85.8517627,20.2866179]]]}},{"type":"Feature","properties":{"building":"yes","name":null,"height":null,"building:levels":null,"amenity":null,"render_height_m":9.0,"height_source":"visual_default_not_measured","web_layer_source":"F:/datasets/layers/all_building.geojson"},"geometry":{"type":"Polygon","coordinates":[[[85.8514494,20.2867221],[85.8515822,20.2867404],[85.8516012,20.286619],[85.8514684,20.2866007],[85.8514494,20.2867221]]]}},{"type":"Feature","properties":{"building":"yes","name":null,"height":null,"building:levels":null,"amenity":null,"render_height_m":9.0,"height_source":"visual_default_not_measured","web_layer_source":"F:/datasets/layers/all_building.geojson"},"geometry":{"type":"Polygon","coordinates":[[[85.851259,20.2866699],[85.8512976,20.2866736],[85.8512942,20.2867046],[85.8513924,20.2867141],[85.8514091,20.2865624],[85.8513331,20.286555],[85.8513318,20.2865675],[85.8512709,20.2865616],[85.851259,20.2866699]]]}},{"type":"Feature","properties":{"building":"yes","name":null,"height":null,"building:levels":null,"amenity":null,"render_height_m":9.0,"height_source":"visual_default_not_measured","web_layer_source":"F:/datasets/layers/all_building.geojson"},"geometry":{"type":"Polygon","coordinates":[[[85.8510786,20.2866687],[85.8512235,20.2866869],[85.851244,20.2865437],[85.8510991,20.2865255],[85.8510786,20.2866687]]]}},{"type":"Feature","properties":{"building":"yes","name":null,"height":null,"building:levels":null,"amenity":null,"render_height_m":9.0,"height_source":"visual_default_not_measured","web_layer_source":"F:/datasets/layers/all_building.geojson"},"geometry":{"type":"Polygon","coordinates":[[[85.8509901,20.2866712],[85.8510616,20.2866802],[85.851066,20.2866492],[85.8510721,20.2866499],[85.8510876,20.2865292],[85.8509351,20.286512],[85.8509197,20.2866328],[85.8509944,20.2866412],[85.8509901,20.2866712]]]}},{"type":"Feature","properties":{"building":"yes","name":null,"height":null,"building:levels":null,"amenity":null,"render_height_m":9.0,"height_source":"visual_default_not_measured","web_layer_source":"F:/datasets/layers/all_building.geojson"},"geometry":{"type":"Polygon","coordinates":[[[85.8508057,20.286646],[85.8509056,20.2866592],[85.850912,20.2866166],[85.8508121,20.2866033],[85.8508057,20.286646]]]}},{"type":"Feature","properties":{"building":"yes","name":null,"height":null,"building:levels":null,"amenity":null,"render_height_m":9.0,"height_source":"visual_default_not_measured","web_layer_source":"F:/datasets/layers/all_building.geojson"},"geometry":{"type":"Polygon","coordinates":[[[85.8507621,20.2864881],[85.8507495,20.2865928],[85.8508856,20.2866072],[85.8508983,20.2865026],[85.8507621,20.2864881]]]}},{"type":"Feature","properties":{"building":"yes","name":null,"height":null,"building:levels":null,"amenity":null,"render_height_m":9.0,"height_source":"visual_default_not_measured","web_layer_source":"F:/datasets/layers/all_building.geojson"},"geometry":{"type":"Polygon","coordinates":[[[85.8505757,20.2866246],[85.8507098,20.2866397],[85.8507299,20.2864827],[85.8505958,20.2864676],[85.8505757,20.2866246]]]}},{"type":"Feature","properties":{"building":"yes","name":null,"height":null,"building:levels":null,"amenity":null,"render_height_m":9.0,"height_source":"visual_default_not_measured","web_layer_source":"F:/datasets/layers/all_building.geojson"},"geometry":{"type":"Polygon","coordinates":[[[85.850516,20.2868693],[85.8505738,20.2868747],[85.8505766,20.286848],[85.8506937,20.2868589],[85.8507124,20.2866831],[85.8505375,20.2866668],[85.850516,20.2868693]]]}},{"type":"Feature","properties":{"building":"yes","name":null,"height":null,"building:levels":null,"amenity":null,"render_height_m":9.0,"height_source":"visual_default_not_measured","web_layer_source":"F:/datasets/layers/all_building.geojson"},"geometry":{"type":"Polygon","coordinates":[[[85.8505579,20.2875281],[85.8505134,20.2875274],[85.8505136,20.2875105],[85.8504604,20.2875097],[85.8504601,20.2875266],[85.850449,20.2875265],[85.8504485,20.2875536],[85.8504132,20.287553],[85.8504113,20.2876615],[85.8504731,20.2876624],[85.8504729,20.2876777],[85.8505299,20.2876786],[85.8505301,20.2876633],[85.8505556,20.2876637],[85.8505579,20.2875281]]]}},{"type":"Feature","properties":{"building":"yes","name":null,"height":null,"building:levels":null,"amenity":null,"render_height_m":9.0,"height_source":"visual_default_not_measured","web_layer_source":"F:/datasets/layers/all_building.geojson"},"geometry":{"type":"Polygon","coordinates":[[[85.8505928,20.2876816],[85.8507456,20.2876837],[85.8507476,20.287557],[85.8506515,20.2875556],[85.8506514,20.2875644],[85.850612,20.2875639],[85.850611,20.2876268],[85.8505937,20.2876265],[85.8505928,20.2876816]]]}},{"type":"Feature","properties":{"building":"yes","name":null,"height":null,"building:levels":null,"amenity":null,"render_height_m":9.0,"height_source":"visual_default_not_measured","web_layer_source":"F:/datasets/layers/all_building.geojson"},"geometry":{"type":"Polygon","coordinates":[[[85.8507615,20.2875605],[85.8507458,20.2877027],[85.8508947,20.2877171],[85.8509071,20.2876051],[85.8509204,20.2876064],[85.8509237,20.2875762],[85.8507615,20.2875605]]]}},{"type":"Feature","properties":{"building":"yes","name":null,"height":null,"building:levels":null,"amenity":null,"render_height_m":9.0,"height_source":"visual_default_not_measured","web_layer_source":"F:/datasets/layers/all_building.geojson"},"geometry":{"type":"Polygon","coordinates":[[[85.8509257,20.2877272],[85.851078,20.2877486],[85.8511102,20.2875466],[85.850958,20.2875252],[85.8509257,20.2877272]]]}},{"type":"Feature","properties":{"building":"yes","name":null,"height":null,"building:levels":null,"amenity":null,"render_height_m":9.0,"height_source":"visual_default_not_measured","web_layer_source":"F:/datasets/layers/all_building.geojson"},"geometry":{"type":"Polygon","coordinates":[[[85.8511068,20.2877429],[85.8512545,20.287757],[85.8512751,20.2875668],[85.8511274,20.2875527],[85.8511068,20.2877429]]]}},{"type":"Feature","properties":{"building":"yes","name":null,"height":null,"building:levels":null,"amenity":null,"render_height_m":9.0,"height_source":"visual_default_not_measured","web_layer_source":"F:/datasets/layers/all_building.geojson"},"geometry":{"type":"Polygon","coordinates":[[[85.8512966,20.2877376],[85.8514287,20.2877501],[85.8514414,20.2876328],[85.8512932,20.2876187],[85.8512879,20.2876675],[85.851304,20.287669],[85.8512966,20.2877376]]]}},{"type":"Feature","properties":{"building":"yes","name":null,"height":null,"building:levels":null,"amenity":null,"render_height_m":9.0,"height_source":"visual_default_not_measured","web_layer_source":"F:/datasets/layers/all_building.geojson"},"geometry":{"type":"Polygon","coordinates":[[[85.8514458,20.2877766],[85.8515812,20.2877895],[85.8515963,20.2876504],[85.8514608,20.2876375],[85.8514546,20.2876945],[85.8514818,20.2876971],[85.8514802,20.2877122],[85.851453,20.2877097],[85.8514458,20.2877766]]]}},{"type":"Feature","properties":{"building":"yes","name":null,"height":null,"building:levels":null,"amenity":null,"render_height_m":9.0,"height_source":"visual_default_not_measured","web_layer_source":"F:/datasets/layers/all_building.geojson"},"geometry":{"type":"Polygon","coordinates":[[[85.851122,20.2875218],[85.851265,20.2875325],[85.8512657,20.2875246],[85.8512929,20.2875267],[85.8512982,20.2874656],[85.8513001,20.2874657],[85.8513062,20.2873959],[85.851189,20.287387],[85.8511907,20.2873678],[85.8511346,20.2873636],[85.851122,20.2875218]]]}},{"type":"Feature","properties":{"building":"yes","name":null,"height":null,"building:levels":null,"amenity":null,"render_height_m":9.0,"height_source":"visual_default_not_measured","web_layer_source":"F:/datasets/layers/all_building.geojson"},"geometry":{"type":"Polygon","coordinates":[[[85.8514846,20.2875438],[85.8516414,20.2875607],[85.8516645,20.2873745],[85.8515078,20.2873574],[85.8514846,20.2875438]]]}},{"type":"Feature","properties":{"building":"yes","name":null,"height":null,"building:levels":null,"amenity":null,"render_height_m":9.0,"height_source":"visual_default_not_measured","web_layer_source":"F:/datasets/layers/all_building.geojson"},"geometry":{"type":"Polygon","coordinates":[[[85.8514675,20.2874721],[85.8514863,20.2874743],[85.8515001,20.2873711],[85.8514592,20.2873663],[85.8514581,20.287374],[85.85139,20.2873657],[85.8513948,20.2873309],[85.8513281,20.2873228],[85.8512992,20.2875316],[85.8514341,20.287548],[85.8514416,20.2874937],[85.8514642,20.2874964],[85.8514675,20.2874721]]]}},{"type":"Feature","properties":{"building":"yes","name":null,"height":null,"building:levels":null,"amenity":null,"render_height_m":9.0,"height_source":"visual_default_not_measured","web_layer_source":"F:/datasets/layers/all_building.geojson"},"geometry":{"type":"Polygon","coordinates":[[[85.8511346,20.2873636],[85.851131,20.2873634],[85.8511335,20.2873326],[85.8510301,20.2873253],[85.8510276,20.2873563],[85.8509627,20.2873517],[85.8509513,20.2874935],[85.8510854,20.2875029],[85.8510841,20.2875191],[85.851122,20.2875218],[85.8511346,20.2873636]]]}},{"type":"Feature","properties":{"building":"yes","name":null,"height":null,"building:levels":null,"amenity":null,"render_height_m":9.0,"height_source":"visual_default_not_measured","web_layer_source":"F:/datasets/layers/all_building.geojson"},"geometry":{"type":"Polygon","coordinates":[[[85.8507896,20.2874599],[85.8509103,20.2874725],[85.8509273,20.2873291],[85.8508066,20.2873166],[85.8507896,20.2874599]]]}},{"type":"Feature","properties":{"building":"yes","name":null,"height":null,"building:levels":null,"amenity":null,"render_height_m":9.0,"height_source":"visual_default_not_measured","web_layer_source":"F:/datasets/layers/all_building.geojson"},"geometry":{"type":"Polygon","coordinates":[[[85.8506052,20.287453],[85.8506726,20.2874582],[85.8506754,20.287426],[85.8507106,20.2874288],[85.8507077,20.287461],[85.8507658,20.2874656],[85.8507726,20.2873893],[85.8507935,20.287391],[85.8507999,20.2873187],[85.8507762,20.2873169],[85.8507772,20.2873048],[85.8508013,20.2873067],[85.8508051,20.2872641],[85.8507038,20.2872561],[85.8506985,20.2873156],[85.850618,20.2873093],[85.8506052,20.287453]]]}},{"type":"Feature","properties":{"building":"yes","name":null,"height":null,"building:levels":null,"amenity":null,"render_height_m":9.0,"height_source":"visual_default_not_measured","web_layer_source":"F:/datasets/layers/all_building.geojson"},"geometry":{"type":"Polygon","coordinates":[[[85.8504329,20.2874322],[85.8504899,20.2874383],[85.8504911,20.2874288],[85.8505051,20.2874303],[85.850504,20.2874397],[85.8505811,20.2874479],[85.8506051,20.2872488],[85.8504569,20.287233],[85.8504329,20.2874322]]]}},{"type":"Feature","properties":{"building":"yes","name":null,"height":null,"building:levels":null,"amenity":null,"render_height_m":9.0,"height_source":"visual_default_not_measured","web_layer_source":"F:/datasets/layers/all_building.geojson"},"geometry":{"type":"Polygon","coordinates":[[[85.8399054,20.2906647],[85.8399479,20.2906695],[85.8399387,20.2907417],[85.8400074,20.2907494],[85.840006,20.2907606],[85.8400667,20.2907674],[85.840078,20.2906791],[85.8400775,20.290679],[85.8400999,20.2905021],[85.8401572,20.29051],[85.8401991,20.290478],[85.8402042,20.2904465],[85.8404531,20.2904744],[85.8404688,20.2903512],[85.8403848,20.2903418],[85.8403899,20.2903015],[85.8404739,20.2903109],[85.8404893,20.2901899],[85.8401964,20.290157],[85.8401984,20.2901417],[85.8400963,20.2901329],[85.8400896,20.2901933],[85.8398878,20.2903442],[85.8398288,20.2903357],[85.8398167,20.2904405],[85.8398166,20.2904419],[85.839804,20.2904405],[85.8397664,20.2907317],[85.8398191,20.2907376],[85.8398204,20.2907276],[85.8398972,20.2907354],[85.8399054,20.2906647]]]}},{"type":"Feature","properties":{"building":"yes","name":null,"height":null,"building:levels":null,"amenity":null,"render_height_m":9.0,"height_source":"visual_default_not_measured","web_layer_source":"F:/datasets/layers/all_building.geojson"},"geometry":{"type":"Polygon","coordinates":[[[85.8355347,20.2916591],[85.8358512,20.2916937],[85.8358613,20.291613],[85.8355448,20.2915784],[85.8355347,20.2916591]]]}},{"type":"Feature","properties":{"building":"yes","name":null,"height":null,"building:levels":null,"amenity":null,"render_height_m":9.0,"height_source":"visual_default_not_measured","web_layer_source":"F:/datasets/layers/all_building.geojson"},"geometry":{"type":"Polygon","coordinates":[[[85.8355455,20.2915013],[85.835862,20.2915359],[85.835872,20.2914552],[85.8355555,20.2914206],[85.8355455,20.2915013]]]}},{"type":"Feature","properties":{"building":"yes","name":null,"height":null,"building:levels":null,"amenity":null,"render_height_m":9.0,"height_source":"visual_default_not_measured","web_layer_source":"F:/datasets/layers/all_building.geojson"},"geometry":{"type":"Polygon","coordinates":[[[85.8351163,20.2914415],[85.8354328,20.2914761],[85.8354429,20.2913954],[85.8351263,20.2913608],[85.8351163,20.2914415]]]}},{"type":"Feature","properties":{"building":"yes","name":null,"height":null,"building:levels":null,"amenity":null,"render_height_m":9.0,"height_source":"visual_default_not_measured","web_layer_source":"F:/datasets/layers/all_building.geojson"},"geometry":{"type":"Polygon","coordinates":[[[85.8350885,20.2916015],[85.835405,20.2916361],[85.835415,20.2915554],[85.8350985,20.2915208],[85.8350885,20.2916015]]]}},{"type":"Feature","properties":{"building":"yes","name":null,"height":null,"building:levels":null,"amenity":null,"render_height_m":9.0,"height_source":"visual_default_not_measured","web_layer_source":"F:/datasets/layers/all_building.geojson"},"geometry":{"type":"Polygon","coordinates":[[[85.8356554,20.2907887],[85.8359719,20.2908233],[85.835982,20.2907426],[85.8356655,20.290708],[85.8356554,20.2907887]]]}},{"type":"Feature","properties":{"building":"yes","name":null,"height":null,"building:levels":null,"amenity":null,"render_height_m":9.0,"height_source":"visual_default_not_measured","web_layer_source":"F:/datasets/layers/all_building.geojson"},"geometry":{"type":"Polygon","coordinates":[[[85.8356662,20.2906308],[85.8359827,20.2906654],[85.8359927,20.2905847],[85.8356762,20.2905501],[85.8356662,20.2906308]]]}},{"type":"Feature","properties":{"building":"yes","name":null,"height":null,"building:levels":null,"amenity":null,"render_height_m":9.0,"height_source":"visual_default_not_measured","web_layer_source":"F:/datasets/layers/all_building.geojson"},"geometry":{"type":"Polygon","coordinates":[[[85.835237,20.2905711],[85.8355535,20.2906057],[85.8355635,20.290525],[85.835247,20.2904904],[85.835237,20.2905711]]]}},{"type":"Feature","properties":{"building":"yes","name":null,"height":null,"building:levels":null,"amenity":null,"render_height_m":9.0,"height_source":"visual_default_not_measured","web_layer_source":"F:/datasets/layers/all_building.geojson"},"geometry":{"type":"Polygon","coordinates":[[[85.8352092,20.290731],[85.8355257,20.2907656],[85.8355357,20.2906849],[85.8352192,20.2906503],[85.8352092,20.290731]]]}},{"type":"Feature","properties":{"building":"yes","name":null,"height":null,"building:levels":null,"amenity":null,"render_height_m":9.0,"height_source":"visual_default_not_measured","web_layer_source":"F:/datasets/layers/all_building.geojson"},"geometry":{"type":"Polygon","coordinates":[[[85.8355911,20.2912227],[85.8359076,20.2912572],[85.8359176,20.2911765],[85.8356011,20.291142],[85.8355911,20.2912227]]]}},{"type":"Feature","properties":{"building":"yes","name":null,"height":null,"building:levels":null,"amenity":null,"render_height_m":9.0,"height_source":"visual_default_not_measured","web_layer_source":"F:/datasets/layers/all_building.geojson"},"geometry":{"type":"Polygon","coordinates":[[[85.8356018,20.2910648],[85.8359183,20.2910994],[85.8359283,20.2910187],[85.8356118,20.2909841],[85.8356018,20.2910648]]]}},{"type":"Feature","properties":{"building":"yes","name":null,"height":null,"building:levels":null,"amenity":null,"render_height_m":9.0,"height_source":"visual_default_not_measured","web_layer_source":"F:/datasets/layers/all_building.geojson"},"geometry":{"type":"Polygon","coordinates":[[[85.8351727,20.291005],[85.8354892,20.2910396],[85.8354992,20.2909589],[85.8351827,20.2909243],[85.8351727,20.291005]]]}},{"type":"Feature","properties":{"building":"yes","name":null,"height":null,"building:levels":null,"amenity":null,"render_height_m":9.0,"height_source":"visual_default_not_measured","web_layer_source":"F:/datasets/layers/all_building.geojson"},"geometry":{"type":"Polygon","coordinates":[[[85.8351448,20.291165],[85.8354613,20.2911996],[85.8354713,20.2911189],[85.8351548,20.2910843],[85.8351448,20.291165]]]}},{"type":"Feature","properties":{"building":"yes","name":null,"height":null,"building:levels":null,"amenity":null,"render_height_m":9.0,"height_source":"visual_default_not_measured","web_layer_source":"F:/datasets/layers/all_building.geojson"},"geometry":{"type":"Polygon","coordinates":[[[85.8354759,20.291939],[85.8357924,20.2919736],[85.8358024,20.2918929],[85.8354859,20.2918583],[85.8354759,20.291939]]]}},{"type":"Feature","properties":{"building":"yes","name":null,"height":null,"building:levels":null,"amenity":null,"render_height_m":9.0,"height_source":"visual_default_not_measured","web_layer_source":"F:/datasets/layers/all_building.geojson"},"geometry":{"type":"Polygon","coordinates":[[[85.8354652,20.2920969],[85.8357817,20.2921315],[85.8357917,20.2920508],[85.8354752,20.2920162],[85.8354652,20.2920969]]]}},{"type":"Feature","properties":{"building":"yes","name":null,"height":null,"building:levels":null,"amenity":null,"render_height_m":9.0,"height_source":"visual_default_not_measured","web_layer_source":"F:/datasets/layers/all_building.geojson"},"geometry":{"type":"Polygon","coordinates":[[[85.8350467,20.2918793],[85.8353632,20.2919139],[85.8353733,20.2918332],[85.8350568,20.2917986],[85.8350467,20.2918793]]]}},{"type":"Feature","properties":{"building":"yes","name":null,"height":null,"building:levels":null,"amenity":null,"render_height_m":9.0,"height_source":"visual_default_not_measured","web_layer_source":"F:/datasets/layers/all_building.geojson"},"geometry":{"type":"Polygon","coordinates":[[[85.8350189,20.2920392],[85.8353354,20.2920738],[85.8353454,20.2919931],[85.8350289,20.2919585],[85.8350189,20.2920392]]]}},{"type":"Feature","properties":{"building":"yes","name":null,"height":null,"building:levels":null,"amenity":null,"render_height_m":9.0,"height_source":"visual_default_not_measured","web_layer_source":"F:/datasets/layers/all_building.geojson"},"geometry":{"type":"Polygon","coordinates":[[[85.8093313,20.3289233],[85.8095511,20.328933],[85.8095489,20.3289755],[85.8096179,20.3289785],[85.8096201,20.3289361],[85.8096693,20.3289383],[85.8096747,20.3288329],[85.8095232,20.3288262],[85.809525,20.3287911],[85.8094527,20.3287879],[85.8094509,20.328823],[85.8094038,20.3288209],[85.8094058,20.3287811],[85.8093386,20.3287781],[85.8093313,20.3289233]]]}},{"type":"Feature","properties":{"building":"yes","name":null,"height":null,"building:levels":null,"amenity":null,"render_height_m":9.0,"height_source":"visual_default_not_measured","web_layer_source":"F:/datasets/layers/all_building.geojson"},"geometry":{"type":"Polygon","coordinates":[[[85.8097216,20.3288892],[85.8097292,20.3289664],[85.8098138,20.3289591],[85.8098063,20.328882],[85.8097216,20.3288892]]]}},{"type":"Feature","properties":{"building":"yes","name":null,"height":null,"building:levels":null,"amenity":null,"render_height_m":9.0,"height_source":"visual_default_not_measured","web_layer_source":"F:/datasets/layers/all_building.geojson"},"geometry":{"type":"Polygon","coordinates":[[[85.8097216,20.3288892],[85.8098063,20.328882],[85.8097567,20.3283727],[85.8095993,20.3283861],[85.8096117,20.3285128],[85.8096844,20.3285066],[85.8097216,20.3288892]]]}},{"type":"Feature","properties":{"building":"yes","name":"Baya Baba Math","height":null,"building:levels":null,"amenity":"place_of_worship","render_height_m":9.0,"height_source":"visual_default_not_measured","web_layer_source":"F:/datasets/layers/all_building.geojson"},"geometry":{"type":"Polygon","coordinates":[[[85.8419137,20.2871891],[85.8419231,20.2870835],[85.8419325,20.2869778],[85.842249,20.287003],[85.8422034,20.2873124],[85.8418976,20.2872696],[85.8419137,20.2871891]]]}},{"type":"Feature","properties":{"building":"yes","name":"laxmi narayana temple","height":null,"building:levels":null,"amenity":"place_of_worship","render_height_m":9.0,"height_source":"visual_default_not_measured","web_layer_source":"F:/datasets/layers/all_building.geojson"},"geometry":{"type":"Polygon","coordinates":[[[85.8670209,20.2930438],[85.8672917,20.2934829],[85.8684308,20.2931361],[85.8684026,20.2926832],[85.8670209,20.2930438]]]}},{"type":"Feature","properties":{"building":"commercial","name":"AuroIN LLC","height":null,"building:levels":"9","amenity":null,"render_height_m":27.0,"height_source":"osm_levels_visualized_3m","web_layer_source":"F:/datasets/layers/all_building.geojson"},"geometry":{"type":"Polygon","coordinates":[[[85.8075793,20.3496584],[85.8079384,20.3496609],[85.8079358,20.3486097],[85.8075763,20.3486147],[85.807574,20.3488512],[85.8075786,20.3495477],[85.8075793,20.3496584]]]}},{"type":"Feature","properties":{"building":"yes","name":"AuroIN LLC","height":null,"building:levels":"9","amenity":null,"render_height_m":27.0,"height_source":"osm_levels_visualized_3m","web_layer_source":"F:/datasets/layers/all_building.geojson"},"geometry":{"type":"Polygon","coordinates":[[[85.8079384,20.3496609],[85.8079358,20.3486097],[85.8075763,20.3486147],[85.8075793,20.3496584],[85.8079384,20.3496609]]]}},{"type":"Feature","properties":{"building":"yes","name":"karur bank","height":null,"building:levels":null,"amenity":"bank","render_height_m":9.0,"height_source":"visual_default_not_measured","web_layer_source":"F:/datasets/layers/all_building.geojson"},"geometry":{"type":"Polygon","coordinates":[[[85.8393888,20.2623167],[85.8395797,20.2621838],[85.8394756,20.2620617],[85.8393021,20.2621946],[85.8393888,20.2623167]]]}},{"type":"Feature","properties":{"building":"yes","name":"shree charan hotel","height":null,"building:levels":null,"amenity":"place_of_worship","render_height_m":9.0,"height_source":"visual_default_not_measured","web_layer_source":"F:/datasets/layers/all_building.geojson"},"geometry":{"type":"Polygon","coordinates":[[[85.8388226,20.2626513],[85.8389349,20.2625587],[85.8388359,20.262421],[85.8387086,20.2625205],[85.8388226,20.2626513]]]}},{"type":"Feature","properties":{"building":"yes","name":"Big Bazaar","height":null,"building:levels":null,"amenity":null,"render_height_m":9.0,"height_source":"visual_default_not_measured","web_layer_source":"F:/datasets/layers/all_building.geojson"},"geometry":{"type":"Polygon","coordinates":[[[85.8260724,20.3536135],[85.82606,20.3534829],[85.8262814,20.3534639],[85.8263118,20.3534765],[85.8263287,20.3534997],[85.8264062,20.3537484],[85.8263287,20.3537568],[85.8263253,20.3537821],[85.8263039,20.3537874],[85.8262916,20.35374],[85.8262635,20.3537421],[85.826232,20.3535956],[85.8260724,20.3536135]]]}},{"type":"Feature","properties":{"building":"yes","name":null,"height":null,"building:levels":null,"amenity":null,"render_height_m":9.0,"height_source":"visual_default_not_measured","web_layer_source":"F:/datasets/layers/all_building.geojson"},"geometry":{"type":"Polygon","coordinates":[[[85.8258996,20.3532176],[85.8258948,20.3531532],[85.8260275,20.3531455],[85.8260405,20.3532099],[85.8258996,20.3532176]]]}},{"type":"Feature","properties":{"building":"yes","name":null,"height":null,"building:levels":null,"amenity":null,"render_height_m":9.0,"height_source":"visual_default_not_measured","web_layer_source":"F:/datasets/layers/all_building.geojson"},"geometry":{"type":"Polygon","coordinates":[[[85.876764,20.3002309],[85.8768069,20.3011013],[85.8769048,20.3010963],[85.8769236,20.3013491],[85.8771864,20.3013428],[85.8771878,20.3012271],[85.8772763,20.301217],[85.877519,20.3014157],[85.8776102,20.3013327],[85.8773728,20.3011315],[85.8774225,20.3010761],[85.8777376,20.3010774],[85.8777403,20.3009692],[85.8774868,20.3009667],[85.8774828,20.3008724],[85.8777349,20.3008623],[85.8777363,20.3007567],[85.8776357,20.3007504],[85.8776424,20.3005831],[85.8776444,20.3005435],[85.8777229,20.3005403],[85.8777229,20.3004284],[85.87746,20.3004447],[85.8774546,20.3003428],[85.8777095,20.3003328],[85.8777108,20.3002233],[85.8773956,20.3002321],[85.8773487,20.3001881],[85.8775217,20.3000171],[85.8774171,20.299919],[85.8772387,20.3001303],[85.8771542,20.3001303],[85.8771408,20.2999969],[85.8768807,20.2999932],[85.876878,20.3002435],[85.876764,20.3002309]]]}},{"type":"Feature","properties":{"building":"yes","name":null,"height":null,"building:levels":null,"amenity":null,"render_height_m":9.0,"height_source":"visual_default_not_measured","web_layer_source":"F:/datasets/layers/all_building.geojson"},"geometry":{"type":"Polygon","coordinates":[[[85.7687337,20.2824713],[85.7687083,20.2824711],[85.7687073,20.2825828],[85.7687296,20.2825829],[85.7687293,20.28261],[85.7694904,20.2826156],[85.7694919,20.2824414],[85.7689993,20.2824378],[85.7689996,20.2823962],[85.7686981,20.282394],[85.7686978,20.2824281],[85.768734,20.2824283],[85.7687337,20.2824713]]]}},{"type":"Feature","properties":{"building":"yes","name":null,"height":null,"building:levels":null,"amenity":null,"render_height_m":9.0,"height_source":"visual_default_not_measured","web_layer_source":"F:/datasets/layers/all_building.geojson"},"geometry":{"type":"Polygon","coordinates":[[[85.822486,20.260433],[85.8225532,20.2605176],[85.822911,20.2602675],[85.8228437,20.2601829],[85.822486,20.260433]]]}},{"type":"Feature","properties":{"building":"yes","name":null,"height":null,"building:levels":null,"amenity":null,"render_height_m":9.0,"height_source":"visual_default_not_measured","web_layer_source":"F:/datasets/layers/all_building.geojson"},"geometry":{"type":"Polygon","coordinates":[[[85.8314636,20.3059256],[85.8320352,20.3059472],[85.8320352,20.3059026],[85.8321831,20.3059047],[85.8321997,20.3056256],[85.8320397,20.3056081],[85.8320553,20.3053259],[85.831477,20.3053192],[85.8314636,20.3059256]]]}},{"type":"Feature","properties":{"building":"yes","name":null,"height":null,"building:levels":null,"amenity":null,"render_height_m":9.0,"height_source":"visual_default_not_measured","web_layer_source":"F:/datasets/layers/all_building.geojson"},"geometry":{"type":"Polygon","coordinates":[[[85.8181867,20.3138215],[85.8183602,20.3139654],[85.8186897,20.31365],[85.8184737,20.313487],[85.8181867,20.3138215]]]}},{"type":"Feature","properties":{"building":"yes","name":null,"height":null,"building:levels":null,"amenity":null,"render_height_m":9.0,"height_source":"visual_default_not_measured","web_layer_source":"F:/datasets/layers/all_building.geojson"},"geometry":{"type":"Polygon","coordinates":[[[85.8149963,20.3530901],[85.8149681,20.353091],[85.8149712,20.3531717],[85.8142826,20.3531946],[85.8142797,20.3531172],[85.8141239,20.3531224],[85.8141373,20.3534777],[85.8151601,20.3534437],[85.8151574,20.3533728],[85.8150513,20.3533764],[85.8150438,20.3531766],[85.8150847,20.3531752],[85.8150799,20.3530486],[85.8149948,20.3530514],[85.8149963,20.3530901]]]}},{"type":"Feature","properties":{"building":"yes","name":null,"height":null,"building:levels":null,"amenity":null,"render_height_m":9.0,"height_source":"visual_default_not_measured","web_layer_source":"F:/datasets/layers/all_building.geojson"},"geometry":{"type":"Polygon","coordinates":[[[85.8419162,20.256528],[85.8420631,20.2564952],[85.841825,20.2555567],[85.8416333,20.2555995],[85.8416915,20.255829],[85.8418203,20.2558002],[85.8418477,20.2559083],[85.8417638,20.2559271],[85.8419162,20.256528]]]}},{"type":"Feature","properties":{"building":"yes","name":null,"height":null,"building:levels":null,"amenity":null,"render_height_m":9.0,"height_source":"visual_default_not_measured","web_layer_source":"F:/datasets/layers/all_building.geojson"},"geometry":{"type":"Polygon","coordinates":[[[85.8412725,20.256772],[85.8418813,20.2566361],[85.8418401,20.2564735],[85.8413718,20.2565781],[85.8412357,20.2560415],[85.8413965,20.2560056],[85.8413351,20.2557637],[85.8410338,20.2558309],[85.8412725,20.256772]]]}},{"type":"Feature","properties":{"building":"transportation","name":"Terminal T2","height":null,"building:levels":null,"amenity":null,"render_height_m":9.0,"height_source":"visual_default_not_measured","web_layer_source":"F:/datasets/layers/all_building.geojson"},"geometry":{"type":"Polygon","coordinates":[[[85.8164721,20.2531416],[85.8164104,20.2532278],[85.8164942,20.2532831],[85.8165473,20.2532991],[85.8165713,20.2533064],[85.8166397,20.2533057],[85.816692,20.2533052],[85.8167719,20.2532751],[85.8168273,20.2532565],[85.8168952,20.2532278],[85.8169824,20.2532907],[85.8170266,20.2532368],[85.8171712,20.2530604],[85.8171138,20.2530233],[85.8171473,20.2529919],[85.8171239,20.2529667],[85.8171547,20.2529245],[85.8170977,20.2528912],[85.8173197,20.2526106],[85.8171252,20.2524798],[85.8172198,20.2523697],[85.8171881,20.252347],[85.8171118,20.2522923],[85.8170072,20.2522665],[85.8169361,20.2522627],[85.8168355,20.2522797],[85.816743,20.25232],[85.8166827,20.2523628],[85.816625,20.2524106],[85.8165539,20.2525238],[85.8165841,20.2525427],[85.8165479,20.252593],[85.8165821,20.2526169],[85.8162751,20.2530098],[85.8164721,20.2531416]]]}},{"type":"Feature","properties":{"building":"yes","name":null,"height":null,"building:levels":null,"amenity":null,"render_height_m":9.0,"height_source":"visual_default_not_measured","web_layer_source":"F:/datasets/layers/all_building.geojson"},"geometry":{"type":"Polygon","coordinates":[[[85.8163224,20.2506085],[85.816188,20.2505189],[85.8160297,20.2507277],[85.8161641,20.2508174],[85.8163224,20.2506085]]]}},{"type":"Feature","properties":{"building":"yes","name":null,"height":null,"building:levels":null,"amenity":null,"render_height_m":9.0,"height_source":"visual_default_not_measured","web_layer_source":"F:/datasets/layers/all_building.geojson"},"geometry":{"type":"Polygon","coordinates":[[[85.8188298,20.2481694],[85.8181377,20.24825],[85.818178,20.2485541],[85.81887,20.2484736],[85.8188298,20.2481694]]]}},{"type":"Feature","properties":{"building":"yes","name":null,"height":null,"building:levels":null,"amenity":null,"render_height_m":9.0,"height_source":"visual_default_not_measured","web_layer_source":"F:/datasets/layers/all_building.geojson"},"geometry":{"type":"Polygon","coordinates":[[[85.8339205,20.2647284],[85.8328718,20.265433],[85.8330459,20.2656611],[85.8340947,20.2649565],[85.8339205,20.2647284]]]}},{"type":"Feature","properties":{"building":"yes","name":null,"height":null,"building:levels":null,"amenity":null,"render_height_m":9.0,"height_source":"visual_default_not_measured","web_layer_source":"F:/datasets/layers/all_building.geojson"},"geometry":{"type":"Polygon","coordinates":[[[85.8326814,20.2656317],[85.8322147,20.2659437],[85.8324473,20.26625],[85.832914,20.265938],[85.8326814,20.2656317]]]}},{"type":"Feature","properties":{"building":"yes","name":null,"height":null,"building:levels":null,"amenity":null,"render_height_m":9.0,"height_source":"visual_default_not_measured","web_layer_source":"F:/datasets/layers/all_building.geojson"},"geometry":{"type":"Polygon","coordinates":[[[85.834237,20.2725536],[85.8343193,20.2727436],[85.8347485,20.2725801],[85.8346662,20.27239],[85.834237,20.2725536]]]}},{"type":"Feature","properties":{"building":"yes","name":null,"height":null,"building:levels":null,"amenity":null,"render_height_m":9.0,"height_source":"visual_default_not_measured","web_layer_source":"F:/datasets/layers/all_building.geojson"},"geometry":{"type":"Polygon","coordinates":[[[85.8338642,20.2722466],[85.8340573,20.2727121],[85.8341839,20.2726659],[85.8339908,20.2722004],[85.8338642,20.2722466]]]}},{"type":"Feature","properties":{"building":"yes","name":null,"height":null,"building:levels":null,"amenity":null,"render_height_m":9.0,"height_source":"visual_default_not_measured","web_layer_source":"F:/datasets/layers/all_building.geojson"},"geometry":{"type":"Polygon","coordinates":[[[85.8344355,20.2718566],[85.8343728,20.2717216],[85.8337264,20.2719858],[85.8337891,20.2721208],[85.8344355,20.2718566]]]}},{"type":"Feature","properties":{"building":"yes","name":null,"height":null,"building:levels":null,"amenity":null,"render_height_m":9.0,"height_source":"visual_default_not_measured","web_layer_source":"F:/datasets/layers/all_building.geojson"},"geometry":{"type":"Polygon","coordinates":[[[85.8300747,20.2694058],[85.829694,20.2688077],[85.8296468,20.2687729],[85.8295673,20.2687776],[85.8292114,20.268957],[85.8292913,20.2690803],[85.8295917,20.2689163],[85.8298991,20.2693478],[85.8295819,20.2695287],[85.8296647,20.2696565],[85.8300747,20.2694058]]]}},{"type":"Feature","properties":{"building":"office","name":null,"height":null,"building:levels":null,"amenity":null,"render_height_m":9.0,"height_source":"visual_default_not_measured","web_layer_source":"F:/datasets/layers/all_building.geojson"},"geometry":{"type":"Polygon","coordinates":[[[85.8293232,20.2702891],[85.8294493,20.270419],[85.8298378,20.2700873],[85.8300875,20.2703446],[85.8300292,20.2703944],[85.8302248,20.270596],[85.8302831,20.2705462],[85.8305507,20.2708219],[85.83016,20.2711556],[85.829747,20.27073],[85.8298879,20.2706097],[85.8297505,20.2704681],[85.8296118,20.2705865],[85.8296562,20.2706323],[85.8295207,20.270748],[85.8300447,20.271288],[85.8299063,20.2714062],[85.8300148,20.271518],[85.8301532,20.2713998],[85.8306933,20.2719563],[85.830981,20.2717105],[85.830854,20.2715796],[85.8307119,20.271701],[85.8302982,20.2712748],[85.8306824,20.2709468],[85.8309263,20.2711981],[85.8308627,20.2712525],[85.8310456,20.271441],[85.8311093,20.2713866],[85.831372,20.2716574],[85.8308422,20.2721098],[85.8309579,20.272229],[85.8316352,20.2716506],[85.8299626,20.269927],[85.8298576,20.2700166],[85.82976,20.2699161],[85.8293232,20.2702891]]]}},{"type":"Feature","properties":{"building":"yes","name":null,"height":null,"building:levels":null,"amenity":null,"render_height_m":9.0,"height_source":"visual_default_not_measured","web_layer_source":"F:/datasets/layers/all_building.geojson"},"geometry":{"type":"Polygon","coordinates":[[[85.8258498,20.2733864],[85.8261341,20.2739877],[85.8267447,20.2737337],[85.8266278,20.2734864],[85.8263563,20.2735993],[85.8262147,20.273556],[85.8260877,20.2732874],[85.8258498,20.2733864]]]}},{"type":"Feature","properties":{"building":"yes","name":null,"height":null,"building:levels":null,"amenity":null,"render_height_m":9.0,"height_source":"visual_default_not_measured","web_layer_source":"F:/datasets/layers/all_building.geojson"},"geometry":{"type":"Polygon","coordinates":[[[85.7816979,20.2408706],[85.781956,20.2406903],[85.7817602,20.2404436],[85.7815021,20.240624],[85.7816979,20.2408706]]]}},{"type":"Feature","properties":{"building":"yes","name":null,"height":null,"building:levels":null,"amenity":null,"render_height_m":9.0,"height_source":"visual_default_not_measured","web_layer_source":"F:/datasets/layers/all_building.geojson"},"geometry":{"type":"Polygon","coordinates":[[[85.8422374,20.2708059],[85.8425667,20.2706922],[85.8425987,20.2707764],[85.8422704,20.2708899],[85.8422374,20.2708059]]]}},{"type":"Feature","properties":{"building":"yes","name":null,"height":null,"building:levels":null,"amenity":null,"render_height_m":9.0,"height_source":"visual_default_not_measured","web_layer_source":"F:/datasets/layers/all_building.geojson"},"geometry":{"type":"Polygon","coordinates":[[[85.8422576,20.2709738],[85.8422308,20.2709035],[85.8422704,20.2708899],[85.8425987,20.2707764],[85.8426273,20.2708455],[85.8422576,20.2709738]]]}},{"type":"Feature","properties":{"building":"yes","name":null,"height":null,"building:levels":null,"amenity":null,"render_height_m":9.0,"height_source":"visual_default_not_measured","web_layer_source":"F:/datasets/layers/all_building.geojson"},"geometry":{"type":"Polygon","coordinates":[[[85.8422933,20.2710677],[85.8422576,20.2709738],[85.8426273,20.2708455],[85.8426646,20.2709401],[85.8426018,20.2709598],[85.8422933,20.2710677]]]}},{"type":"Feature","properties":{"building":"yes","name":null,"height":null,"building:levels":null,"amenity":null,"render_height_m":9.0,"height_source":"visual_default_not_measured","web_layer_source":"F:/datasets/layers/all_building.geojson"},"geometry":{"type":"Polygon","coordinates":[[[85.8423301,20.2711603],[85.8426386,20.2710523],[85.8426018,20.2709598],[85.8422933,20.2710677],[85.8423301,20.2711603]]]}},{"type":"Feature","properties":{"building":"yes","name":null,"height":null,"building:levels":null,"amenity":null,"render_height_m":9.0,"height_source":"visual_default_not_measured","web_layer_source":"F:/datasets/layers/all_building.geojson"},"geometry":{"type":"Polygon","coordinates":[[[85.837262,20.2606647],[85.837386,20.2605684],[85.8373207,20.2604943],[85.8371967,20.2605906],[85.837262,20.2606647]]]}},{"type":"Feature","properties":{"building":"yes","name":null,"height":null,"building:levels":null,"amenity":null,"render_height_m":9.0,"height_source":"visual_default_not_measured","web_layer_source":"F:/datasets/layers/all_building.geojson"},"geometry":{"type":"Polygon","coordinates":[[[85.8447553,20.2898895],[85.8447467,20.2900103],[85.8449465,20.2900229],[85.8449552,20.2899021],[85.8447553,20.2898895]]]}},{"type":"Feature","properties":{"building":"yes","name":null,"height":null,"building:levels":null,"amenity":null,"render_height_m":9.0,"height_source":"visual_default_not_measured","web_layer_source":"F:/datasets/layers/all_building.geojson"},"geometry":{"type":"Polygon","coordinates":[[[85.8072149,20.2859941],[85.8072963,20.2858677],[85.8074627,20.285962],[85.8073813,20.2860884],[85.8072149,20.2859941]]]}},{"type":"Feature","properties":{"building":"yes","name":null,"height":null,"building:levels":null,"amenity":null,"render_height_m":9.0,"height_source":"visual_default_not_measured","web_layer_source":"F:/datasets/layers/all_building.geojson"},"geometry":{"type":"Polygon","coordinates":[[[85.8117207,20.2933585],[85.8117714,20.2932682],[85.8116572,20.2932117],[85.8116065,20.293302],[85.8117207,20.2933585]]]}},{"type":"Feature","properties":{"building":"yes","name":null,"height":null,"building:levels":null,"amenity":null,"render_height_m":9.0,"height_source":"visual_default_not_measured","web_layer_source":"F:/datasets/layers/all_building.geojson"},"geometry":{"type":"Polygon","coordinates":[[[85.8414651,20.2322657],[85.8415424,20.2322638],[85.8415401,20.2321791],[85.8414626,20.232181],[85.841463,20.2321966],[85.8413751,20.2321987],[85.8413781,20.2323078],[85.8413238,20.2323091],[85.8413276,20.2324483],[85.8414913,20.2324444],[85.8414875,20.2323042],[85.8414662,20.2323047],[85.8414651,20.2322657]]]}},{"type":"Feature","properties":{"building":"yes","name":null,"height":null,"building:levels":null,"amenity":null,"render_height_m":9.0,"height_source":"visual_default_not_measured","web_layer_source":"F:/datasets/layers/all_building.geojson"},"geometry":{"type":"Polygon","coordinates":[[[85.8440882,20.2942365],[85.8440806,20.2944238],[85.8442347,20.2944292],[85.8442423,20.294242],[85.8440882,20.2942365]]]}},{"type":"Feature","properties":{"building":"yes","name":null,"height":null,"building:levels":null,"amenity":null,"render_height_m":9.0,"height_source":"visual_default_not_measured","web_layer_source":"F:/datasets/layers/all_building.geojson"},"geometry":{"type":"Polygon","coordinates":[[[85.8388397,20.245301],[85.838857,20.2454412],[85.8389616,20.2454299],[85.8389443,20.2452897],[85.8388397,20.245301]]]}},{"type":"Feature","properties":{"building":"hospital","name":"Maa Shakti Hospital - Bhubaneshwar","height":null,"building:levels":null,"amenity":null,"render_height_m":9.0,"height_source":"visual_default_not_measured","web_layer_source":"F:/datasets/layers/all_building.geojson"},"geometry":{"type":"Polygon","coordinates":[[[85.8204008,20.2584932],[85.8205619,20.2587098],[85.8206343,20.2586784],[85.8204626,20.2584441],[85.8204008,20.2584932]]]}},{"type":"Feature","properties":{"building":"yes","name":null,"height":null,"building:levels":null,"amenity":null,"render_height_m":9.0,"height_source":"visual_default_not_measured","web_layer_source":"F:/datasets/layers/all_building.geojson"},"geometry":{"type":"Polygon","coordinates":[[[85.824254,20.2465108],[85.8242491,20.246714],[85.8243677,20.2467165],[85.8243726,20.2465133],[85.824254,20.2465108]]]}},{"type":"Feature","properties":{"building":"yes","name":null,"height":null,"building:levels":null,"amenity":null,"render_height_m":9.0,"height_source":"visual_default_not_measured","web_layer_source":"F:/datasets/layers/all_building.geojson"},"geometry":{"type":"Polygon","coordinates":[[[85.8466867,20.2635273],[85.8467913,20.2637438],[85.8468899,20.2637019],[85.8467853,20.2634854],[85.8466867,20.2635273]]]}},{"type":"Feature","properties":{"building":"yes","name":null,"height":null,"building:levels":null,"amenity":null,"render_height_m":9.0,"height_source":"visual_default_not_measured","web_layer_source":"F:/datasets/layers/all_building.geojson"},"geometry":{"type":"Polygon","coordinates":[[[85.833485,20.2828533],[85.8334899,20.2829989],[85.8336359,20.2829945],[85.8336309,20.2828489],[85.833485,20.2828533]]]}},{"type":"Feature","properties":{"building":"yes","name":null,"height":null,"building:levels":null,"amenity":null,"render_height_m":9.0,"height_source":"visual_default_not_measured","web_layer_source":"F:/datasets/layers/all_building.geojson"},"geometry":{"type":"Polygon","coordinates":[[[85.8295305,20.2551803],[85.8293755,20.2552193],[85.8294034,20.2553172],[85.8295584,20.2552782],[85.8295305,20.2551803]]]}},{"type":"Feature","properties":{"building":"house","name":"Duryodhan Nibas","height":null,"building:levels":null,"amenity":null,"render_height_m":9.0,"height_source":"visual_default_not_measured","web_layer_source":"F:/datasets/layers/all_building.geojson"},"geometry":{"type":"Polygon","coordinates":[[[85.8030461,20.3288289],[85.8031927,20.3288104],[85.8031751,20.3286877],[85.8030285,20.3287062],[85.8030461,20.3288289]]]}},{"type":"Feature","properties":{"building":"yes","name":null,"height":null,"building:levels":null,"amenity":null,"render_height_m":9.0,"height_source":"visual_default_not_measured","web_layer_source":"F:/datasets/layers/all_building.geojson"},"geometry":{"type":"Polygon","coordinates":[[[85.8425461,20.2610384],[85.8426389,20.2612179],[85.8427486,20.2611679],[85.8427125,20.261098],[85.8427652,20.261074],[85.842731,20.2610078],[85.8426195,20.2610586],[85.8425971,20.2610153],[85.8425461,20.2610384]]]}},{"type":"Feature","properties":{"building":"yes","name":null,"height":null,"building:levels":null,"amenity":null,"render_height_m":9.0,"height_source":"visual_default_not_measured","web_layer_source":"F:/datasets/layers/all_building.geojson"},"geometry":{"type":"Polygon","coordinates":[[[85.8432569,20.2952779],[85.8432532,20.2954762],[85.8433839,20.2954784],[85.8433877,20.2952801],[85.8432569,20.2952779]]]}},{"type":"Feature","properties":{"building":"yes","name":null,"height":null,"building:levels":null,"amenity":null,"render_height_m":9.0,"height_source":"visual_default_not_measured","web_layer_source":"F:/datasets/layers/all_building.geojson"},"geometry":{"type":"Polygon","coordinates":[[[85.8472919,20.2746363],[85.8473121,20.2748022],[85.8474388,20.2747886],[85.8474186,20.2746227],[85.8472919,20.2746363]]]}},{"type":"Feature","properties":{"building":"yes","name":null,"height":null,"building:levels":null,"amenity":null,"render_height_m":9.0,"height_source":"visual_default_not_measured","web_layer_source":"F:/datasets/layers/all_building.geojson"},"geometry":{"type":"Polygon","coordinates":[[[85.8167619,20.3157442],[85.8167674,20.3161117],[85.8170581,20.3161079],[85.817016,20.315748],[85.8167619,20.3157442]]]}},{"type":"Feature","properties":{"building":"yes","name":null,"height":null,"building:levels":null,"amenity":null,"render_height_m":9.0,"height_source":"visual_default_not_measured","web_layer_source":"F:/datasets/layers/all_building.geojson"},"geometry":{"type":"Polygon","coordinates":[[[85.8493304,20.2719888],[85.849433,20.2719507],[85.8493234,20.2716909],[85.8492207,20.2717291],[85.8493304,20.2719888]]]}},{"type":"Feature","properties":{"building":"yes","name":null,"height":null,"building:levels":null,"amenity":null,"render_height_m":9.0,"height_source":"visual_default_not_measured","web_layer_source":"F:/datasets/layers/all_building.geojson"},"geometry":{"type":"Polygon","coordinates":[[[85.8339988,20.2960324],[85.8339812,20.2963532],[85.8341178,20.2963597],[85.8341354,20.296039],[85.8339988,20.2960324]]]}},{"type":"Feature","properties":{"building":"yes","name":null,"height":null,"building:levels":null,"amenity":null,"render_height_m":9.0,"height_source":"visual_default_not_measured","web_layer_source":"F:/datasets/layers/all_building.geojson"},"geometry":{"type":"Polygon","coordinates":[[[85.7930928,20.2752103],[85.7931617,20.2753463],[85.793245,20.2753091],[85.7931761,20.2751732],[85.7930928,20.2752103]]]}},{"type":"Feature","properties":{"building":"yes","name":null,"height":null,"building:levels":null,"amenity":null,"render_height_m":9.0,"height_source":"visual_default_not_measured","web_layer_source":"F:/datasets/layers/all_building.geojson"},"geometry":{"type":"Polygon","coordinates":[[[85.8163153,20.3467806],[85.8161058,20.3467871],[85.8160554,20.3461093],[85.8167477,20.3460806],[85.8167535,20.3462798],[85.8164243,20.3462853],[85.8162959,20.3464068],[85.8163153,20.3467806]]]}},{"type":"Feature","properties":{"building":"yes","name":null,"height":null,"building:levels":null,"amenity":null,"render_height_m":9.0,"height_source":"visual_default_not_measured","web_layer_source":"F:/datasets/layers/all_building.geojson"},"geometry":{"type":"Polygon","coordinates":[[[85.8446253,20.2923256],[85.844754,20.292329],[85.8447966,20.2920877],[85.8446494,20.2920743],[85.8446253,20.2923256]]]}},{"type":"Feature","properties":{"building":"yes","name":null,"height":null,"building:levels":null,"amenity":null,"render_height_m":9.0,"height_source":"visual_default_not_measured","web_layer_source":"F:/datasets/layers/all_building.geojson"},"geometry":{"type":"Polygon","coordinates":[[[85.8365935,20.2465242],[85.8366393,20.2465246],[85.8366398,20.246475],[85.8366649,20.2464752],[85.8366655,20.2464114],[85.8365946,20.2464107],[85.8365935,20.2465242]]]}},{"type":"Feature","properties":{"building":"yes","name":null,"height":null,"building:levels":null,"amenity":null,"render_height_m":9.0,"height_source":"visual_default_not_measured","web_layer_source":"F:/datasets/layers/all_building.geojson"},"geometry":{"type":"Polygon","coordinates":[[[85.8442821,20.2798115],[85.8442807,20.2797563],[85.844065,20.2797688],[85.8440704,20.2798215],[85.8442821,20.2798115]]]}},{"type":"Feature","properties":{"building":"yes","name":null,"height":null,"building:levels":null,"amenity":null,"render_height_m":9.0,"height_source":"visual_default_not_measured","web_layer_source":"F:/datasets/layers/all_building.geojson"},"geometry":{"type":"Polygon","coordinates":[[[85.8225275,20.3304587],[85.8226091,20.3304225],[85.8225729,20.3303258],[85.8225837,20.3303185],[85.8226677,20.3303669],[85.8227069,20.330281],[85.8225953,20.330242],[85.82271,20.3301965],[85.8226754,20.3301177],[85.8225906,20.3301524],[85.8225714,20.3301228],[85.8225421,20.3301206],[85.8225236,20.3300303],[85.8224574,20.3300296],[85.8224219,20.3301069],[85.8224004,20.3301062],[85.8223703,20.3301459],[85.8223032,20.330121],[85.8222932,20.3300915],[85.8223079,20.3300493],[85.8222375,20.3300166],[85.8222154,20.3300688],[85.8222818,20.3301009],[85.8222898,20.3301286],[85.822271,20.3301719],[85.8223059,20.3301996],[85.822259,20.3302021],[85.8222576,20.3302637],[85.8223139,20.3302681],[85.8222663,20.3302952],[85.8222925,20.3303562],[85.8223649,20.3303229],[85.8223991,20.3303342],[85.8223595,20.3304165],[85.8224306,20.3304505],[85.8224762,20.3303631],[85.8225275,20.3304587]]]}},{"type":"Feature","properties":{"building":"yes","name":null,"height":null,"building:levels":null,"amenity":null,"render_height_m":9.0,"height_source":"visual_default_not_measured","web_layer_source":"F:/datasets/layers/all_building.geojson"},"geometry":{"type":"Polygon","coordinates":[[[85.849539,20.2846201],[85.8495482,20.2847598],[85.8496796,20.2847522],[85.8496705,20.2846126],[85.849539,20.2846201]]]}},{"type":"Feature","properties":{"building":"yes","name":null,"height":null,"building:levels":null,"amenity":null,"render_height_m":9.0,"height_source":"visual_default_not_measured","web_layer_source":"F:/datasets/layers/all_building.geojson"},"geometry":{"type":"Polygon","coordinates":[[[85.8215815,20.3149989],[85.8216811,20.3149989],[85.8216811,20.3148559],[85.8215815,20.3148559],[85.8215815,20.3149989]]]}},{"type":"Feature","properties":{"building":"yes","name":null,"height":null,"building:levels":null,"amenity":null,"render_height_m":9.0,"height_source":"visual_default_not_measured","web_layer_source":"F:/datasets/layers/all_building.geojson"},"geometry":{"type":"Polygon","coordinates":[[[85.8197209,20.3218102],[85.8197209,20.3220718],[85.819961,20.3220718],[85.819961,20.3217435],[85.8198121,20.3217435],[85.8198121,20.3218102],[85.8197209,20.3218102]]]}},{"type":"Feature","properties":{"building":"yes","name":null,"height":null,"building:levels":null,"amenity":null,"render_height_m":9.0,"height_source":"visual_default_not_measured","web_layer_source":"F:/datasets/layers/all_building.geojson"},"geometry":{"type":"Polygon","coordinates":[[[85.8143975,20.2882258],[85.8143637,20.2885138],[85.8145132,20.2885293],[85.8145471,20.2882413],[85.8143975,20.2882258]]]}},{"type":"Feature","properties":{"building":"hospital","name":"CGHS","height":null,"building:levels":null,"amenity":"clinic","render_height_m":9.0,"height_source":"visual_default_not_measured","web_layer_source":"F:/datasets/layers/all_building.geojson"},"geometry":{"type":"Polygon","coordinates":[[[85.829296,20.2792011],[85.8293046,20.2795653],[85.8294097,20.2795631],[85.8294011,20.2791989],[85.829296,20.2792011]]]}},{"type":"Feature","properties":{"building":"yes","name":null,"height":null,"building:levels":null,"amenity":null,"render_height_m":9.0,"height_source":"visual_default_not_measured","web_layer_source":"F:/datasets/layers/all_building.geojson"},"geometry":{"type":"Polygon","coordinates":[[[85.8127274,20.3214249],[85.8130571,20.3218467],[85.8133947,20.3215226],[85.8132127,20.3212732],[85.8130771,20.3213541],[85.8129801,20.3212385],[85.8127274,20.3214249]]]}},{"type":"Feature","properties":{"building":"yes","name":"Kar Clinic And Hospital Pvt Ltd","height":null,"building:levels":null,"amenity":"clinic","render_height_m":9.0,"height_source":"visual_default_not_measured","web_layer_source":"F:/datasets/layers/all_building.geojson"},"geometry":{"type":"Polygon","coordinates":[[[85.833409,20.277162],[85.8332017,20.2772178],[85.8332402,20.2773435],[85.8334475,20.2772877],[85.833409,20.277162]]]}},{"type":"Feature","properties":{"building":"yes","name":null,"height":null,"building:levels":null,"amenity":null,"render_height_m":9.0,"height_source":"visual_default_not_measured","web_layer_source":"F:/datasets/layers/all_building.geojson"},"geometry":{"type":"Polygon","coordinates":[[[85.8383636,20.2738481],[85.8384307,20.2740506],[85.8385354,20.2740201],[85.8384684,20.2738176],[85.8383636,20.2738481]]]}},{"type":"Feature","properties":{"building":"yes","name":"Afixi Towers","height":"11","building:levels":"3","amenity":null,"render_height_m":11.0,"height_source":"osm_height","web_layer_source":"F:/datasets/layers/all_building.geojson"},"geometry":{"type":"Polygon","coordinates":[[[85.8163145,20.358807],[85.8163898,20.3588049],[85.8163855,20.3587565],[85.8164242,20.3587565],[85.8164221,20.3587323],[85.8164759,20.3587364],[85.8164673,20.3586476],[85.8162005,20.3586557],[85.8162005,20.3587182],[85.8162327,20.3587222],[85.816237,20.3587464],[85.8162542,20.3587727],[85.8162801,20.3587848],[85.816308,20.3587868],[85.8163145,20.358807]]]}},{"type":"Feature","properties":{"building":"yes","name":null,"height":null,"building:levels":null,"amenity":null,"render_height_m":9.0,"height_source":"visual_default_not_measured","web_layer_source":"F:/datasets/layers/all_building.geojson"},"geometry":{"type":"Polygon","coordinates":[[[85.780318,20.2653717],[85.7803538,20.2652371],[85.7804692,20.2652641],[85.7804784,20.2652295],[85.7805177,20.2652387],[85.7805096,20.2652694],[85.7806263,20.2652967],[85.7805952,20.2654135],[85.7803913,20.2653658],[85.7803855,20.2653875],[85.780318,20.2653717]]]}},{"type":"Feature","properties":{"building":"yes","name":null,"height":null,"building:levels":null,"amenity":null,"render_height_m":9.0,"height_source":"visual_default_not_measured","web_layer_source":"F:/datasets/layers/all_building.geojson"},"geometry":{"type":"Polygon","coordinates":[[[85.8191709,20.3165909],[85.8197264,20.3165677],[85.8197346,20.31674],[85.8195522,20.3167476],[85.819564,20.3169952],[85.819383,20.3170028],[85.8193716,20.3167618],[85.8191794,20.3167698],[85.8191709,20.3165909]]]}},{"type":"Feature","properties":{"building":"yes","name":null,"height":null,"building:levels":null,"amenity":null,"render_height_m":9.0,"height_source":"visual_default_not_measured","web_layer_source":"F:/datasets/layers/all_building.geojson"},"geometry":{"type":"Polygon","coordinates":[[[85.8402465,20.2374896],[85.840266,20.2375593],[85.8404551,20.2375127],[85.8404356,20.237443],[85.8402465,20.2374896]]]}},{"type":"Feature","properties":{"building":"yes","name":null,"height":null,"building:levels":null,"amenity":null,"render_height_m":9.0,"height_source":"visual_default_not_measured","web_layer_source":"F:/datasets/layers/all_building.geojson"},"geometry":{"type":"Polygon","coordinates":[[[85.8436395,20.231364],[85.8436866,20.2314913],[85.8437832,20.2314598],[85.8437361,20.2313325],[85.8436395,20.231364]]]}},{"type":"Feature","properties":{"building":"yes","name":null,"height":null,"building:levels":null,"amenity":null,"render_height_m":9.0,"height_source":"visual_default_not_measured","web_layer_source":"F:/datasets/layers/all_building.geojson"},"geometry":{"type":"Polygon","coordinates":[[[85.8445139,20.2239193],[85.8446414,20.2240359],[85.844746,20.2239353],[85.8446185,20.2238187],[85.8445139,20.2239193]]]}},{"type":"Feature","properties":{"building":"yes","name":null,"height":null,"building:levels":null,"amenity":null,"render_height_m":9.0,"height_source":"visual_default_not_measured","web_layer_source":"F:/datasets/layers/all_building.geojson"},"geometry":{"type":"Polygon","coordinates":[[[85.8437321,20.2223085],[85.8438617,20.2223017],[85.8438524,20.2221444],[85.8437227,20.2221512],[85.8437321,20.2223085]]]}},{"type":"Feature","properties":{"building":"yes","name":null,"height":null,"building:levels":null,"amenity":null,"render_height_m":9.0,"height_source":"visual_default_not_measured","web_layer_source":"F:/datasets/layers/all_building.geojson"},"geometry":{"type":"Polygon","coordinates":[[[85.8419658,20.2310066],[85.8420707,20.2310083],[85.8420734,20.2308636],[85.8419685,20.2308619],[85.8419658,20.2310066]]]}},{"type":"Feature","properties":{"building":"yes","name":null,"height":null,"building:levels":null,"amenity":null,"render_height_m":9.0,"height_source":"visual_default_not_measured","web_layer_source":"F:/datasets/layers/all_building.geojson"},"geometry":{"type":"Polygon","coordinates":[[[85.8524398,20.217052],[85.8525477,20.2170252],[85.8525333,20.2169742],[85.8524672,20.2167395],[85.8523594,20.2167663],[85.8524398,20.217052]]]}},{"type":"Feature","properties":{"building":"yes","name":null,"height":null,"building:levels":null,"amenity":null,"render_height_m":9.0,"height_source":"visual_default_not_measured","web_layer_source":"F:/datasets/layers/all_building.geojson"},"geometry":{"type":"Polygon","coordinates":[[[85.8436979,20.2260221],[85.8438095,20.2259977],[85.8437679,20.2258304],[85.8436563,20.2258548],[85.8436979,20.2260221]]]}},{"type":"Feature","properties":{"building":"yes","name":null,"height":null,"building:levels":null,"amenity":null,"render_height_m":9.0,"height_source":"visual_default_not_measured","web_layer_source":"F:/datasets/layers/all_building.geojson"},"geometry":{"type":"Polygon","coordinates":[[[85.8402371,20.22832],[85.8402698,20.22844],[85.8403359,20.2284242],[85.840341,20.2284432],[85.8404017,20.2284287],[85.8403964,20.228409],[85.8404587,20.2283941],[85.8404262,20.2282747],[85.8402371,20.22832]]]}},{"type":"Feature","properties":{"building":"yes","name":null,"height":null,"building:levels":null,"amenity":null,"render_height_m":9.0,"height_source":"visual_default_not_measured","web_layer_source":"F:/datasets/layers/all_building.geojson"},"geometry":{"type":"Polygon","coordinates":[[[85.8412966,20.2299156],[85.8412966,20.2300477],[85.8414817,20.2300477],[85.8414817,20.2299156],[85.8412966,20.2299156]]]}},{"type":"Feature","properties":{"building":"yes","name":null,"height":null,"building:levels":null,"amenity":null,"render_height_m":9.0,"height_source":"visual_default_not_measured","web_layer_source":"F:/datasets/layers/all_building.geojson"},"geometry":{"type":"Polygon","coordinates":[[[85.8413333,20.2371637],[85.8413388,20.2370129],[85.8414034,20.237015],[85.8414046,20.2369812],[85.8414937,20.236984],[85.8414884,20.2371289],[85.8413711,20.2371251],[85.8413697,20.2371649],[85.8413333,20.2371637]]]}},{"type":"Feature","properties":{"building":"yes","name":null,"height":null,"building:levels":null,"amenity":null,"render_height_m":9.0,"height_source":"visual_default_not_measured","web_layer_source":"F:/datasets/layers/all_building.geojson"},"geometry":{"type":"Polygon","coordinates":[[[85.8507903,20.2183243],[85.8508009,20.2184363],[85.8509068,20.2184275],[85.8508962,20.2183155],[85.8507903,20.2183243]]]}},{"type":"Feature","properties":{"building":"yes","name":null,"height":null,"building:levels":null,"amenity":null,"render_height_m":9.0,"height_source":"visual_default_not_measured","web_layer_source":"F:/datasets/layers/all_building.geojson"},"geometry":{"type":"Polygon","coordinates":[[[85.8485235,20.2189297],[85.8487078,20.2189239],[85.8487042,20.2188231],[85.8485199,20.2188289],[85.8485235,20.2189297]]]}},{"type":"Feature","properties":{"building":"yes","name":null,"height":null,"building:levels":null,"amenity":null,"render_height_m":9.0,"height_source":"visual_default_not_measured","web_layer_source":"F:/datasets/layers/all_building.geojson"},"geometry":{"type":"Polygon","coordinates":[[[85.8429059,20.2349855],[85.8430176,20.234978],[85.8430069,20.2348383],[85.8428952,20.2348458],[85.8429059,20.2349855]]]}},{"type":"Feature","properties":{"building":"yes","name":null,"height":null,"building:levels":null,"amenity":null,"render_height_m":9.0,"height_source":"visual_default_not_measured","web_layer_source":"F:/datasets/layers/all_building.geojson"},"geometry":{"type":"Polygon","coordinates":[[[85.8446655,20.2298112],[85.8446913,20.2299363],[85.8448227,20.2299124],[85.8447969,20.2297872],[85.8446655,20.2298112]]]}},{"type":"Feature","properties":{"building":"yes","name":null,"height":null,"building:levels":null,"amenity":null,"render_height_m":9.0,"height_source":"visual_default_not_measured","web_layer_source":"F:/datasets/layers/all_building.geojson"},"geometry":{"type":"Polygon","coordinates":[[[85.8416051,20.2322486],[85.841706,20.2322643],[85.8417543,20.2319913],[85.8416533,20.2319755],[85.8416051,20.2322486]]]}},{"type":"Feature","properties":{"building":"yes","name":null,"height":null,"building:levels":null,"amenity":null,"render_height_m":9.0,"height_source":"visual_default_not_measured","web_layer_source":"F:/datasets/layers/all_building.geojson"},"geometry":{"type":"Polygon","coordinates":[[[85.7855925,20.2601464],[85.7856298,20.2602744],[85.7858699,20.2602127],[85.7858326,20.2600847],[85.7855925,20.2601464]]]}},{"type":"Feature","properties":{"building":"yes","name":null,"height":null,"building:levels":null,"amenity":null,"render_height_m":9.0,"height_source":"visual_default_not_measured","web_layer_source":"F:/datasets/layers/all_building.geojson"},"geometry":{"type":"Polygon","coordinates":[[[85.7911024,20.2871177],[85.7911405,20.2871713],[85.7911928,20.2871386],[85.7911547,20.287085],[85.7911024,20.2871177]]]}},{"type":"Feature","properties":{"building":"yes","name":null,"height":null,"building:levels":null,"amenity":null,"render_height_m":9.0,"height_source":"visual_default_not_measured","web_layer_source":"F:/datasets/layers/all_building.geojson"},"geometry":{"type":"Polygon","coordinates":[[[85.7960933,20.2781354],[85.7961664,20.2782246],[85.7963219,20.2781127],[85.7962489,20.2780234],[85.7960933,20.2781354]]]}},{"type":"Feature","properties":{"building":"yes","name":null,"height":null,"building:levels":null,"amenity":null,"render_height_m":9.0,"height_source":"visual_default_not_measured","web_layer_source":"F:/datasets/layers/all_building.geojson"},"geometry":{"type":"Polygon","coordinates":[[[85.8221175,20.3414129],[85.8221358,20.3415386],[85.8223316,20.3415135],[85.8223133,20.3413878],[85.8221175,20.3414129]]]}},{"type":"Feature","properties":{"building":"yes","name":null,"height":null,"building:levels":null,"amenity":null,"render_height_m":9.0,"height_source":"visual_default_not_measured","web_layer_source":"F:/datasets/layers/all_building.geojson"},"geometry":{"type":"Polygon","coordinates":[[[85.8299951,20.3549615],[85.8301466,20.3549399],[85.8301222,20.3547898],[85.8300621,20.3547983],[85.8300726,20.3548629],[85.8299812,20.3548759],[85.8299951,20.3549615]]]}},{"type":"Feature","properties":{"building":"yes","name":null,"height":null,"building:levels":null,"amenity":null,"render_height_m":9.0,"height_source":"visual_default_not_measured","web_layer_source":"F:/datasets/layers/all_building.geojson"},"geometry":{"type":"Polygon","coordinates":[[[85.8214067,20.3150302],[85.8215205,20.3150269],[85.8215152,20.3148609],[85.8214013,20.3148641],[85.8214067,20.3150302]]]}},{"type":"Feature","properties":{"building":"yes","name":null,"height":null,"building:levels":null,"amenity":null,"render_height_m":9.0,"height_source":"visual_default_not_measured","web_layer_source":"F:/datasets/layers/all_building.geojson"},"geometry":{"type":"Polygon","coordinates":[[[85.8146116,20.3215332],[85.814629,20.3215303],[85.8146262,20.3215157],[85.8146393,20.3215135],[85.8146444,20.3215397],[85.814673,20.3215349],[85.8146579,20.3214568],[85.8147069,20.3214485],[85.8147142,20.3214863],[85.8147524,20.3214798],[85.8147588,20.3215127],[85.8148164,20.3215029],[85.8147955,20.3213945],[85.8147768,20.3213977],[85.8147579,20.3212997],[85.8147213,20.3213059],[85.8147254,20.3213275],[85.8146944,20.3213328],[85.8147071,20.3213987],[85.8146726,20.3214045],[85.8146587,20.3213325],[85.8145914,20.3213439],[85.8146056,20.3214174],[85.8146305,20.3214132],[85.8146366,20.3214447],[85.8145958,20.3214516],[85.8146116,20.3215332]]]}},{"type":"Feature","properties":{"building":"yes","name":null,"height":null,"building:levels":null,"amenity":null,"render_height_m":9.0,"height_source":"visual_default_not_measured","web_layer_source":"F:/datasets/layers/all_building.geojson"},"geometry":{"type":"Polygon","coordinates":[[[85.826456,20.3549448],[85.826583,20.3549369],[85.8265761,20.354839],[85.8265366,20.3548414],[85.8265322,20.3547793],[85.8264366,20.3547852],[85.8264408,20.3548452],[85.8264732,20.3548432],[85.8264771,20.354899],[85.8264529,20.3549005],[85.826456,20.3549448]]]}},{"type":"Feature","properties":{"building":"yes","name":null,"height":null,"building:levels":null,"amenity":null,"render_height_m":9.0,"height_source":"visual_default_not_measured","web_layer_source":"F:/datasets/layers/all_building.geojson"},"geometry":{"type":"Polygon","coordinates":[[[85.8233191,20.3468451],[85.8233806,20.3468614],[85.8234115,20.3467596],[85.82335,20.3467432],[85.8233191,20.3468451]]]}},{"type":"Feature","properties":{"building":"yes","name":null,"height":null,"building:levels":null,"amenity":null,"render_height_m":9.0,"height_source":"visual_default_not_measured","web_layer_source":"F:/datasets/layers/all_building.geojson"},"geometry":{"type":"Polygon","coordinates":[[[85.8203821,20.328146],[85.8204272,20.3281764],[85.8205023,20.3280783],[85.8204572,20.3280479],[85.8203821,20.328146]]]}},{"type":"Feature","properties":{"building":"yes","name":null,"height":null,"building:levels":null,"amenity":null,"render_height_m":9.0,"height_source":"visual_default_not_measured","web_layer_source":"F:/datasets/layers/all_building.geojson"},"geometry":{"type":"Polygon","coordinates":[[[85.7947294,20.2775667],[85.7948206,20.2776602],[85.7948836,20.2776061],[85.7947925,20.2775126],[85.7947294,20.2775667]]]}},{"type":"Feature","properties":{"building":"yes","name":null,"height":null,"building:levels":null,"amenity":null,"render_height_m":9.0,"height_source":"visual_default_not_measured","web_layer_source":"F:/datasets/layers/all_building.geojson"},"geometry":{"type":"Polygon","coordinates":[[[85.7912426,20.2404579],[85.79133,20.24046],[85.791334,20.2403102],[85.7912466,20.2403082],[85.7912426,20.2404579]]]}},{"type":"Feature","properties":{"building":"yes","name":null,"height":null,"building:levels":null,"amenity":null,"render_height_m":9.0,"height_source":"visual_default_not_measured","web_layer_source":"F:/datasets/layers/all_building.geojson"},"geometry":{"type":"Polygon","coordinates":[[[85.7955046,20.2625368],[85.7956199,20.2625205],[85.7956071,20.2624407],[85.7955746,20.2624453],[85.7955703,20.2624154],[85.7955194,20.2624217],[85.7955237,20.2624525],[85.7954917,20.2624571],[85.7955046,20.2625368]]]}},{"type":"Feature","properties":{"building":"healthcare","name":"Innovative Smile Dental Clinic","height":null,"building:levels":null,"amenity":"dentist","render_height_m":9.0,"height_source":"visual_default_not_measured","web_layer_source":"F:/datasets/layers/all_building.geojson"},"geometry":{"type":"Polygon","coordinates":[[[85.7862082,20.2576501],[85.7863186,20.2579016],[85.7864326,20.2578576],[85.7863222,20.257606],[85.7862082,20.2576501]]]}},{"type":"Feature","properties":{"building":"yes","name":null,"height":null,"building:levels":null,"amenity":null,"render_height_m":9.0,"height_source":"visual_default_not_measured","web_layer_source":"F:/datasets/layers/all_building.geojson"},"geometry":{"type":"Polygon","coordinates":[[[85.7887562,20.2396123],[85.7888865,20.2396585],[85.7889093,20.2396019],[85.788779,20.2395557],[85.7887562,20.2396123]]]}},{"type":"Feature","properties":{"building":"yes","name":null,"height":null,"building:levels":null,"amenity":null,"render_height_m":9.0,"height_source":"visual_default_not_measured","web_layer_source":"F:/datasets/layers/all_building.geojson"},"geometry":{"type":"Polygon","coordinates":[[[85.8169268,20.3278463],[85.8169593,20.3278724],[85.8170103,20.3278165],[85.8170565,20.3278536],[85.8171039,20.3278018],[85.8170253,20.3277385],[85.8169268,20.3278463]]]}},{"type":"Feature","properties":{"building":"yes","name":null,"height":null,"building:levels":null,"amenity":null,"render_height_m":9.0,"height_source":"visual_default_not_measured","web_layer_source":"F:/datasets/layers/all_building.geojson"},"geometry":{"type":"Polygon","coordinates":[[[85.7869608,20.2607983],[85.787084,20.2609859],[85.7871545,20.2609452],[85.7870314,20.2607576],[85.7869608,20.2607983]]]}},{"type":"Feature","properties":{"building":"yes","name":null,"height":null,"building:levels":null,"amenity":null,"render_height_m":9.0,"height_source":"visual_default_not_measured","web_layer_source":"F:/datasets/layers/all_building.geojson"},"geometry":{"type":"Polygon","coordinates":[[[85.801802,20.2681085],[85.8020009,20.2682284],[85.8020116,20.2682724],[85.8020452,20.2682573],[85.8020639,20.26828],[85.8019048,20.2683923],[85.801802,20.2681085]]]}},{"type":"Feature","properties":{"building":"hospital","name":"Nirvaya Eye Hospital","height":"8","building:levels":"4","amenity":null,"render_height_m":8.0,"height_source":"osm_height","web_layer_source":"F:/datasets/layers/all_building.geojson"},"geometry":{"type":"Polygon","coordinates":[[[85.7825388,20.2481887],[85.7826129,20.2483232],[85.7827323,20.2482653],[85.7826582,20.2481308],[85.7825388,20.2481887]]]}},{"type":"Feature","properties":{"building":"yes","name":null,"height":null,"building:levels":null,"amenity":null,"render_height_m":9.0,"height_source":"visual_default_not_measured","web_layer_source":"F:/datasets/layers/all_building.geojson"},"geometry":{"type":"Polygon","coordinates":[[[85.795466,20.2780056],[85.7955161,20.2780555],[85.7956535,20.2779341],[85.795579,20.2778599],[85.7954944,20.2779346],[85.7955188,20.2779589],[85.795466,20.2780056]]]}},{"type":"Feature","properties":{"building":"yes","name":null,"height":null,"building:levels":null,"amenity":null,"render_height_m":9.0,"height_source":"visual_default_not_measured","web_layer_source":"F:/datasets/layers/all_building.geojson"},"geometry":{"type":"Polygon","coordinates":[[[85.8351074,20.3155056],[85.835134,20.3155881],[85.8352259,20.3155621],[85.8352473,20.3156286],[85.8353151,20.3156094],[85.835267,20.3154603],[85.8351074,20.3155056]]]}},{"type":"Feature","properties":{"building":"yes","name":null,"height":null,"building:levels":null,"amenity":null,"render_height_m":9.0,"height_source":"visual_default_not_measured","web_layer_source":"F:/datasets/layers/all_building.geojson"},"geometry":{"type":"Polygon","coordinates":[[[85.8002722,20.2721233],[85.800299,20.2721912],[85.800574,20.2720956],[85.8005472,20.2720277],[85.8002722,20.2721233]]]}},{"type":"Feature","properties":{"building":"yes","name":null,"height":null,"building:levels":null,"amenity":null,"render_height_m":9.0,"height_source":"visual_default_not_measured","web_layer_source":"F:/datasets/layers/all_building.geojson"},"geometry":{"type":"Polygon","coordinates":[[[85.8208562,20.3152102],[85.8208533,20.3151341],[85.8208281,20.315135],[85.8208253,20.3150634],[85.8208964,20.315061],[85.8208977,20.3150962],[85.8209359,20.3150949],[85.8209401,20.3152074],[85.8208562,20.3152102]]]}},{"type":"Feature","properties":{"building":"yes","name":null,"height":null,"building:levels":null,"amenity":null,"render_height_m":9.0,"height_source":"visual_default_not_measured","web_layer_source":"F:/datasets/layers/all_building.geojson"},"geometry":{"type":"Polygon","coordinates":[[[85.8053671,20.2698312],[85.8054983,20.2699029],[85.8055425,20.2698316],[85.8054113,20.26976],[85.8053671,20.2698312]]]}},{"type":"Feature","properties":{"building":"yes","name":null,"height":null,"building:levels":null,"amenity":null,"render_height_m":9.0,"height_source":"visual_default_not_measured","web_layer_source":"F:/datasets/layers/all_building.geojson"},"geometry":{"type":"Polygon","coordinates":[[[85.8384174,20.3285042],[85.8384652,20.3284899],[85.83845,20.3284451],[85.8384844,20.3284348],[85.8384996,20.3284796],[85.8385349,20.328469],[85.8385427,20.3284918],[85.8386026,20.3284739],[85.8386491,20.3286108],[85.8385442,20.3286422],[85.8385185,20.3285667],[85.838446,20.3285884],[85.8384174,20.3285042]]]}},{"type":"Feature","properties":{"building":"yes","name":null,"height":null,"building:levels":null,"amenity":null,"render_height_m":9.0,"height_source":"visual_default_not_measured","web_layer_source":"F:/datasets/layers/all_building.geojson"},"geometry":{"type":"Polygon","coordinates":[[[85.8205216,20.3294539],[85.8206113,20.3294462],[85.8206019,20.3293494],[85.8205122,20.329357],[85.8205216,20.3294539]]]}},{"type":"Feature","properties":{"building":"yes","name":null,"height":null,"building:levels":null,"amenity":null,"render_height_m":9.0,"height_source":"visual_default_not_measured","web_layer_source":"F:/datasets/layers/all_building.geojson"},"geometry":{"type":"Polygon","coordinates":[[[85.783237,20.2523167],[85.7832377,20.2524097],[85.7834045,20.2524086],[85.7834038,20.2523156],[85.783237,20.2523167]]]}},{"type":"Feature","properties":{"building":"yes","name":null,"height":null,"building:levels":null,"amenity":null,"render_height_m":9.0,"height_source":"visual_default_not_measured","web_layer_source":"F:/datasets/layers/all_building.geojson"},"geometry":{"type":"Polygon","coordinates":[[[85.8210459,20.3398649],[85.8211742,20.33985],[85.8211528,20.3396878],[85.8210245,20.3397027],[85.8210459,20.3398649]]]}},{"type":"Feature","properties":{"building":"yes","name":null,"height":null,"building:levels":null,"amenity":null,"render_height_m":9.0,"height_source":"visual_default_not_measured","web_layer_source":"F:/datasets/layers/all_building.geojson"},"geometry":{"type":"Polygon","coordinates":[[[85.8027036,20.2690109],[85.8027581,20.2690949],[85.8029432,20.2689892],[85.8028887,20.2689052],[85.8027036,20.2690109]]]}},{"type":"Feature","properties":{"building":"yes","name":null,"height":null,"building:levels":null,"amenity":null,"render_height_m":9.0,"height_source":"visual_default_not_measured","web_layer_source":"F:/datasets/layers/all_building.geojson"},"geometry":{"type":"Polygon","coordinates":[[[85.8181626,20.314408],[85.818193,20.3144067],[85.8181946,20.3144398],[85.8185589,20.3144245],[85.818544,20.3141152],[85.8183651,20.3141228],[85.818369,20.314202],[85.8184622,20.3141981],[85.818469,20.31434],[85.81816,20.3143531],[85.8181626,20.314408]]]}},{"type":"Feature","properties":{"building":"yes","name":null,"height":null,"building:levels":null,"amenity":null,"render_height_m":9.0,"height_source":"visual_default_not_measured","web_layer_source":"F:/datasets/layers/all_building.geojson"},"geometry":{"type":"Polygon","coordinates":[[[85.824915,20.3511177],[85.8249425,20.3512181],[85.8254078,20.3510923],[85.8253723,20.3509908],[85.824915,20.3511177]]]}},{"type":"Feature","properties":{"building":"yes","name":null,"height":null,"building:levels":null,"amenity":null,"render_height_m":9.0,"height_source":"visual_default_not_measured","web_layer_source":"F:/datasets/layers/all_building.geojson"},"geometry":{"type":"Polygon","coordinates":[[[85.8184683,20.3320092],[85.8184817,20.3321296],[85.818636,20.3321145],[85.8186226,20.3319941],[85.8184683,20.3320092]]]}},{"type":"Feature","properties":{"building":"yes","name":null,"height":null,"building:levels":null,"amenity":null,"render_height_m":9.0,"height_source":"visual_default_not_measured","web_layer_source":"F:/datasets/layers/all_building.geojson"},"geometry":{"type":"Polygon","coordinates":[[[85.7957178,20.2781743],[85.7958244,20.2782871],[85.7959076,20.2782179],[85.795801,20.2781052],[85.7957178,20.2781743]]]}},{"type":"Feature","properties":{"building":"yes","name":null,"height":null,"building:levels":null,"amenity":null,"render_height_m":9.0,"height_source":"visual_default_not_measured","web_layer_source":"F:/datasets/layers/all_building.geojson"},"geometry":{"type":"Polygon","coordinates":[[[85.819075,20.3258365],[85.8192698,20.3258366],[85.8192699,20.3257069],[85.8190751,20.3257067],[85.819075,20.3258365]]]}},{"type":"Feature","properties":{"building":"yes","name":null,"height":null,"building:levels":null,"amenity":null,"render_height_m":9.0,"height_source":"visual_default_not_measured","web_layer_source":"F:/datasets/layers/all_building.geojson"},"geometry":{"type":"Polygon","coordinates":[[[85.8251591,20.3553475],[85.8251709,20.3554699],[85.8253345,20.3554561],[85.8253227,20.3553337],[85.8251591,20.3553475]]]}},{"type":"Feature","properties":{"building":"yes","name":null,"height":null,"building:levels":null,"amenity":null,"render_height_m":9.0,"height_source":"visual_default_not_measured","web_layer_source":"F:/datasets/layers/all_building.geojson"},"geometry":{"type":"Polygon","coordinates":[[[85.8224595,20.3149635],[85.8225663,20.3149481],[85.8225677,20.3148311],[85.8224487,20.3148403],[85.8224595,20.3149635]]]}},{"type":"Feature","properties":{"building":"yes","name":null,"height":null,"building:levels":null,"amenity":null,"render_height_m":9.0,"height_source":"visual_default_not_measured","web_layer_source":"F:/datasets/layers/all_building.geojson"},"geometry":{"type":"Polygon","coordinates":[[[85.8174048,20.3216957],[85.8175643,20.3216917],[85.8175621,20.3216148],[85.8176252,20.3216132],[85.817622,20.3215015],[85.8173995,20.3215071],[85.8174048,20.3216957]]]}},{"type":"Feature","properties":{"building":"yes","name":null,"height":null,"building:levels":null,"amenity":null,"render_height_m":9.0,"height_source":"visual_default_not_measured","web_layer_source":"F:/datasets/layers/all_building.geojson"},"geometry":{"type":"Polygon","coordinates":[[[85.8316983,20.3583312],[85.8317638,20.3585461],[85.8321205,20.3584506],[85.8320551,20.3582357],[85.8316983,20.3583312]]]}},{"type":"Feature","properties":{"building":"yes","name":null,"height":null,"building:levels":null,"amenity":null,"render_height_m":9.0,"height_source":"visual_default_not_measured","web_layer_source":"F:/datasets/layers/all_building.geojson"},"geometry":{"type":"Polygon","coordinates":[[[85.7973245,20.2796688],[85.797431,20.2797618],[85.7975383,20.2796536],[85.7974318,20.2795606],[85.7973245,20.2796688]]]}},{"type":"Feature","properties":{"building":"healthcare","name":"S N Dental Care","height":null,"building:levels":null,"amenity":"dentist","render_height_m":9.0,"height_source":"visual_default_not_measured","web_layer_source":"F:/datasets/layers/all_building.geojson"},"geometry":{"type":"Polygon","coordinates":[[[85.7796863,20.2560964],[85.7798385,20.2561551],[85.7798787,20.2560632],[85.7797265,20.2560046],[85.7796863,20.2560964]]]}},{"type":"Feature","properties":{"building":"yes","name":null,"height":null,"building:levels":null,"amenity":null,"render_height_m":9.0,"height_source":"visual_default_not_measured","web_layer_source":"F:/datasets/layers/all_building.geojson"},"geometry":{"type":"Polygon","coordinates":[[[85.8213196,20.315576],[85.8214254,20.3155767],[85.821416,20.3154647],[85.8213074,20.3154691],[85.8213196,20.315576]]]}},{"type":"Feature","properties":{"building":"yes","name":null,"height":null,"building:levels":null,"amenity":null,"render_height_m":9.0,"height_source":"visual_default_not_measured","web_layer_source":"F:/datasets/layers/all_building.geojson"},"geometry":{"type":"Polygon","coordinates":[[[85.8141701,20.330328],[85.8142144,20.3303296],[85.8142165,20.3302787],[85.8142694,20.3302806],[85.8142725,20.3302047],[85.8142095,20.3302025],[85.8142084,20.330229],[85.8141742,20.3302278],[85.8141701,20.330328]]]}},{"type":"Feature","properties":{"building":"yes","name":null,"height":null,"building:levels":null,"amenity":null,"render_height_m":9.0,"height_source":"visual_default_not_measured","web_layer_source":"F:/datasets/layers/all_building.geojson"},"geometry":{"type":"Polygon","coordinates":[[[85.8177228,20.3294206],[85.8178389,20.3295089],[85.817879,20.3294626],[85.8177947,20.3293984],[85.817841,20.329345],[85.8178092,20.3293208],[85.8177228,20.3294206]]]}},{"type":"Feature","properties":{"building":"yes","name":null,"height":null,"building:levels":null,"amenity":null,"render_height_m":9.0,"height_source":"visual_default_not_measured","web_layer_source":"F:/datasets/layers/all_building.geojson"},"geometry":{"type":"Polygon","coordinates":[[[85.8212055,20.3151911],[85.8212987,20.3151842],[85.8212873,20.3150502],[85.8211941,20.3150572],[85.8212055,20.3151911]]]}},{"type":"Feature","properties":{"building":"yes","name":null,"height":null,"building:levels":null,"amenity":null,"render_height_m":9.0,"height_source":"visual_default_not_measured","web_layer_source":"F:/datasets/layers/all_building.geojson"},"geometry":{"type":"Polygon","coordinates":[[[85.819454,20.3250272],[85.8195699,20.3250165],[85.8195739,20.3248844],[85.8194648,20.3248901],[85.819454,20.3250272]]]}},{"type":"Feature","properties":{"building":"yes","name":null,"height":null,"building:levels":null,"amenity":null,"render_height_m":9.0,"height_source":"visual_default_not_measured","web_layer_source":"F:/datasets/layers/all_building.geojson"},"geometry":{"type":"Polygon","coordinates":[[[85.8328879,20.3578748],[85.8330071,20.3578696],[85.8329964,20.3576546],[85.8328772,20.3576598],[85.8328879,20.3578748]]]}},{"type":"Feature","properties":{"building":"healthcare","name":"Hillside Nursing Home","height":null,"building:levels":null,"amenity":"clinic","render_height_m":9.0,"height_source":"visual_default_not_measured","web_layer_source":"F:/datasets/layers/all_building.geojson"},"geometry":{"type":"Polygon","coordinates":[[[85.7877875,20.2540295],[85.7878354,20.2540284],[85.7878373,20.2541028],[85.787946,20.2541004],[85.7879432,20.2539933],[85.7879684,20.2539928],[85.7879653,20.2538746],[85.7878928,20.2538762],[85.7878918,20.2538388],[85.7878223,20.2538404],[85.787823,20.2538693],[85.7877834,20.2538702],[85.7877875,20.2540295]]]}},{"type":"Feature","properties":{"building":"yes","name":null,"height":null,"building:levels":null,"amenity":null,"render_height_m":9.0,"height_source":"visual_default_not_measured","web_layer_source":"F:/datasets/layers/all_building.geojson"},"geometry":{"type":"Polygon","coordinates":[[[85.8153802,20.321845],[85.8154286,20.3219881],[85.8155095,20.321964],[85.8154611,20.3218209],[85.8153802,20.321845]]]}},{"type":"Feature","properties":{"building":"yes","name":null,"height":null,"building:levels":null,"amenity":null,"render_height_m":9.0,"height_source":"visual_default_not_measured","web_layer_source":"F:/datasets/layers/all_building.geojson"},"geometry":{"type":"Polygon","coordinates":[[[85.7970572,20.289414],[85.7971059,20.289455],[85.7970868,20.289475],[85.7971376,20.2895178],[85.7972688,20.2893808],[85.7972601,20.2893735],[85.7972797,20.289353],[85.7972372,20.2893172],[85.7972217,20.2893335],[85.7971799,20.2892983],[85.7971556,20.2893237],[85.7971955,20.2893574],[85.7971798,20.2893738],[85.7971595,20.2893567],[85.7971247,20.289393],[85.7971397,20.2894056],[85.7971226,20.2894234],[85.7970815,20.2893887],[85.7970572,20.289414]]]}},{"type":"Feature","properties":{"building":"yes","name":null,"height":null,"building:levels":null,"amenity":null,"render_height_m":9.0,"height_source":"visual_default_not_measured","web_layer_source":"F:/datasets/layers/all_building.geojson"},"geometry":{"type":"Polygon","coordinates":[[[85.7945725,20.2783643],[85.7946878,20.2784985],[85.794826,20.2783941],[85.7947107,20.2782599],[85.7945725,20.2783643]]]}},{"type":"Feature","properties":{"building":"yes","name":null,"height":null,"building:levels":null,"amenity":null,"render_height_m":9.0,"height_source":"visual_default_not_measured","web_layer_source":"F:/datasets/layers/all_building.geojson"},"geometry":{"type":"Polygon","coordinates":[[[85.7947201,20.2785404],[85.7948179,20.2786456],[85.7949654,20.2785248],[85.7948676,20.2784197],[85.7947201,20.2785404]]]}},{"type":"Feature","properties":{"building":"yes","name":null,"height":null,"building:levels":null,"amenity":null,"render_height_m":9.0,"height_source":"visual_default_not_measured","web_layer_source":"F:/datasets/layers/all_building.geojson"},"geometry":{"type":"Polygon","coordinates":[[[85.8343491,20.3100072],[85.834393,20.3099945],[85.8343785,20.3099504],[85.8344801,20.3099209],[85.8344912,20.3099548],[85.8345143,20.3099481],[85.8345377,20.3100189],[85.8345602,20.3100124],[85.8345956,20.3101195],[85.8346226,20.3101116],[85.8346544,20.3102082],[85.8345475,20.3102392],[85.8345255,20.3101728],[85.8345098,20.3101774],[85.8345013,20.3101515],[85.8344059,20.3101792],[85.8343491,20.3100072]]]}},{"type":"Feature","properties":{"building":"yes","name":null,"height":null,"building:levels":null,"amenity":null,"render_height_m":9.0,"height_source":"visual_default_not_measured","web_layer_source":"F:/datasets/layers/all_building.geojson"},"geometry":{"type":"Polygon","coordinates":[[[85.8045329,20.2693141],[85.8046274,20.2693187],[85.8046368,20.2691476],[85.8045423,20.269143],[85.8045329,20.2693141]]]}},{"type":"Feature","properties":{"building":"yes","name":null,"height":null,"building:levels":null,"amenity":null,"render_height_m":9.0,"height_source":"visual_default_not_measured","web_layer_source":"F:/datasets/layers/all_building.geojson"},"geometry":{"type":"Polygon","coordinates":[[[85.8238287,20.3473732],[85.823825,20.3474693],[85.8241965,20.3474819],[85.8242002,20.3473858],[85.8238287,20.3473732]]]}},{"type":"Feature","properties":{"building":"yes","name":null,"height":null,"building:levels":null,"amenity":null,"render_height_m":9.0,"height_source":"visual_default_not_measured","web_layer_source":"F:/datasets/layers/all_building.geojson"},"geometry":{"type":"Polygon","coordinates":[[[85.8002235,20.2726443],[85.8002514,20.272643],[85.8002535,20.2726825],[85.8003643,20.2726773],[85.800357,20.27254],[85.800235,20.2725457],[85.8002371,20.2725846],[85.8002204,20.2725854],[85.8002235,20.2726443]]]}},{"type":"Feature","properties":{"building":"yes","name":null,"height":null,"building:levels":null,"amenity":null,"render_height_m":9.0,"height_source":"visual_default_not_measured","web_layer_source":"F:/datasets/layers/all_building.geojson"},"geometry":{"type":"Polygon","coordinates":[[[85.8097023,20.3340301],[85.8097893,20.3340193],[85.8097677,20.3338669],[85.8097163,20.3338733],[85.8097233,20.3339228],[85.8097008,20.3339256],[85.8097086,20.3339812],[85.8096956,20.3339828],[85.8097023,20.3340301]]]}},{"type":"Feature","properties":{"building":"yes","name":null,"height":null,"building:levels":null,"amenity":null,"render_height_m":9.0,"height_source":"visual_default_not_measured","web_layer_source":"F:/datasets/layers/all_building.geojson"},"geometry":{"type":"Polygon","coordinates":[[[85.8026694,20.2721554],[85.8027521,20.2721877],[85.802747,20.2721993],[85.8027822,20.2722131],[85.8028109,20.2721487],[85.8026929,20.2721026],[85.8026694,20.2721554]]]}},{"type":"Feature","properties":{"building":"yes","name":null,"height":null,"building:levels":null,"amenity":null,"render_height_m":9.0,"height_source":"visual_default_not_measured","web_layer_source":"F:/datasets/layers/all_building.geojson"},"geometry":{"type":"Polygon","coordinates":[[[85.8234358,20.3452494],[85.8234753,20.3453624],[85.8235612,20.345336],[85.8235216,20.345223],[85.8234358,20.3452494]]]}},{"type":"Feature","properties":{"building":"yes","name":null,"height":null,"building:levels":null,"amenity":null,"render_height_m":9.0,"height_source":"visual_default_not_measured","web_layer_source":"F:/datasets/layers/all_building.geojson"},"geometry":{"type":"Polygon","coordinates":[[[85.8267564,20.35491],[85.8268664,20.3549044],[85.8268583,20.3547648],[85.8267483,20.3547704],[85.8267564,20.35491]]]}},{"type":"Feature","properties":{"building":"yes","name":null,"height":null,"building:levels":null,"amenity":null,"render_height_m":9.0,"height_source":"visual_default_not_measured","web_layer_source":"F:/datasets/layers/all_building.geojson"},"geometry":{"type":"Polygon","coordinates":[[[85.8267,20.3549552],[85.8267109,20.3551111],[85.8269161,20.3550985],[85.8269052,20.3549427],[85.8267,20.3549552]]]}},{"type":"Feature","properties":{"building":"yes","name":null,"height":null,"building:levels":null,"amenity":null,"render_height_m":9.0,"height_source":"visual_default_not_measured","web_layer_source":"F:/datasets/layers/all_building.geojson"},"geometry":{"type":"Polygon","coordinates":[[[85.8202093,20.3250036],[85.8202923,20.3250003],[85.8202876,20.3248983],[85.8202047,20.3249016],[85.8202093,20.3250036]]]}},{"type":"Feature","properties":{"building":"yes","name":null,"height":null,"building:levels":null,"amenity":null,"render_height_m":9.0,"height_source":"visual_default_not_measured","web_layer_source":"F:/datasets/layers/all_building.geojson"},"geometry":{"type":"Polygon","coordinates":[[[85.7956374,20.2778014],[85.795732,20.2779065],[85.7958487,20.277814],[85.795754,20.2777089],[85.7956374,20.2778014]]]}},{"type":"Feature","properties":{"building":"yes","name":null,"height":null,"building:levels":null,"amenity":null,"render_height_m":9.0,"height_source":"visual_default_not_measured","web_layer_source":"F:/datasets/layers/all_building.geojson"},"geometry":{"type":"Polygon","coordinates":[[[85.826464,20.3519124],[85.8264687,20.3520131],[85.8267168,20.352003],[85.8267121,20.3519023],[85.826464,20.3519124]]]}},{"type":"Feature","properties":{"building":"yes","name":null,"height":null,"building:levels":null,"amenity":null,"render_height_m":9.0,"height_source":"visual_default_not_measured","web_layer_source":"F:/datasets/layers/all_building.geojson"},"geometry":{"type":"Polygon","coordinates":[[[85.7949729,20.2758483],[85.7949959,20.2758921],[85.7949771,20.2758988],[85.7949554,20.2758559],[85.7948776,20.2758905],[85.7949511,20.2760358],[85.7950289,20.2760012],[85.7950171,20.2759779],[85.7950372,20.2759707],[85.7950539,20.2760026],[85.7951505,20.2759579],[85.7950694,20.2758037],[85.7949729,20.2758483]]]}},{"type":"Feature","properties":{"building":"yes","name":null,"height":null,"building:levels":null,"amenity":null,"render_height_m":9.0,"height_source":"visual_default_not_measured","web_layer_source":"F:/datasets/layers/all_building.geojson"},"geometry":{"type":"Polygon","coordinates":[[[85.7859492,20.249038],[85.7860071,20.2490373],[85.7860057,20.2489279],[85.7859479,20.2489285],[85.7859492,20.249038]]]}},{"type":"Feature","properties":{"building":"yes","name":null,"height":null,"building:levels":null,"amenity":null,"render_height_m":9.0,"height_source":"visual_default_not_measured","web_layer_source":"F:/datasets/layers/all_building.geojson"},"geometry":{"type":"Polygon","coordinates":[[[85.8220028,20.3151591],[85.8220524,20.3151584],[85.8220522,20.3151436],[85.8220743,20.3151433],[85.8220746,20.3151581],[85.8221101,20.3151575],[85.8221081,20.315033],[85.8220008,20.3150346],[85.8220028,20.3151591]]]}},{"type":"Feature","properties":{"building":"yes","name":null,"height":null,"building:levels":null,"amenity":null,"render_height_m":9.0,"height_source":"visual_default_not_measured","web_layer_source":"F:/datasets/layers/all_building.geojson"},"geometry":{"type":"Polygon","coordinates":[[[85.7985677,20.2730719],[85.7986411,20.2731669],[85.7987632,20.2730838],[85.7986897,20.2729889],[85.7985677,20.2730719]]]}},{"type":"Feature","properties":{"building":"hospital","name":"Baramunda Homeopathy Hospital","height":null,"building:levels":null,"amenity":null,"render_height_m":9.0,"height_source":"visual_default_not_measured","web_layer_source":"F:/datasets/layers/all_building.geojson"},"geometry":{"type":"Polygon","coordinates":[[[85.7993187,20.2670219],[85.7993149,20.2671357],[85.7994879,20.2671407],[85.7994917,20.2670269],[85.7993187,20.2670219]]]}},{"type":"Feature","properties":{"building":"yes","name":null,"height":null,"building:levels":null,"amenity":null,"render_height_m":9.0,"height_source":"visual_default_not_measured","web_layer_source":"F:/datasets/layers/all_building.geojson"},"geometry":{"type":"Polygon","coordinates":[[[85.8194889,20.3430847],[85.8195,20.3431616],[85.8195313,20.3431577],[85.8195347,20.3431813],[85.8195993,20.3431731],[85.8195963,20.3431522],[85.8196345,20.3431473],[85.819623,20.3430677],[85.8194889,20.3430847]]]}},{"type":"Feature","properties":{"building":"yes","name":null,"height":null,"building:levels":null,"amenity":null,"render_height_m":9.0,"height_source":"visual_default_not_measured","web_layer_source":"F:/datasets/layers/all_building.geojson"},"geometry":{"type":"Polygon","coordinates":[[[85.8178863,20.3286528],[85.8179359,20.3286867],[85.8179514,20.3286668],[85.8181254,20.3287857],[85.818193,20.3286988],[85.8179694,20.3285459],[85.8178863,20.3286528]]]}},{"type":"Feature","properties":{"building":"yes","name":null,"height":null,"building:levels":null,"amenity":null,"render_height_m":9.0,"height_source":"visual_default_not_measured","web_layer_source":"F:/datasets/layers/all_building.geojson"},"geometry":{"type":"Polygon","coordinates":[[[85.8232185,20.3423195],[85.8232353,20.3424529],[85.823474,20.3424265],[85.8234572,20.3422931],[85.8232185,20.3423195]]]}},{"type":"Feature","properties":{"building":"yes","name":null,"height":null,"building:levels":null,"amenity":null,"render_height_m":9.0,"height_source":"visual_default_not_measured","web_layer_source":"F:/datasets/layers/all_building.geojson"},"geometry":{"type":"Polygon","coordinates":[[[85.8236504,20.3422302],[85.8237279,20.3422242],[85.8237302,20.3422502],[85.8237803,20.3422463],[85.8237673,20.3420984],[85.8236396,20.3421083],[85.8236504,20.3422302]]]}},{"type":"Feature","properties":{"building":"yes","name":null,"height":null,"building:levels":null,"amenity":null,"render_height_m":9.0,"height_source":"visual_default_not_measured","web_layer_source":"F:/datasets/layers/all_building.geojson"},"geometry":{"type":"Polygon","coordinates":[[[85.7885027,20.2401874],[85.7886237,20.2402345],[85.7886532,20.2401678],[85.7885322,20.2401207],[85.7885027,20.2401874]]]}},{"type":"Feature","properties":{"building":"yes","name":null,"height":null,"building:levels":null,"amenity":null,"render_height_m":9.0,"height_source":"visual_default_not_measured","web_layer_source":"F:/datasets/layers/all_building.geojson"},"geometry":{"type":"Polygon","coordinates":[[[85.8003548,20.3227493],[85.8003617,20.3228087],[85.800409,20.3228038],[85.8004049,20.3227683],[85.8004402,20.3227647],[85.8004444,20.3228002],[85.800542,20.3227902],[85.8005351,20.3227308],[85.8003548,20.3227493]]]}},{"type":"Feature","properties":{"building":"yes","name":null,"height":null,"building:levels":null,"amenity":null,"render_height_m":9.0,"height_source":"visual_default_not_measured","web_layer_source":"F:/datasets/layers/all_building.geojson"},"geometry":{"type":"Polygon","coordinates":[[[85.8272646,20.3541832],[85.8272904,20.3542724],[85.8274339,20.3542359],[85.8274081,20.3541468],[85.8272646,20.3541832]]]}},{"type":"Feature","properties":{"building":"yes","name":null,"height":null,"building:levels":null,"amenity":null,"render_height_m":9.0,"height_source":"visual_default_not_measured","web_layer_source":"F:/datasets/layers/all_building.geojson"},"geometry":{"type":"Polygon","coordinates":[[[85.7942332,20.2752797],[85.7943148,20.2754043],[85.7943912,20.2753603],[85.7943097,20.2752357],[85.7942332,20.2752797]]]}},{"type":"Feature","properties":{"building":"yes","name":null,"height":null,"building:levels":null,"amenity":null,"render_height_m":9.0,"height_source":"visual_default_not_measured","web_layer_source":"F:/datasets/layers/all_building.geojson"},"geometry":{"type":"Polygon","coordinates":[[[85.8251175,20.3588958],[85.8251844,20.3588976],[85.8251853,20.3588691],[85.8254145,20.3588754],[85.8254176,20.3587743],[85.8252865,20.3587708],[85.8252877,20.358734],[85.8252407,20.3587328],[85.8252395,20.3587695],[85.8251216,20.3587663],[85.8251175,20.3588958]]]}},{"type":"Feature","properties":{"building":"yes","name":null,"height":null,"building:levels":null,"amenity":null,"render_height_m":9.0,"height_source":"visual_default_not_measured","web_layer_source":"F:/datasets/layers/all_building.geojson"},"geometry":{"type":"Polygon","coordinates":[[[85.8003151,20.2694613],[85.8003931,20.2696258],[85.8004655,20.2695956],[85.8003876,20.2694311],[85.8003151,20.2694613]]]}},{"type":"Feature","properties":{"building":"yes","name":null,"height":null,"building:levels":null,"amenity":null,"render_height_m":9.0,"height_source":"visual_default_not_measured","web_layer_source":"F:/datasets/layers/all_building.geojson"},"geometry":{"type":"Polygon","coordinates":[[[85.8491072,20.2613215],[85.8491678,20.2614575],[85.8492416,20.2614285],[85.849181,20.2612925],[85.8491072,20.2613215]]]}},{"type":"Feature","properties":{"building":"yes","name":null,"height":null,"building:levels":null,"amenity":null,"render_height_m":9.0,"height_source":"visual_default_not_measured","web_layer_source":"F:/datasets/layers/all_building.geojson"},"geometry":{"type":"Polygon","coordinates":[[[85.8188412,20.298985],[85.8188976,20.2990749],[85.8190478,20.2989919],[85.8189914,20.298902],[85.8188412,20.298985]]]}},{"type":"Feature","properties":{"building":"yes","name":null,"height":null,"building:levels":null,"amenity":null,"render_height_m":9.0,"height_source":"visual_default_not_measured","web_layer_source":"F:/datasets/layers/all_building.geojson"},"geometry":{"type":"Polygon","coordinates":[[[85.8412188,20.2445989],[85.8413533,20.2445944],[85.8413493,20.2444887],[85.8412148,20.2444932],[85.8412188,20.2445989]]]}},{"type":"Feature","properties":{"building":"yes","name":null,"height":null,"building:levels":null,"amenity":null,"render_height_m":9.0,"height_source":"visual_default_not_measured","web_layer_source":"F:/datasets/layers/all_building.geojson"},"geometry":{"type":"Polygon","coordinates":[[[85.8145671,20.2373046],[85.8146507,20.2373681],[85.8147419,20.2372624],[85.8146583,20.2371989],[85.8145671,20.2373046]]]}},{"type":"Feature","properties":{"building":"yes","name":null,"height":null,"building:levels":null,"amenity":null,"render_height_m":9.0,"height_source":"visual_default_not_measured","web_layer_source":"F:/datasets/layers/all_building.geojson"},"geometry":{"type":"Polygon","coordinates":[[[85.865525,20.287141],[85.8655436,20.287224],[85.8657985,20.2871737],[85.8657798,20.2870907],[85.865525,20.287141]]]}},{"type":"Feature","properties":{"building":"yes","name":null,"height":null,"building:levels":null,"amenity":null,"render_height_m":9.0,"height_source":"visual_default_not_measured","web_layer_source":"F:/datasets/layers/all_building.geojson"},"geometry":{"type":"Polygon","coordinates":[[[85.817661,20.2599866],[85.8177282,20.2600515],[85.8178207,20.2599672],[85.8177535,20.2599023],[85.817661,20.2599866]]]}},{"type":"Feature","properties":{"building":"yes","name":null,"height":null,"building:levels":null,"amenity":null,"render_height_m":9.0,"height_source":"visual_default_not_measured","web_layer_source":"F:/datasets/layers/all_building.geojson"},"geometry":{"type":"Polygon","coordinates":[[[85.8067432,20.2444763],[85.8068599,20.2444774],[85.8068595,20.2445074],[85.8069145,20.2445079],[85.806915,20.2444651],[85.8070179,20.244466],[85.8070194,20.2443267],[85.8069653,20.2443262],[85.8069649,20.2443623],[85.8068336,20.2443611],[85.8068334,20.2443817],[85.8067443,20.2443808],[85.8067432,20.2444763]]]}},{"type":"Feature","properties":{"building":"yes","name":null,"height":null,"building:levels":null,"amenity":null,"render_height_m":9.0,"height_source":"visual_default_not_measured","web_layer_source":"F:/datasets/layers/all_building.geojson"},"geometry":{"type":"Polygon","coordinates":[[[85.8512785,20.2609918],[85.8513217,20.2610719],[85.8514249,20.2610228],[85.8513817,20.2609428],[85.8512785,20.2609918]]]}},{"type":"Feature","properties":{"building":"yes","name":null,"height":null,"building:levels":null,"amenity":null,"render_height_m":9.0,"height_source":"visual_default_not_measured","web_layer_source":"F:/datasets/layers/all_building.geojson"},"geometry":{"type":"Polygon","coordinates":[[[85.8335866,20.2964795],[85.8335866,20.2966254],[85.8337355,20.2966254],[85.8337355,20.2964795],[85.8335866,20.2964795]]]}},{"type":"Feature","properties":{"building":"yes","name":null,"height":null,"building:levels":null,"amenity":null,"render_height_m":9.0,"height_source":"visual_default_not_measured","web_layer_source":"F:/datasets/layers/all_building.geojson"},"geometry":{"type":"Polygon","coordinates":[[[85.8364436,20.2941351],[85.8365646,20.2941494],[85.8365604,20.2941804],[85.8365996,20.294185],[85.8366037,20.2941542],[85.8366459,20.2941592],[85.8366694,20.2939844],[85.8365653,20.2939721],[85.8365627,20.2939913],[85.836523,20.2939866],[85.8365197,20.2940117],[85.836487,20.2940078],[85.8364822,20.2940433],[85.8364563,20.2940402],[85.8364436,20.2941351]]]}},{"type":"Feature","properties":{"building":"yes","name":null,"height":null,"building:levels":null,"amenity":null,"render_height_m":9.0,"height_source":"visual_default_not_measured","web_layer_source":"F:/datasets/layers/all_building.geojson"},"geometry":{"type":"Polygon","coordinates":[[[85.8558074,20.2850906],[85.8558163,20.2851728],[85.8559745,20.2851578],[85.8559656,20.2850755],[85.8558074,20.2850906]]]}},{"type":"Feature","properties":{"building":"yes","name":null,"height":null,"building:levels":null,"amenity":null,"render_height_m":9.0,"height_source":"visual_default_not_measured","web_layer_source":"F:/datasets/layers/all_building.geojson"},"geometry":{"type":"Polygon","coordinates":[[[85.8602611,20.284965],[85.8602759,20.2850618],[85.860406,20.2850442],[85.8603872,20.284922],[85.8603018,20.2849336],[85.8603057,20.284959],[85.8602611,20.284965]]]}},{"type":"Feature","properties":{"building":"yes","name":null,"height":null,"building:levels":null,"amenity":null,"render_height_m":9.0,"height_source":"visual_default_not_measured","web_layer_source":"F:/datasets/layers/all_building.geojson"},"geometry":{"type":"Polygon","coordinates":[[[85.8319056,20.2545136],[85.8320445,20.2547039],[85.8319996,20.2547327],[85.8320341,20.2547799],[85.8320789,20.2547511],[85.8321118,20.2547961],[85.8322628,20.254699],[85.8320566,20.2544166],[85.8319056,20.2545136]]]}},{"type":"Feature","properties":{"building":"yes","name":null,"height":null,"building:levels":null,"amenity":null,"render_height_m":9.0,"height_source":"visual_default_not_measured","web_layer_source":"F:/datasets/layers/all_building.geojson"},"geometry":{"type":"Polygon","coordinates":[[[85.8366054,20.2590266],[85.836666,20.259111],[85.8367277,20.259072],[85.8366671,20.2589876],[85.8366054,20.2590266]]]}},{"type":"Feature","properties":{"building":"yes","name":null,"height":null,"building:levels":null,"amenity":null,"render_height_m":9.0,"height_source":"visual_default_not_measured","web_layer_source":"F:/datasets/layers/all_building.geojson"},"geometry":{"type":"Polygon","coordinates":[[[85.8129865,20.2365029],[85.8130663,20.236562],[85.8131479,20.236465],[85.8130681,20.236406],[85.8129865,20.2365029]]]}},{"type":"Feature","properties":{"building":"yes","name":null,"height":null,"building:levels":null,"amenity":null,"render_height_m":9.0,"height_source":"visual_default_not_measured","web_layer_source":"F:/datasets/layers/all_building.geojson"},"geometry":{"type":"Polygon","coordinates":[[[85.8129429,20.2362377],[85.8130273,20.2363006],[85.813123,20.2361825],[85.8130275,20.236118],[85.8129429,20.2362377]]]}},{"type":"Feature","properties":{"building":"yes","name":null,"height":null,"building:levels":null,"amenity":null,"render_height_m":9.0,"height_source":"visual_default_not_measured","web_layer_source":"F:/datasets/layers/all_building.geojson"},"geometry":{"type":"Polygon","coordinates":[[[85.8317962,20.2964304],[85.831889,20.2964221],[85.8318729,20.2962636],[85.8317801,20.2962719],[85.8317962,20.2964304]]]}},{"type":"Feature","properties":{"building":"yes","name":null,"height":null,"building:levels":null,"amenity":null,"render_height_m":9.0,"height_source":"visual_default_not_measured","web_layer_source":"F:/datasets/layers/all_building.geojson"},"geometry":{"type":"Polygon","coordinates":[[[85.8553058,20.2814224],[85.8553742,20.2815693],[85.8555338,20.2815038],[85.8554654,20.281357],[85.8553058,20.2814224]]]}},{"type":"Feature","properties":{"building":"yes","name":null,"height":null,"building:levels":null,"amenity":null,"render_height_m":9.0,"height_source":"visual_default_not_measured","web_layer_source":"F:/datasets/layers/all_building.geojson"},"geometry":{"type":"Polygon","coordinates":[[[85.8291838,20.2948908],[85.8293328,20.2949032],[85.8293435,20.29479],[85.8291945,20.2947776],[85.8291838,20.2948908]]]}},{"type":"Feature","properties":{"building":"yes","name":null,"height":null,"building:levels":null,"amenity":null,"render_height_m":9.0,"height_source":"visual_default_not_measured","web_layer_source":"F:/datasets/layers/all_building.geojson"},"geometry":{"type":"Polygon","coordinates":[[[85.8395814,20.2951227],[85.8398829,20.2951078],[85.8398735,20.294941],[85.839572,20.2949559],[85.8395814,20.2951227]]]}},{"type":"Feature","properties":{"building":"yes","name":null,"height":null,"building:levels":null,"amenity":null,"render_height_m":9.0,"height_source":"visual_default_not_measured","web_layer_source":"F:/datasets/layers/all_building.geojson"},"geometry":{"type":"Polygon","coordinates":[[[85.8356134,20.2727764],[85.8359123,20.2726509],[85.8359704,20.2727726],[85.8357467,20.2728665],[85.8357179,20.2728061],[85.8356427,20.2728377],[85.8356134,20.2727764]]]}},{"type":"Feature","properties":{"building":"yes","name":null,"height":null,"building:levels":null,"amenity":null,"render_height_m":9.0,"height_source":"visual_default_not_measured","web_layer_source":"F:/datasets/layers/all_building.geojson"},"geometry":{"type":"Polygon","coordinates":[[[85.85384,20.2780372],[85.8539034,20.27819],[85.8540308,20.2781435],[85.8539674,20.2779907],[85.85384,20.2780372]]]}},{"type":"Feature","properties":{"building":"yes","name":null,"height":null,"building:levels":null,"amenity":null,"render_height_m":9.0,"height_source":"visual_default_not_measured","web_layer_source":"F:/datasets/layers/all_building.geojson"},"geometry":{"type":"Polygon","coordinates":[[[85.8554801,20.2773982],[85.8555586,20.2775153],[85.8556085,20.2774859],[85.8555917,20.2774609],[85.8556464,20.2774286],[85.8555847,20.2773365],[85.8554801,20.2773982]]]}},{"type":"Feature","properties":{"building":"yes","name":null,"height":null,"building:levels":null,"amenity":null,"render_height_m":9.0,"height_source":"visual_default_not_measured","web_layer_source":"F:/datasets/layers/all_building.geojson"},"geometry":{"type":"Polygon","coordinates":[[[85.8164848,20.2972606],[85.8165173,20.2973975],[85.8166138,20.2973774],[85.8165814,20.2972404],[85.8164848,20.2972606]]]}},{"type":"Feature","properties":{"building":"yes","name":null,"height":null,"building:levels":null,"amenity":null,"render_height_m":9.0,"height_source":"visual_default_not_measured","web_layer_source":"F:/datasets/layers/all_building.geojson"},"geometry":{"type":"Polygon","coordinates":[[[85.8554211,20.2806085],[85.8554559,20.2807118],[85.8555833,20.2806741],[85.8555485,20.2805708],[85.8554211,20.2806085]]]}},{"type":"Feature","properties":{"building":"yes","name":null,"height":null,"building:levels":null,"amenity":null,"render_height_m":9.0,"height_source":"visual_default_not_measured","web_layer_source":"F:/datasets/layers/all_building.geojson"},"geometry":{"type":"Polygon","coordinates":[[[85.8312933,20.2369435],[85.8313224,20.2370091],[85.8314739,20.2369499],[85.8314449,20.2368843],[85.8312933,20.2369435]]]}},{"type":"Feature","properties":{"building":"yes","name":null,"height":null,"building:levels":null,"amenity":null,"render_height_m":9.0,"height_source":"visual_default_not_measured","web_layer_source":"F:/datasets/layers/all_building.geojson"},"geometry":{"type":"Polygon","coordinates":[[[85.8342965,20.2546239],[85.8343926,20.2547488],[85.8345003,20.2546759],[85.8344042,20.254551],[85.8342965,20.2546239]]]}},{"type":"Feature","properties":{"building":"yes","name":null,"height":null,"building:levels":null,"amenity":null,"render_height_m":9.0,"height_source":"visual_default_not_measured","web_layer_source":"F:/datasets/layers/all_building.geojson"},"geometry":{"type":"Polygon","coordinates":[[[85.8446722,20.2602571],[85.8447105,20.2603291],[85.8448017,20.2602863],[85.8447634,20.2602143],[85.8446722,20.2602571]]]}},{"type":"Feature","properties":{"building":"yes","name":null,"height":null,"building:levels":null,"amenity":null,"render_height_m":9.0,"height_source":"visual_default_not_measured","web_layer_source":"F:/datasets/layers/all_building.geojson"},"geometry":{"type":"Polygon","coordinates":[[[85.8200911,20.2983825],[85.8201156,20.298464],[85.8203812,20.2983935],[85.8203566,20.2983121],[85.8200911,20.2983825]]]}},{"type":"Feature","properties":{"building":"yes","name":null,"height":null,"building:levels":null,"amenity":null,"render_height_m":9.0,"height_source":"visual_default_not_measured","web_layer_source":"F:/datasets/layers/all_building.geojson"},"geometry":{"type":"Polygon","coordinates":[[[85.8537718,20.2890112],[85.8538711,20.2890235],[85.8538934,20.2888659],[85.853794,20.2888535],[85.8537718,20.2890112]]]}},{"type":"Feature","properties":{"building":"yes","name":null,"height":null,"building:levels":null,"amenity":null,"render_height_m":9.0,"height_source":"visual_default_not_measured","web_layer_source":"F:/datasets/layers/all_building.geojson"},"geometry":{"type":"Polygon","coordinates":[[[85.8256644,20.2938075],[85.8260344,20.293815],[85.8260383,20.2936447],[85.8258357,20.2936406],[85.825835,20.2936675],[85.8256677,20.2936641],[85.8256644,20.2938075]]]}},{"type":"Feature","properties":{"building":"yes","name":null,"height":null,"building:levels":null,"amenity":null,"render_height_m":9.0,"height_source":"visual_default_not_measured","web_layer_source":"F:/datasets/layers/all_building.geojson"},"geometry":{"type":"Polygon","coordinates":[[[85.8445542,20.2592519],[85.8446298,20.2593341],[85.8448069,20.2591906],[85.8447312,20.2591084],[85.8445542,20.2592519]]]}},{"type":"Feature","properties":{"building":"yes","name":null,"height":null,"building:levels":null,"amenity":null,"render_height_m":9.0,"height_source":"visual_default_not_measured","web_layer_source":"F:/datasets/layers/all_building.geojson"},"geometry":{"type":"Polygon","coordinates":[[[85.8126527,20.2950562],[85.8127901,20.2951163],[85.8128773,20.2949408],[85.8127905,20.2949029],[85.8127501,20.2949843],[85.8126994,20.2949621],[85.8126527,20.2950562]]]}},{"type":"Feature","properties":{"building":"yes","name":null,"height":null,"building:levels":null,"amenity":null,"render_height_m":9.0,"height_source":"visual_default_not_measured","web_layer_source":"F:/datasets/layers/all_building.geojson"},"geometry":{"type":"Polygon","coordinates":[[[85.8440003,20.2451752],[85.8441489,20.2451802],[85.8441529,20.2450745],[85.8440043,20.2450695],[85.8440003,20.2451752]]]}},{"type":"Feature","properties":{"building":"yes","name":null,"height":null,"building:levels":null,"amenity":null,"render_height_m":9.0,"height_source":"visual_default_not_measured","web_layer_source":"F:/datasets/layers/all_building.geojson"},"geometry":{"type":"Polygon","coordinates":[[[85.8465725,20.2881926],[85.8467149,20.2881988],[85.8467417,20.288024],[85.8465819,20.2880165],[85.8465725,20.2881926]]]}},{"type":"Feature","properties":{"building":"hospital","name":"Sanjitha Maternity Care and Hospital","height":null,"building:levels":null,"amenity":null,"render_height_m":9.0,"height_source":"visual_default_not_measured","web_layer_source":"F:/datasets/layers/all_building.geojson"},"geometry":{"type":"Polygon","coordinates":[[[85.8218447,20.2576837],[85.8219799,20.2578666],[85.822064,20.2578119],[85.8219288,20.257629],[85.8218447,20.2576837]]]}},{"type":"Feature","properties":{"building":"yes","name":null,"height":null,"building:levels":null,"amenity":null,"render_height_m":9.0,"height_source":"visual_default_not_measured","web_layer_source":"F:/datasets/layers/all_building.geojson"},"geometry":{"type":"Polygon","coordinates":[[[85.8090524,20.2957763],[85.8091955,20.2958283],[85.8092371,20.2957277],[85.809094,20.2956757],[85.8090524,20.2957763]]]}},{"type":"Feature","properties":{"building":"yes","name":null,"height":null,"building:levels":null,"amenity":null,"render_height_m":9.0,"height_source":"visual_default_not_measured","web_layer_source":"F:/datasets/layers/all_building.geojson"},"geometry":{"type":"Polygon","coordinates":[[[85.8211197,20.2373084],[85.8211843,20.237338],[85.8212393,20.2372323],[85.8211747,20.2372027],[85.8211197,20.2373084]]]}},{"type":"Feature","properties":{"building":"yes","name":null,"height":null,"building:levels":null,"amenity":null,"render_height_m":9.0,"height_source":"visual_default_not_measured","web_layer_source":"F:/datasets/layers/all_building.geojson"},"geometry":{"type":"Polygon","coordinates":[[[85.8592392,20.2872907],[85.8592525,20.2873654],[85.8594859,20.2873289],[85.8594726,20.2872542],[85.8592392,20.2872907]]]}},{"type":"Feature","properties":{"building":"yes","name":null,"height":null,"building:levels":null,"amenity":null,"render_height_m":9.0,"height_source":"visual_default_not_measured","web_layer_source":"F:/datasets/layers/all_building.geojson"},"geometry":{"type":"Polygon","coordinates":[[[85.8571491,20.2863951],[85.8572971,20.2864033],[85.857307,20.2862471],[85.857265,20.2862448],[85.8572629,20.2862775],[85.8571569,20.2862716],[85.8571491,20.2863951]]]}},{"type":"Feature","properties":{"building":"yes","name":null,"height":null,"building:levels":null,"amenity":null,"render_height_m":9.0,"height_source":"visual_default_not_measured","web_layer_source":"F:/datasets/layers/all_building.geojson"},"geometry":{"type":"Polygon","coordinates":[[[85.8460957,20.2580995],[85.846213,20.2582278],[85.8463023,20.2581559],[85.846185,20.2580276],[85.8460957,20.2580995]]]}},{"type":"Feature","properties":{"building":"yes","name":null,"height":null,"building:levels":null,"amenity":null,"render_height_m":9.0,"height_source":"visual_default_not_measured","web_layer_source":"F:/datasets/layers/all_building.geojson"},"geometry":{"type":"Polygon","coordinates":[[[85.8609223,20.2879448],[85.8609448,20.2880574],[85.8610853,20.2880328],[85.8610983,20.2880981],[85.8612019,20.28808],[85.8611664,20.287902],[85.8609223,20.2879448]]]}},{"type":"Feature","properties":{"building":"yes","name":null,"height":null,"building:levels":null,"amenity":null,"render_height_m":9.0,"height_source":"visual_default_not_measured","web_layer_source":"F:/datasets/layers/all_building.geojson"},"geometry":{"type":"Polygon","coordinates":[[[85.8388075,20.2556976],[85.83893,20.2558026],[85.8390011,20.2557296],[85.8388786,20.2556246],[85.8388075,20.2556976]]]}},{"type":"Feature","properties":{"building":"yes","name":null,"height":null,"building:levels":null,"amenity":null,"render_height_m":9.0,"height_source":"visual_default_not_measured","web_layer_source":"F:/datasets/layers/all_building.geojson"},"geometry":{"type":"Polygon","coordinates":[[[85.812082,20.296111],[85.8122327,20.2961606],[85.8122675,20.2960675],[85.8121169,20.2960179],[85.812082,20.296111]]]}},{"type":"Feature","properties":{"building":"yes","name":null,"height":null,"building:levels":null,"amenity":null,"render_height_m":9.0,"height_source":"visual_default_not_measured","web_layer_source":"F:/datasets/layers/all_building.geojson"},"geometry":{"type":"Polygon","coordinates":[[[85.832618,20.296671],[85.8326964,20.2966664],[85.8326938,20.2966273],[85.8328441,20.2966184],[85.832839,20.2965434],[85.8326866,20.2965524],[85.8326813,20.2964729],[85.832605,20.2964775],[85.832618,20.296671]]]}},{"type":"Feature","properties":{"building":"yes","name":null,"height":null,"building:levels":null,"amenity":null,"render_height_m":9.0,"height_source":"visual_default_not_measured","web_layer_source":"F:/datasets/layers/all_building.geojson"},"geometry":{"type":"Polygon","coordinates":[[[85.8052472,20.2967975],[85.8052997,20.2967983],[85.8053012,20.2967159],[85.8052514,20.2967151],[85.8052512,20.2967277],[85.8052269,20.2967273],[85.8052288,20.2966258],[85.8051495,20.2966245],[85.8051461,20.2968118],[85.8052282,20.2968132],[85.8052291,20.296762],[85.8052478,20.2967623],[85.8052472,20.2967975]]]}},{"type":"Feature","properties":{"building":"yes","name":null,"height":null,"building:levels":null,"amenity":null,"render_height_m":9.0,"height_source":"visual_default_not_measured","web_layer_source":"F:/datasets/layers/all_building.geojson"},"geometry":{"type":"Polygon","coordinates":[[[85.8499306,20.2876228],[85.8500731,20.2876343],[85.8500838,20.2875173],[85.8499414,20.2875058],[85.8499306,20.2876228]]]}},{"type":"Feature","properties":{"building":"yes","name":null,"height":null,"building:levels":null,"amenity":null,"render_height_m":9.0,"height_source":"visual_default_not_measured","web_layer_source":"F:/datasets/layers/all_building.geojson"},"geometry":{"type":"Polygon","coordinates":[[[85.8155984,20.2320385],[85.8157153,20.2320786],[85.8157918,20.2318823],[85.8156748,20.2318422],[85.8155984,20.2320385]]]}},{"type":"Feature","properties":{"building":"yes","name":null,"height":null,"building:levels":null,"amenity":null,"render_height_m":9.0,"height_source":"visual_default_not_measured","web_layer_source":"F:/datasets/layers/all_building.geojson"},"geometry":{"type":"Polygon","coordinates":[[[85.8593413,20.2866348],[85.8593592,20.2866334],[85.8593647,20.2866975],[85.859463,20.28669],[85.8594474,20.2865087],[85.8593936,20.2865128],[85.8593851,20.286414],[85.8593227,20.2864188],[85.8593413,20.2866348]]]}},{"type":"Feature","properties":{"building":"yes","name":null,"height":null,"building:levels":null,"amenity":null,"render_height_m":9.0,"height_source":"visual_default_not_measured","web_layer_source":"F:/datasets/layers/all_building.geojson"},"geometry":{"type":"Polygon","coordinates":[[[85.8440468,20.2561103],[85.8442078,20.2561127],[85.8442058,20.2562294],[85.844095,20.2562277],[85.8440959,20.2561789],[85.8440046,20.2561775],[85.8440054,20.2561339],[85.8440463,20.2561345],[85.8440468,20.2561103]]]}},{"type":"Feature","properties":{"building":"yes","name":null,"height":null,"building:levels":null,"amenity":null,"render_height_m":9.0,"height_source":"visual_default_not_measured","web_layer_source":"F:/datasets/layers/all_building.geojson"},"geometry":{"type":"Polygon","coordinates":[[[85.8222395,20.2382156],[85.8223242,20.2382899],[85.8224396,20.2381742],[85.8223825,20.2381241],[85.8223614,20.2381452],[85.8223338,20.238121],[85.8222395,20.2382156]]]}},{"type":"Feature","properties":{"building":"yes","name":null,"height":null,"building:levels":null,"amenity":null,"render_height_m":9.0,"height_source":"visual_default_not_measured","web_layer_source":"F:/datasets/layers/all_building.geojson"},"geometry":{"type":"Polygon","coordinates":[[[85.8347842,20.2580679],[85.8348426,20.2581432],[85.834966,20.2580589],[85.8349076,20.2579836],[85.8347842,20.2580679]]]}},{"type":"Feature","properties":{"building":"yes","name":null,"height":null,"building:levels":null,"amenity":null,"render_height_m":9.0,"height_source":"visual_default_not_measured","web_layer_source":"F:/datasets/layers/all_building.geojson"},"geometry":{"type":"Polygon","coordinates":[[[85.8480424,20.2813885],[85.8481456,20.2813805],[85.8481335,20.2812434],[85.8480303,20.2812513],[85.8480424,20.2813885]]]}},{"type":"Feature","properties":{"building":"yes","name":null,"height":null,"building:levels":null,"amenity":null,"render_height_m":9.0,"height_source":"visual_default_not_measured","web_layer_source":"F:/datasets/layers/all_building.geojson"},"geometry":{"type":"Polygon","coordinates":[[[85.8389396,20.2869357],[85.8390954,20.2869539],[85.839106,20.2868743],[85.8390365,20.2868662],[85.8390454,20.286799],[85.8390005,20.2867938],[85.8389973,20.286818],[85.8389559,20.2868132],[85.8389396,20.2869357]]]}},{"type":"Feature","properties":{"building":"yes","name":null,"height":null,"building:levels":null,"amenity":null,"render_height_m":9.0,"height_source":"visual_default_not_measured","web_layer_source":"F:/datasets/layers/all_building.geojson"},"geometry":{"type":"Polygon","coordinates":[[[85.8249298,20.2412808],[85.8249933,20.2413783],[85.8251314,20.241299],[85.8250679,20.2412016],[85.8249298,20.2412808]]]}},{"type":"Feature","properties":{"building":"yes","name":null,"height":null,"building:levels":null,"amenity":null,"render_height_m":9.0,"height_source":"visual_default_not_measured","web_layer_source":"F:/datasets/layers/all_building.geojson"},"geometry":{"type":"Polygon","coordinates":[[[85.8190142,20.2347766],[85.8190142,20.2348748],[85.819167,20.2348748],[85.819167,20.2347766],[85.8190142,20.2347766]]]}},{"type":"Feature","properties":{"building":"yes","name":null,"height":null,"building:levels":null,"amenity":null,"render_height_m":9.0,"height_source":"visual_default_not_measured","web_layer_source":"F:/datasets/layers/all_building.geojson"},"geometry":{"type":"Polygon","coordinates":[[[85.8521394,20.2482314],[85.8522033,20.2483606],[85.8522959,20.2483204],[85.852232,20.2481912],[85.8521394,20.2482314]]]}},{"type":"Feature","properties":{"building":"yes","name":null,"height":null,"building:levels":null,"amenity":null,"render_height_m":9.0,"height_source":"visual_default_not_measured","web_layer_source":"F:/datasets/layers/all_building.geojson"},"geometry":{"type":"Polygon","coordinates":[[[85.8451139,20.2550798],[85.845141,20.25511],[85.8450802,20.2551581],[85.8451743,20.2552627],[85.8452579,20.2551966],[85.845292,20.2552344],[85.8454263,20.2551281],[85.8453687,20.255064],[85.8454241,20.2550201],[85.8454777,20.2550797],[85.845595,20.2549869],[85.8456463,20.2550439],[85.8458402,20.2548904],[85.8458586,20.2549108],[85.8458005,20.2549568],[85.845874,20.2550385],[85.8459129,20.2550077],[85.8459643,20.2550648],[85.8461127,20.2549474],[85.8460554,20.2548837],[85.8461064,20.2548433],[85.8460475,20.2547778],[85.8459857,20.2548266],[85.8459021,20.2547337],[85.8458537,20.2547721],[85.8457502,20.2546571],[85.8456966,20.2546996],[85.8456678,20.2546675],[85.8456176,20.2547073],[85.8455842,20.2546702],[85.8454749,20.2547567],[85.8455025,20.2547874],[85.8454355,20.2548404],[85.8454105,20.2548127],[85.8453353,20.2548722],[85.8453595,20.254899],[85.8452829,20.2549597],[85.8452489,20.2549219],[85.8451401,20.2550081],[85.8451668,20.2550379],[85.8451139,20.2550798]]]}},{"type":"Feature","properties":{"building":"yes","name":null,"height":null,"building:levels":null,"amenity":null,"render_height_m":9.0,"height_source":"visual_default_not_measured","web_layer_source":"F:/datasets/layers/all_building.geojson"},"geometry":{"type":"Polygon","coordinates":[[[85.8502297,20.2866328],[85.8503112,20.2866392],[85.8503159,20.2865861],[85.8503974,20.2865926],[85.8504114,20.2864355],[85.8502485,20.2864227],[85.8502297,20.2866328]]]}},{"type":"Feature","properties":{"building":"yes","name":null,"height":null,"building:levels":null,"amenity":null,"render_height_m":9.0,"height_source":"visual_default_not_measured","web_layer_source":"F:/datasets/layers/all_building.geojson"},"geometry":{"type":"Polygon","coordinates":[[[85.8607454,20.2752088],[85.860859,20.2751967],[85.860864,20.2752378],[85.8609176,20.2752321],[85.860912,20.2751863],[85.861025,20.2751742],[85.8610088,20.2750403],[85.8609425,20.2750473],[85.8609458,20.275075],[85.8608219,20.2750882],[85.8608236,20.2751019],[85.8606977,20.2751152],[85.8607068,20.2751902],[85.8607427,20.2751864],[85.8607454,20.2752088]]]}},{"type":"Feature","properties":{"building":"yes","name":null,"height":null,"building:levels":null,"amenity":null,"render_height_m":9.0,"height_source":"visual_default_not_measured","web_layer_source":"F:/datasets/layers/all_building.geojson"},"geometry":{"type":"Polygon","coordinates":[[[85.8134521,20.2942453],[85.8135258,20.2942702],[85.8135083,20.2943157],[85.8135966,20.2943455],[85.813609,20.2943132],[85.8138277,20.2943871],[85.8138784,20.294255],[85.8135742,20.2941522],[85.8135494,20.2942166],[85.813473,20.2941908],[85.8134521,20.2942453]]]}},{"type":"Feature","properties":{"building":"yes","name":null,"height":null,"building:levels":null,"amenity":null,"render_height_m":9.0,"height_source":"visual_default_not_measured","web_layer_source":"F:/datasets/layers/all_building.geojson"},"geometry":{"type":"Polygon","coordinates":[[[85.8574381,20.2824879],[85.8574752,20.282603],[85.857604,20.2825665],[85.8575669,20.2824514],[85.8575226,20.282464],[85.8575125,20.2824326],[85.8574609,20.2824472],[85.857471,20.2824786],[85.8574381,20.2824879]]]}},{"type":"Feature","properties":{"building":"yes","name":null,"height":null,"building:levels":null,"amenity":null,"render_height_m":9.0,"height_source":"visual_default_not_measured","web_layer_source":"F:/datasets/layers/all_building.geojson"},"geometry":{"type":"Polygon","coordinates":[[[85.8546017,20.2793355],[85.854699,20.2795259],[85.8548021,20.2794796],[85.8547216,20.279322],[85.8547473,20.2793105],[85.8547305,20.2792776],[85.8546017,20.2793355]]]}},{"type":"Feature","properties":{"building":"yes","name":null,"height":null,"building:levels":null,"amenity":null,"render_height_m":9.0,"height_source":"visual_default_not_measured","web_layer_source":"F:/datasets/layers/all_building.geojson"},"geometry":{"type":"Polygon","coordinates":[[[85.8387178,20.2609281],[85.8387888,20.2610329],[85.8389445,20.26094],[85.8388735,20.2608352],[85.8387178,20.2609281]]]}},{"type":"Feature","properties":{"building":"yes","name":null,"height":null,"building:levels":null,"amenity":null,"render_height_m":9.0,"height_source":"visual_default_not_measured","web_layer_source":"F:/datasets/layers/all_building.geojson"},"geometry":{"type":"Polygon","coordinates":[[[85.8052495,20.297493],[85.805328,20.2974948],[85.8053271,20.2975275],[85.8053873,20.2975289],[85.8053911,20.2973868],[85.8053286,20.2973853],[85.8053279,20.2974116],[85.8052392,20.2974095],[85.8052381,20.297451],[85.8052507,20.2974513],[85.8052495,20.297493]]]}},{"type":"Feature","properties":{"building":"yes","name":null,"height":null,"building:levels":null,"amenity":null,"render_height_m":9.0,"height_source":"visual_default_not_measured","web_layer_source":"F:/datasets/layers/all_building.geojson"},"geometry":{"type":"Polygon","coordinates":[[[85.8060309,20.2416243],[85.8061321,20.2416163],[85.80612,20.2414829],[85.8060189,20.241491],[85.8060309,20.2416243]]]}},{"type":"Feature","properties":{"building":"yes","name":null,"height":null,"building:levels":null,"amenity":null,"render_height_m":9.0,"height_source":"visual_default_not_measured","web_layer_source":"F:/datasets/layers/all_building.geojson"},"geometry":{"type":"Polygon","coordinates":[[[85.8154219,20.2342465],[85.8155355,20.2342825],[85.8155501,20.2342419],[85.8155238,20.2342336],[85.8155489,20.234164],[85.8154934,20.2341464],[85.8155042,20.2341165],[85.8154723,20.2341064],[85.8154219,20.2342465]]]}},{"type":"Feature","properties":{"building":"yes","name":null,"height":null,"building:levels":null,"amenity":null,"render_height_m":9.0,"height_source":"visual_default_not_measured","web_layer_source":"F:/datasets/layers/all_building.geojson"},"geometry":{"type":"Polygon","coordinates":[[[85.8152604,20.2341915],[85.8153864,20.234239],[85.8154467,20.2340981],[85.8153208,20.2340506],[85.8152604,20.2341915]]]}},{"type":"Feature","properties":{"building":"hospital","name":"SIMS Hospital","height":null,"building:levels":null,"amenity":null,"render_height_m":9.0,"height_source":"visual_default_not_measured","web_layer_source":"F:/datasets/layers/all_building.geojson"},"geometry":{"type":"Polygon","coordinates":[[[85.8197451,20.2589461],[85.8199154,20.2591926],[85.8199878,20.2591486],[85.8198175,20.2589021],[85.8197451,20.2589461]]]}},{"type":"Feature","properties":{"building":"yes","name":null,"height":null,"building:levels":null,"amenity":null,"render_height_m":9.0,"height_source":"visual_default_not_measured","web_layer_source":"F:/datasets/layers/all_building.geojson"},"geometry":{"type":"Polygon","coordinates":[[[85.8299704,20.2539819],[85.8301294,20.2541873],[85.8302092,20.2541329],[85.8300503,20.2539275],[85.8299704,20.2539819]]]}},{"type":"Feature","properties":{"building":"yes","name":null,"height":null,"building:levels":null,"amenity":null,"render_height_m":9.0,"height_source":"visual_default_not_measured","web_layer_source":"F:/datasets/layers/all_building.geojson"},"geometry":{"type":"Polygon","coordinates":[[[85.8428722,20.2607555],[85.8429048,20.2608151],[85.8430099,20.2607644],[85.8429773,20.2607048],[85.8428722,20.2607555]]]}},{"type":"Feature","properties":{"building":"yes","name":null,"height":null,"building:levels":null,"amenity":null,"render_height_m":9.0,"height_source":"visual_default_not_measured","web_layer_source":"F:/datasets/layers/all_building.geojson"},"geometry":{"type":"Polygon","coordinates":[[[85.8427155,20.2609025],[85.8428644,20.2611655],[85.8430062,20.2610948],[85.8428573,20.2608319],[85.8427155,20.2609025]]]}},{"type":"Feature","properties":{"building":"yes","name":null,"height":null,"building:levels":null,"amenity":null,"render_height_m":9.0,"height_source":"visual_default_not_measured","web_layer_source":"F:/datasets/layers/all_building.geojson"},"geometry":{"type":"Polygon","coordinates":[[[85.8417512,20.2506246],[85.841883,20.2506265],[85.8418897,20.2502213],[85.841758,20.2502194],[85.8417512,20.2506246]]]}},{"type":"Feature","properties":{"building":"yes","name":null,"height":null,"building:levels":null,"amenity":null,"render_height_m":9.0,"height_source":"visual_default_not_measured","web_layer_source":"F:/datasets/layers/all_building.geojson"},"geometry":{"type":"Polygon","coordinates":[[[85.8562727,20.2834452],[85.8562833,20.2834995],[85.8563057,20.2834956],[85.8563109,20.2835222],[85.8564495,20.2834984],[85.8564337,20.2834175],[85.8562727,20.2834452]]]}},{"type":"Feature","properties":{"building":"yes","name":null,"height":null,"building:levels":null,"amenity":null,"render_height_m":9.0,"height_source":"visual_default_not_measured","web_layer_source":"F:/datasets/layers/all_building.geojson"},"geometry":{"type":"Polygon","coordinates":[[[85.8314243,20.2957883],[85.8316124,20.2957835],[85.831608,20.2956285],[85.8314198,20.2956333],[85.8314243,20.2957883]]]}},{"type":"Feature","properties":{"building":"yes","name":null,"height":null,"building:levels":null,"amenity":null,"render_height_m":9.0,"height_source":"visual_default_not_measured","web_layer_source":"F:/datasets/layers/all_building.geojson"},"geometry":{"type":"Polygon","coordinates":[[[85.8585808,20.2967109],[85.8586363,20.2968098],[85.8587865,20.2967356],[85.858731,20.2966367],[85.8585808,20.2967109]]]}},{"type":"Feature","properties":{"building":"yes","name":null,"height":null,"building:levels":null,"amenity":null,"render_height_m":9.0,"height_source":"visual_default_not_measured","web_layer_source":"F:/datasets/layers/all_building.geojson"},"geometry":{"type":"Polygon","coordinates":[[[85.8499923,20.2910178],[85.8500873,20.291124],[85.8502791,20.2909731],[85.8501518,20.2908308],[85.8500577,20.2909049],[85.8500899,20.290941],[85.8499923,20.2910178]]]}},{"type":"Feature","properties":{"building":"yes","name":null,"height":null,"building:levels":null,"amenity":null,"render_height_m":9.0,"height_source":"visual_default_not_measured","web_layer_source":"F:/datasets/layers/all_building.geojson"},"geometry":{"type":"Polygon","coordinates":[[[85.8377632,20.2525417],[85.8378872,20.2525142],[85.8378973,20.252554],[85.837953,20.2525416],[85.8379413,20.2524952],[85.838145,20.25245],[85.8381683,20.2525425],[85.837979,20.2525845],[85.8379908,20.2526553],[85.8379901,20.2526798],[85.837978,20.2526968],[85.8379606,20.2527],[85.8379425,20.2526949],[85.8379278,20.2526805],[85.8378983,20.2525974],[85.8377825,20.252618],[85.8377632,20.2525417]]]}},{"type":"Feature","properties":{"building":"yes","name":null,"height":null,"building:levels":null,"amenity":null,"render_height_m":9.0,"height_source":"visual_default_not_measured","web_layer_source":"F:/datasets/layers/all_building.geojson"},"geometry":{"type":"Polygon","coordinates":[[[85.8107127,20.2879913],[85.8107784,20.2879612],[85.8106832,20.2877448],[85.8106135,20.2876593],[85.810584,20.2876869],[85.8106403,20.2877549],[85.8105893,20.2877951],[85.8106604,20.2878869],[85.8107127,20.2879913]]]}},{"type":"Feature","properties":{"building":"yes","name":null,"height":null,"building:levels":null,"amenity":null,"render_height_m":9.0,"height_source":"visual_default_not_measured","web_layer_source":"F:/datasets/layers/all_building.geojson"},"geometry":{"type":"Polygon","coordinates":[[[85.8482027,20.2693058],[85.8485861,20.2691421],[85.8484086,20.2687761],[85.8481933,20.268868],[85.8482165,20.2689157],[85.8481656,20.2689375],[85.8482158,20.2690411],[85.8481553,20.2690669],[85.8481922,20.269143],[85.8481355,20.2691672],[85.8482027,20.2693058]]]}},{"type":"Feature","properties":{"building":"yes","name":null,"height":null,"building:levels":null,"amenity":null,"render_height_m":9.0,"height_source":"visual_default_not_measured","web_layer_source":"F:/datasets/layers/all_building.geojson"},"geometry":{"type":"Polygon","coordinates":[[[85.8296292,20.2966477],[85.8297489,20.2966458],[85.8297478,20.2965856],[85.8298908,20.2965833],[85.8298863,20.2963389],[85.8297666,20.2963408],[85.829769,20.2964745],[85.8296261,20.2964768],[85.8296292,20.2966477]]]}},{"type":"Feature","properties":{"building":"yes","name":null,"height":null,"building:levels":null,"amenity":null,"render_height_m":9.0,"height_source":"visual_default_not_measured","web_layer_source":"F:/datasets/layers/all_building.geojson"},"geometry":{"type":"Polygon","coordinates":[[[85.8287412,20.2553201],[85.8287557,20.2553577],[85.8287878,20.2554406],[85.8289154,20.2553972],[85.8289289,20.2554319],[85.8290413,20.2553936],[85.8289812,20.2552383],[85.8287412,20.2553201]]]}},{"type":"Feature","properties":{"building":"yes","name":"Enem Haus Forest Park","height":null,"building:levels":"6","amenity":null,"render_height_m":18.0,"height_source":"osm_levels_visualized_3m","web_layer_source":"F:/datasets/layers/all_building.geojson"},"geometry":{"type":"Polygon","coordinates":[[[85.8297631,20.254929],[85.8299588,20.2548479],[85.8299202,20.2545524],[85.8296813,20.2545803],[85.8297631,20.254929]]]}},{"type":"Feature","properties":{"building":"yes","name":null,"height":null,"building:levels":null,"amenity":null,"render_height_m":9.0,"height_source":"visual_default_not_measured","web_layer_source":"F:/datasets/layers/all_building.geojson"},"geometry":{"type":"Polygon","coordinates":[[[85.8576541,20.291399],[85.8578724,20.2913903],[85.857867,20.2912709],[85.8576487,20.2912795],[85.8576541,20.291399]]]}},{"type":"Feature","properties":{"building":"yes","name":null,"height":null,"building:levels":null,"amenity":null,"render_height_m":9.0,"height_source":"visual_default_not_measured","web_layer_source":"F:/datasets/layers/all_building.geojson"},"geometry":{"type":"Polygon","coordinates":[[[85.8158572,20.2922745],[85.8159666,20.2923231],[85.8160162,20.292225],[85.8159068,20.2921763],[85.8158572,20.2922745]]]}},{"type":"Feature","properties":{"building":"yes","name":null,"height":null,"building:levels":null,"amenity":null,"render_height_m":9.0,"height_source":"visual_default_not_measured","web_layer_source":"F:/datasets/layers/all_building.geojson"},"geometry":{"type":"Polygon","coordinates":[[[85.845391,20.2745639],[85.8454228,20.2747547],[85.8458519,20.2746918],[85.8458202,20.274501],[85.845391,20.2745639]]]}},{"type":"Feature","properties":{"building":"yes","name":null,"height":null,"building:levels":null,"amenity":null,"render_height_m":9.0,"height_source":"visual_default_not_measured","web_layer_source":"F:/datasets/layers/all_building.geojson"},"geometry":{"type":"Polygon","coordinates":[[[85.8488007,20.2653661],[85.848881,20.2653448],[85.8488555,20.2652602],[85.8487752,20.2652814],[85.8488007,20.2653661]]]}},{"type":"Feature","properties":{"building":"yes","name":null,"height":"4","building:levels":"2","amenity":null,"render_height_m":4.0,"height_source":"osm_height","web_layer_source":"F:/datasets/layers/all_building.geojson"},"geometry":{"type":"Polygon","coordinates":[[[85.8250733,20.296248],[85.8251252,20.2963334],[85.8251895,20.296299],[85.8252762,20.2962526],[85.8253438,20.2962164],[85.8252919,20.296131],[85.8252258,20.2961664],[85.8251366,20.2962141],[85.8250733,20.296248]]]}},{"type":"Feature","properties":{"building":"yes","name":null,"height":null,"building:levels":null,"amenity":null,"render_height_m":9.0,"height_source":"visual_default_not_measured","web_layer_source":"F:/datasets/layers/all_building.geojson"},"geometry":{"type":"Polygon","coordinates":[[[85.8275954,20.2886112],[85.8272242,20.2885585],[85.8272351,20.288491],[85.8276063,20.2885437],[85.8275954,20.2886112]]]}},{"type":"Feature","properties":{"building":"yes","name":null,"height":null,"building:levels":null,"amenity":null,"render_height_m":9.0,"height_source":"visual_default_not_measured","web_layer_source":"F:/datasets/layers/all_building.geojson"},"geometry":{"type":"Polygon","coordinates":[[[85.8276227,20.2884616],[85.8272515,20.2884089],[85.8272624,20.2883415],[85.8276336,20.2883942],[85.8276227,20.2884616]]]}},{"type":"Feature","properties":{"building":"yes","name":null,"height":null,"building:levels":null,"amenity":null,"render_height_m":9.0,"height_source":"visual_default_not_measured","web_layer_source":"F:/datasets/layers/all_building.geojson"},"geometry":{"type":"Polygon","coordinates":[[[85.8281187,20.2886847],[85.8277475,20.288632],[85.8277583,20.2885646],[85.8281296,20.2886172],[85.8281187,20.2886847]]]}},{"type":"Feature","properties":{"building":"yes","name":null,"height":null,"building:levels":null,"amenity":null,"render_height_m":9.0,"height_source":"visual_default_not_measured","web_layer_source":"F:/datasets/layers/all_building.geojson"},"geometry":{"type":"Polygon","coordinates":[[[85.8281492,20.288536],[85.827778,20.2884833],[85.8277888,20.2884158],[85.8281601,20.2884685],[85.8281492,20.288536]]]}},{"type":"Feature","properties":{"building":"yes","name":null,"height":null,"building:levels":null,"amenity":null,"render_height_m":9.0,"height_source":"visual_default_not_measured","web_layer_source":"F:/datasets/layers/all_building.geojson"},"geometry":{"type":"Polygon","coordinates":[[[85.8285435,20.2887495],[85.8281723,20.2886968],[85.8281832,20.2886294],[85.8285544,20.2886821],[85.8285435,20.2887495]]]}},{"type":"Feature","properties":{"building":"yes","name":null,"height":null,"building:levels":null,"amenity":null,"render_height_m":9.0,"height_source":"visual_default_not_measured","web_layer_source":"F:/datasets/layers/all_building.geojson"},"geometry":{"type":"Polygon","coordinates":[[[85.828574,20.2885989],[85.8282028,20.2885462],[85.8282137,20.2884788],[85.8285849,20.2885314],[85.828574,20.2885989]]]}},{"type":"Feature","properties":{"building":"yes","name":null,"height":null,"building:levels":null,"amenity":null,"render_height_m":9.0,"height_source":"visual_default_not_measured","web_layer_source":"F:/datasets/layers/all_building.geojson"},"geometry":{"type":"Polygon","coordinates":[[[85.8286045,20.2884102],[85.8282333,20.2883574],[85.8282442,20.28829],[85.8286154,20.2883427],[85.8286045,20.2884102]]]}},{"type":"Feature","properties":{"building":"yes","name":null,"height":null,"building:levels":null,"amenity":null,"render_height_m":9.0,"height_source":"visual_default_not_measured","web_layer_source":"F:/datasets/layers/all_building.geojson"},"geometry":{"type":"Polygon","coordinates":[[[85.8286411,20.2882595],[85.8282699,20.2882068],[85.8282808,20.2881394],[85.828652,20.2881921],[85.8286411,20.2882595]]]}},{"type":"Feature","properties":{"building":"yes","name":null,"height":null,"building:levels":null,"amenity":null,"render_height_m":9.0,"height_source":"visual_default_not_measured","web_layer_source":"F:/datasets/layers/all_building.geojson"},"geometry":{"type":"Polygon","coordinates":[[[85.8277121,20.287924],[85.8273409,20.2878712],[85.8273518,20.2878038],[85.827723,20.2878565],[85.8277121,20.287924]]]}},{"type":"Feature","properties":{"building":"yes","name":null,"height":null,"building:levels":null,"amenity":null,"render_height_m":9.0,"height_source":"visual_default_not_measured","web_layer_source":"F:/datasets/layers/all_building.geojson"},"geometry":{"type":"Polygon","coordinates":[[[85.8277345,20.2877752],[85.8273633,20.2877225],[85.8273742,20.2876551],[85.8277454,20.2877078],[85.8277345,20.2877752]]]}},{"type":"Feature","properties":{"building":"yes","name":null,"height":null,"building:levels":null,"amenity":null,"render_height_m":9.0,"height_source":"visual_default_not_measured","web_layer_source":"F:/datasets/layers/all_building.geojson"},"geometry":{"type":"Polygon","coordinates":[[[85.8282345,20.2880021],[85.8278633,20.2879494],[85.8278742,20.287882],[85.8282454,20.2879347],[85.8282345,20.2880021]]]}},{"type":"Feature","properties":{"building":"yes","name":null,"height":null,"building:levels":null,"amenity":null,"render_height_m":9.0,"height_source":"visual_default_not_measured","web_layer_source":"F:/datasets/layers/all_building.geojson"},"geometry":{"type":"Polygon","coordinates":[[[85.8282589,20.2878591],[85.8278877,20.2878064],[85.8278986,20.287739],[85.8282698,20.2877917],[85.8282589,20.2878591]]]}},{"type":"Feature","properties":{"building":"yes","name":null,"height":null,"building:levels":null,"amenity":null,"render_height_m":9.0,"height_source":"visual_default_not_measured","web_layer_source":"F:/datasets/layers/all_building.geojson"},"geometry":{"type":"Polygon","coordinates":[[[85.8286655,20.2880593],[85.8282943,20.2880066],[85.8283051,20.2879392],[85.8286764,20.2879919],[85.8286655,20.2880593]]]}},{"type":"Feature","properties":{"building":"yes","name":null,"height":null,"building:levels":null,"amenity":null,"render_height_m":9.0,"height_source":"visual_default_not_measured","web_layer_source":"F:/datasets/layers/all_building.geojson"},"geometry":{"type":"Polygon","coordinates":[[[85.8286919,20.2879221],[85.8283207,20.2878693],[85.8283316,20.2878019],[85.8287028,20.2878546],[85.8286919,20.2879221]]]}},{"type":"Feature","properties":{"building":"yes","name":null,"height":null,"building:levels":null,"amenity":null,"render_height_m":9.0,"height_source":"visual_default_not_measured","web_layer_source":"F:/datasets/layers/all_building.geojson"},"geometry":{"type":"Polygon","coordinates":[[[85.8210672,20.2863718],[85.8209869,20.2862158],[85.8210842,20.2861717],[85.8211645,20.2863277],[85.8210672,20.2863718]]]}},{"type":"Feature","properties":{"building":"yes","name":null,"height":null,"building:levels":null,"amenity":null,"render_height_m":9.0,"height_source":"visual_default_not_measured","web_layer_source":"F:/datasets/layers/all_building.geojson"},"geometry":{"type":"Polygon","coordinates":[[[85.8220092,20.2864736],[85.8217678,20.2865044],[85.8217555,20.2864196],[85.8219969,20.2863888],[85.8220092,20.2864736]]]}},{"type":"Feature","properties":{"building":"yes","name":null,"height":null,"building:levels":null,"amenity":null,"render_height_m":9.0,"height_source":"visual_default_not_measured","web_layer_source":"F:/datasets/layers/all_building.geojson"},"geometry":{"type":"Polygon","coordinates":[[[85.821635,20.2863974],[85.8214556,20.2864379],[85.8214342,20.2863548],[85.8216136,20.2863143],[85.821635,20.2863974]]]}},{"type":"Feature","properties":{"building":"yes","name":null,"height":null,"building:levels":null,"amenity":null,"render_height_m":9.0,"height_source":"visual_default_not_measured","web_layer_source":"F:/datasets/layers/all_building.geojson"},"geometry":{"type":"Polygon","coordinates":[[[85.8212906,20.2871611],[85.8211745,20.2871683],[85.8211675,20.2870685],[85.8212836,20.2870613],[85.8212906,20.2871611]]]}},{"type":"Feature","properties":{"building":"yes","name":null,"height":null,"building:levels":null,"amenity":null,"render_height_m":9.0,"height_source":"visual_default_not_measured","web_layer_source":"F:/datasets/layers/all_building.geojson"},"geometry":{"type":"Polygon","coordinates":[[[85.8208732,20.287127],[85.820851,20.2869767],[85.8210126,20.2869557],[85.8210264,20.2870496],[85.8209372,20.2870612],[85.8209455,20.2871176],[85.8208732,20.287127]]]}},{"type":"Feature","properties":{"building":"yes","name":null,"height":null,"building:levels":null,"amenity":null,"render_height_m":9.0,"height_source":"visual_default_not_measured","web_layer_source":"F:/datasets/layers/all_building.geojson"},"geometry":{"type":"Polygon","coordinates":[[[85.820869,20.2872978],[85.8207177,20.2873319],[85.8206956,20.2872455],[85.8208469,20.2872114],[85.820869,20.2872978]]]}},{"type":"Feature","properties":{"building":"yes","name":null,"height":null,"building:levels":null,"amenity":null,"render_height_m":9.0,"height_source":"visual_default_not_measured","web_layer_source":"F:/datasets/layers/all_building.geojson"},"geometry":{"type":"Polygon","coordinates":[[[85.8213749,20.2857472],[85.8213608,20.2856358],[85.8214592,20.2856249],[85.8214732,20.2857363],[85.8213749,20.2857472]]]}},{"type":"Feature","properties":{"building":"yes","name":null,"height":null,"building:levels":null,"amenity":null,"render_height_m":9.0,"height_source":"visual_default_not_measured","web_layer_source":"F:/datasets/layers/all_building.geojson"},"geometry":{"type":"Polygon","coordinates":[[[85.8231087,20.2855744],[85.8229684,20.2855956],[85.8229502,20.2854896],[85.8230905,20.2854684],[85.8231087,20.2855744]]]}},{"type":"Feature","properties":{"building":"yes","name":null,"height":null,"building:levels":null,"amenity":null,"render_height_m":9.0,"height_source":"visual_default_not_measured","web_layer_source":"F:/datasets/layers/all_building.geojson"},"geometry":{"type":"Polygon","coordinates":[[[85.8228509,20.2848466],[85.8227903,20.2847095],[85.8228636,20.284681],[85.8229242,20.284818],[85.8228509,20.2848466]]]}},{"type":"Feature","properties":{"building":"yes","name":null,"height":null,"building:levels":null,"amenity":null,"render_height_m":9.0,"height_source":"visual_default_not_measured","web_layer_source":"F:/datasets/layers/all_building.geojson"},"geometry":{"type":"Polygon","coordinates":[[[85.8228501,20.2846267],[85.8227989,20.2844799],[85.8228853,20.2844535],[85.8229364,20.2846002],[85.8228501,20.2846267]]]}},{"type":"Feature","properties":{"building":"yes","name":null,"height":null,"building:levels":null,"amenity":null,"render_height_m":9.0,"height_source":"visual_default_not_measured","web_layer_source":"F:/datasets/layers/all_building.geojson"},"geometry":{"type":"Polygon","coordinates":[[[85.8239183,20.2850087],[85.823902,20.2847905],[85.8239858,20.284785],[85.8240021,20.2850032],[85.8239183,20.2850087]]]}},{"type":"Feature","properties":{"building":"house","name":null,"height":null,"building:levels":null,"amenity":null,"render_height_m":9.0,"height_source":"visual_default_not_measured","web_layer_source":"F:/datasets/layers/all_building.geojson"},"geometry":{"type":"Polygon","coordinates":[[[85.8335659,20.2507899],[85.8336853,20.2507064],[85.833618,20.2506216],[85.8334985,20.250705],[85.8335659,20.2507899]]]}},{"type":"Feature","properties":{"building":"house","name":null,"height":null,"building:levels":null,"amenity":null,"render_height_m":9.0,"height_source":"visual_default_not_measured","web_layer_source":"F:/datasets/layers/all_building.geojson"},"geometry":{"type":"Polygon","coordinates":[[[85.8337312,20.2507521],[85.8338254,20.2506954],[85.8337256,20.2505492],[85.8336313,20.2506059],[85.8337312,20.2507521]]]}},{"type":"Feature","properties":{"building":"house","name":null,"height":null,"building:levels":null,"amenity":null,"render_height_m":9.0,"height_source":"visual_default_not_measured","web_layer_source":"F:/datasets/layers/all_building.geojson"},"geometry":{"type":"Polygon","coordinates":[[[85.8335828,20.2507897],[85.8336916,20.2507139],[85.8337386,20.2507734],[85.8338583,20.25069],[85.8339334,20.2507849],[85.833705,20.2509441],[85.8335828,20.2507897]]]}},{"type":"Feature","properties":{"building":"yes","name":"Oishi Fresh | Fastfood Restaurant | Bhubaneswar","height":null,"building:levels":null,"amenity":"restaurant","render_height_m":9.0,"height_source":"visual_default_not_measured","web_layer_source":"F:/datasets/layers/all_building.geojson"},"geometry":{"type":"Polygon","coordinates":[[[85.8329784,20.2838308],[85.8330284,20.2838302],[85.8330278,20.28378],[85.8329784,20.28378],[85.8329784,20.2838308]]]}},{"type":"Feature","properties":{"building":"apartments","name":null,"height":null,"building:levels":null,"amenity":null,"render_height_m":9.0,"height_source":"visual_default_not_measured","web_layer_source":"F:/datasets/layers/all_building.geojson"},"geometry":{"type":"Polygon","coordinates":[[[85.8845651,20.3373273],[85.8848054,20.3376493],[85.8853633,20.3372952],[85.8850715,20.336941],[85.8845651,20.3373273]]]}},{"type":"Feature","properties":{"building":"apartments","name":null,"height":null,"building:levels":null,"amenity":null,"render_height_m":9.0,"height_source":"visual_default_not_measured","web_layer_source":"F:/datasets/layers/all_building.geojson"},"geometry":{"type":"Polygon","coordinates":[[[85.8865406,20.3352754],[85.886472,20.3352291],[85.886517,20.3351949],[85.8864677,20.3351346],[85.8865578,20.3350722],[85.8866758,20.3349796],[85.8867096,20.3350315],[85.8867734,20.3350028],[85.8868094,20.3350667],[85.8865406,20.3352754]]]}},{"type":"Feature","properties":{"building":"yes","name":null,"height":null,"building:levels":null,"amenity":null,"render_height_m":9.0,"height_source":"visual_default_not_measured","web_layer_source":"F:/datasets/layers/all_building.geojson"},"geometry":{"type":"Polygon","coordinates":[[[85.8221617,20.2865347],[85.8222661,20.2865221],[85.8222392,20.2863259],[85.8221349,20.2863385],[85.8221617,20.2865347]]]}},{"type":"Feature","properties":{"building":"yes","name":"Srusti Academy of Management","height":null,"building:levels":null,"amenity":null,"render_height_m":9.0,"height_source":"visual_default_not_measured","web_layer_source":"F:/datasets/layers/all_building.geojson"},"geometry":{"type":"Polygon","coordinates":[[[85.8073646,20.3472125],[85.8073609,20.347403],[85.8076362,20.3474048],[85.8076432,20.3472169],[85.8073646,20.3472125]]]}},{"type":"Feature","properties":{"building":"hangar","name":"Indian Coast Guard Hangar","height":null,"building:levels":null,"amenity":null,"render_height_m":9.0,"height_source":"visual_default_not_measured","web_layer_source":"F:/datasets/layers/all_building.geojson"},"geometry":{"type":"Polygon","coordinates":[[[85.8223585,20.2443104],[85.8225441,20.2448184],[85.8225863,20.2448049],[85.8226038,20.2448528],[85.8227967,20.2447908],[85.822807,20.2448191],[85.8226196,20.2448794],[85.8226318,20.2449129],[85.8225891,20.2449266],[85.822755,20.2453807],[85.8228278,20.2453573],[85.8228198,20.2453353],[85.8231498,20.2452292],[85.823127,20.2451669],[85.8231633,20.2451552],[85.8230423,20.244824],[85.8230072,20.2448353],[85.8229823,20.2447672],[85.8228588,20.244807],[85.8228448,20.2447687],[85.8229552,20.2447332],[85.8228868,20.2445458],[85.8229258,20.2445332],[85.8228195,20.2442423],[85.822784,20.2442537],[85.8227433,20.2441422],[85.8223825,20.2442582],[85.8223971,20.244298],[85.8223585,20.2443104]]]}},{"type":"Feature","properties":{"building":"yes","name":null,"height":null,"building:levels":null,"amenity":null,"render_height_m":9.0,"height_source":"visual_default_not_measured","web_layer_source":"F:/datasets/layers/all_building.geojson"},"geometry":{"type":"Polygon","coordinates":[[[85.8196158,20.2480665],[85.8196164,20.2480819],[85.8196114,20.2480966],[85.8196015,20.2481088],[85.8195878,20.2481173],[85.8195719,20.2481209],[85.8195555,20.2481193],[85.8195407,20.2481126],[85.8195298,20.2481025],[85.8195229,20.2480897],[85.8195206,20.2480755],[85.8195231,20.2480613],[85.8195303,20.2480486],[85.8195414,20.2480386],[85.8195552,20.2480325],[85.8195705,20.2480307],[85.8195855,20.2480335],[85.8195988,20.2480406],[85.8196097,20.2480522],[85.8196158,20.2480665]]]}},{"type":"Feature","properties":{"building":"yes","name":"ISRLeaders Club","height":null,"building:levels":null,"amenity":null,"render_height_m":9.0,"height_source":"visual_default_not_measured","web_layer_source":"F:/datasets/layers/all_building.geojson"},"geometry":{"type":"Polygon","coordinates":[[[85.7931975,20.2751641],[85.7932704,20.2752991],[85.7933526,20.2752654],[85.7932832,20.2751239],[85.7931975,20.2751641]]]}},{"type":"Feature","properties":{"building":"yes","name":"Raghvendra Swamy Temple","height":null,"building:levels":null,"amenity":"place_of_worship","render_height_m":9.0,"height_source":"visual_default_not_measured","web_layer_source":"F:/datasets/layers/all_building.geojson"},"geometry":{"type":"Polygon","coordinates":[[[85.8408412,20.287157],[85.8412998,20.2872124],[85.8413629,20.286625],[85.8408103,20.2866237],[85.8408412,20.287157]]]}},{"type":"Feature","properties":{"building":"yes","name":null,"height":null,"building:levels":null,"amenity":null,"render_height_m":9.0,"height_source":"visual_default_not_measured","web_layer_source":"F:/datasets/layers/all_building.geojson"},"geometry":{"type":"Polygon","coordinates":[[[85.8194945,20.2479558],[85.8195322,20.2481846],[85.8196049,20.248174],[85.8196157,20.2482395],[85.8195706,20.248246],[85.8195827,20.2483198],[85.8194523,20.2483386],[85.8194422,20.2482773],[85.8193925,20.2482845],[85.819368,20.2481349],[85.8194212,20.2481272],[85.8193954,20.2479701],[85.8194945,20.2479558]]]}},{"type":"Feature","properties":{"building":"yes","name":null,"height":null,"building:levels":null,"amenity":null,"render_height_m":9.0,"height_source":"visual_default_not_measured","web_layer_source":"F:/datasets/layers/all_building.geojson"},"geometry":{"type":"Polygon","coordinates":[[[85.8163201,20.2503323],[85.8165352,20.2504795],[85.8166809,20.2502921],[85.8164658,20.2501449],[85.8163201,20.2503323]]]}},{"type":"Feature","properties":{"building":"yes","name":null,"height":null,"building:levels":null,"amenity":null,"render_height_m":9.0,"height_source":"visual_default_not_measured","web_layer_source":"F:/datasets/layers/all_building.geojson"},"geometry":{"type":"Polygon","coordinates":[[[85.8166923,20.2502173],[85.8165034,20.2500833],[85.8166096,20.2499515],[85.8166902,20.2500087],[85.8166619,20.2500438],[85.8167703,20.2501206],[85.8166923,20.2502173]]]}},{"type":"Feature","properties":{"building":"yes","name":null,"height":null,"building:levels":null,"amenity":null,"render_height_m":9.0,"height_source":"visual_default_not_measured","web_layer_source":"F:/datasets/layers/all_building.geojson"},"geometry":{"type":"Polygon","coordinates":[[[85.8170695,20.2500401],[85.817039,20.2500169],[85.8170592,20.2499935],[85.8170181,20.2499624],[85.8169956,20.2499885],[85.816943,20.2499485],[85.8169719,20.249915],[85.8168436,20.2498177],[85.8167449,20.2499322],[85.8169974,20.2501238],[85.8170695,20.2500401]]]}},{"type":"Feature","properties":{"building":"yes","name":null,"height":null,"building:levels":null,"amenity":null,"render_height_m":9.0,"height_source":"visual_default_not_measured","web_layer_source":"F:/datasets/layers/all_building.geojson"},"geometry":{"type":"Polygon","coordinates":[[[85.8169051,20.2497384],[85.8169616,20.2497792],[85.8169135,20.2498377],[85.8169685,20.2498775],[85.8170153,20.2498206],[85.8171292,20.2499031],[85.8172199,20.2497928],[85.8170891,20.2496981],[85.8170657,20.2497265],[85.8170266,20.2496982],[85.8170075,20.2497214],[85.816952,20.2496813],[85.8169051,20.2497384]]]}},{"type":"Feature","properties":{"building":"fire_station","name":null,"height":null,"building:levels":null,"amenity":null,"render_height_m":9.0,"height_source":"visual_default_not_measured","web_layer_source":"F:/datasets/layers/all_building.geojson"},"geometry":{"type":"Polygon","coordinates":[[[85.8103974,20.258705],[85.8101367,20.2585303],[85.8105869,20.257939],[85.8108475,20.2581136],[85.8103974,20.258705]]]}},{"type":"Feature","properties":{"building":"fire_station","name":null,"height":null,"building:levels":null,"amenity":null,"render_height_m":9.0,"height_source":"visual_default_not_measured","web_layer_source":"F:/datasets/layers/all_building.geojson"},"geometry":{"type":"Polygon","coordinates":[[[85.8109735,20.2579772],[85.810841,20.2578866],[85.8112683,20.2573369],[85.8114007,20.2574274],[85.8109735,20.2579772]]]}},{"type":"Feature","properties":{"building":"yes","name":null,"height":null,"building:levels":null,"amenity":null,"render_height_m":9.0,"height_source":"visual_default_not_measured","web_layer_source":"F:/datasets/layers/all_building.geojson"},"geometry":{"type":"Polygon","coordinates":[[[85.8143583,20.2401781],[85.8143824,20.2400952],[85.8145544,20.2401392],[85.8145303,20.2402221],[85.8143583,20.2401781]]]}},{"type":"Feature","properties":{"building":"college","name":"A-Block","height":null,"building:levels":null,"amenity":null,"render_height_m":9.0,"height_source":"visual_default_not_measured","web_layer_source":"F:/datasets/layers/all_building.geojson"},"geometry":{"type":"Polygon","coordinates":[[[85.800161,20.2499341],[85.8002255,20.249649],[85.8004291,20.2496794],[85.8003644,20.2499693],[85.800161,20.2499341]]]}},{"type":"Feature","properties":{"building":"dormitory","name":"ITER Boys Hostel 2","height":null,"building:levels":null,"amenity":null,"render_height_m":9.0,"height_source":"visual_default_not_measured","web_layer_source":"F:/datasets/layers/all_building.geojson"},"geometry":{"type":"Polygon","coordinates":[[[85.8006203,20.2504352],[85.8006222,20.2502025],[85.8010182,20.2502067],[85.8010124,20.2504362],[85.8006203,20.2504352]]]}},{"type":"Feature","properties":{"building":"dormitory","name":"ITER Boys Hostel 1","height":null,"building:levels":null,"amenity":null,"render_height_m":9.0,"height_source":"visual_default_not_measured","web_layer_source":"F:/datasets/layers/all_building.geojson"},"geometry":{"type":"Polygon","coordinates":[[[85.8006265,20.2501376],[85.8006342,20.2498323],[85.8009786,20.2498282],[85.80098,20.2499144],[85.8010373,20.2499146],[85.8010346,20.2500517],[85.8009853,20.2500514],[85.8009824,20.2501429],[85.8006265,20.2501376]]]}},{"type":"Feature","properties":{"building":"college","name":"ITER Administrative Block","height":null,"building:levels":"3","amenity":null,"render_height_m":9.0,"height_source":"osm_levels_visualized_3m","web_layer_source":"F:/datasets/layers/all_building.geojson"},"geometry":{"type":"Polygon","coordinates":[[[85.8006608,20.2497633],[85.8008194,20.2495301],[85.8008774,20.2495407],[85.8008725,20.2494249],[85.8008596,20.2493366],[85.8007676,20.2492184],[85.8007038,20.2492879],[85.8005145,20.2491798],[85.8003282,20.2494764],[85.8003421,20.2495311],[85.8003615,20.2495959],[85.8005031,20.2496809],[85.8006608,20.2497633]]]}},{"type":"Feature","properties":{"building":"college","name":"C-block","height":null,"building:levels":"3","amenity":null,"render_height_m":9.0,"height_source":"osm_levels_visualized_3m","web_layer_source":"F:/datasets/layers/all_building.geojson"},"geometry":{"type":"Polygon","coordinates":[[[85.800732,20.2490547],[85.8006595,20.2487494],[85.8008049,20.248719],[85.8008215,20.2487477],[85.8009605,20.2487182],[85.8009677,20.2487481],[85.8010224,20.2487365],[85.8010092,20.2486819],[85.8011097,20.2486605],[85.8011201,20.2487033],[85.8011739,20.2486919],[85.8011618,20.2486418],[85.801273,20.248618],[85.801286,20.2486714],[85.8013193,20.2486642],[85.8013121,20.2486347],[85.8014602,20.2486029],[85.8014509,20.2485648],[85.8015902,20.2485348],[85.8016674,20.2488502],[85.801532,20.2488794],[85.8015233,20.2488439],[85.8013722,20.2488765],[85.801357,20.2488145],[85.8010005,20.2488915],[85.8010161,20.2489554],[85.8008802,20.2489848],[85.8008777,20.2490243],[85.800732,20.2490547]]]}},{"type":"Feature","properties":{"building":"college","name":"Bansuri Guru Auditorium","height":null,"building:levels":"4","amenity":"conference_centre","render_height_m":12.0,"height_source":"osm_levels_visualized_3m","web_layer_source":"F:/datasets/layers/all_building.geojson"},"geometry":{"type":"Polygon","coordinates":[[[85.8018007,20.2494856],[85.8018033,20.2493384],[85.8017828,20.2493],[85.8017478,20.2492257],[85.8016359,20.2488724],[85.8014509,20.2489179],[85.8014898,20.2490431],[85.8015347,20.2490318],[85.8016174,20.2492841],[85.8016377,20.2493324],[85.8016231,20.2493311],[85.8016214,20.2493952],[85.8016386,20.2493957],[85.8016414,20.249512],[85.8017203,20.2495054],[85.8017178,20.2494871],[85.8018007,20.2494856]]]}},{"type":"Feature","properties":{"building":"college","name":"ITER Cafeteria","height":null,"building:levels":null,"amenity":"fast_food","render_height_m":9.0,"height_source":"visual_default_not_measured","web_layer_source":"F:/datasets/layers/all_building.geojson"},"geometry":{"type":"Polygon","coordinates":[[[85.8021384,20.2481475],[85.8026187,20.2483324],[85.8026726,20.2481887],[85.8021934,20.2479997],[85.8021384,20.2481475]]]}},{"type":"Feature","properties":{"building":"apartments","name":"Viswanath Enclave","height":null,"building:levels":null,"amenity":null,"render_height_m":9.0,"height_source":"visual_default_not_measured","web_layer_source":"F:/datasets/layers/all_building.geojson"},"geometry":{"type":"Polygon","coordinates":[[[85.8277286,20.3365537],[85.8279233,20.3364999],[85.8278147,20.3361599],[85.8276774,20.3361944],[85.8277286,20.3365537]]]}},{"type":"Feature","properties":{"building":"yes","name":null,"height":null,"building:levels":null,"amenity":null,"render_height_m":9.0,"height_source":"visual_default_not_measured","web_layer_source":"F:/datasets/layers/all_building.geojson"},"geometry":{"type":"Polygon","coordinates":[[[85.8281613,20.2595117],[85.8286171,20.2600678],[85.8289012,20.2599068],[85.828521,20.2592759],[85.8281613,20.2595117]]]}},{"type":"Feature","properties":{"building":"yes","name":null,"height":null,"building:levels":null,"amenity":null,"render_height_m":9.0,"height_source":"visual_default_not_measured","web_layer_source":"F:/datasets/layers/all_building.geojson"},"geometry":{"type":"Polygon","coordinates":[[[85.8288734,20.259611],[85.8290075,20.2598544],[85.8292116,20.2597586],[85.8291739,20.2596791],[85.8290463,20.2597501],[85.8289485,20.2595747],[85.8288734,20.259611]]]}},{"type":"Feature","properties":{"building":"yes","name":null,"height":null,"building:levels":null,"amenity":null,"render_height_m":9.0,"height_source":"visual_default_not_measured","web_layer_source":"F:/datasets/layers/all_building.geojson"},"geometry":{"type":"Polygon","coordinates":[[[85.8290195,20.2595879],[85.8288467,20.2591333],[85.8289431,20.259096],[85.8291064,20.2595291],[85.8290195,20.2595879]]]}},{"type":"Feature","properties":{"building":"yes","name":null,"height":null,"building:levels":null,"amenity":null,"render_height_m":9.0,"height_source":"visual_default_not_measured","web_layer_source":"F:/datasets/layers/all_building.geojson"},"geometry":{"type":"Polygon","coordinates":[[[85.8301179,20.2585307],[85.8303461,20.2585349],[85.8303474,20.25843],[85.8301191,20.2584395],[85.8301179,20.2585307]]]}},{"type":"Feature","properties":{"building":"yes","name":null,"height":null,"building:levels":null,"amenity":null,"render_height_m":9.0,"height_source":"visual_default_not_measured","web_layer_source":"F:/datasets/layers/all_building.geojson"},"geometry":{"type":"Polygon","coordinates":[[[85.8337642,20.2622054],[85.833531,20.2623632],[85.8336255,20.2625072],[85.8337671,20.2624047],[85.8338823,20.2625542],[85.8337347,20.2626428],[85.8338409,20.2627813],[85.8340623,20.2626124],[85.8337642,20.2622054]]]}},{"type":"Feature","properties":{"building":"yes","name":null,"height":null,"building:levels":null,"amenity":null,"render_height_m":9.0,"height_source":"visual_default_not_measured","web_layer_source":"F:/datasets/layers/all_building.geojson"},"geometry":{"type":"Polygon","coordinates":[[[85.8329688,20.2615676],[85.833077,20.2614799],[85.8331984,20.2616306],[85.8330873,20.2617172],[85.8330297,20.2616513],[85.8331,20.2616003],[85.8330773,20.2615737],[85.833014,20.2616249],[85.8329688,20.2615676]]]}},{"type":"Feature","properties":{"building":"yes","name":null,"height":null,"building:levels":null,"amenity":null,"render_height_m":9.0,"height_source":"visual_default_not_measured","web_layer_source":"F:/datasets/layers/all_building.geojson"},"geometry":{"type":"Polygon","coordinates":[[[85.8308357,20.2592967],[85.8311199,20.2593337],[85.8311676,20.2590545],[85.830869,20.2590196],[85.8308357,20.2592967]]]}},{"type":"Feature","properties":{"building":"yes","name":null,"height":null,"building:levels":null,"amenity":null,"render_height_m":9.0,"height_source":"visual_default_not_measured","web_layer_source":"F:/datasets/layers/all_building.geojson"},"geometry":{"type":"Polygon","coordinates":[[[85.8317258,20.2468145],[85.8316311,20.2470553],[85.8318816,20.2471413],[85.8323338,20.2472244],[85.8329266,20.2474194],[85.8329663,20.2472789],[85.8317258,20.2468145]]]}},{"type":"Feature","properties":{"building":"yes","name":null,"height":null,"building:levels":null,"amenity":null,"render_height_m":9.0,"height_source":"visual_default_not_measured","web_layer_source":"F:/datasets/layers/all_building.geojson"},"geometry":{"type":"Polygon","coordinates":[[[85.8375887,20.2498557],[85.8376697,20.2500709],[85.8378762,20.2499989],[85.8377995,20.2497868],[85.8375887,20.2498557]]]}},{"type":"Feature","properties":{"building":"yes","name":null,"height":null,"building:levels":null,"amenity":null,"render_height_m":9.0,"height_source":"visual_default_not_measured","web_layer_source":"F:/datasets/layers/all_building.geojson"},"geometry":{"type":"Polygon","coordinates":[[[85.844475,20.2777767],[85.8445071,20.2779929],[85.8448592,20.2779541],[85.8448246,20.2777161],[85.844475,20.2777767]]]}},{"type":"Feature","properties":{"building":"yes","name":null,"height":null,"building:levels":null,"amenity":null,"render_height_m":9.0,"height_source":"visual_default_not_measured","web_layer_source":"F:/datasets/layers/all_building.geojson"},"geometry":{"type":"Polygon","coordinates":[[[85.8441271,20.277744],[85.8441687,20.2780319],[85.8441725,20.2780792],[85.8441988,20.2781263],[85.8445192,20.278299],[85.8445837,20.2781902],[85.8443243,20.2780501],[85.8443088,20.2780232],[85.8442741,20.2777126],[85.8441271,20.277744]]]}},{"type":"Feature","properties":{"building":"apartments","name":null,"height":null,"building:levels":null,"amenity":null,"render_height_m":9.0,"height_source":"visual_default_not_measured","web_layer_source":"F:/datasets/layers/all_building.geojson"},"geometry":{"type":"Polygon","coordinates":[[[85.8467497,20.2797945],[85.8467159,20.2798668],[85.8466342,20.2798284],[85.8465146,20.2800287],[85.8465865,20.2800645],[85.846551,20.2801291],[85.8467464,20.280226],[85.8467781,20.2801683],[85.8468295,20.2801963],[85.8469392,20.2799847],[85.8468935,20.279955],[85.8469264,20.2798881],[85.8467497,20.2797945]]]}},{"type":"Feature","properties":{"building":"yes","name":null,"height":null,"building:levels":null,"amenity":null,"render_height_m":9.0,"height_source":"visual_default_not_measured","web_layer_source":"F:/datasets/layers/all_building.geojson"},"geometry":{"type":"Polygon","coordinates":[[[85.8472889,20.2801337],[85.8470832,20.2805437],[85.8473983,20.2807008],[85.8476064,20.2802813],[85.8472889,20.2801337]]]}},{"type":"Feature","properties":{"building":"yes","name":null,"height":null,"building:levels":null,"amenity":null,"render_height_m":9.0,"height_source":"visual_default_not_measured","web_layer_source":"F:/datasets/layers/all_building.geojson"},"geometry":{"type":"Polygon","coordinates":[[[85.8482828,20.2913133],[85.8482617,20.2914806],[85.8484113,20.2914986],[85.8484295,20.2913286],[85.8482828,20.2913133]]]}},{"type":"Feature","properties":{"building":"yes","name":null,"height":null,"building:levels":null,"amenity":null,"render_height_m":9.0,"height_source":"visual_default_not_measured","web_layer_source":"F:/datasets/layers/all_building.geojson"},"geometry":{"type":"Polygon","coordinates":[[[85.8475632,20.2907043],[85.847548,20.2908445],[85.8476837,20.2908575],[85.84771,20.2907199],[85.8475632,20.2907043]]]}},{"type":"Feature","properties":{"building":"yes","name":null,"height":null,"building:levels":null,"amenity":null,"render_height_m":9.0,"height_source":"visual_default_not_measured","web_layer_source":"F:/datasets/layers/all_building.geojson"},"geometry":{"type":"Polygon","coordinates":[[[85.845823,20.2896019],[85.8457994,20.2897889],[85.8459448,20.2898032],[85.8459642,20.2896266],[85.845823,20.2896019]]]}},{"type":"Feature","properties":{"building":"yes","name":null,"height":null,"building:levels":null,"amenity":null,"render_height_m":9.0,"height_source":"visual_default_not_measured","web_layer_source":"F:/datasets/layers/all_building.geojson"},"geometry":{"type":"Polygon","coordinates":[[[85.846327,20.2934014],[85.8463603,20.2936389],[85.846528,20.2936337],[85.846498,20.2933826],[85.846327,20.2934014]]]}},{"type":"Feature","properties":{"building":"yes","name":null,"height":null,"building:levels":null,"amenity":null,"render_height_m":9.0,"height_source":"visual_default_not_measured","web_layer_source":"F:/datasets/layers/all_building.geojson"},"geometry":{"type":"Polygon","coordinates":[[[85.8471002,20.293259],[85.8471264,20.2934554],[85.8472983,20.293438],[85.8472842,20.2932285],[85.8471002,20.293259]]]}},{"type":"Feature","properties":{"building":"yes","name":null,"height":null,"building:levels":null,"amenity":null,"render_height_m":9.0,"height_source":"visual_default_not_measured","web_layer_source":"F:/datasets/layers/all_building.geojson"},"geometry":{"type":"Polygon","coordinates":[[[85.8467426,20.2930764],[85.846769,20.2932596],[85.846852,20.2932492],[85.8468243,20.2930661],[85.8467426,20.2930764]]]}},{"type":"Feature","properties":{"building":"yes","name":null,"height":null,"building:levels":null,"amenity":null,"render_height_m":9.0,"height_source":"visual_default_not_measured","web_layer_source":"F:/datasets/layers/all_building.geojson"},"geometry":{"type":"Polygon","coordinates":[[[85.8483286,20.2929413],[85.8483535,20.2931283],[85.8484906,20.2931025],[85.8484732,20.2929179],[85.8483286,20.2929413]]]}},{"type":"Feature","properties":{"building":"yes","name":null,"height":null,"building:levels":null,"amenity":null,"render_height_m":9.0,"height_source":"visual_default_not_measured","web_layer_source":"F:/datasets/layers/all_building.geojson"},"geometry":{"type":"Polygon","coordinates":[[[85.8481607,20.2931884],[85.8481773,20.293452],[85.8483545,20.2934455],[85.8483407,20.2931858],[85.8481607,20.2931884]]]}},{"type":"Feature","properties":{"building":"yes","name":null,"height":null,"building:levels":null,"amenity":null,"render_height_m":9.0,"height_source":"visual_default_not_measured","web_layer_source":"F:/datasets/layers/all_building.geojson"},"geometry":{"type":"Polygon","coordinates":[[[85.8520666,20.2888488],[85.8520487,20.2889917],[85.8521761,20.2890075],[85.852202,20.2888513],[85.8520666,20.2888488]]]}},{"type":"Feature","properties":{"building":"yes","name":null,"height":null,"building:levels":null,"amenity":null,"render_height_m":9.0,"height_source":"visual_default_not_measured","web_layer_source":"F:/datasets/layers/all_building.geojson"},"geometry":{"type":"Polygon","coordinates":[[[85.8526147,20.2888809],[85.8525814,20.2890565],[85.8527498,20.289085],[85.8527658,20.288903],[85.8526147,20.2888809]]]}},{"type":"Feature","properties":{"building":"yes","name":null,"height":null,"building:levels":null,"amenity":null,"render_height_m":9.0,"height_source":"visual_default_not_measured","web_layer_source":"F:/datasets/layers/all_building.geojson"},"geometry":{"type":"Polygon","coordinates":[[[85.8528221,20.288665],[85.8527876,20.2888431],[85.8529774,20.2888528],[85.8530033,20.2886845],[85.8528221,20.288665]]]}},{"type":"Feature","properties":{"building":"commercial","name":"H & M and Queens Collection","height":null,"building:levels":"3","amenity":null,"render_height_m":9.0,"height_source":"osm_levels_visualized_3m","web_layer_source":"F:/datasets/layers/all_building.geojson"},"geometry":{"type":"Polygon","coordinates":[[[85.8433695,20.2876339],[85.8433436,20.2878701],[85.8437274,20.2879076],[85.8437394,20.2876751],[85.8433695,20.2876339]]]}},{"type":"Feature","properties":{"building":"yes","name":null,"height":null,"building:levels":null,"amenity":null,"render_height_m":9.0,"height_source":"visual_default_not_measured","web_layer_source":"F:/datasets/layers/all_building.geojson"},"geometry":{"type":"Polygon","coordinates":[[[85.8433095,20.2882034],[85.8432954,20.2883289],[85.8432658,20.2883192],[85.8432594,20.288388],[85.8436054,20.2884326],[85.843644,20.2882359],[85.8433095,20.2882034]]]}},{"type":"Feature","properties":{"building":"yes","name":null,"height":null,"building:levels":null,"amenity":null,"render_height_m":9.0,"height_source":"visual_default_not_measured","web_layer_source":"F:/datasets/layers/all_building.geojson"},"geometry":{"type":"Polygon","coordinates":[[[85.811312,20.3263971],[85.8113008,20.3262414],[85.8113984,20.3262353],[85.8114096,20.3263909],[85.811312,20.3263971]]]}},{"type":"Feature","properties":{"building":"yes","name":null,"height":null,"building:levels":null,"amenity":null,"render_height_m":9.0,"height_source":"visual_default_not_measured","web_layer_source":"F:/datasets/layers/all_building.geojson"},"geometry":{"type":"Polygon","coordinates":[[[85.8111204,20.3264445],[85.8110966,20.3262486],[85.8112413,20.3262296],[85.8112713,20.3264314],[85.8111204,20.3264445]]]}},{"type":"Feature","properties":{"building":"yes","name":null,"height":null,"building:levels":null,"amenity":null,"render_height_m":9.0,"height_source":"visual_default_not_measured","web_layer_source":"F:/datasets/layers/all_building.geojson"},"geometry":{"type":"Polygon","coordinates":[[[85.8114898,20.3261907],[85.8114739,20.3260318],[85.8115772,20.3260228],[85.811593,20.3261817],[85.8114898,20.3261907]]]}},{"type":"Feature","properties":{"building":"yes","name":null,"height":null,"building:levels":null,"amenity":null,"render_height_m":9.0,"height_source":"visual_default_not_measured","web_layer_source":"F:/datasets/layers/all_building.geojson"},"geometry":{"type":"Polygon","coordinates":[[[85.811482,20.3263507],[85.8114733,20.3262331],[85.8116161,20.3262239],[85.8116188,20.3262601],[85.8115958,20.3262777],[85.811602,20.3263043],[85.8115604,20.3263128],[85.8115542,20.3263461],[85.811482,20.3263507]]]}},{"type":"Feature","properties":{"building":"yes","name":null,"height":null,"building:levels":null,"amenity":null,"render_height_m":9.0,"height_source":"visual_default_not_measured","web_layer_source":"F:/datasets/layers/all_building.geojson"},"geometry":{"type":"Polygon","coordinates":[[[85.8119558,20.3264138],[85.811945,20.32629],[85.8121801,20.3262719],[85.8121887,20.3263694],[85.8120356,20.3263812],[85.8120231,20.3264086],[85.8119558,20.3264138]]]}},{"type":"Feature","properties":{"building":"yes","name":null,"height":null,"building:levels":null,"amenity":null,"render_height_m":9.0,"height_source":"visual_default_not_measured","web_layer_source":"F:/datasets/layers/all_building.geojson"},"geometry":{"type":"Polygon","coordinates":[[[85.8116362,20.3280222],[85.8116336,20.3279433],[85.811717,20.3279409],[85.8117196,20.3280198],[85.8116362,20.3280222]]]}},{"type":"Feature","properties":{"building":"yes","name":null,"height":null,"building:levels":null,"amenity":null,"render_height_m":9.0,"height_source":"visual_default_not_measured","web_layer_source":"F:/datasets/layers/all_building.geojson"},"geometry":{"type":"Polygon","coordinates":[[[85.8114295,20.3279269],[85.8114269,20.3278352],[85.8114893,20.3278337],[85.8114919,20.3279253],[85.8114295,20.3279269]]]}},{"type":"Feature","properties":{"building":"yes","name":null,"height":null,"building:levels":null,"amenity":null,"render_height_m":9.0,"height_source":"visual_default_not_measured","web_layer_source":"F:/datasets/layers/all_building.geojson"},"geometry":{"type":"Polygon","coordinates":[[[85.8114721,20.3283182],[85.8114605,20.3282052],[85.8115162,20.3282002],[85.8115277,20.3283132],[85.8114721,20.3283182]]]}},{"type":"Feature","properties":{"building":"yes","name":null,"height":null,"building:levels":null,"amenity":null,"render_height_m":9.0,"height_source":"visual_default_not_measured","web_layer_source":"F:/datasets/layers/all_building.geojson"},"geometry":{"type":"Polygon","coordinates":[[[85.8115478,20.3283036],[85.8115401,20.3281915],[85.8116088,20.3281874],[85.8116165,20.3282994],[85.8115478,20.3283036]]]}},{"type":"Feature","properties":{"building":"yes","name":null,"height":null,"building:levels":null,"amenity":null,"render_height_m":9.0,"height_source":"visual_default_not_measured","web_layer_source":"F:/datasets/layers/all_building.geojson"},"geometry":{"type":"Polygon","coordinates":[[[85.8116305,20.3282874],[85.8116933,20.3282814],[85.8116816,20.328174],[85.8116188,20.32818],[85.8116305,20.3282874]]]}},{"type":"Feature","properties":{"building":"yes","name":null,"height":null,"building:levels":null,"amenity":null,"render_height_m":9.0,"height_source":"visual_default_not_measured","web_layer_source":"F:/datasets/layers/all_building.geojson"},"geometry":{"type":"Polygon","coordinates":[[[85.8117061,20.3282505],[85.8117029,20.3281572],[85.8117606,20.3281555],[85.8117638,20.3282488],[85.8117061,20.3282505]]]}},{"type":"Feature","properties":{"building":"yes","name":null,"height":null,"building:levels":null,"amenity":null,"render_height_m":9.0,"height_source":"visual_default_not_measured","web_layer_source":"F:/datasets/layers/all_building.geojson"},"geometry":{"type":"Polygon","coordinates":[[[85.8117927,20.3282554],[85.8117842,20.3281535],[85.8118459,20.3281489],[85.8118544,20.3282509],[85.8117927,20.3282554]]]}},{"type":"Feature","properties":{"building":"yes","name":null,"height":null,"building:levels":null,"amenity":null,"render_height_m":9.0,"height_source":"visual_default_not_measured","web_layer_source":"F:/datasets/layers/all_building.geojson"},"geometry":{"type":"Polygon","coordinates":[[[85.8115193,20.327012],[85.8115837,20.3270061],[85.8115721,20.3268965],[85.8115078,20.3269024],[85.8115193,20.327012]]]}},{"type":"Feature","properties":{"building":"yes","name":null,"height":null,"building:levels":null,"amenity":null,"render_height_m":9.0,"height_source":"visual_default_not_measured","web_layer_source":"F:/datasets/layers/all_building.geojson"},"geometry":{"type":"Polygon","coordinates":[[[85.8113714,20.3270386],[85.8114219,20.3270353],[85.8114137,20.3269249],[85.8113633,20.3269282],[85.8113714,20.3270386]]]}},{"type":"Feature","properties":{"building":"yes","name":null,"height":null,"building:levels":null,"amenity":null,"render_height_m":9.0,"height_source":"visual_default_not_measured","web_layer_source":"F:/datasets/layers/all_building.geojson"},"geometry":{"type":"Polygon","coordinates":[[[85.8112991,20.327039],[85.8113484,20.3270356],[85.8113403,20.3269325],[85.8112911,20.3269359],[85.8112991,20.327039]]]}},{"type":"Feature","properties":{"building":"yes","name":null,"height":null,"building:levels":null,"amenity":null,"render_height_m":9.0,"height_source":"visual_default_not_measured","web_layer_source":"F:/datasets/layers/all_building.geojson"},"geometry":{"type":"Polygon","coordinates":[[[85.8115057,20.3268774],[85.8115036,20.326854],[85.8115725,20.3268485],[85.8115746,20.3268718],[85.8115057,20.3268774]]]}},{"type":"Feature","properties":{"building":"yes","name":null,"height":null,"building:levels":null,"amenity":null,"render_height_m":9.0,"height_source":"visual_default_not_measured","web_layer_source":"F:/datasets/layers/all_building.geojson"},"geometry":{"type":"Polygon","coordinates":[[[85.8115074,20.3268204],[85.8115909,20.3268106],[85.8115754,20.3266948],[85.8114827,20.3267057],[85.8114905,20.326764],[85.8115156,20.3267611],[85.8115202,20.3267957],[85.8115044,20.3267976],[85.8115074,20.3268204]]]}},{"type":"Feature","properties":{"building":"yes","name":null,"height":null,"building:levels":null,"amenity":null,"render_height_m":9.0,"height_source":"visual_default_not_measured","web_layer_source":"F:/datasets/layers/all_building.geojson"},"geometry":{"type":"Polygon","coordinates":[[[85.8116136,20.3267768],[85.8116916,20.3267743],[85.8116873,20.3266598],[85.8116081,20.3266816],[85.8116009,20.3267231],[85.8116252,20.3267268],[85.8116339,20.3267431],[85.8116128,20.326753],[85.8116136,20.3267768]]]}},{"type":"Feature","properties":{"building":"yes","name":null,"height":null,"building:levels":null,"amenity":null,"render_height_m":9.0,"height_source":"visual_default_not_measured","web_layer_source":"F:/datasets/layers/all_building.geojson"},"geometry":{"type":"Polygon","coordinates":[[[85.8116212,20.3268587],[85.8116177,20.3267927],[85.8117059,20.3267887],[85.8117093,20.3268546],[85.8116212,20.3268587]]]}},{"type":"Feature","properties":{"building":"yes","name":null,"height":null,"building:levels":null,"amenity":null,"render_height_m":9.0,"height_source":"visual_default_not_measured","web_layer_source":"F:/datasets/layers/all_building.geojson"},"geometry":{"type":"Polygon","coordinates":[[[85.8116752,20.3269948],[85.8117323,20.3269904],[85.8117246,20.3269027],[85.8116674,20.3269072],[85.8116752,20.3269948]]]}},{"type":"Feature","properties":{"building":"yes","name":null,"height":null,"building:levels":null,"amenity":null,"render_height_m":9.0,"height_source":"visual_default_not_measured","web_layer_source":"F:/datasets/layers/all_building.geojson"},"geometry":{"type":"Polygon","coordinates":[[[85.8117419,20.3268347],[85.8118232,20.3268258],[85.8118048,20.3266794],[85.8117236,20.3266884],[85.8117419,20.3268347]]]}},{"type":"Feature","properties":{"building":"yes","name":null,"height":null,"building:levels":null,"amenity":null,"render_height_m":9.0,"height_source":"visual_default_not_measured","web_layer_source":"F:/datasets/layers/all_building.geojson"},"geometry":{"type":"Polygon","coordinates":[[[85.8119661,20.3268248],[85.8120495,20.3268209],[85.8120424,20.3266879],[85.8120213,20.3266889],[85.8120104,20.3267137],[85.8119603,20.326716],[85.8119661,20.3268248]]]}},{"type":"Feature","properties":{"building":"yes","name":null,"height":null,"building:levels":null,"amenity":null,"render_height_m":9.0,"height_source":"visual_default_not_measured","web_layer_source":"F:/datasets/layers/all_building.geojson"},"geometry":{"type":"Polygon","coordinates":[[[85.8120788,20.3268051],[85.8120707,20.3266971],[85.8121243,20.3266936],[85.8121195,20.3266307],[85.812162,20.3266279],[85.8121749,20.3267988],[85.8120788,20.3268051]]]}},{"type":"Feature","properties":{"building":"yes","name":null,"height":null,"building:levels":null,"amenity":null,"render_height_m":9.0,"height_source":"visual_default_not_measured","web_layer_source":"F:/datasets/layers/all_building.geojson"},"geometry":{"type":"Polygon","coordinates":[[[85.8122042,20.3268144],[85.8121937,20.3266662],[85.8122744,20.3266611],[85.812285,20.3268094],[85.8122042,20.3268144]]]}},{"type":"Feature","properties":{"building":"yes","name":null,"height":null,"building:levels":null,"amenity":null,"render_height_m":9.0,"height_source":"visual_default_not_measured","web_layer_source":"F:/datasets/layers/all_building.geojson"},"geometry":{"type":"Polygon","coordinates":[[[85.8123123,20.3267977],[85.8123034,20.3266791],[85.8123981,20.3266728],[85.8124071,20.3267914],[85.8123123,20.3267977]]]}},{"type":"Feature","properties":{"building":"yes","name":null,"height":null,"building:levels":null,"amenity":null,"render_height_m":9.0,"height_source":"visual_default_not_measured","web_layer_source":"F:/datasets/layers/all_building.geojson"},"geometry":{"type":"Polygon","coordinates":[[[85.8123576,20.3269096],[85.8123524,20.3268145],[85.8124248,20.326811],[85.81243,20.3269061],[85.8123576,20.3269096]]]}},{"type":"Feature","properties":{"building":"yes","name":null,"height":null,"building:levels":null,"amenity":null,"render_height_m":9.0,"height_source":"visual_default_not_measured","web_layer_source":"F:/datasets/layers/all_building.geojson"},"geometry":{"type":"Polygon","coordinates":[[[85.8120485,20.326948],[85.8120464,20.3268509],[85.8121161,20.3268496],[85.8121182,20.3269466],[85.8120485,20.326948]]]}},{"type":"Feature","properties":{"building":"residential","name":null,"height":null,"building:levels":null,"amenity":null,"render_height_m":9.0,"height_source":"visual_default_not_measured","web_layer_source":"F:/datasets/layers/all_building.geojson"},"geometry":{"type":"Polygon","coordinates":[[[85.8138394,20.3266599],[85.8138688,20.3266505],[85.8138755,20.326669],[85.813899,20.3266615],[85.8139202,20.3266496],[85.813929,20.3266633],[85.813971,20.3266587],[85.81398,20.3266437],[85.813993,20.3266333],[85.8139188,20.3264493],[85.8138887,20.3264599],[85.813877,20.3264309],[85.813876,20.3263784],[85.813849,20.3263634],[85.8138323,20.3263258],[85.8137285,20.3263664],[85.8137337,20.326378],[85.8137564,20.3263691],[85.8137788,20.3264194],[85.8137961,20.3264126],[85.81383,20.3264884],[85.8137704,20.3265118],[85.8137999,20.3265777],[85.8138522,20.3265572],[85.8138726,20.3266029],[85.8138094,20.3266278],[85.8138211,20.326654],[85.8138394,20.3266599]]]}},{"type":"Feature","properties":{"building":"residential","name":null,"height":null,"building:levels":null,"amenity":null,"render_height_m":9.0,"height_source":"visual_default_not_measured","web_layer_source":"F:/datasets/layers/all_building.geojson"},"geometry":{"type":"Polygon","coordinates":[[[85.8134036,20.32669],[85.8133876,20.3265355],[85.8134388,20.3265309],[85.8134503,20.3265539],[85.8134922,20.3265498],[85.8135052,20.3265038],[85.8135513,20.326497],[85.813573,20.3264794],[85.8136554,20.3264716],[85.8136739,20.3266417],[85.8135982,20.3266489],[85.8135919,20.3265911],[85.8135534,20.3265947],[85.8135499,20.326562],[85.8135167,20.3266798],[85.8134036,20.32669]]]}},{"type":"Feature","properties":{"building":"yes","name":null,"height":null,"building:levels":null,"amenity":null,"render_height_m":9.0,"height_source":"visual_default_not_measured","web_layer_source":"F:/datasets/layers/all_building.geojson"},"geometry":{"type":"Polygon","coordinates":[[[85.8131774,20.3260464],[85.8131621,20.3259713],[85.8132938,20.3259477],[85.8133091,20.3260229],[85.8131774,20.3260464]]]}},{"type":"Feature","properties":{"building":"residential","name":null,"height":null,"building:levels":null,"amenity":null,"render_height_m":9.0,"height_source":"visual_default_not_measured","web_layer_source":"F:/datasets/layers/all_building.geojson"},"geometry":{"type":"Polygon","coordinates":[[[85.8132364,20.3257806],[85.8131981,20.3256356],[85.8132961,20.3256128],[85.8133345,20.3257578],[85.8132364,20.3257806]]]}},{"type":"Feature","properties":{"building":"yes","name":null,"height":null,"building:levels":null,"amenity":null,"render_height_m":9.0,"height_source":"visual_default_not_measured","web_layer_source":"F:/datasets/layers/all_building.geojson"},"geometry":{"type":"Polygon","coordinates":[[[85.8131489,20.3259077],[85.8131343,20.3258363],[85.8132612,20.3258135],[85.8132758,20.3258849],[85.8131489,20.3259077]]]}},{"type":"Feature","properties":{"building":"yes","name":null,"height":null,"building:levels":null,"amenity":null,"render_height_m":9.0,"height_source":"visual_default_not_measured","web_layer_source":"F:/datasets/layers/all_building.geojson"},"geometry":{"type":"Polygon","coordinates":[[[85.8128076,20.3259652],[85.8129437,20.3259476],[85.8129315,20.3258649],[85.8127954,20.3258825],[85.8128076,20.3259652]]]}},{"type":"Feature","properties":{"building":"yes","name":null,"height":null,"building:levels":null,"amenity":null,"render_height_m":9.0,"height_source":"visual_default_not_measured","web_layer_source":"F:/datasets/layers/all_building.geojson"},"geometry":{"type":"Polygon","coordinates":[[[85.8129897,20.3265118],[85.8129617,20.3264112],[85.8131403,20.3263674],[85.8131684,20.326468],[85.8129897,20.3265118]]]}},{"type":"Feature","properties":{"building":"yes","name":null,"height":null,"building:levels":null,"amenity":null,"render_height_m":9.0,"height_source":"visual_default_not_measured","web_layer_source":"F:/datasets/layers/all_building.geojson"},"geometry":{"type":"Polygon","coordinates":[[[85.8129335,20.3263504],[85.8129141,20.3262511],[85.8130997,20.3262192],[85.8131191,20.3263185],[85.8129335,20.3263504]]]}},{"type":"Feature","properties":{"building":"yes","name":null,"height":null,"building:levels":null,"amenity":null,"render_height_m":9.0,"height_source":"visual_default_not_measured","web_layer_source":"F:/datasets/layers/all_building.geojson"},"geometry":{"type":"Polygon","coordinates":[[[85.8132324,20.3262507],[85.8132136,20.3261749],[85.8133406,20.3261397],[85.8133594,20.3262209],[85.8132324,20.3262507]]]}},{"type":"Feature","properties":{"building":"yes","name":null,"height":null,"building:levels":null,"amenity":null,"render_height_m":9.0,"height_source":"visual_default_not_measured","web_layer_source":"F:/datasets/layers/all_building.geojson"},"geometry":{"type":"Polygon","coordinates":[[[85.813447,20.325658],[85.8134248,20.3255821],[85.8135442,20.3255514],[85.8135665,20.3256272],[85.813447,20.325658]]]}},{"type":"Feature","properties":{"building":"yes","name":null,"height":null,"building:levels":null,"amenity":null,"render_height_m":9.0,"height_source":"visual_default_not_measured","web_layer_source":"F:/datasets/layers/all_building.geojson"},"geometry":{"type":"Polygon","coordinates":[[[85.8132809,20.3255168],[85.8133678,20.3254957],[85.813331,20.3253631],[85.8132441,20.3253843],[85.8132809,20.3255168]]]}},{"type":"Feature","properties":{"building":"yes","name":null,"height":null,"building:levels":null,"amenity":null,"render_height_m":9.0,"height_source":"visual_default_not_measured","web_layer_source":"F:/datasets/layers/all_building.geojson"},"geometry":{"type":"Polygon","coordinates":[[[85.8134111,20.325492],[85.8135185,20.3254682],[85.8134972,20.3253836],[85.8133898,20.3254075],[85.8134111,20.325492]]]}},{"type":"Feature","properties":{"building":"yes","name":null,"height":null,"building:levels":null,"amenity":null,"render_height_m":9.0,"height_source":"visual_default_not_measured","web_layer_source":"F:/datasets/layers/all_building.geojson"},"geometry":{"type":"Polygon","coordinates":[[[85.8131464,20.325537],[85.8132483,20.3255185],[85.8132232,20.3253974],[85.8131853,20.3254043],[85.8132013,20.3254816],[85.8131373,20.3254933],[85.8131464,20.325537]]]}},{"type":"Feature","properties":{"building":"yes","name":null,"height":null,"building:levels":null,"amenity":null,"render_height_m":9.0,"height_source":"visual_default_not_measured","web_layer_source":"F:/datasets/layers/all_building.geojson"},"geometry":{"type":"Polygon","coordinates":[[[85.8130307,20.3255507],[85.8130189,20.3254547],[85.8130879,20.3254472],[85.8130998,20.3255433],[85.8130307,20.3255507]]]}},{"type":"Feature","properties":{"building":"yes","name":null,"height":null,"building:levels":null,"amenity":null,"render_height_m":9.0,"height_source":"visual_default_not_measured","web_layer_source":"F:/datasets/layers/all_building.geojson"},"geometry":{"type":"Polygon","coordinates":[[[85.8127797,20.3254664],[85.8127642,20.3253248],[85.8128004,20.325307],[85.8128822,20.3253039],[85.8128831,20.3253246],[85.812835,20.3253264],[85.8128445,20.3253547],[85.8129061,20.3253544],[85.8129066,20.3254211],[85.8127797,20.3254664]]]}},{"type":"Feature","properties":{"building":"yes","name":null,"height":null,"building:levels":null,"amenity":null,"render_height_m":9.0,"height_source":"visual_default_not_measured","web_layer_source":"F:/datasets/layers/all_building.geojson"},"geometry":{"type":"Polygon","coordinates":[[[85.8127622,20.3256429],[85.8128327,20.3256304],[85.8128057,20.3254967],[85.8127352,20.3255092],[85.8127622,20.3256429]]]}},{"type":"Feature","properties":{"building":"yes","name":null,"height":null,"building:levels":null,"amenity":null,"render_height_m":9.0,"height_source":"visual_default_not_measured","web_layer_source":"F:/datasets/layers/all_building.geojson"},"geometry":{"type":"Polygon","coordinates":[[[85.8128558,20.3256296],[85.8128325,20.3255102],[85.8128957,20.3254994],[85.812919,20.3256188],[85.8128558,20.3256296]]]}},{"type":"Feature","properties":{"building":"yes","name":null,"height":null,"building:levels":null,"amenity":null,"render_height_m":9.0,"height_source":"visual_default_not_measured","web_layer_source":"F:/datasets/layers/all_building.geojson"},"geometry":{"type":"Polygon","coordinates":[[[85.8131382,20.326771],[85.8131113,20.3265864],[85.8131928,20.326576],[85.8132197,20.3267606],[85.8131382,20.326771]]]}},{"type":"Feature","properties":{"building":"yes","name":null,"height":null,"building:levels":null,"amenity":null,"render_height_m":9.0,"height_source":"visual_default_not_measured","web_layer_source":"F:/datasets/layers/all_building.geojson"},"geometry":{"type":"Polygon","coordinates":[[[85.8132361,20.3266485],[85.8132311,20.3265545],[85.8133299,20.3265499],[85.8133349,20.3266438],[85.8132361,20.3266485]]]}},{"type":"Feature","properties":{"building":"yes","name":null,"height":null,"building:levels":null,"amenity":null,"render_height_m":9.0,"height_source":"visual_default_not_measured","web_layer_source":"F:/datasets/layers/all_building.geojson"},"geometry":{"type":"Polygon","coordinates":[[[85.8132709,20.3264665],[85.8132374,20.3263007],[85.813307,20.3262883],[85.8133405,20.3264542],[85.8132709,20.3264665]]]}},{"type":"Feature","properties":{"building":"yes","name":null,"height":null,"building:levels":null,"amenity":null,"render_height_m":9.0,"height_source":"visual_default_not_measured","web_layer_source":"F:/datasets/layers/all_building.geojson"},"geometry":{"type":"Polygon","coordinates":[[[85.8146225,20.3270099],[85.8146056,20.3269013],[85.8146949,20.3268651],[85.8147154,20.3269972],[85.8146225,20.3270099]]]}},{"type":"Feature","properties":{"building":"yes","name":null,"height":null,"building:levels":null,"amenity":null,"render_height_m":9.0,"height_source":"visual_default_not_measured","web_layer_source":"F:/datasets/layers/all_building.geojson"},"geometry":{"type":"Polygon","coordinates":[[[85.8147403,20.3269715],[85.814831,20.3269618],[85.8148124,20.3268095],[85.8147218,20.3268192],[85.8147403,20.3269715]]]}},{"type":"Feature","properties":{"building":"yes","name":null,"height":null,"building:levels":null,"amenity":null,"render_height_m":9.0,"height_source":"visual_default_not_measured","web_layer_source":"F:/datasets/layers/all_building.geojson"},"geometry":{"type":"Polygon","coordinates":[[[85.8639994,20.2704041],[85.8640646,20.2703737],[85.8640966,20.270434],[85.8640865,20.2704387],[85.864138,20.2705356],[85.8640828,20.2705613],[85.8639994,20.2704041]]]}},{"type":"Feature","properties":{"building":"apartments","name":"Mahima Plaza","height":null,"building:levels":"5","amenity":null,"render_height_m":15.0,"height_source":"osm_levels_visualized_3m","web_layer_source":"F:/datasets/layers/all_building.geojson"},"geometry":{"type":"Polygon","coordinates":[[[85.8841937,20.3169546],[85.8839214,20.3166244],[85.8841131,20.3164191],[85.8844133,20.3167974],[85.8841937,20.3169546]]]}},{"type":"Feature","properties":{"building":"yes","name":null,"height":null,"building:levels":null,"amenity":null,"render_height_m":9.0,"height_source":"visual_default_not_measured","web_layer_source":"F:/datasets/layers/all_building.geojson"},"geometry":{"type":"Polygon","coordinates":[[[85.8010562,20.2679055],[85.8011232,20.2679699],[85.8012282,20.2678738],[85.8011611,20.2678094],[85.8010562,20.2679055]]]}},{"type":"Feature","properties":{"building":"yes","name":null,"height":null,"building:levels":null,"amenity":null,"render_height_m":9.0,"height_source":"visual_default_not_measured","web_layer_source":"F:/datasets/layers/all_building.geojson"},"geometry":{"type":"Polygon","coordinates":[[[85.7949493,20.2524731],[85.7950339,20.2524415],[85.794993,20.2523452],[85.7949084,20.2523768],[85.7949493,20.2524731]]]}},{"type":"Feature","properties":{"building":"yes","name":null,"height":null,"building:levels":null,"amenity":null,"render_height_m":9.0,"height_source":"visual_default_not_measured","web_layer_source":"F:/datasets/layers/all_building.geojson"},"geometry":{"type":"Polygon","coordinates":[[[85.8007498,20.2456743],[85.8008337,20.2456908],[85.8008574,20.2455849],[85.8007735,20.2455684],[85.8007498,20.2456743]]]}},{"type":"Feature","properties":{"building":"yes","name":null,"height":null,"building:levels":null,"amenity":null,"render_height_m":9.0,"height_source":"visual_default_not_measured","web_layer_source":"F:/datasets/layers/all_building.geojson"},"geometry":{"type":"Polygon","coordinates":[[[85.8008473,20.2680203],[85.8009382,20.2680998],[85.8010569,20.2679805],[85.8009819,20.2679148],[85.800944,20.267953],[85.800928,20.267939],[85.8008473,20.2680203]]]}},{"type":"Feature","properties":{"building":"yes","name":null,"height":null,"building:levels":null,"amenity":null,"render_height_m":9.0,"height_source":"visual_default_not_measured","web_layer_source":"F:/datasets/layers/all_building.geojson"},"geometry":{"type":"Polygon","coordinates":[[[85.8132161,20.2811232],[85.8133413,20.2812485],[85.8134448,20.2811575],[85.8133197,20.2810322],[85.8132161,20.2811232]]]}},{"type":"Feature","properties":{"building":"yes","name":null,"height":null,"building:levels":null,"amenity":null,"render_height_m":9.0,"height_source":"visual_default_not_measured","web_layer_source":"F:/datasets/layers/all_building.geojson"},"geometry":{"type":"Polygon","coordinates":[[[85.8009489,20.26811],[85.8009969,20.2681574],[85.8011097,20.2680568],[85.8010617,20.2680094],[85.8009489,20.26811]]]}},{"type":"Feature","properties":{"building":"college","name":"School of Computer Engineering, Kalinga Institute of Industrial","height":null,"building:levels":"3","amenity":null,"render_height_m":9.0,"height_source":"osm_levels_visualized_3m","web_layer_source":"F:/datasets/layers/all_building.geojson"},"geometry":{"type":"Polygon","coordinates":[[[85.8156937,20.3479468],[85.8161788,20.3479384],[85.8162012,20.3480351],[85.8159167,20.3480387],[85.815916,20.3481999],[85.8160121,20.3481926],[85.8162073,20.3481748],[85.8161835,20.3485222],[85.8159482,20.3485271],[85.8159497,20.3483222],[85.8156798,20.3483256],[85.8156937,20.3479468]]]}},{"type":"Feature","properties":{"building":"yes","name":"King's palace 6AB (KP 6AB)","height":null,"building:levels":null,"amenity":null,"render_height_m":9.0,"height_source":"visual_default_not_measured","web_layer_source":"F:/datasets/layers/all_building.geojson"},"geometry":{"type":"Polygon","coordinates":[[[85.815665,20.3489576],[85.8156907,20.3488292],[85.8158365,20.3488359],[85.8158433,20.3487706],[85.8159629,20.3487768],[85.8159629,20.3488423],[85.8162281,20.3488527],[85.8162343,20.3487539],[85.8163592,20.3487714],[85.8163651,20.348834],[85.8165014,20.3488441],[85.8165026,20.3489609],[85.8163516,20.3489597],[85.8163527,20.3490611],[85.8162438,20.3490574],[85.8162438,20.3489681],[85.8161551,20.3489781],[85.8161454,20.3490633],[85.8160671,20.3490564],[85.8160575,20.3489794],[85.815975,20.3489794],[85.8159737,20.3490543],[85.8158452,20.3490495],[85.8158422,20.3489639],[85.815665,20.3489576]]]}},{"type":"Feature","properties":{"building":"yes","name":null,"height":null,"building:levels":null,"amenity":null,"render_height_m":9.0,"height_source":"visual_default_not_measured","web_layer_source":"F:/datasets/layers/all_building.geojson"},"geometry":{"type":"Polygon","coordinates":[[[85.8081231,20.2517306],[85.8082356,20.2513371],[85.8084354,20.2513874],[85.8084029,20.2515012],[85.808362,20.2514909],[85.808352,20.251526],[85.8083092,20.2515152],[85.8082392,20.2517598],[85.8081231,20.2517306]]]}},{"type":"Feature","properties":{"building":"house","name":null,"height":null,"building:levels":null,"amenity":null,"render_height_m":9.0,"height_source":"visual_default_not_measured","web_layer_source":"F:/datasets/layers/all_building.geojson"},"geometry":{"type":"Polygon","coordinates":[[[85.7966472,20.2416671],[85.7967376,20.2416612],[85.7967316,20.2415801],[85.7966412,20.2415859],[85.7966472,20.2416671]]]}},{"type":"Feature","properties":{"building":"yes","name":null,"height":null,"building:levels":null,"amenity":null,"render_height_m":9.0,"height_source":"visual_default_not_measured","web_layer_source":"F:/datasets/layers/all_building.geojson"},"geometry":{"type":"Polygon","coordinates":[[[85.8465774,20.2540903],[85.8466474,20.2541659],[85.8466883,20.2541232],[85.8467245,20.2541703],[85.846763,20.2541363],[85.8467362,20.2541046],[85.8466731,20.2540191],[85.8465774,20.2540903]]]}},{"type":"Feature","properties":{"building":"yes","name":null,"height":null,"building:levels":null,"amenity":null,"render_height_m":9.0,"height_source":"visual_default_not_measured","web_layer_source":"F:/datasets/layers/all_building.geojson"},"geometry":{"type":"Polygon","coordinates":[[[85.8513619,20.2671096],[85.8514355,20.2670923],[85.8513933,20.2669349],[85.8513197,20.2669523],[85.8513619,20.2671096]]]}},{"type":"Feature","properties":{"building":"yes","name":null,"height":null,"building:levels":null,"amenity":null,"render_height_m":9.0,"height_source":"visual_default_not_measured","web_layer_source":"F:/datasets/layers/all_building.geojson"},"geometry":{"type":"Polygon","coordinates":[[[85.8299551,20.361363],[85.8298562,20.3613912],[85.8298363,20.3613299],[85.8299351,20.3613017],[85.8299551,20.361363]]]}},{"type":"Feature","properties":{"building":"hangar","name":null,"height":null,"building:levels":null,"amenity":null,"render_height_m":9.0,"height_source":"visual_default_not_measured","web_layer_source":"F:/datasets/layers/all_building.geojson"},"geometry":{"type":"Polygon","coordinates":[[[85.8117382,20.2599265],[85.812054,20.2595161],[85.8125012,20.259819],[85.8121854,20.2602293],[85.8117382,20.2599265]]]}},{"type":"Feature","properties":{"building":"yes","name":null,"height":null,"building:levels":null,"amenity":null,"render_height_m":9.0,"height_source":"visual_default_not_measured","web_layer_source":"F:/datasets/layers/all_building.geojson"},"geometry":{"type":"Polygon","coordinates":[[[85.8469187,20.2550275],[85.8469598,20.2550759],[85.8469203,20.2551054],[85.8468793,20.255057],[85.8469187,20.2550275]]]}},{"type":"Feature","properties":{"building":"yes","name":null,"height":null,"building:levels":null,"amenity":null,"render_height_m":9.0,"height_source":"visual_default_not_measured","web_layer_source":"F:/datasets/layers/all_building.geojson"},"geometry":{"type":"Polygon","coordinates":[[[85.8470711,20.2550197],[85.8471008,20.2549974],[85.8470449,20.2549319],[85.8470153,20.2549541],[85.8470711,20.2550197]]]}},{"type":"Feature","properties":{"building":"yes","name":null,"height":null,"building:levels":null,"amenity":null,"render_height_m":9.0,"height_source":"visual_default_not_measured","web_layer_source":"F:/datasets/layers/all_building.geojson"},"geometry":{"type":"Polygon","coordinates":[[[85.8471783,20.2551787],[85.8472251,20.2551435],[85.8472007,20.2551148],[85.8471538,20.2551501],[85.8471783,20.2551787]]]}},{"type":"Feature","properties":{"building":"house","name":null,"height":null,"building:levels":null,"amenity":null,"render_height_m":9.0,"height_source":"visual_default_not_measured","web_layer_source":"F:/datasets/layers/all_building.geojson"},"geometry":{"type":"Polygon","coordinates":[[[85.8469388,20.2551147],[85.8469655,20.2550952],[85.8469704,20.2551011],[85.8470141,20.2550691],[85.8470096,20.2550637],[85.8470206,20.2550557],[85.8470102,20.2550433],[85.8470437,20.2550188],[85.8470641,20.2550434],[85.8470834,20.2550293],[85.8471118,20.2550636],[85.8470845,20.2550836],[85.8471377,20.2551475],[85.847031,20.2552256],[85.8469388,20.2551147]]]}},{"type":"Feature","properties":{"building":"yes","name":null,"height":null,"building:levels":null,"amenity":null,"render_height_m":9.0,"height_source":"visual_default_not_measured","web_layer_source":"F:/datasets/layers/all_building.geojson"},"geometry":{"type":"Polygon","coordinates":[[[85.8470514,20.2552747],[85.8468719,20.2550638],[85.8466953,20.2551961],[85.8468749,20.255407],[85.8470514,20.2552747]]]}},{"type":"Feature","properties":{"building":"yes","name":null,"height":null,"building:levels":null,"amenity":null,"render_height_m":9.0,"height_source":"visual_default_not_measured","web_layer_source":"F:/datasets/layers/all_building.geojson"},"geometry":{"type":"Polygon","coordinates":[[[85.8474003,20.255014],[85.8472202,20.2548003],[85.8470504,20.2549264],[85.8472304,20.25514],[85.8474003,20.255014]]]}},{"type":"Feature","properties":{"building":"yes","name":null,"height":null,"building:levels":null,"amenity":null,"render_height_m":9.0,"height_source":"visual_default_not_measured","web_layer_source":"F:/datasets/layers/all_building.geojson"},"geometry":{"type":"Polygon","coordinates":[[[85.8475551,20.2548975],[85.8473758,20.2546847],[85.8472231,20.254798],[85.8474024,20.2550108],[85.8475551,20.2548975]]]}},{"type":"Feature","properties":{"building":"yes","name":null,"height":null,"building:levels":null,"amenity":null,"render_height_m":9.0,"height_source":"visual_default_not_measured","web_layer_source":"F:/datasets/layers/all_building.geojson"},"geometry":{"type":"Polygon","coordinates":[[[85.8477267,20.2547724],[85.8475475,20.2545594],[85.8473798,20.2546836],[85.8475591,20.2548966],[85.8477267,20.2547724]]]}},{"type":"Feature","properties":{"building":"yes","name":null,"height":null,"building:levels":null,"amenity":null,"render_height_m":9.0,"height_source":"visual_default_not_measured","web_layer_source":"F:/datasets/layers/all_building.geojson"},"geometry":{"type":"Polygon","coordinates":[[[85.8081478,20.2899586],[85.8081041,20.2900781],[85.8082522,20.2901258],[85.8082959,20.2900063],[85.8081478,20.2899586]]]}},{"type":"Feature","properties":{"building":"yes","name":null,"height":null,"building:levels":null,"amenity":null,"render_height_m":9.0,"height_source":"visual_default_not_measured","web_layer_source":"F:/datasets/layers/all_building.geojson"},"geometry":{"type":"Polygon","coordinates":[[[85.7924502,20.2813077],[85.7925879,20.2813117],[85.7925851,20.2813963],[85.7924474,20.2813922],[85.7924502,20.2813077]]]}},{"type":"Feature","properties":{"building":"yes","name":null,"height":null,"building:levels":null,"amenity":null,"render_height_m":9.0,"height_source":"visual_default_not_measured","web_layer_source":"F:/datasets/layers/all_building.geojson"},"geometry":{"type":"Polygon","coordinates":[[[85.7808852,20.2660174],[85.7808671,20.2661126],[85.7809238,20.2661221],[85.7809419,20.2660268],[85.7808852,20.2660174]]]}},{"type":"Feature","properties":{"building":"yes","name":null,"height":null,"building:levels":null,"amenity":null,"render_height_m":9.0,"height_source":"visual_default_not_measured","web_layer_source":"F:/datasets/layers/all_building.geojson"},"geometry":{"type":"Polygon","coordinates":[[[85.8089695,20.2892102],[85.8091221,20.2892817],[85.8091791,20.2891746],[85.8090264,20.2891032],[85.8089695,20.2892102]]]}},{"type":"Feature","properties":{"building":"yes","name":null,"height":null,"building:levels":null,"amenity":null,"render_height_m":9.0,"height_source":"visual_default_not_measured","web_layer_source":"F:/datasets/layers/all_building.geojson"},"geometry":{"type":"Polygon","coordinates":[[[85.837908,20.3310648],[85.8380145,20.3312519],[85.8379435,20.3312874],[85.837837,20.3311003],[85.837908,20.3310648]]]}},{"type":"Feature","properties":{"building":"yes","name":null,"height":null,"building:levels":null,"amenity":null,"render_height_m":9.0,"height_source":"visual_default_not_measured","web_layer_source":"F:/datasets/layers/all_building.geojson"},"geometry":{"type":"Polygon","coordinates":[[[85.8379797,20.3309574],[85.838143,20.3312936],[85.8380608,20.3313287],[85.8378975,20.3309925],[85.8379797,20.3309574]]]}},{"type":"Feature","properties":{"building":"yes","name":null,"height":null,"building:levels":null,"amenity":null,"render_height_m":9.0,"height_source":"visual_default_not_measured","web_layer_source":"F:/datasets/layers/all_building.geojson"},"geometry":{"type":"Polygon","coordinates":[[[85.8356092,20.3096428],[85.8356933,20.3096124],[85.8357722,20.3098043],[85.8356881,20.3098347],[85.8356092,20.3096428]]]}},{"type":"Feature","properties":{"building":"yes","name":null,"height":null,"building:levels":null,"amenity":null,"render_height_m":9.0,"height_source":"visual_default_not_measured","web_layer_source":"F:/datasets/layers/all_building.geojson"},"geometry":{"type":"Polygon","coordinates":[[[85.8358111,20.309582],[85.8358713,20.3097659],[85.8357781,20.3097927],[85.8357179,20.3096088],[85.8358111,20.309582]]]}},{"type":"Feature","properties":{"building":"yes","name":null,"height":null,"building:levels":null,"amenity":null,"render_height_m":9.0,"height_source":"visual_default_not_measured","web_layer_source":"F:/datasets/layers/all_building.geojson"},"geometry":{"type":"Polygon","coordinates":[[[85.835976,20.3095871],[85.8360553,20.309578],[85.8360656,20.3096573],[85.8359864,20.3096664],[85.835976,20.3095871]]]}},{"type":"Feature","properties":{"building":"yes","name":null,"height":null,"building:levels":null,"amenity":null,"render_height_m":9.0,"height_source":"visual_default_not_measured","web_layer_source":"F:/datasets/layers/all_building.geojson"},"geometry":{"type":"Polygon","coordinates":[[[85.8359654,20.3097746],[85.8359975,20.3098947],[85.8359142,20.3099142],[85.8358821,20.3097941],[85.8359654,20.3097746]]]}},{"type":"Feature","properties":{"building":"yes","name":null,"height":null,"building:levels":null,"amenity":null,"render_height_m":9.0,"height_source":"visual_default_not_measured","web_layer_source":"F:/datasets/layers/all_building.geojson"},"geometry":{"type":"Polygon","coordinates":[[[85.835787,20.3098395],[85.8358494,20.3098178],[85.8358978,20.3099403],[85.8358354,20.309962],[85.835787,20.3098395]]]}},{"type":"Feature","properties":{"building":"yes","name":null,"height":null,"building:levels":null,"amenity":null,"render_height_m":9.0,"height_source":"visual_default_not_measured","web_layer_source":"F:/datasets/layers/all_building.geojson"},"geometry":{"type":"Polygon","coordinates":[[[85.8357809,20.309983],[85.8356937,20.3100272],[85.8356338,20.3099233],[85.835721,20.3098791],[85.8357809,20.309983]]]}},{"type":"Feature","properties":{"building":"yes","name":null,"height":null,"building:levels":null,"amenity":null,"render_height_m":9.0,"height_source":"visual_default_not_measured","web_layer_source":"F:/datasets/layers/all_building.geojson"},"geometry":{"type":"Polygon","coordinates":[[[85.8232213,20.2967862],[85.8232465,20.2968433],[85.8232991,20.2968229],[85.8233403,20.2969161],[85.8232234,20.2969615],[85.8231571,20.2968111],[85.8232213,20.2967862]]]}},{"type":"Feature","properties":{"building":"yes","name":null,"height":null,"building:levels":null,"amenity":null,"render_height_m":9.0,"height_source":"visual_default_not_measured","web_layer_source":"F:/datasets/layers/all_building.geojson"},"geometry":{"type":"Polygon","coordinates":[[[85.8420665,20.3266477],[85.8421699,20.3266093],[85.8422888,20.3268908],[85.8421853,20.3269292],[85.8420665,20.3266477]]]}},{"type":"Feature","properties":{"building":"house","name":null,"height":null,"building:levels":null,"amenity":null,"render_height_m":9.0,"height_source":"visual_default_not_measured","web_layer_source":"F:/datasets/layers/all_building.geojson"},"geometry":{"type":"Polygon","coordinates":[[[85.8132433,20.2359857],[85.8131617,20.2359227],[85.8132515,20.2358205],[85.8132781,20.2358411],[85.8132726,20.2358474],[85.8132971,20.2358663],[85.8132906,20.2358737],[85.8133162,20.2358935],[85.8132689,20.2359473],[85.8132737,20.235951],[85.8132433,20.2359857]]]}},{"type":"Feature","properties":{"building":"yes","name":"APJ Abdul Kalam Hall of Residence","height":null,"building:levels":null,"amenity":null,"render_height_m":9.0,"height_source":"visual_default_not_measured","web_layer_source":"F:/datasets/layers/all_building.geojson"},"geometry":{"type":"Polygon","coordinates":[[[85.7778258,20.2738199],[85.7778596,20.2734177],[85.7784916,20.2734635],[85.778454,20.2738658],[85.7778258,20.2738199]]]}},{"type":"Feature","properties":{"building":"public","name":"Rail Auditorium","height":null,"building:levels":null,"amenity":null,"render_height_m":9.0,"height_source":"visual_default_not_measured","web_layer_source":"F:/datasets/layers/all_building.geojson"},"geometry":{"type":"Polygon","coordinates":[[[85.8239883,20.3227126],[85.8239548,20.3225656],[85.8240646,20.3216995],[85.8246788,20.3217552],[85.8245183,20.322773],[85.8239883,20.3227126]]]}},{"type":"Feature","properties":{"building":"office","name":null,"height":null,"building:levels":null,"amenity":null,"render_height_m":9.0,"height_source":"visual_default_not_measured","web_layer_source":"F:/datasets/layers/all_building.geojson"},"geometry":{"type":"Polygon","coordinates":[[[85.8396041,20.2308795],[85.8395323,20.2310047],[85.8397434,20.2311114],[85.8396154,20.2313343],[85.8396483,20.2313509],[85.8395798,20.2314701],[85.8397052,20.2315335],[85.8398149,20.2313424],[85.839887,20.2313789],[85.8399737,20.2312278],[85.8401894,20.2313369],[85.8402613,20.2312117],[85.8396041,20.2308795]]]}},{"type":"Feature","properties":{"building":"yes","name":null,"height":null,"building:levels":null,"amenity":null,"render_height_m":9.0,"height_source":"visual_default_not_measured","web_layer_source":"F:/datasets/layers/all_building.geojson"},"geometry":{"type":"Polygon","coordinates":[[[85.888593,20.3553206],[85.8886839,20.3554343],[85.8887398,20.355395],[85.8886884,20.3553307],[85.8888053,20.3552487],[85.8887658,20.3551993],[85.888593,20.3553206]]]}},{"type":"Feature","properties":{"building":"yes","name":null,"height":null,"building:levels":null,"amenity":null,"render_height_m":9.0,"height_source":"visual_default_not_measured","web_layer_source":"F:/datasets/layers/all_building.geojson"},"geometry":{"type":"Polygon","coordinates":[[[85.8373091,20.2958559],[85.837305,20.2957408],[85.8370763,20.2957479],[85.8370803,20.2958629],[85.8373091,20.2958559]]]}},{"type":"Feature","properties":{"building":"yes","name":null,"height":null,"building:levels":null,"amenity":null,"render_height_m":9.0,"height_source":"visual_default_not_measured","web_layer_source":"F:/datasets/layers/all_building.geojson"},"geometry":{"type":"Polygon","coordinates":[[[85.8521789,20.2750249],[85.8525635,20.275681],[85.8526815,20.2756201],[85.852297,20.274964],[85.8521789,20.2750249]]]}},{"type":"Feature","properties":{"building":"yes","name":null,"height":null,"building:levels":null,"amenity":null,"render_height_m":9.0,"height_source":"visual_default_not_measured","web_layer_source":"F:/datasets/layers/all_building.geojson"},"geometry":{"type":"Polygon","coordinates":[[[85.8199861,20.2890918],[85.819884,20.2890735],[85.8198923,20.2890329],[85.8199944,20.2890513],[85.8199861,20.2890918]]]}},{"type":"Feature","properties":{"building":"yes","name":null,"height":null,"building:levels":null,"amenity":null,"render_height_m":9.0,"height_source":"visual_default_not_measured","web_layer_source":"F:/datasets/layers/all_building.geojson"},"geometry":{"type":"Polygon","coordinates":[[[85.8552838,20.2243391],[85.8553338,20.2243258],[85.8553112,20.2242513],[85.8552612,20.2242647],[85.8552838,20.2243391]]]}},{"type":"Feature","properties":{"building":"yes","name":null,"height":null,"building:levels":null,"amenity":null,"render_height_m":9.0,"height_source":"visual_default_not_measured","web_layer_source":"F:/datasets/layers/all_building.geojson"},"geometry":{"type":"Polygon","coordinates":[[[85.83911,20.2327525],[85.8391056,20.2326487],[85.8391456,20.2326472],[85.8391501,20.232751],[85.83911,20.2327525]]]}},{"type":"Feature","properties":{"building":"yes","name":null,"height":null,"building:levels":null,"amenity":null,"render_height_m":9.0,"height_source":"visual_default_not_measured","web_layer_source":"F:/datasets/layers/all_building.geojson"},"geometry":{"type":"Polygon","coordinates":[[[85.8273203,20.2569017],[85.827373,20.2568832],[85.8273572,20.2568437],[85.8274104,20.256825],[85.8273955,20.2567878],[85.8273683,20.2567973],[85.8273639,20.2567863],[85.827331,20.2567979],[85.8273234,20.2567789],[85.8273563,20.2567674],[85.8273337,20.2567109],[85.8272854,20.2567278],[85.8272971,20.2567569],[85.8272603,20.2567699],[85.8272656,20.2567832],[85.8272233,20.2567981],[85.8272368,20.2568319],[85.8272668,20.2568214],[85.827272,20.2568342],[85.8273069,20.256822],[85.8273269,20.256872],[85.8273107,20.2568777],[85.8273203,20.2569017]]]}},{"type":"Feature","properties":{"building":"school","name":"D.A.V. Public School, Chandrasekharpur","height":null,"building:levels":null,"amenity":"school","render_height_m":9.0,"height_source":"visual_default_not_measured","web_layer_source":"F:/datasets/layers/all_building.geojson"},"geometry":{"type":"Polygon","coordinates":[[[85.8107275,20.3332697],[85.810836,20.3332638],[85.8114544,20.3332307],[85.8121731,20.3331628],[85.8120377,20.3319133],[85.8105744,20.3320739],[85.8107275,20.3332697]]]}},{"type":"Feature","properties":{"building":"yes","name":null,"height":null,"building:levels":null,"amenity":"fast_food","render_height_m":9.0,"height_source":"visual_default_not_measured","web_layer_source":"F:/datasets/layers/all_building.geojson"},"geometry":{"type":"Polygon","coordinates":[[[85.8114904,20.3332064],[85.8116001,20.3331948],[85.8115938,20.3330877],[85.8114637,20.3331028],[85.8114647,20.3331448],[85.8114856,20.3331445],[85.8114904,20.3332064]]]}},{"type":"Feature","properties":{"building":"house","name":"VIM 439","height":null,"building:levels":"2","amenity":null,"render_height_m":6.0,"height_source":"osm_levels_visualized_3m","web_layer_source":"F:/datasets/layers/all_building.geojson"},"geometry":{"type":"Polygon","coordinates":[[[85.8087384,20.3328935],[85.8088208,20.332882],[85.8088401,20.3330517],[85.8087578,20.3330593],[85.8087384,20.3328935]]]}},{"type":"Feature","properties":{"building":"apartments","name":null,"height":null,"building:levels":null,"amenity":null,"render_height_m":9.0,"height_source":"visual_default_not_measured","web_layer_source":"F:/datasets/layers/all_building.geojson"},"geometry":{"type":"Polygon","coordinates":[[[85.8256031,20.2819145],[85.8255318,20.2817446],[85.8258733,20.2816048],[85.8259562,20.281766],[85.8256031,20.2819145]]]}},{"type":"Feature","properties":{"building":"apartments","name":null,"height":null,"building:levels":null,"amenity":null,"render_height_m":9.0,"height_source":"visual_default_not_measured","web_layer_source":"F:/datasets/layers/all_building.geojson"},"geometry":{"type":"Polygon","coordinates":[[[85.8253952,20.2815258],[85.8253594,20.2814128],[85.8257358,20.2812997],[85.8257779,20.2813905],[85.8253952,20.2815258]]]}},{"type":"Feature","properties":{"building":"apartments","name":null,"height":null,"building:levels":null,"amenity":null,"render_height_m":9.0,"height_source":"visual_default_not_measured","web_layer_source":"F:/datasets/layers/all_building.geojson"},"geometry":{"type":"Polygon","coordinates":[[[85.8262732,20.2765709],[85.8265863,20.2764943],[85.8266067,20.2765664],[85.8262948,20.2766498],[85.8262732,20.2765709]]]}},{"type":"Feature","properties":{"building":"apartments","name":null,"height":null,"building:levels":null,"amenity":null,"render_height_m":9.0,"height_source":"visual_default_not_measured","web_layer_source":"F:/datasets/layers/all_building.geojson"},"geometry":{"type":"Polygon","coordinates":[[[85.826741,20.2765561],[85.8266698,20.2765655],[85.8267511,20.2768834],[85.8268231,20.2768614],[85.826741,20.2765561]]]}},{"type":"Feature","properties":{"building":"apartments","name":null,"height":null,"building:levels":null,"amenity":null,"render_height_m":9.0,"height_source":"visual_default_not_measured","web_layer_source":"F:/datasets/layers/all_building.geojson"},"geometry":{"type":"Polygon","coordinates":[[[85.8266691,20.27682],[85.8266514,20.2767479],[85.8263432,20.2768152],[85.8263621,20.2768896],[85.8266691,20.27682]]]}},{"type":"Feature","properties":{"building":"apartments","name":null,"height":null,"building:levels":null,"amenity":null,"render_height_m":9.0,"height_source":"visual_default_not_measured","web_layer_source":"F:/datasets/layers/all_building.geojson"},"geometry":{"type":"Polygon","coordinates":[[[85.8263029,20.2768968],[85.8262719,20.2767491],[85.8261921,20.2767606],[85.8262297,20.2769128],[85.8263029,20.2768968]]]}},{"type":"Feature","properties":{"building":"apartments","name":null,"height":null,"building:levels":null,"amenity":null,"render_height_m":9.0,"height_source":"visual_default_not_measured","web_layer_source":"F:/datasets/layers/all_building.geojson"},"geometry":{"type":"Polygon","coordinates":[[[85.8262534,20.2770062],[85.8263259,20.2769924],[85.8263704,20.2771408],[85.8262934,20.2771591],[85.8262534,20.2770062]]]}},{"type":"Feature","properties":{"building":"apartments","name":null,"height":null,"building:levels":null,"amenity":null,"render_height_m":9.0,"height_source":"visual_default_not_measured","web_layer_source":"F:/datasets/layers/all_building.geojson"},"geometry":{"type":"Polygon","coordinates":[[[85.826402,20.2770484],[85.8267147,20.2769841],[85.826736,20.2770507],[85.8264175,20.2771183],[85.826402,20.2770484]]]}},{"type":"Feature","properties":{"building":"apartments","name":null,"height":null,"building:levels":null,"amenity":null,"render_height_m":9.0,"height_source":"visual_default_not_measured","web_layer_source":"F:/datasets/layers/all_building.geojson"},"geometry":{"type":"Polygon","coordinates":[[[85.8267782,20.2769731],[85.8268571,20.276959],[85.8269247,20.2772109],[85.8268447,20.2772281],[85.8267782,20.2769731]]]}},{"type":"Feature","properties":{"building":"apartments","name":null,"height":null,"building:levels":null,"amenity":null,"render_height_m":9.0,"height_source":"visual_default_not_measured","web_layer_source":"F:/datasets/layers/all_building.geojson"},"geometry":{"type":"Polygon","coordinates":[[[85.8263208,20.2772321],[85.8263931,20.2772166],[85.8264398,20.2773729],[85.8263665,20.2773915],[85.8263208,20.2772321]]]}},{"type":"Feature","properties":{"building":"apartments","name":null,"height":null,"building:levels":null,"amenity":null,"render_height_m":9.0,"height_source":"visual_default_not_measured","web_layer_source":"F:/datasets/layers/all_building.geojson"},"geometry":{"type":"Polygon","coordinates":[[[85.8268835,20.2773656],[85.826958,20.2773478],[85.8270449,20.2776505],[85.8269692,20.2776677],[85.8268835,20.2773656]]]}},{"type":"Feature","properties":{"building":"apartments","name":null,"height":null,"building:levels":null,"amenity":null,"render_height_m":9.0,"height_source":"visual_default_not_measured","web_layer_source":"F:/datasets/layers/all_building.geojson"},"geometry":{"type":"Polygon","coordinates":[[[85.8263888,20.2774742],[85.8264583,20.2774591],[85.8265058,20.2776095],[85.8264317,20.2776296],[85.8263888,20.2774742]]]}},{"type":"Feature","properties":{"building":"apartments","name":null,"height":null,"building:levels":null,"amenity":null,"render_height_m":9.0,"height_source":"visual_default_not_measured","web_layer_source":"F:/datasets/layers/all_building.geojson"},"geometry":{"type":"Polygon","coordinates":[[[85.8267267,20.2781524],[85.8269945,20.2780944],[85.8270125,20.2781747],[85.8267529,20.2782369],[85.8267267,20.2781524]]]}},{"type":"Feature","properties":{"building":"apartments","name":null,"height":null,"building:levels":null,"amenity":null,"render_height_m":9.0,"height_source":"visual_default_not_measured","web_layer_source":"F:/datasets/layers/all_building.geojson"},"geometry":{"type":"Polygon","coordinates":[[[85.8267749,20.2783385],[85.8270412,20.2782791],[85.827059,20.2783425],[85.8267916,20.2784108],[85.8267749,20.2783385]]]}},{"type":"Feature","properties":{"building":"apartments","name":null,"height":null,"building:levels":null,"amenity":null,"render_height_m":9.0,"height_source":"visual_default_not_measured","web_layer_source":"F:/datasets/layers/all_building.geojson"},"geometry":{"type":"Polygon","coordinates":[[[85.826609,20.278368],[85.8266912,20.2783502],[85.8267273,20.2784829],[85.8266492,20.2785035],[85.826609,20.278368]]]}},{"type":"Feature","properties":{"building":"apartments","name":null,"height":null,"building:levels":null,"amenity":null,"render_height_m":9.0,"height_source":"visual_default_not_measured","web_layer_source":"F:/datasets/layers/all_building.geojson"},"geometry":{"type":"Polygon","coordinates":[[[85.8265585,20.2781384],[85.8266437,20.2781213],[85.8266788,20.2782691],[85.8266006,20.2782863],[85.8265585,20.2781384]]]}},{"type":"Feature","properties":{"building":"apartments","name":null,"height":null,"building:levels":null,"amenity":null,"render_height_m":9.0,"height_source":"visual_default_not_measured","web_layer_source":"F:/datasets/layers/all_building.geojson"},"geometry":{"type":"Polygon","coordinates":[[[85.8420389,20.3239235],[85.8421818,20.3238228],[85.8420678,20.3236192],[85.8418979,20.3237461],[85.8420389,20.3239235]]]}},{"type":"Feature","properties":{"building":"apartments","name":null,"height":null,"building:levels":null,"amenity":null,"render_height_m":9.0,"height_source":"visual_default_not_measured","web_layer_source":"F:/datasets/layers/all_building.geojson"},"geometry":{"type":"Polygon","coordinates":[[[85.842351,20.3238518],[85.8425732,20.3238295],[85.8425855,20.3239995],[85.842367,20.3240172],[85.842351,20.3238518]]]}},{"type":"Feature","properties":{"building":"apartments","name":null,"height":null,"building:levels":null,"amenity":null,"render_height_m":9.0,"height_source":"visual_default_not_measured","web_layer_source":"F:/datasets/layers/all_building.geojson"},"geometry":{"type":"Polygon","coordinates":[[[85.841893,20.3237589],[85.8420256,20.323926],[85.8419125,20.3240002],[85.8417835,20.3238355],[85.841893,20.3237589]]]}},{"type":"Feature","properties":{"building":"school","name":"Govt High School Chandrasekharpur Ph-1","height":null,"building:levels":null,"amenity":null,"render_height_m":9.0,"height_source":"visual_default_not_measured","web_layer_source":"F:/datasets/layers/all_building.geojson"},"geometry":{"type":"Polygon","coordinates":[[[85.8106119,20.3173786],[85.8106278,20.317496],[85.8107458,20.3174835],[85.8107463,20.3175505],[85.8104688,20.317573],[85.8104624,20.3174979],[85.8104947,20.3174951],[85.8104896,20.3174493],[85.8104166,20.3174571],[85.8104104,20.3173987],[85.8106119,20.3173786]]]}},{"type":"Feature","properties":{"building":"house","name":null,"height":null,"building:levels":null,"amenity":null,"render_height_m":9.0,"height_source":"visual_default_not_measured","web_layer_source":"F:/datasets/layers/all_building.geojson"},"geometry":{"type":"Polygon","coordinates":[[[85.8359483,20.2657123],[85.8361468,20.2656041],[85.8362353,20.2656192],[85.8363318,20.265745],[85.836474,20.2659714],[85.8363855,20.2660167],[85.8361629,20.2656997],[85.8360234,20.2657752],[85.8359483,20.2657123]]]}},{"type":"Feature","properties":{"building":"apartments","name":null,"height":null,"building:levels":null,"amenity":null,"render_height_m":9.0,"height_source":"visual_default_not_measured","web_layer_source":"F:/datasets/layers/all_building.geojson"},"geometry":{"type":"Polygon","coordinates":[[[85.8260431,20.2826823],[85.8263898,20.2825296],[85.8264532,20.2826202],[85.8260867,20.2827882],[85.8260431,20.2826823]]]}},{"type":"Feature","properties":{"building":"apartments","name":null,"height":null,"building:levels":null,"amenity":null,"render_height_m":9.0,"height_source":"visual_default_not_measured","web_layer_source":"F:/datasets/layers/all_building.geojson"},"geometry":{"type":"Polygon","coordinates":[[[85.8262894,20.2827776],[85.8264168,20.2827228],[85.8264686,20.2828187],[85.8263359,20.2828705],[85.8262894,20.2827776]]]}},{"type":"Feature","properties":{"building":"apartments","name":null,"height":null,"building:levels":null,"amenity":null,"render_height_m":9.0,"height_source":"visual_default_not_measured","web_layer_source":"F:/datasets/layers/all_building.geojson"},"geometry":{"type":"Polygon","coordinates":[[[85.8256442,20.2842427],[85.8256891,20.2842519],[85.8257021,20.284224],[85.8258656,20.2842434],[85.825848,20.284353],[85.8257962,20.2843537],[85.8257933,20.2843789],[85.8258335,20.2843867],[85.8258335,20.2844486],[85.8256192,20.2844224],[85.8256442,20.2842427]]]}},{"type":"Feature","properties":{"building":"apartments","name":null,"height":null,"building:levels":null,"amenity":null,"render_height_m":9.0,"height_source":"visual_default_not_measured","web_layer_source":"F:/datasets/layers/all_building.geojson"},"geometry":{"type":"Polygon","coordinates":[[[85.8259212,20.284243],[85.8262408,20.2842614],[85.8262396,20.284368],[85.826223,20.2844893],[85.8258965,20.2844644],[85.8259212,20.284243]]]}},{"type":"Feature","properties":{"building":"apartments","name":null,"height":null,"building:levels":null,"amenity":null,"render_height_m":9.0,"height_source":"visual_default_not_measured","web_layer_source":"F:/datasets/layers/all_building.geojson"},"geometry":{"type":"Polygon","coordinates":[[[85.8263455,20.2843877],[85.826507,20.284414],[85.8264541,20.2846249],[85.8262887,20.2846075],[85.8263455,20.2843877]]]}},{"type":"Feature","properties":{"building":"apartments","name":null,"height":null,"building:levels":null,"amenity":null,"render_height_m":9.0,"height_source":"visual_default_not_measured","web_layer_source":"F:/datasets/layers/all_building.geojson"},"geometry":{"type":"Polygon","coordinates":[[[85.8259049,20.284498],[85.8262031,20.2845312],[85.8261721,20.2847066],[85.8258751,20.2846865],[85.8259049,20.284498]]]}},{"type":"Feature","properties":{"building":"apartments","name":null,"height":null,"building:levels":null,"amenity":null,"render_height_m":9.0,"height_source":"visual_default_not_measured","web_layer_source":"F:/datasets/layers/all_building.geojson"},"geometry":{"type":"Polygon","coordinates":[[[85.8255982,20.2844541],[85.8258375,20.284485],[85.8258126,20.2846718],[85.8255658,20.2846338],[85.8255982,20.2844541]]]}},{"type":"Feature","properties":{"building":"yes","name":"Kalinga Club","height":null,"building:levels":null,"amenity":null,"render_height_m":9.0,"height_source":"visual_default_not_measured","web_layer_source":"F:/datasets/layers/all_building.geojson"},"geometry":{"type":"Polygon","coordinates":[[[85.8254961,20.2855563],[85.8260772,20.2855775],[85.8261257,20.2861742],[85.8254586,20.2862412],[85.8254961,20.2855563]]]}},{"type":"Feature","properties":{"building":"yes","name":null,"height":null,"building:levels":null,"amenity":null,"render_height_m":9.0,"height_source":"visual_default_not_measured","web_layer_source":"F:/datasets/layers/all_building.geojson"},"geometry":{"type":"Polygon","coordinates":[[[85.8261377,20.285762],[85.8263493,20.2857565],[85.8263554,20.2858621],[85.8261472,20.2858729],[85.8261377,20.285762]]]}},{"type":"Feature","properties":{"building":"yes","name":null,"height":null,"building:levels":null,"amenity":"events_venue","render_height_m":9.0,"height_source":"visual_default_not_measured","web_layer_source":"F:/datasets/layers/all_building.geojson"},"geometry":{"type":"Polygon","coordinates":[[[85.8255359,20.2941638],[85.8258565,20.2942392],[85.8257938,20.2944562],[85.8254799,20.2943797],[85.8255359,20.2941638]]]}},{"type":"Feature","properties":{"building":"yes","name":"OCAC Tower","height":null,"building:levels":null,"amenity":null,"render_height_m":9.0,"height_source":"visual_default_not_measured","web_layer_source":"F:/datasets/layers/all_building.geojson"},"geometry":{"type":"Polygon","coordinates":[[[85.8309852,20.2981407],[85.8311146,20.2977063],[85.8316172,20.2978203],[85.831488,20.2982671],[85.8309852,20.2981407]]]}},{"type":"Feature","properties":{"building":"yes","name":"CSSR-IMMT guest house","height":null,"building:levels":null,"amenity":null,"render_height_m":9.0,"height_source":"visual_default_not_measured","web_layer_source":"F:/datasets/layers/all_building.geojson"},"geometry":{"type":"Polygon","coordinates":[[[85.8293436,20.2985999],[85.8295931,20.2979936],[85.8304181,20.2983732],[85.8302083,20.2989182],[85.8293436,20.2985999]]]}},{"type":"Feature","properties":{"building":"yes","name":null,"height":null,"building:levels":null,"amenity":null,"render_height_m":9.0,"height_source":"visual_default_not_measured","web_layer_source":"F:/datasets/layers/all_building.geojson"},"geometry":{"type":"Polygon","coordinates":[[[85.8047947,20.322795],[85.804762,20.3229004],[85.8049927,20.3229633],[85.8050253,20.3228579],[85.8047947,20.322795]]]}},{"type":"Feature","properties":{"building":"yes","name":null,"height":null,"building:levels":null,"amenity":null,"render_height_m":9.0,"height_source":"visual_default_not_measured","web_layer_source":"F:/datasets/layers/all_building.geojson"},"geometry":{"type":"Polygon","coordinates":[[[85.8045345,20.3227045],[85.8045018,20.3228099],[85.8047325,20.3228728],[85.8047652,20.3227674],[85.8045345,20.3227045]]]}},{"type":"Feature","properties":{"building":"yes","name":null,"height":null,"building:levels":null,"amenity":null,"render_height_m":9.0,"height_source":"visual_default_not_measured","web_layer_source":"F:/datasets/layers/all_building.geojson"},"geometry":{"type":"Polygon","coordinates":[[[85.8048427,20.3226478],[85.8048138,20.3227536],[85.8050338,20.3228064],[85.8050626,20.3227006],[85.8048427,20.3226478]]]}},{"type":"Feature","properties":{"building":"yes","name":null,"height":null,"building:levels":null,"amenity":null,"render_height_m":9.0,"height_source":"visual_default_not_measured","web_layer_source":"F:/datasets/layers/all_building.geojson"},"geometry":{"type":"Polygon","coordinates":[[[85.8045718,20.3225648],[85.8045391,20.3226702],[85.8047698,20.3227331],[85.8048025,20.3226277],[85.8045718,20.3225648]]]}},{"type":"Feature","properties":{"building":"yes","name":null,"height":null,"building:levels":null,"amenity":null,"render_height_m":9.0,"height_source":"visual_default_not_measured","web_layer_source":"F:/datasets/layers/all_building.geojson"},"geometry":{"type":"Polygon","coordinates":[[[85.8046684,20.3224415],[85.8046979,20.3225516],[85.8050386,20.3224711],[85.805009,20.322361],[85.8046684,20.3224415]]]}},{"type":"Feature","properties":{"building":"yes","name":null,"height":null,"building:levels":null,"amenity":null,"render_height_m":9.0,"height_source":"visual_default_not_measured","web_layer_source":"F:/datasets/layers/all_building.geojson"},"geometry":{"type":"Polygon","coordinates":[[[85.8061766,20.321472],[85.8062393,20.3217007],[85.8063332,20.3216781],[85.8062705,20.3214493],[85.8061766,20.321472]]]}},{"type":"Feature","properties":{"building":"yes","name":null,"height":null,"building:levels":null,"amenity":null,"render_height_m":9.0,"height_source":"visual_default_not_measured","web_layer_source":"F:/datasets/layers/all_building.geojson"},"geometry":{"type":"Polygon","coordinates":[[[85.8063188,20.3219675],[85.8063815,20.3221962],[85.8064753,20.3221736],[85.8064126,20.3219448],[85.8063188,20.3219675]]]}},{"type":"Feature","properties":{"building":"yes","name":null,"height":null,"building:levels":null,"amenity":null,"render_height_m":9.0,"height_source":"visual_default_not_measured","web_layer_source":"F:/datasets/layers/all_building.geojson"},"geometry":{"type":"Polygon","coordinates":[[[85.8062517,20.321726],[85.8063144,20.3219547],[85.8064083,20.3219321],[85.8063456,20.3217034],[85.8062517,20.321726]]]}},{"type":"Feature","properties":{"building":"yes","name":null,"height":null,"building:levels":null,"amenity":null,"render_height_m":9.0,"height_source":"visual_default_not_measured","web_layer_source":"F:/datasets/layers/all_building.geojson"},"geometry":{"type":"Polygon","coordinates":[[[85.8060371,20.3215122],[85.8060998,20.3217409],[85.8061937,20.3217183],[85.806131,20.3214896],[85.8060371,20.3215122]]]}},{"type":"Feature","properties":{"building":"yes","name":null,"height":null,"building:levels":null,"amenity":null,"render_height_m":9.0,"height_source":"visual_default_not_measured","web_layer_source":"F:/datasets/layers/all_building.geojson"},"geometry":{"type":"Polygon","coordinates":[[[85.8061793,20.3220077],[85.806242,20.3222364],[85.8063359,20.3222138],[85.8062732,20.3219851],[85.8061793,20.3220077]]]}},{"type":"Feature","properties":{"building":"yes","name":null,"height":null,"building:levels":null,"amenity":null,"render_height_m":9.0,"height_source":"visual_default_not_measured","web_layer_source":"F:/datasets/layers/all_building.geojson"},"geometry":{"type":"Polygon","coordinates":[[[85.8061122,20.3217663],[85.8061749,20.321995],[85.8062688,20.3219723],[85.8062061,20.3217436],[85.8061122,20.3217663]]]}},{"type":"Feature","properties":{"building":"yes","name":null,"height":null,"building:levels":null,"amenity":null,"render_height_m":9.0,"height_source":"visual_default_not_measured","web_layer_source":"F:/datasets/layers/all_building.geojson"},"geometry":{"type":"Polygon","coordinates":[[[85.8058708,20.3215474],[85.8059335,20.3217761],[85.8060274,20.3217535],[85.8059647,20.3215248],[85.8058708,20.3215474]]]}},{"type":"Feature","properties":{"building":"yes","name":null,"height":null,"building:levels":null,"amenity":null,"render_height_m":9.0,"height_source":"visual_default_not_measured","web_layer_source":"F:/datasets/layers/all_building.geojson"},"geometry":{"type":"Polygon","coordinates":[[[85.806013,20.3220429],[85.8060757,20.3222717],[85.8061696,20.322249],[85.8061069,20.3220203],[85.806013,20.3220429]]]}},{"type":"Feature","properties":{"building":"yes","name":null,"height":null,"building:levels":null,"amenity":null,"render_height_m":9.0,"height_source":"visual_default_not_measured","web_layer_source":"F:/datasets/layers/all_building.geojson"},"geometry":{"type":"Polygon","coordinates":[[[85.8059459,20.3218015],[85.8060086,20.3220302],[85.8061025,20.3220076],[85.8060398,20.3217788],[85.8059459,20.3218015]]]}},{"type":"Feature","properties":{"building":"yes","name":null,"height":null,"building:levels":null,"amenity":null,"render_height_m":9.0,"height_source":"visual_default_not_measured","web_layer_source":"F:/datasets/layers/all_building.geojson"},"geometry":{"type":"Polygon","coordinates":[[[85.8058722,20.3220819],[85.8059349,20.3223106],[85.8060288,20.322288],[85.805966,20.3220593],[85.8058722,20.3220819]]]}},{"type":"Feature","properties":{"building":"yes","name":null,"height":null,"building:levels":null,"amenity":null,"render_height_m":9.0,"height_source":"visual_default_not_measured","web_layer_source":"F:/datasets/layers/all_building.geojson"},"geometry":{"type":"Polygon","coordinates":[[[85.8058051,20.3218405],[85.8058678,20.3220692],[85.8059617,20.3220465],[85.805899,20.3218178],[85.8058051,20.3218405]]]}},{"type":"Feature","properties":{"building":"yes","name":null,"height":null,"building:levels":null,"amenity":null,"render_height_m":9.0,"height_source":"visual_default_not_measured","web_layer_source":"F:/datasets/layers/all_building.geojson"},"geometry":{"type":"Polygon","coordinates":[[[85.80573,20.3215864],[85.8057927,20.3218151],[85.8058866,20.3217925],[85.8058239,20.3215638],[85.80573,20.3215864]]]}},{"type":"Feature","properties":{"building":"yes","name":null,"height":null,"building:levels":null,"amenity":null,"render_height_m":9.0,"height_source":"visual_default_not_measured","web_layer_source":"F:/datasets/layers/all_building.geojson"},"geometry":{"type":"Polygon","coordinates":[[[85.8052097,20.3228013],[85.8052724,20.32303],[85.8053663,20.3230074],[85.8053035,20.3227787],[85.8052097,20.3228013]]]}},{"type":"Feature","properties":{"building":"yes","name":null,"height":null,"building:levels":null,"amenity":null,"render_height_m":9.0,"height_source":"visual_default_not_measured","web_layer_source":"F:/datasets/layers/all_building.geojson"},"geometry":{"type":"Polygon","coordinates":[[[85.8051426,20.3225598],[85.8052053,20.3227885],[85.8052992,20.3227659],[85.8052365,20.3225372],[85.8051426,20.3225598]]]}},{"type":"Feature","properties":{"building":"yes","name":null,"height":null,"building:levels":null,"amenity":null,"render_height_m":9.0,"height_source":"visual_default_not_measured","web_layer_source":"F:/datasets/layers/all_building.geojson"},"geometry":{"type":"Polygon","coordinates":[[[85.8050729,20.3223108],[85.8051356,20.3225395],[85.8052295,20.3225169],[85.8051667,20.3222882],[85.8050729,20.3223108]]]}},{"type":"Feature","properties":{"building":"yes","name":null,"height":null,"building:levels":null,"amenity":null,"render_height_m":9.0,"height_source":"visual_default_not_measured","web_layer_source":"F:/datasets/layers/all_building.geojson"},"geometry":{"type":"Polygon","coordinates":[[[85.804861,20.3221121],[85.8049237,20.3223408],[85.8050176,20.3223182],[85.8049548,20.3220895],[85.804861,20.3221121]]]}},{"type":"Feature","properties":{"building":"yes","name":null,"height":null,"building:levels":null,"amenity":null,"render_height_m":9.0,"height_source":"visual_default_not_measured","web_layer_source":"F:/datasets/layers/all_building.geojson"},"geometry":{"type":"Polygon","coordinates":[[[85.8047161,20.3221448],[85.8047788,20.3223735],[85.8048727,20.3223509],[85.80481,20.3221222],[85.8047161,20.3221448]]]}},{"type":"Feature","properties":{"building":"yes","name":null,"height":null,"building:levels":null,"amenity":null,"render_height_m":9.0,"height_source":"visual_default_not_measured","web_layer_source":"F:/datasets/layers/all_building.geojson"},"geometry":{"type":"Polygon","coordinates":[[[85.8045793,20.32218],[85.8046421,20.3224087],[85.8047359,20.3223861],[85.8046732,20.3221574],[85.8045793,20.32218]]]}},{"type":"Feature","properties":{"building":"yes","name":null,"height":null,"building:levels":null,"amenity":null,"render_height_m":9.0,"height_source":"visual_default_not_measured","web_layer_source":"F:/datasets/layers/all_building.geojson"},"geometry":{"type":"Polygon","coordinates":[[[85.8044345,20.3222178],[85.8044972,20.3224465],[85.8045911,20.3224238],[85.8045284,20.3221951],[85.8044345,20.3222178]]]}},{"type":"Feature","properties":{"building":"yes","name":null,"height":null,"building:levels":null,"amenity":null,"render_height_m":9.0,"height_source":"visual_default_not_measured","web_layer_source":"F:/datasets/layers/all_building.geojson"},"geometry":{"type":"Polygon","coordinates":[[[85.8050085,20.3220719],[85.8050712,20.3223006],[85.8051651,20.3222779],[85.8051024,20.3220492],[85.8050085,20.3220719]]]}},{"type":"Feature","properties":{"building":"yes","name":null,"height":null,"building:levels":null,"amenity":null,"render_height_m":9.0,"height_source":"visual_default_not_measured","web_layer_source":"F:/datasets/layers/all_building.geojson"},"geometry":{"type":"Polygon","coordinates":[[[85.8049334,20.3217977],[85.8049961,20.3220264],[85.80509,20.3220038],[85.8050273,20.3217751],[85.8049334,20.3217977]]]}},{"type":"Feature","properties":{"building":"yes","name":null,"height":null,"building:levels":null,"amenity":null,"render_height_m":9.0,"height_source":"visual_default_not_measured","web_layer_source":"F:/datasets/layers/all_building.geojson"},"geometry":{"type":"Polygon","coordinates":[[[85.8047805,20.3218379],[85.8048432,20.3220667],[85.8049371,20.322044],[85.8048744,20.3218153],[85.8047805,20.3218379]]]}},{"type":"Feature","properties":{"building":"yes","name":null,"height":null,"building:levels":null,"amenity":null,"render_height_m":9.0,"height_source":"visual_default_not_measured","web_layer_source":"F:/datasets/layers/all_building.geojson"},"geometry":{"type":"Polygon","coordinates":[[[85.8046383,20.3218732],[85.8047011,20.3221019],[85.8047949,20.3220792],[85.8047322,20.3218505],[85.8046383,20.3218732]]]}},{"type":"Feature","properties":{"building":"yes","name":null,"height":null,"building:levels":null,"amenity":null,"render_height_m":9.0,"height_source":"visual_default_not_measured","web_layer_source":"F:/datasets/layers/all_building.geojson"},"geometry":{"type":"Polygon","coordinates":[[[85.8044908,20.3219059],[85.8045535,20.3221346],[85.8046474,20.3221119],[85.8045847,20.3218832],[85.8044908,20.3219059]]]}},{"type":"Feature","properties":{"building":"yes","name":null,"height":null,"building:levels":null,"amenity":null,"render_height_m":9.0,"height_source":"visual_default_not_measured","web_layer_source":"F:/datasets/layers/all_building.geojson"},"geometry":{"type":"Polygon","coordinates":[[[85.8043492,20.321936],[85.8044119,20.3221647],[85.8045058,20.322142],[85.8044431,20.3219133],[85.8043492,20.321936]]]}},{"type":"Feature","properties":{"building":"yes","name":null,"height":null,"building:levels":null,"amenity":null,"render_height_m":9.0,"height_source":"visual_default_not_measured","web_layer_source":"F:/datasets/layers/all_building.geojson"},"geometry":{"type":"Polygon","coordinates":[[[85.8026245,20.3221098],[85.8026046,20.3220963],[85.8025808,20.32209],[85.8025562,20.3220916],[85.8025337,20.3221011],[85.802516,20.3221172],[85.8025053,20.322138],[85.8025027,20.322161],[85.8025088,20.3221834],[85.8025226,20.3222026],[85.8025426,20.3222161],[85.8025663,20.3222224],[85.8025909,20.3222208],[85.8026134,20.3222113],[85.8026311,20.3221952],[85.8026419,20.3221744],[85.8026444,20.3221514],[85.8026384,20.322129],[85.8026245,20.3221098]]]}},{"type":"Feature","properties":{"building":"yes","name":null,"height":null,"building:levels":null,"amenity":null,"render_height_m":9.0,"height_source":"visual_default_not_measured","web_layer_source":"F:/datasets/layers/all_building.geojson"},"geometry":{"type":"Polygon","coordinates":[[[85.8029973,20.3220667],[85.8029714,20.3220539],[85.8029424,20.3220492],[85.8029134,20.322053],[85.802887,20.3220652],[85.8028659,20.3220844],[85.8028522,20.3221087],[85.8028472,20.3221358],[85.8028513,20.3221631],[85.8028642,20.3221878],[85.8028847,20.3222076],[85.8029107,20.3222205],[85.8029396,20.3222252],[85.8029687,20.3222213],[85.802995,20.3222092],[85.8030161,20.32219],[85.8030299,20.3221656],[85.8030349,20.3221385],[85.8030307,20.3221112],[85.8030178,20.3220865],[85.8029973,20.3220667]]]}},{"type":"Feature","properties":{"building":"yes","name":null,"height":null,"building:levels":null,"amenity":null,"render_height_m":9.0,"height_source":"visual_default_not_measured","web_layer_source":"F:/datasets/layers/all_building.geojson"},"geometry":{"type":"Polygon","coordinates":[[[85.8032039,20.3223158],[85.8031819,20.3222995],[85.8031555,20.3222903],[85.8031275,20.3222893],[85.8031005,20.3222964],[85.8030771,20.322311],[85.8030598,20.3223317],[85.80305,20.3223564],[85.8030489,20.3223827],[85.8030565,20.322408],[85.8030721,20.3224399],[85.8030941,20.3224462],[85.8031205,20.3224553],[85.8031485,20.3224563],[85.8031755,20.3224492],[85.8031988,20.3224346],[85.8032162,20.3224139],[85.8032259,20.3223893],[85.8032271,20.322363],[85.8032195,20.3223376],[85.8032039,20.3223158]]]}},{"type":"Feature","properties":{"building":"yes","name":null,"height":null,"building:levels":null,"amenity":null,"render_height_m":9.0,"height_source":"visual_default_not_measured","web_layer_source":"F:/datasets/layers/all_building.geojson"},"geometry":{"type":"Polygon","coordinates":[[[85.8030859,20.3224541],[85.8030721,20.3224399],[85.8030326,20.3224286],[85.8030023,20.3224286],[85.8029736,20.3224374],[85.8029491,20.3224541],[85.8029313,20.3224771],[85.8029219,20.322504],[85.8029219,20.3225324],[85.8029313,20.3225594],[85.8029491,20.3225824],[85.8029736,20.3225991],[85.8030023,20.3226078],[85.8030326,20.3226078],[85.8030614,20.3225991],[85.8030859,20.3225824],[85.8031036,20.3225594],[85.803113,20.3225324],[85.803113,20.322504],[85.8031036,20.3224771],[85.8030859,20.3224541]]]}},{"type":"Feature","properties":{"building":"yes","name":"Jindal Office","height":null,"building:levels":null,"amenity":null,"render_height_m":9.0,"height_source":"visual_default_not_measured","web_layer_source":"F:/datasets/layers/all_building.geojson"},"geometry":{"type":"Polygon","coordinates":[[[85.8302915,20.2544696],[85.8301882,20.2548637],[85.8303518,20.2549015],[85.8304551,20.2545073],[85.8302915,20.2544696]]]}},{"type":"Feature","properties":{"building":"yes","name":"Odisha University of Health Sciences","height":null,"building:levels":null,"amenity":null,"render_height_m":9.0,"height_source":"visual_default_not_measured","web_layer_source":"F:/datasets/layers/all_building.geojson"},"geometry":{"type":"Polygon","coordinates":[[[85.831587,20.255835],[85.831579,20.2559014],[85.8315763,20.2559442],[85.8316761,20.2559568],[85.8316688,20.2560058],[85.8317795,20.2560175],[85.8317908,20.2559238],[85.8317369,20.2559182],[85.8317495,20.2558481],[85.8317502,20.2558481],[85.8317583,20.2557601],[85.8315602,20.2557441],[85.8315521,20.2558322],[85.831587,20.255835]]]}},{"type":"Feature","properties":{"building":"yes","name":null,"height":null,"building:levels":null,"amenity":null,"render_height_m":9.0,"height_source":"visual_default_not_measured","web_layer_source":"F:/datasets/layers/all_building.geojson"},"geometry":{"type":"Polygon","coordinates":[[[85.8312715,20.2559596],[85.8312881,20.2559788],[85.8312284,20.2560189],[85.8312206,20.2560087],[85.8311894,20.2560297],[85.8311972,20.2560399],[85.8311907,20.2560442],[85.8312819,20.2561637],[85.8313475,20.2561197],[85.8313845,20.2561757],[85.8314482,20.2561386],[85.8314289,20.2561094],[85.8314938,20.2560517],[85.8314756,20.2560337],[85.8315082,20.2560118],[85.831481,20.2559762],[85.8314812,20.255976],[85.8314661,20.2559567],[85.831417,20.2558923],[85.8314163,20.2558927],[85.831406,20.2558794],[85.8313637,20.2559083],[85.8313738,20.2559213],[85.8313276,20.2559523],[85.8313091,20.255931],[85.8312715,20.2559596]]]}},{"type":"Feature","properties":{"building":"yes","name":null,"height":null,"building:levels":null,"amenity":null,"render_height_m":9.0,"height_source":"visual_default_not_measured","web_layer_source":"F:/datasets/layers/all_building.geojson"},"geometry":{"type":"Polygon","coordinates":[[[85.8354038,20.2584039],[85.8355419,20.2583133],[85.8354149,20.2581427],[85.8352767,20.2582333],[85.8354038,20.2584039]]]}},{"type":"Feature","properties":{"building":"yes","name":null,"height":null,"building:levels":null,"amenity":null,"render_height_m":9.0,"height_source":"visual_default_not_measured","web_layer_source":"F:/datasets/layers/all_building.geojson"},"geometry":{"type":"Polygon","coordinates":[[[85.8355688,20.2580201],[85.8354172,20.2581308],[85.8355168,20.2582508],[85.8356683,20.2581401],[85.8355688,20.2580201]]]}},{"type":"Feature","properties":{"building":"yes","name":null,"height":null,"building:levels":null,"amenity":null,"render_height_m":9.0,"height_source":"visual_default_not_measured","web_layer_source":"F:/datasets/layers/all_building.geojson"},"geometry":{"type":"Polygon","coordinates":[[[85.835267,20.2579295],[85.8351383,20.2580214],[85.8352883,20.2582065],[85.835417,20.2581146],[85.835267,20.2579295]]]}},{"type":"Feature","properties":{"building":"yes","name":null,"height":null,"building:levels":null,"amenity":null,"render_height_m":9.0,"height_source":"visual_default_not_measured","web_layer_source":"F:/datasets/layers/all_building.geojson"},"geometry":{"type":"Polygon","coordinates":[[[85.8347628,20.2584957],[85.8348124,20.2585637],[85.8351811,20.2583266],[85.8351315,20.2582587],[85.8347628,20.2584957]]]}},{"type":"Feature","properties":{"building":"yes","name":null,"height":null,"building:levels":null,"amenity":null,"render_height_m":9.0,"height_source":"visual_default_not_measured","web_layer_source":"F:/datasets/layers/all_building.geojson"},"geometry":{"type":"Polygon","coordinates":[[[85.8348526,20.2578729],[85.8346605,20.2579966],[85.8347074,20.2580608],[85.8348995,20.2579371],[85.8348526,20.2578729]]]}},{"type":"Feature","properties":{"building":"yes","name":null,"height":null,"building:levels":null,"amenity":null,"render_height_m":9.0,"height_source":"visual_default_not_measured","web_layer_source":"F:/datasets/layers/all_building.geojson"},"geometry":{"type":"Polygon","coordinates":[[[85.8347855,20.2577888],[85.8346469,20.2578803],[85.8347006,20.2579518],[85.8348392,20.2578603],[85.8347855,20.2577888]]]}},{"type":"Feature","properties":{"building":"yes","name":null,"height":null,"building:levels":null,"amenity":null,"render_height_m":9.0,"height_source":"visual_default_not_measured","web_layer_source":"F:/datasets/layers/all_building.geojson"},"geometry":{"type":"Polygon","coordinates":[[[85.8343282,20.2581308],[85.8343805,20.2582038],[85.8344849,20.258138],[85.8344326,20.258065],[85.8343282,20.2581308]]]}},{"type":"Feature","properties":{"building":"yes","name":null,"height":null,"building:levels":null,"amenity":null,"render_height_m":9.0,"height_source":"visual_default_not_measured","web_layer_source":"F:/datasets/layers/all_building.geojson"},"geometry":{"type":"Polygon","coordinates":[[[85.8342652,20.2580566],[85.8343282,20.2581308],[85.8344141,20.2580667],[85.8343511,20.2579924],[85.8342652,20.2580566]]]}},{"type":"Feature","properties":{"building":"yes","name":null,"height":null,"building:levels":null,"amenity":null,"render_height_m":9.0,"height_source":"visual_default_not_measured","web_layer_source":"F:/datasets/layers/all_building.geojson"},"geometry":{"type":"Polygon","coordinates":[[[85.834744,20.2577157],[85.8344986,20.2578734],[85.8345482,20.2579413],[85.8347855,20.2577888],[85.8347936,20.2577836],[85.834744,20.2577157]]]}},{"type":"Feature","properties":{"building":"yes","name":null,"height":null,"building:levels":null,"amenity":null,"render_height_m":9.0,"height_source":"visual_default_not_measured","web_layer_source":"F:/datasets/layers/all_building.geojson"},"geometry":{"type":"Polygon","coordinates":[[[85.8346783,20.2576402],[85.8345699,20.2577139],[85.8346195,20.2577781],[85.8347279,20.2577043],[85.8346783,20.2576402]]]}},{"type":"Feature","properties":{"building":"yes","name":null,"height":null,"building:levels":null,"amenity":null,"render_height_m":9.0,"height_source":"visual_default_not_measured","web_layer_source":"F:/datasets/layers/all_building.geojson"},"geometry":{"type":"Polygon","coordinates":[[[85.8350217,20.2578183],[85.8349827,20.257766],[85.8349425,20.2577924],[85.8350385,20.2579212],[85.8350788,20.2578948],[85.8350739,20.2578882],[85.8351342,20.2578452],[85.8350793,20.2577773],[85.8350217,20.2578183]]]}},{"type":"Feature","properties":{"building":"yes","name":null,"height":null,"building:levels":null,"amenity":null,"render_height_m":9.0,"height_source":"visual_default_not_measured","web_layer_source":"F:/datasets/layers/all_building.geojson"},"geometry":{"type":"Polygon","coordinates":[[[85.8352683,20.2575596],[85.8354186,20.2577449],[85.8354803,20.2577009],[85.83533,20.2575156],[85.8352683,20.2575596]]]}},{"type":"Feature","properties":{"building":"yes","name":null,"height":null,"building:levels":null,"amenity":null,"render_height_m":9.0,"height_source":"visual_default_not_measured","web_layer_source":"F:/datasets/layers/all_building.geojson"},"geometry":{"type":"Polygon","coordinates":[[[85.835157,20.2576251],[85.8352681,20.2578334],[85.8353271,20.2578057],[85.835216,20.2575974],[85.835157,20.2576251]]]}},{"type":"Feature","properties":{"building":"yes","name":null,"height":null,"building:levels":null,"amenity":null,"render_height_m":9.0,"height_source":"visual_default_not_measured","web_layer_source":"F:/datasets/layers/all_building.geojson"},"geometry":{"type":"Polygon","coordinates":[[[85.8353542,20.2574955],[85.8355065,20.2576913],[85.8355407,20.2576646],[85.8354038,20.2574615],[85.8353542,20.2574955]]]}},{"type":"Feature","properties":{"building":"yes","name":null,"height":null,"building:levels":null,"amenity":null,"render_height_m":9.0,"height_source":"visual_default_not_measured","web_layer_source":"F:/datasets/layers/all_building.geojson"},"geometry":{"type":"Polygon","coordinates":[[[85.8354038,20.2574615],[85.8355555,20.2576514],[85.8356155,20.257614],[85.8354776,20.2574162],[85.8354038,20.2574615]]]}},{"type":"Feature","properties":{"building":"yes","name":null,"height":null,"building:levels":null,"amenity":null,"render_height_m":9.0,"height_source":"visual_default_not_measured","web_layer_source":"F:/datasets/layers/all_building.geojson"},"geometry":{"type":"Polygon","coordinates":[[[85.835499,20.2574074],[85.8356298,20.2576068],[85.8356647,20.2575866],[85.8355339,20.2573873],[85.835499,20.2574074]]]}},{"type":"Feature","properties":{"building":"yes","name":null,"height":null,"building:levels":null,"amenity":null,"render_height_m":9.0,"height_source":"visual_default_not_measured","web_layer_source":"F:/datasets/layers/all_building.geojson"},"geometry":{"type":"Polygon","coordinates":[[[85.835546,20.2573747],[85.8356835,20.2575565],[85.8357761,20.2574948],[85.8356385,20.2573131],[85.835546,20.2573747]]]}},{"type":"Feature","properties":{"building":"yes","name":null,"height":null,"building:levels":null,"amenity":null,"render_height_m":9.0,"height_source":"visual_default_not_measured","web_layer_source":"F:/datasets/layers/all_building.geojson"},"geometry":{"type":"Polygon","coordinates":[[[85.8358008,20.2571872],[85.8359446,20.2573761],[85.8360666,20.2572943],[85.8359228,20.2571055],[85.8358008,20.2571872]]]}},{"type":"Feature","properties":{"building":"yes","name":null,"height":null,"building:levels":null,"amenity":null,"render_height_m":9.0,"height_source":"visual_default_not_measured","web_layer_source":"F:/datasets/layers/all_building.geojson"},"geometry":{"type":"Polygon","coordinates":[[[85.835731,20.2569281],[85.8358666,20.2571122],[85.8359229,20.2570757],[85.8357874,20.2568916],[85.835731,20.2569281]]]}},{"type":"Feature","properties":{"building":"yes","name":null,"height":null,"building:levels":null,"amenity":null,"render_height_m":9.0,"height_source":"visual_default_not_measured","web_layer_source":"F:/datasets/layers/all_building.geojson"},"geometry":{"type":"Polygon","coordinates":[[[85.8356385,20.2570098],[85.8357719,20.2571745],[85.8358389,20.2571267],[85.8357055,20.256962],[85.8356385,20.2570098]]]}},{"type":"Feature","properties":{"building":"yes","name":null,"height":null,"building:levels":null,"amenity":null,"render_height_m":9.0,"height_source":"visual_default_not_measured","web_layer_source":"F:/datasets/layers/all_building.geojson"},"geometry":{"type":"Polygon","coordinates":[[[85.8355191,20.2570753],[85.8356509,20.2572802],[85.8357354,20.2572324],[85.8356036,20.2570274],[85.8355191,20.2570753]]]}},{"type":"Feature","properties":{"building":"yes","name":null,"height":null,"building:levels":null,"amenity":null,"render_height_m":9.0,"height_source":"visual_default_not_measured","web_layer_source":"F:/datasets/layers/all_building.geojson"},"geometry":{"type":"Polygon","coordinates":[[[85.8354413,20.2571369],[85.8355652,20.2573271],[85.8356135,20.2572994],[85.8354896,20.2571092],[85.8354413,20.2571369]]]}},{"type":"Feature","properties":{"building":"yes","name":null,"height":null,"building:levels":null,"amenity":null,"render_height_m":9.0,"height_source":"visual_default_not_measured","web_layer_source":"F:/datasets/layers/all_building.geojson"},"geometry":{"type":"Polygon","coordinates":[[[85.8353448,20.2571923],[85.8354905,20.257385],[85.8355642,20.2573359],[85.8354186,20.2571432],[85.8353448,20.2571923]]]}},{"type":"Feature","properties":{"building":"yes","name":null,"height":null,"building:levels":null,"amenity":null,"render_height_m":9.0,"height_source":"visual_default_not_measured","web_layer_source":"F:/datasets/layers/all_building.geojson"},"geometry":{"type":"Polygon","coordinates":[[[85.8352093,20.2572891],[85.8353471,20.2574692],[85.8354518,20.2573988],[85.8353139,20.2572187],[85.8352093,20.2572891]]]}},{"type":"Feature","properties":{"building":"yes","name":null,"height":null,"building:levels":null,"amenity":null,"render_height_m":9.0,"height_source":"visual_default_not_measured","web_layer_source":"F:/datasets/layers/all_building.geojson"},"geometry":{"type":"Polygon","coordinates":[[[85.8350672,20.2573848],[85.8351978,20.2575638],[85.8353212,20.2574845],[85.8351906,20.2573055],[85.8350672,20.2573848]]]}},{"type":"Feature","properties":{"building":"yes","name":null,"height":null,"building:levels":null,"amenity":null,"render_height_m":9.0,"height_source":"visual_default_not_measured","web_layer_source":"F:/datasets/layers/all_building.geojson"},"geometry":{"type":"Polygon","coordinates":[[[85.8349197,20.2574892],[85.8350639,20.2576638],[85.8351833,20.2575769],[85.835039,20.2574024],[85.8349197,20.2574892]]]}},{"type":"Feature","properties":{"building":"yes","name":null,"height":null,"building:levels":null,"amenity":null,"render_height_m":9.0,"height_source":"visual_default_not_measured","web_layer_source":"F:/datasets/layers/all_building.geojson"},"geometry":{"type":"Polygon","coordinates":[[[85.8347829,20.2575747],[85.8349159,20.2577543],[85.8350259,20.2576826],[85.8348928,20.257503],[85.8347829,20.2575747]]]}},{"type":"Feature","properties":{"building":"yes","name":null,"height":null,"building:levels":null,"amenity":null,"render_height_m":9.0,"height_source":"visual_default_not_measured","web_layer_source":"F:/datasets/layers/all_building.geojson"},"geometry":{"type":"Polygon","coordinates":[[[85.8343014,20.2572678],[85.8341842,20.2573456],[85.8342459,20.2574274],[85.8343631,20.2573495],[85.8343014,20.2572678]]]}},{"type":"Feature","properties":{"building":"yes","name":null,"height":null,"building:levels":null,"amenity":null,"render_height_m":9.0,"height_source":"visual_default_not_measured","web_layer_source":"F:/datasets/layers/all_building.geojson"},"geometry":{"type":"Polygon","coordinates":[[[85.8344382,20.2573156],[85.8342519,20.2574435],[85.8343069,20.257514],[85.8344932,20.257386],[85.8344382,20.2573156]]]}},{"type":"Feature","properties":{"building":"yes","name":null,"height":null,"building:levels":null,"amenity":null,"render_height_m":9.0,"height_source":"visual_default_not_measured","web_layer_source":"F:/datasets/layers/all_building.geojson"},"geometry":{"type":"Polygon","coordinates":[[[85.8344261,20.2575156],[85.834047,20.2577842],[85.8340966,20.2578458],[85.8344758,20.2575773],[85.8344261,20.2575156]]]}},{"type":"Feature","properties":{"building":"yes","name":null,"height":null,"building:levels":null,"amenity":null,"render_height_m":9.0,"height_source":"visual_default_not_measured","web_layer_source":"F:/datasets/layers/all_building.geojson"},"geometry":{"type":"Polygon","coordinates":[[[85.8339943,20.2573105],[85.8337743,20.2574435],[85.8338229,20.2575143],[85.8338568,20.2575575],[85.8340441,20.2574281],[85.8340188,20.2573959],[85.8340429,20.2573813],[85.8339943,20.2573105]]]}},{"type":"Feature","properties":{"building":"yes","name":null,"height":null,"building:levels":null,"amenity":null,"render_height_m":9.0,"height_source":"visual_default_not_measured","web_layer_source":"F:/datasets/layers/all_building.geojson"},"geometry":{"type":"Polygon","coordinates":[[[85.8335115,20.2567217],[85.8335858,20.2566704],[85.8334954,20.2565553],[85.8334211,20.2566066],[85.8335115,20.2567217]]]}},{"type":"Feature","properties":{"building":"yes","name":null,"height":null,"building:levels":null,"amenity":null,"render_height_m":9.0,"height_source":"visual_default_not_measured","web_layer_source":"F:/datasets/layers/all_building.geojson"},"geometry":{"type":"Polygon","coordinates":[[[85.8336054,20.2566651],[85.8336635,20.2566249],[85.8335688,20.2565045],[85.8335681,20.256505],[85.8335107,20.2565446],[85.8336054,20.2566651]]]}},{"type":"Feature","properties":{"building":"yes","name":null,"height":null,"building:levels":null,"amenity":null,"render_height_m":9.0,"height_source":"visual_default_not_measured","web_layer_source":"F:/datasets/layers/all_building.geojson"},"geometry":{"type":"Polygon","coordinates":[[[85.8339675,20.2568236],[85.833776,20.256956],[85.833843,20.2570414],[85.8339424,20.2569726],[85.8340345,20.2569089],[85.8339675,20.2568236]]]}},{"type":"Feature","properties":{"building":"yes","name":null,"height":null,"building:levels":null,"amenity":null,"render_height_m":9.0,"height_source":"visual_default_not_measured","web_layer_source":"F:/datasets/layers/all_building.geojson"},"geometry":{"type":"Polygon","coordinates":[[[85.8345589,20.256835],[85.8346572,20.2569781],[85.8347297,20.2569342],[85.8346315,20.2567911],[85.8345589,20.256835]]]}},{"type":"Feature","properties":{"building":"yes","name":null,"height":null,"building:levels":null,"amenity":null,"render_height_m":9.0,"height_source":"visual_default_not_measured","web_layer_source":"F:/datasets/layers/all_building.geojson"},"geometry":{"type":"Polygon","coordinates":[[[85.8344804,20.2569032],[85.8345856,20.2570371],[85.8346499,20.2569926],[85.8345447,20.2568587],[85.8344804,20.2569032]]]}},{"type":"Feature","properties":{"building":"yes","name":null,"height":null,"building:levels":null,"amenity":null,"render_height_m":9.0,"height_source":"visual_default_not_measured","web_layer_source":"F:/datasets/layers/all_building.geojson"},"geometry":{"type":"Polygon","coordinates":[[[85.8344463,20.2569268],[85.8345559,20.2570663],[85.83459,20.2570427],[85.8345856,20.2570371],[85.8344804,20.2569032],[85.8344463,20.2569268]]]}},{"type":"Feature","properties":{"building":"yes","name":null,"height":null,"building:levels":null,"amenity":null,"render_height_m":9.0,"height_source":"visual_default_not_measured","web_layer_source":"F:/datasets/layers/all_building.geojson"},"geometry":{"type":"Polygon","coordinates":[[[85.8343916,20.2569642],[85.8344997,20.2571018],[85.8345433,20.2570717],[85.8344352,20.256934],[85.8343916,20.2569642]]]}},{"type":"Feature","properties":{"building":"yes","name":null,"height":null,"building:levels":null,"amenity":null,"render_height_m":9.0,"height_source":"visual_default_not_measured","web_layer_source":"F:/datasets/layers/all_building.geojson"},"geometry":{"type":"Polygon","coordinates":[[[85.8343256,20.2570098],[85.8344343,20.2571483],[85.8345004,20.2571026],[85.8344997,20.2571018],[85.8343916,20.2569642],[85.8343256,20.2570098]]]}},{"type":"Feature","properties":{"building":"yes","name":null,"height":null,"building:levels":null,"amenity":null,"render_height_m":9.0,"height_source":"visual_default_not_measured","web_layer_source":"F:/datasets/layers/all_building.geojson"},"geometry":{"type":"Polygon","coordinates":[[[85.8347724,20.256771],[85.834718,20.2568086],[85.8347842,20.2568928],[85.8348941,20.2568168],[85.8348926,20.2568148],[85.8349846,20.2567511],[85.834748,20.25645],[85.8346004,20.256552],[85.8347724,20.256771]]]}},{"type":"Feature","properties":{"building":"yes","name":null,"height":null,"building:levels":null,"amenity":null,"render_height_m":9.0,"height_source":"visual_default_not_measured","web_layer_source":"F:/datasets/layers/all_building.geojson"},"geometry":{"type":"Polygon","coordinates":[[[85.8345656,20.2565846],[85.8344655,20.2566538],[85.8345722,20.2567897],[85.8346723,20.2567204],[85.8345656,20.2565846]]]}},{"type":"Feature","properties":{"building":"yes","name":null,"height":null,"building:levels":null,"amenity":null,"render_height_m":9.0,"height_source":"visual_default_not_measured","web_layer_source":"F:/datasets/layers/all_building.geojson"},"geometry":{"type":"Polygon","coordinates":[[[85.8344342,20.2566664],[85.8343337,20.2567358],[85.8344212,20.2568472],[85.8344518,20.2568861],[85.8345523,20.2568167],[85.8344342,20.2566664]]]}},{"type":"Feature","properties":{"building":"yes","name":null,"height":null,"building:levels":null,"amenity":null,"render_height_m":9.0,"height_source":"visual_default_not_measured","web_layer_source":"F:/datasets/layers/all_building.geojson"},"geometry":{"type":"Polygon","coordinates":[[[85.8343296,20.2567305],[85.8342026,20.2568183],[85.8342943,20.256935],[85.8344212,20.2568472],[85.8343337,20.2567358],[85.8343296,20.2567305]]]}},{"type":"Feature","properties":{"building":"yes","name":null,"height":null,"building:levels":null,"amenity":null,"render_height_m":9.0,"height_source":"visual_default_not_measured","web_layer_source":"F:/datasets/layers/all_building.geojson"},"geometry":{"type":"Polygon","coordinates":[[[85.8341365,20.2570199],[85.833933,20.2571606],[85.8339926,20.2572365],[85.8341961,20.2570958],[85.8341365,20.2570199]]]}},{"type":"Feature","properties":{"building":"yes","name":null,"height":null,"building:levels":null,"amenity":null,"render_height_m":9.0,"height_source":"visual_default_not_measured","web_layer_source":"F:/datasets/layers/all_building.geojson"},"geometry":{"type":"Polygon","coordinates":[[[85.8337395,20.2569859],[85.8335322,20.2571292],[85.8335931,20.2572067],[85.8338004,20.2570634],[85.8337395,20.2569859]]]}},{"type":"Feature","properties":{"building":"yes","name":null,"height":null,"building:levels":null,"amenity":null,"render_height_m":9.0,"height_source":"visual_default_not_measured","web_layer_source":"F:/datasets/layers/all_building.geojson"},"geometry":{"type":"Polygon","coordinates":[[[85.8338119,20.2570853],[85.8336007,20.2572314],[85.8336579,20.2573043],[85.8338692,20.2571582],[85.8338119,20.2570853]]]}},{"type":"Feature","properties":{"building":"yes","name":null,"height":null,"building:levels":null,"amenity":null,"render_height_m":9.0,"height_source":"visual_default_not_measured","web_layer_source":"F:/datasets/layers/all_building.geojson"},"geometry":{"type":"Polygon","coordinates":[[[85.8338937,20.2571721],[85.8336673,20.2573287],[85.8337311,20.2574099],[85.8339575,20.2572534],[85.8338937,20.2571721]]]}},{"type":"Feature","properties":{"building":"yes","name":null,"height":null,"building:levels":null,"amenity":null,"render_height_m":9.0,"height_source":"visual_default_not_measured","web_layer_source":"F:/datasets/layers/all_building.geojson"},"geometry":{"type":"Polygon","coordinates":[[[85.8340815,20.2568765],[85.8340345,20.2569089],[85.8339424,20.2569726],[85.8340118,20.2570609],[85.8341508,20.2569647],[85.8340815,20.2568765]]]}},{"type":"Feature","properties":{"building":"yes","name":null,"height":null,"building:levels":null,"amenity":null,"render_height_m":9.0,"height_source":"visual_default_not_measured","web_layer_source":"F:/datasets/layers/all_building.geojson"},"geometry":{"type":"Polygon","coordinates":[[[85.8338146,20.2567897],[85.8335057,20.2570032],[85.8335657,20.2570795],[85.8338745,20.256866],[85.8338146,20.2567897]]]}},{"type":"Feature","properties":{"building":"yes","name":null,"height":null,"building:levels":null,"amenity":null,"render_height_m":9.0,"height_source":"visual_default_not_measured","web_layer_source":"F:/datasets/layers/all_building.geojson"},"geometry":{"type":"Polygon","coordinates":[[[85.8339219,20.2567091],[85.833825,20.2567761],[85.8338862,20.256854],[85.8339831,20.2567871],[85.8339219,20.2567091]]]}},{"type":"Feature","properties":{"building":"yes","name":null,"height":null,"building:levels":null,"amenity":null,"render_height_m":9.0,"height_source":"visual_default_not_measured","web_layer_source":"F:/datasets/layers/all_building.geojson"},"geometry":{"type":"Polygon","coordinates":[[[85.8331615,20.2566601],[85.8332257,20.2567418],[85.8334211,20.2566066],[85.8334954,20.2565553],[85.8335107,20.2565446],[85.8335681,20.256505],[85.8335039,20.2564233],[85.8331615,20.2566601]]]}},{"type":"Feature","properties":{"building":"yes","name":null,"height":null,"building:levels":null,"amenity":null,"render_height_m":9.0,"height_source":"visual_default_not_measured","web_layer_source":"F:/datasets/layers/all_building.geojson"},"geometry":{"type":"Polygon","coordinates":[[[85.8334619,20.2567381],[85.833418,20.2566822],[85.8332532,20.2567962],[85.8332971,20.256852],[85.8334619,20.2567381]]]}},{"type":"Feature","properties":{"building":"yes","name":null,"height":null,"building:levels":null,"amenity":null,"render_height_m":9.0,"height_source":"visual_default_not_measured","web_layer_source":"F:/datasets/layers/all_building.geojson"},"geometry":{"type":"Polygon","coordinates":[[[85.8335128,20.2568261],[85.8334594,20.2567582],[85.8333096,20.2568618],[85.833363,20.2569298],[85.8335128,20.2568261]]]}},{"type":"Feature","properties":{"building":"yes","name":null,"height":null,"building:levels":null,"amenity":null,"render_height_m":9.0,"height_source":"visual_default_not_measured","web_layer_source":"F:/datasets/layers/all_building.geojson"},"geometry":{"type":"Polygon","coordinates":[[[85.8336617,20.2563908],[85.8335515,20.2564671],[85.8335972,20.2565253],[85.8337075,20.2564491],[85.8336617,20.2563908]]]}},{"type":"Feature","properties":{"building":"yes","name":null,"height":null,"building:levels":null,"amenity":null,"render_height_m":9.0,"height_source":"visual_default_not_measured","web_layer_source":"F:/datasets/layers/all_building.geojson"},"geometry":{"type":"Polygon","coordinates":[[[85.8337288,20.2564638],[85.8336116,20.2565448],[85.8336543,20.2565991],[85.8337714,20.2565181],[85.8337288,20.2564638]]]}},{"type":"Feature","properties":{"building":"yes","name":null,"height":null,"building:levels":null,"amenity":null,"render_height_m":9.0,"height_source":"visual_default_not_measured","web_layer_source":"F:/datasets/layers/all_building.geojson"},"geometry":{"type":"Polygon","coordinates":[[[85.8337864,20.256538],[85.8336746,20.2566154],[85.83372,20.2566732],[85.8338319,20.2565959],[85.8337864,20.256538]]]}},{"type":"Feature","properties":{"building":"yes","name":null,"height":null,"building:levels":null,"amenity":null,"render_height_m":9.0,"height_source":"visual_default_not_measured","web_layer_source":"F:/datasets/layers/all_building.geojson"},"geometry":{"type":"Polygon","coordinates":[[[85.8330569,20.2565015],[85.8331655,20.2566399],[85.8335114,20.2564007],[85.8334754,20.2563548],[85.8334028,20.2562624],[85.8330569,20.2565015]]]}},{"type":"Feature","properties":{"building":"yes","name":null,"height":null,"building:levels":null,"amenity":null,"render_height_m":9.0,"height_source":"visual_default_not_measured","web_layer_source":"F:/datasets/layers/all_building.geojson"},"geometry":{"type":"Polygon","coordinates":[[[85.8329509,20.2562524],[85.8329018,20.2562821],[85.8329552,20.2563599],[85.8330043,20.2563302],[85.8329509,20.2562524]]]}},{"type":"Feature","properties":{"building":"yes","name":null,"height":null,"building:levels":null,"amenity":null,"render_height_m":9.0,"height_source":"visual_default_not_measured","web_layer_source":"F:/datasets/layers/all_building.geojson"},"geometry":{"type":"Polygon","coordinates":[[[85.8332728,20.2561304],[85.8331555,20.2562013],[85.8332028,20.2562702],[85.8333201,20.2561993],[85.8332728,20.2561304]]]}},{"type":"Feature","properties":{"building":"yes","name":null,"height":null,"building:levels":null,"amenity":null,"render_height_m":9.0,"height_source":"visual_default_not_measured","web_layer_source":"F:/datasets/layers/all_building.geojson"},"geometry":{"type":"Polygon","coordinates":[[[85.8334008,20.256036],[85.8333059,20.2561051],[85.8333511,20.2561597],[85.833446,20.2560906],[85.8334008,20.256036]]]}},{"type":"Feature","properties":{"building":"yes","name":null,"height":null,"building:levels":null,"amenity":null,"render_height_m":9.0,"height_source":"visual_default_not_measured","web_layer_source":"F:/datasets/layers/all_building.geojson"},"geometry":{"type":"Polygon","coordinates":[[[85.8332996,20.2558863],[85.8331838,20.2559664],[85.8332269,20.2560212],[85.8333427,20.2559412],[85.8332996,20.2558863]]]}},{"type":"Feature","properties":{"building":"yes","name":null,"height":null,"building:levels":null,"amenity":null,"render_height_m":9.0,"height_source":"visual_default_not_measured","web_layer_source":"F:/datasets/layers/all_building.geojson"},"geometry":{"type":"Polygon","coordinates":[[[85.8332356,20.2558115],[85.8331464,20.2558732],[85.8331993,20.2559406],[85.8332886,20.2558789],[85.8332356,20.2558115]]]}},{"type":"Feature","properties":{"building":"yes","name":null,"height":null,"building:levels":null,"amenity":null,"render_height_m":9.0,"height_source":"visual_default_not_measured","web_layer_source":"F:/datasets/layers/all_building.geojson"},"geometry":{"type":"Polygon","coordinates":[[[85.8331896,20.2557529],[85.8330722,20.2558341],[85.8331182,20.2558927],[85.8331464,20.2558732],[85.8332356,20.2558115],[85.8331896,20.2557529]]]}},{"type":"Feature","properties":{"building":"yes","name":null,"height":null,"building:levels":null,"amenity":null,"render_height_m":9.0,"height_source":"visual_default_not_measured","web_layer_source":"F:/datasets/layers/all_building.geojson"},"geometry":{"type":"Polygon","coordinates":[[[85.8328611,20.255846],[85.8327406,20.2559293],[85.8327972,20.2560014],[85.8329177,20.2559181],[85.8328611,20.255846]]]}},{"type":"Feature","properties":{"building":"yes","name":null,"height":null,"building:levels":null,"amenity":null,"render_height_m":9.0,"height_source":"visual_default_not_measured","web_layer_source":"F:/datasets/layers/all_building.geojson"},"geometry":{"type":"Polygon","coordinates":[[[85.8331293,20.2556787],[85.8329857,20.255778],[85.8330306,20.255835],[85.8331741,20.2557358],[85.8331293,20.2556787]]]}},{"type":"Feature","properties":{"building":"yes","name":null,"height":null,"building:levels":null,"amenity":null,"render_height_m":9.0,"height_source":"visual_default_not_measured","web_layer_source":"F:/datasets/layers/all_building.geojson"},"geometry":{"type":"Polygon","coordinates":[[[85.8328611,20.2554246],[85.8324586,20.2557028],[85.8325733,20.2558488],[85.8329758,20.2555705],[85.8328611,20.2554246]]]}},{"type":"Feature","properties":{"building":"yes","name":null,"height":null,"building:levels":null,"amenity":null,"render_height_m":9.0,"height_source":"visual_default_not_measured","web_layer_source":"F:/datasets/layers/all_building.geojson"},"geometry":{"type":"Polygon","coordinates":[[[85.8324279,20.2554824],[85.8324838,20.2555638],[85.8325221,20.2555407],[85.8324842,20.2554855],[85.8324857,20.2554856],[85.832489,20.2554324],[85.8325292,20.2554355],[85.8325419,20.2552912],[85.8324118,20.2552811],[85.8323991,20.2554254],[85.8324313,20.2554279],[85.8324279,20.2554824]]]}},{"type":"Feature","properties":{"building":"yes","name":null,"height":null,"building:levels":null,"amenity":null,"render_height_m":9.0,"height_source":"visual_default_not_measured","web_layer_source":"F:/datasets/layers/all_building.geojson"},"geometry":{"type":"Polygon","coordinates":[[[85.8321623,20.2550106],[85.8320474,20.2550901],[85.8321853,20.2552657],[85.8323003,20.2551862],[85.8321623,20.2550106]]]}},{"type":"Feature","properties":{"building":"yes","name":null,"height":null,"building:levels":null,"amenity":null,"render_height_m":9.0,"height_source":"visual_default_not_measured","web_layer_source":"F:/datasets/layers/all_building.geojson"},"geometry":{"type":"Polygon","coordinates":[[[85.8324467,20.2548118],[85.8323407,20.2548851],[85.832447,20.2550204],[85.832553,20.2549471],[85.8324467,20.2548118]]]}},{"type":"Feature","properties":{"building":"yes","name":null,"height":null,"building:levels":null,"amenity":null,"render_height_m":9.0,"height_source":"visual_default_not_measured","web_layer_source":"F:/datasets/layers/all_building.geojson"},"geometry":{"type":"Polygon","coordinates":[[[85.8331668,20.2550823],[85.8329449,20.2552358],[85.8330356,20.2553512],[85.8332575,20.2551978],[85.8331668,20.2550823]]]}},{"type":"Feature","properties":{"building":"yes","name":null,"height":null,"building:levels":null,"amenity":null,"render_height_m":9.0,"height_source":"visual_default_not_measured","web_layer_source":"F:/datasets/layers/all_building.geojson"},"geometry":{"type":"Polygon","coordinates":[[[85.8330113,20.2548873],[85.832816,20.2550223],[85.8329218,20.2551569],[85.833117,20.255022],[85.8330113,20.2548873]]]}},{"type":"Feature","properties":{"building":"yes","name":null,"height":null,"building:levels":null,"amenity":null,"render_height_m":9.0,"height_source":"visual_default_not_measured","web_layer_source":"F:/datasets/layers/all_building.geojson"},"geometry":{"type":"Polygon","coordinates":[[[85.8328597,20.2547036],[85.832636,20.2548583],[85.8327435,20.2549951],[85.8329672,20.2548404],[85.8328597,20.2547036]]]}},{"type":"Feature","properties":{"building":"yes","name":null,"height":null,"building:levels":null,"amenity":null,"render_height_m":9.0,"height_source":"visual_default_not_measured","web_layer_source":"F:/datasets/layers/all_building.geojson"},"geometry":{"type":"Polygon","coordinates":[[[85.8324423,20.2544289],[85.8324457,20.2544266],[85.8323984,20.2543664],[85.8322966,20.2544368],[85.8323439,20.254497],[85.8323718,20.2544777],[85.8324379,20.2545105],[85.8324748,20.2544451],[85.8324423,20.2544289]]]}},{"type":"Feature","properties":{"building":"yes","name":null,"height":null,"building:levels":null,"amenity":null,"render_height_m":9.0,"height_source":"visual_default_not_measured","web_layer_source":"F:/datasets/layers/all_building.geojson"},"geometry":{"type":"Polygon","coordinates":[[[85.8325975,20.2543985],[85.8325248,20.2544488],[85.8325902,20.2545321],[85.832663,20.2544818],[85.8325975,20.2543985]]]}},{"type":"Feature","properties":{"building":"yes","name":null,"height":null,"building:levels":null,"amenity":null,"render_height_m":9.0,"height_source":"visual_default_not_measured","web_layer_source":"F:/datasets/layers/all_building.geojson"},"geometry":{"type":"Polygon","coordinates":[[[85.8326565,20.2543557],[85.8326071,20.2543899],[85.8326726,20.2544732],[85.832722,20.254439],[85.8326565,20.2543557]]]}},{"type":"Feature","properties":{"building":"yes","name":null,"height":null,"building:levels":null,"amenity":null,"render_height_m":9.0,"height_source":"visual_default_not_measured","web_layer_source":"F:/datasets/layers/all_building.geojson"},"geometry":{"type":"Polygon","coordinates":[[[85.8327578,20.2542897],[85.8326716,20.2543493],[85.832732,20.2544262],[85.8328182,20.2543666],[85.8327578,20.2542897]]]}},{"type":"Feature","properties":{"building":"yes","name":null,"height":null,"building:levels":null,"amenity":null,"render_height_m":9.0,"height_source":"visual_default_not_measured","web_layer_source":"F:/datasets/layers/all_building.geojson"},"geometry":{"type":"Polygon","coordinates":[[[85.8326894,20.2541796],[85.8326139,20.2542252],[85.8326815,20.2543238],[85.8327571,20.2542781],[85.8326894,20.2541796]]]}},{"type":"Feature","properties":{"building":"yes","name":null,"height":null,"building:levels":null,"amenity":null,"render_height_m":9.0,"height_source":"visual_default_not_measured","web_layer_source":"F:/datasets/layers/all_building.geojson"},"geometry":{"type":"Polygon","coordinates":[[[85.8330169,20.2540923],[85.8329502,20.2539953],[85.8328805,20.2540374],[85.8329521,20.2541417],[85.8329528,20.2541413],[85.8330037,20.2542061],[85.8330857,20.2541494],[85.8330324,20.2540816],[85.8330169,20.2540923]]]}},{"type":"Feature","properties":{"building":"yes","name":null,"height":null,"building:levels":null,"amenity":null,"render_height_m":9.0,"height_source":"visual_default_not_measured","web_layer_source":"F:/datasets/layers/all_building.geojson"},"geometry":{"type":"Polygon","coordinates":[[[85.8328436,20.2539839],[85.8328859,20.2539512],[85.8328464,20.2539064],[85.8328042,20.2539391],[85.8328436,20.2539839]]]}},{"type":"Feature","properties":{"building":"yes","name":null,"height":null,"building:levels":null,"amenity":null,"render_height_m":9.0,"height_source":"visual_default_not_measured","web_layer_source":"F:/datasets/layers/all_building.geojson"},"geometry":{"type":"Polygon","coordinates":[[[85.8328181,20.2540758],[85.8327498,20.2541217],[85.8328262,20.254222],[85.8328946,20.2541761],[85.8328181,20.2540758]]]}},{"type":"Feature","properties":{"building":"yes","name":null,"height":null,"building:levels":null,"amenity":null,"render_height_m":9.0,"height_source":"visual_default_not_measured","web_layer_source":"F:/datasets/layers/all_building.geojson"},"geometry":{"type":"Polygon","coordinates":[[[85.8330193,20.2539663],[85.8329684,20.2540028],[85.8330324,20.2540816],[85.8330347,20.2540844],[85.8330857,20.2540479],[85.8330193,20.2539663]]]}},{"type":"Feature","properties":{"building":"yes","name":null,"height":null,"building:levels":null,"amenity":null,"render_height_m":9.0,"height_source":"visual_default_not_measured","web_layer_source":"F:/datasets/layers/all_building.geojson"},"geometry":{"type":"Polygon","coordinates":[[[85.8331427,20.2538531],[85.8330971,20.2538934],[85.8331784,20.2539744],[85.833224,20.2539341],[85.8331427,20.2538531]]]}},{"type":"Feature","properties":{"building":"yes","name":null,"height":null,"building:levels":null,"amenity":null,"render_height_m":9.0,"height_source":"visual_default_not_measured","web_layer_source":"F:/datasets/layers/all_building.geojson"},"geometry":{"type":"Polygon","coordinates":[[[85.8332178,20.2538002],[85.8331642,20.253838],[85.8332459,20.2539403],[85.8332996,20.2539025],[85.8332178,20.2538002]]]}},{"type":"Feature","properties":{"building":"yes","name":null,"height":null,"building:levels":null,"amenity":null,"render_height_m":9.0,"height_source":"visual_default_not_measured","web_layer_source":"F:/datasets/layers/all_building.geojson"},"geometry":{"type":"Polygon","coordinates":[[[85.8333814,20.2536946],[85.8333304,20.2537298],[85.8334641,20.2539],[85.8335151,20.2538648],[85.8333814,20.2536946]]]}},{"type":"Feature","properties":{"building":"yes","name":null,"height":null,"building:levels":null,"amenity":null,"render_height_m":9.0,"height_source":"visual_default_not_measured","web_layer_source":"F:/datasets/layers/all_building.geojson"},"geometry":{"type":"Polygon","coordinates":[[[85.8308628,20.2538481],[85.8309862,20.2539638],[85.831064,20.2538908],[85.8309406,20.2537751],[85.8308628,20.2538481]]]}},{"type":"Feature","properties":{"building":"yes","name":null,"height":null,"building:levels":null,"amenity":null,"render_height_m":9.0,"height_source":"visual_default_not_measured","web_layer_source":"F:/datasets/layers/all_building.geojson"},"geometry":{"type":"Polygon","coordinates":[[[85.8312625,20.2534178],[85.8314037,20.2535797],[85.8314922,20.2535118],[85.831351,20.2533498],[85.8312625,20.2534178]]]}},{"type":"Feature","properties":{"building":"yes","name":null,"height":null,"building:levels":null,"amenity":null,"render_height_m":9.0,"height_source":"visual_default_not_measured","web_layer_source":"F:/datasets/layers/all_building.geojson"},"geometry":{"type":"Polygon","coordinates":[[[85.8306697,20.252615],[85.8307735,20.252764],[85.8309827,20.2526357],[85.8308789,20.2524867],[85.8306697,20.252615]]]}},{"type":"Feature","properties":{"building":"yes","name":null,"height":null,"building:levels":null,"amenity":null,"render_height_m":9.0,"height_source":"visual_default_not_measured","web_layer_source":"F:/datasets/layers/all_building.geojson"},"geometry":{"type":"Polygon","coordinates":[[[85.8294493,20.2526251],[85.829351,20.2526943],[85.8294476,20.252815],[85.8295459,20.2527459],[85.8294493,20.2526251]]]}},{"type":"Feature","properties":{"building":"yes","name":null,"height":null,"building:levels":null,"amenity":null,"render_height_m":9.0,"height_source":"visual_default_not_measured","web_layer_source":"F:/datasets/layers/all_building.geojson"},"geometry":{"type":"Polygon","coordinates":[[[85.8296666,20.2525169],[85.8295727,20.2525874],[85.8296692,20.2527006],[85.8297631,20.2526301],[85.8296666,20.2525169]]]}},{"type":"Feature","properties":{"building":"yes","name":null,"height":null,"building:levels":null,"amenity":null,"render_height_m":9.0,"height_source":"visual_default_not_measured","web_layer_source":"F:/datasets/layers/all_building.geojson"},"geometry":{"type":"Polygon","coordinates":[[[85.829635,20.2527899],[85.8295626,20.2528383],[85.8296357,20.2529346],[85.8297081,20.2528862],[85.829635,20.2527899]]]}},{"type":"Feature","properties":{"building":"yes","name":null,"height":null,"building:levels":null,"amenity":null,"render_height_m":9.0,"height_source":"visual_default_not_measured","web_layer_source":"F:/datasets/layers/all_building.geojson"},"geometry":{"type":"Polygon","coordinates":[[[85.8299596,20.2528749],[85.8298315,20.2529396],[85.8298322,20.2529472],[85.8298101,20.2529547],[85.8298572,20.2530296],[85.8300088,20.2529604],[85.8299596,20.2528749]]]}},{"type":"Feature","properties":{"building":"yes","name":null,"height":null,"building:levels":null,"amenity":null,"render_height_m":9.0,"height_source":"visual_default_not_measured","web_layer_source":"F:/datasets/layers/all_building.geojson"},"geometry":{"type":"Polygon","coordinates":[[[85.8300736,20.2526025],[85.8298831,20.2527107],[85.8299475,20.2528104],[85.830138,20.2527022],[85.8300736,20.2526025]]]}},{"type":"Feature","properties":{"building":"yes","name":null,"height":null,"building:levels":null,"amenity":null,"render_height_m":9.0,"height_source":"visual_default_not_measured","web_layer_source":"F:/datasets/layers/all_building.geojson"},"geometry":{"type":"Polygon","coordinates":[[[85.8298536,20.2527125],[85.8297712,20.2527654],[85.8298745,20.2529074],[85.829957,20.2528545],[85.8298536,20.2527125]]]}},{"type":"Feature","properties":{"building":"yes","name":null,"height":null,"building:levels":null,"amenity":null,"render_height_m":9.0,"height_source":"visual_default_not_measured","web_layer_source":"F:/datasets/layers/all_building.geojson"},"geometry":{"type":"Polygon","coordinates":[[[85.8297551,20.253],[85.8296639,20.2530542],[85.8297786,20.2532241],[85.8298697,20.2531699],[85.8297551,20.253]]]}},{"type":"Feature","properties":{"building":"yes","name":null,"height":null,"building:levels":null,"amenity":null,"render_height_m":9.0,"height_source":"visual_default_not_measured","web_layer_source":"F:/datasets/layers/all_building.geojson"},"geometry":{"type":"Polygon","coordinates":[[[85.8298342,20.2532171],[85.8299014,20.2533739],[85.8299731,20.2533469],[85.8299059,20.25319],[85.8298342,20.2532171]]]}},{"type":"Feature","properties":{"building":"yes","name":null,"height":null,"building:levels":null,"amenity":null,"render_height_m":9.0,"height_source":"visual_default_not_measured","web_layer_source":"F:/datasets/layers/all_building.geojson"},"geometry":{"type":"Polygon","coordinates":[[[85.8301279,20.2531045],[85.8300393,20.2531777],[85.8301044,20.2532834],[85.8301654,20.2532485],[85.8301976,20.2532001],[85.8301279,20.2531045]]]}},{"type":"Feature","properties":{"building":"yes","name":null,"height":null,"building:levels":null,"amenity":null,"render_height_m":9.0,"height_source":"visual_default_not_measured","web_layer_source":"F:/datasets/layers/all_building.geojson"},"geometry":{"type":"Polygon","coordinates":[[[85.8300246,20.2529837],[85.8298346,20.2530674],[85.8298989,20.2531794],[85.8300126,20.2531082],[85.8300461,20.253151],[85.8301105,20.253112],[85.8300246,20.2529837]]]}},{"type":"Feature","properties":{"building":"yes","name":null,"height":null,"building:levels":null,"amenity":null,"render_height_m":9.0,"height_source":"visual_default_not_measured","web_layer_source":"F:/datasets/layers/all_building.geojson"},"geometry":{"type":"Polygon","coordinates":[[[85.8292682,20.2530869],[85.829342,20.2532568],[85.8294869,20.2532014],[85.8294131,20.2530315],[85.8292682,20.2530869]]]}},{"type":"Feature","properties":{"building":"yes","name":null,"height":null,"building:levels":null,"amenity":null,"render_height_m":9.0,"height_source":"visual_default_not_measured","web_layer_source":"F:/datasets/layers/all_building.geojson"},"geometry":{"type":"Polygon","coordinates":[[[85.8289973,20.2534241],[85.8290582,20.2535383],[85.8291387,20.2535005],[85.8290778,20.2533863],[85.8289973,20.2534241]]]}},{"type":"Feature","properties":{"building":"yes","name":null,"height":null,"building:levels":null,"amenity":null,"render_height_m":9.0,"height_source":"visual_default_not_measured","web_layer_source":"F:/datasets/layers/all_building.geojson"},"geometry":{"type":"Polygon","coordinates":[[[85.8298556,20.2536732],[85.8299746,20.2538929],[85.8300591,20.2538527],[85.8299401,20.2536329],[85.8298556,20.2536732]]]}},{"type":"Feature","properties":{"building":"yes","name":null,"height":null,"building:levels":null,"amenity":null,"render_height_m":9.0,"height_source":"visual_default_not_measured","web_layer_source":"F:/datasets/layers/all_building.geojson"},"geometry":{"type":"Polygon","coordinates":[[[85.8298047,20.2534618],[85.8298923,20.253618],[85.8299688,20.2535802],[85.8298811,20.2534241],[85.8298047,20.2534618]]]}},{"type":"Feature","properties":{"building":"yes","name":null,"height":null,"building:levels":null,"amenity":null,"render_height_m":9.0,"height_source":"visual_default_not_measured","web_layer_source":"F:/datasets/layers/all_building.geojson"},"geometry":{"type":"Polygon","coordinates":[[[85.8294238,20.253609],[85.8294668,20.2537012],[85.8295526,20.253666],[85.8295096,20.2535738],[85.8294238,20.253609]]]}},{"type":"Feature","properties":{"building":"yes","name":null,"height":null,"building:levels":null,"amenity":null,"render_height_m":9.0,"height_source":"visual_default_not_measured","web_layer_source":"F:/datasets/layers/all_building.geojson"},"geometry":{"type":"Polygon","coordinates":[[[85.8290121,20.2536354],[85.8290537,20.2537172],[85.8291408,20.2536782],[85.8290993,20.2535964],[85.8290121,20.2536354]]]}},{"type":"Feature","properties":{"building":"yes","name":null,"height":null,"building:levels":null,"amenity":null,"render_height_m":9.0,"height_source":"visual_default_not_measured","web_layer_source":"F:/datasets/layers/all_building.geojson"},"geometry":{"type":"Polygon","coordinates":[[[85.8291127,20.2533712],[85.8291615,20.2534683],[85.8293036,20.2534054],[85.8292548,20.2533083],[85.8291127,20.2533712]]]}},{"type":"Feature","properties":{"building":"yes","name":null,"height":null,"building:levels":null,"amenity":null,"render_height_m":9.0,"height_source":"visual_default_not_measured","web_layer_source":"F:/datasets/layers/all_building.geojson"},"geometry":{"type":"Polygon","coordinates":[[[85.8288471,20.2536707],[85.828902,20.2537795],[85.8289758,20.2537468],[85.8289383,20.2536543],[85.828886,20.2536518],[85.8288471,20.2536707]]]}},{"type":"Feature","properties":{"building":"yes","name":null,"height":null,"building:levels":null,"amenity":null,"render_height_m":9.0,"height_source":"visual_default_not_measured","web_layer_source":"F:/datasets/layers/all_building.geojson"},"geometry":{"type":"Polygon","coordinates":[[[85.8287466,20.2537197],[85.8288115,20.2538361],[85.828896,20.2537946],[85.828831,20.2536782],[85.8287466,20.2537197]]]}},{"type":"Feature","properties":{"building":"yes","name":null,"height":null,"building:levels":null,"amenity":null,"render_height_m":9.0,"height_source":"visual_default_not_measured","web_layer_source":"F:/datasets/layers/all_building.geojson"},"geometry":{"type":"Polygon","coordinates":[[[85.8287036,20.2535536],[85.828722,20.2536899],[85.8288082,20.2536455],[85.8288614,20.2536195],[85.8287989,20.2535197],[85.8287036,20.2535536]]]}},{"type":"Feature","properties":{"building":"yes","name":null,"height":null,"building:levels":null,"amenity":null,"render_height_m":9.0,"height_source":"visual_default_not_measured","web_layer_source":"F:/datasets/layers/all_building.geojson"},"geometry":{"type":"Polygon","coordinates":[[[85.8292418,20.2537293],[85.8291985,20.2537487],[85.8292708,20.2538912],[85.8294089,20.2538295],[85.8293366,20.253687],[85.8293064,20.2537005],[85.829291,20.2536669],[85.8292253,20.2536933],[85.8292418,20.2537293]]]}},{"type":"Feature","properties":{"building":"yes","name":null,"height":null,"building:levels":null,"amenity":null,"render_height_m":9.0,"height_source":"visual_default_not_measured","web_layer_source":"F:/datasets/layers/all_building.geojson"},"geometry":{"type":"Polygon","coordinates":[[[85.8290805,20.2538128],[85.8291422,20.2539223],[85.829236,20.2538757],[85.8291744,20.2537663],[85.8290805,20.2538128]]]}},{"type":"Feature","properties":{"building":"yes","name":null,"height":null,"building:levels":null,"amenity":null,"render_height_m":9.0,"height_source":"visual_default_not_measured","web_layer_source":"F:/datasets/layers/all_building.geojson"},"geometry":{"type":"Polygon","coordinates":[[[85.828937,20.2538481],[85.829001,20.2539617],[85.829072,20.2539264],[85.8290081,20.2538128],[85.828937,20.2538481]]]}},{"type":"Feature","properties":{"building":"yes","name":null,"height":null,"building:levels":null,"amenity":null,"render_height_m":9.0,"height_source":"visual_default_not_measured","web_layer_source":"F:/datasets/layers/all_building.geojson"},"geometry":{"type":"Polygon","coordinates":[[[85.8288284,20.2539034],[85.8288735,20.2540149],[85.8289688,20.2539809],[85.8289236,20.2538694],[85.8288284,20.2539034]]]}},{"type":"Feature","properties":{"building":"yes","name":null,"height":null,"building:levels":null,"amenity":null,"render_height_m":9.0,"height_source":"visual_default_not_measured","web_layer_source":"F:/datasets/layers/all_building.geojson"},"geometry":{"type":"Polygon","coordinates":[[[85.8280841,20.2542318],[85.8281419,20.2543844],[85.8282814,20.2543378],[85.8282235,20.2541853],[85.8280841,20.2542318]]]}},{"type":"Feature","properties":{"building":"yes","name":null,"height":null,"building:levels":null,"amenity":null,"render_height_m":9.0,"height_source":"visual_default_not_measured","web_layer_source":"F:/datasets/layers/all_building.geojson"},"geometry":{"type":"Polygon","coordinates":[[[85.8284435,20.254111],[85.8284996,20.2542603],[85.828568,20.2542377],[85.8285119,20.2540884],[85.8284435,20.254111]]]}},{"type":"Feature","properties":{"building":"yes","name":null,"height":null,"building:levels":null,"amenity":null,"render_height_m":9.0,"height_source":"visual_default_not_measured","web_layer_source":"F:/datasets/layers/all_building.geojson"},"geometry":{"type":"Polygon","coordinates":[[[85.8282329,20.2545136],[85.8283004,20.2547458],[85.8284922,20.2546968],[85.8284247,20.2544646],[85.8282329,20.2545136]]]}},{"type":"Feature","properties":{"building":"yes","name":null,"height":null,"building:levels":null,"amenity":null,"render_height_m":9.0,"height_source":"visual_default_not_measured","web_layer_source":"F:/datasets/layers/all_building.geojson"},"geometry":{"type":"Polygon","coordinates":[[[85.8285119,20.2544293],[85.8285833,20.2546277],[85.8286786,20.2545975],[85.8286071,20.2543991],[85.8285119,20.2544293]]]}},{"type":"Feature","properties":{"building":"yes","name":null,"height":null,"building:levels":null,"amenity":null,"render_height_m":9.0,"height_source":"visual_default_not_measured","web_layer_source":"F:/datasets/layers/all_building.geojson"},"geometry":{"type":"Polygon","coordinates":[[[85.8296075,20.2541211],[85.8297183,20.2542797],[85.8297572,20.2542558],[85.8296464,20.2540972],[85.8296075,20.2541211]]]}},{"type":"Feature","properties":{"building":"yes","name":null,"height":null,"building:levels":null,"amenity":null,"render_height_m":9.0,"height_source":"visual_default_not_measured","web_layer_source":"F:/datasets/layers/all_building.geojson"},"geometry":{"type":"Polygon","coordinates":[[[85.8291717,20.2541676],[85.8292315,20.2543339],[85.8293388,20.2543],[85.829279,20.2541337],[85.8291717,20.2541676]]]}},{"type":"Feature","properties":{"building":"yes","name":null,"height":null,"building:levels":null,"amenity":null,"render_height_m":9.0,"height_source":"visual_default_not_measured","web_layer_source":"F:/datasets/layers/all_building.geojson"},"geometry":{"type":"Polygon","coordinates":[[[85.8293219,20.2539022],[85.8295,20.2543013],[85.8296153,20.254256],[85.8294372,20.2538569],[85.8293219,20.2539022]]]}},{"type":"Feature","properties":{"building":"yes","name":null,"height":null,"building:levels":null,"amenity":null,"render_height_m":9.0,"height_source":"visual_default_not_measured","web_layer_source":"F:/datasets/layers/all_building.geojson"},"geometry":{"type":"Polygon","coordinates":[[[85.8278856,20.2539839],[85.8277045,20.2540494],[85.8277246,20.2541198],[85.8278152,20.2540915],[85.8278508,20.2541748],[85.8279461,20.2541452],[85.8278856,20.2539839]]]}},{"type":"Feature","properties":{"building":"yes","name":null,"height":null,"building:levels":null,"amenity":null,"render_height_m":9.0,"height_source":"visual_default_not_measured","web_layer_source":"F:/datasets/layers/all_building.geojson"},"geometry":{"type":"Polygon","coordinates":[[[85.8278494,20.2538682],[85.827671,20.2539223],[85.8277,20.2540064],[85.8278783,20.2539523],[85.8278494,20.2538682]]]}},{"type":"Feature","properties":{"building":"yes","name":null,"height":null,"building:levels":null,"amenity":null,"render_height_m":9.0,"height_source":"visual_default_not_measured","web_layer_source":"F:/datasets/layers/all_building.geojson"},"geometry":{"type":"Polygon","coordinates":[[[85.8285749,20.2537461],[85.8285897,20.2538608],[85.8286782,20.2538507],[85.8286634,20.2537361],[85.8285749,20.2537461]]]}},{"type":"Feature","properties":{"building":"yes","name":null,"height":null,"building:levels":null,"amenity":null,"render_height_m":9.0,"height_source":"visual_default_not_measured","web_layer_source":"F:/datasets/layers/all_building.geojson"},"geometry":{"type":"Polygon","coordinates":[[[85.8282141,20.2538518],[85.8282726,20.2540131],[85.8285288,20.2539313],[85.8284703,20.2537701],[85.8282141,20.2538518]]]}},{"type":"Feature","properties":{"building":"yes","name":null,"height":null,"building:levels":null,"amenity":null,"render_height_m":9.0,"height_source":"visual_default_not_measured","web_layer_source":"F:/datasets/layers/all_building.geojson"},"geometry":{"type":"Polygon","coordinates":[[[85.8279432,20.2539437],[85.8279978,20.2541002],[85.8282191,20.2540323],[85.8281645,20.2538757],[85.8279432,20.2539437]]]}},{"type":"Feature","properties":{"building":"yes","name":null,"height":null,"building:levels":null,"amenity":null,"render_height_m":9.0,"height_source":"visual_default_not_measured","web_layer_source":"F:/datasets/layers/all_building.geojson"},"geometry":{"type":"Polygon","coordinates":[[[85.8281417,20.2536518],[85.8281889,20.2537842],[85.8285819,20.2536609],[85.8285347,20.2535285],[85.8281417,20.2536518]]]}},{"type":"Feature","properties":{"building":"yes","name":null,"height":null,"building:levels":null,"amenity":null,"render_height_m":9.0,"height_source":"visual_default_not_measured","web_layer_source":"F:/datasets/layers/all_building.geojson"},"geometry":{"type":"Polygon","coordinates":[[[85.8278789,20.2537336],[85.8279332,20.2538965],[85.8281518,20.2538324],[85.8280975,20.2536694],[85.8278789,20.2537336]]]}},{"type":"Feature","properties":{"building":"yes","name":null,"height":null,"building:levels":null,"amenity":null,"render_height_m":9.0,"height_source":"visual_default_not_measured","web_layer_source":"F:/datasets/layers/all_building.geojson"},"geometry":{"type":"Polygon","coordinates":[[[85.8272512,20.2541588],[85.8273044,20.254307],[85.8274278,20.254268],[85.8273746,20.2541198],[85.8272512,20.2541588]]]}},{"type":"Feature","properties":{"building":"yes","name":null,"height":null,"building:levels":null,"amenity":null,"render_height_m":9.0,"height_source":"visual_default_not_measured","web_layer_source":"F:/datasets/layers/all_building.geojson"},"geometry":{"type":"Polygon","coordinates":[[[85.8274296,20.253911],[85.8274823,20.2540271],[85.8275641,20.2539944],[85.8275114,20.2538783],[85.8274296,20.253911]]]}},{"type":"Feature","properties":{"building":"yes","name":null,"height":null,"building:levels":null,"amenity":null,"render_height_m":9.0,"height_source":"visual_default_not_measured","web_layer_source":"F:/datasets/layers/all_building.geojson"},"geometry":{"type":"Polygon","coordinates":[[[85.8273317,20.2539525],[85.827395,20.2540803],[85.8274701,20.2540476],[85.8274068,20.2539198],[85.8273317,20.2539525]]]}},{"type":"Feature","properties":{"building":"yes","name":null,"height":null,"building:levels":null,"amenity":null,"render_height_m":9.0,"height_source":"visual_default_not_measured","web_layer_source":"F:/datasets/layers/all_building.geojson"},"geometry":{"type":"Polygon","coordinates":[[[85.8271037,20.2538908],[85.8271585,20.2540154],[85.8272202,20.2539915],[85.8271654,20.2538669],[85.8271037,20.2538908]]]}},{"type":"Feature","properties":{"building":"yes","name":null,"height":null,"building:levels":null,"amenity":null,"render_height_m":9.0,"height_source":"visual_default_not_measured","web_layer_source":"F:/datasets/layers/all_building.geojson"},"geometry":{"type":"Polygon","coordinates":[[[85.8272257,20.2538179],[85.8273005,20.2539427],[85.8273769,20.2539025],[85.8273022,20.2537776],[85.8272257,20.2538179]]]}},{"type":"Feature","properties":{"building":"yes","name":null,"height":null,"building:levels":null,"amenity":null,"render_height_m":9.0,"height_source":"visual_default_not_measured","web_layer_source":"F:/datasets/layers/all_building.geojson"},"geometry":{"type":"Polygon","coordinates":[[[85.8268127,20.2534951],[85.8267875,20.2535414],[85.8267627,20.2535908],[85.8266951,20.253656],[85.8267454,20.2537224],[85.8268911,20.2535879],[85.8268127,20.2534951]]]}},{"type":"Feature","properties":{"building":"yes","name":null,"height":null,"building:levels":null,"amenity":null,"render_height_m":9.0,"height_source":"visual_default_not_measured","web_layer_source":"F:/datasets/layers/all_building.geojson"},"geometry":{"type":"Polygon","coordinates":[[[85.8268543,20.2538707],[85.8269324,20.2539391],[85.8269699,20.2539014],[85.8268918,20.253833],[85.8268543,20.2538707]]]}},{"type":"Feature","properties":{"building":"yes","name":null,"height":null,"building:levels":null,"amenity":null,"render_height_m":9.0,"height_source":"visual_default_not_measured","web_layer_source":"F:/datasets/layers/all_building.geojson"},"geometry":{"type":"Polygon","coordinates":[[[85.8269843,20.2537159],[85.8269,20.2537993],[85.8270046,20.2538924],[85.827089,20.2538091],[85.8269843,20.2537159]]]}},{"type":"Feature","properties":{"building":"yes","name":null,"height":null,"building:levels":null,"amenity":null,"render_height_m":9.0,"height_source":"visual_default_not_measured","web_layer_source":"F:/datasets/layers/all_building.geojson"},"geometry":{"type":"Polygon","coordinates":[[[85.8270138,20.2536669],[85.827116,20.2538021],[85.8271898,20.253753],[85.8270876,20.2536178],[85.8270138,20.2536669]]]}},{"type":"Feature","properties":{"building":"yes","name":null,"height":null,"building:levels":null,"amenity":null,"render_height_m":9.0,"height_source":"visual_default_not_measured","web_layer_source":"F:/datasets/layers/all_building.geojson"},"geometry":{"type":"Polygon","coordinates":[[[85.8268958,20.253604],[85.8267429,20.2537474],[85.8268113,20.2538116],[85.8269642,20.2536681],[85.8268958,20.253604]]]}},{"type":"Feature","properties":{"building":"yes","name":null,"height":null,"building:levels":null,"amenity":null,"render_height_m":9.0,"height_source":"visual_default_not_measured","web_layer_source":"F:/datasets/layers/all_building.geojson"},"geometry":{"type":"Polygon","coordinates":[[[85.8268382,20.2534329],[85.826925,20.2535746],[85.8270323,20.2535167],[85.8269455,20.253375],[85.8268382,20.2534329]]]}},{"type":"Feature","properties":{"building":"yes","name":null,"height":null,"building:levels":null,"amenity":null,"render_height_m":9.0,"height_source":"visual_default_not_measured","web_layer_source":"F:/datasets/layers/all_building.geojson"},"geometry":{"type":"Polygon","coordinates":[[[85.8267443,20.2534379],[85.8266096,20.253547],[85.8266606,20.2536023],[85.8267952,20.2534933],[85.8267443,20.2534379]]]}},{"type":"Feature","properties":{"building":"yes","name":null,"height":null,"building:levels":null,"amenity":null,"render_height_m":9.0,"height_source":"visual_default_not_measured","web_layer_source":"F:/datasets/layers/all_building.geojson"},"geometry":{"type":"Polygon","coordinates":[[[85.8266745,20.2533511],[85.8265504,20.2534589],[85.8266175,20.2535268],[85.8267416,20.253419],[85.8266745,20.2533511]]]}},{"type":"Feature","properties":{"building":"yes","name":null,"height":null,"building:levels":null,"amenity":null,"render_height_m":9.0,"height_source":"visual_default_not_measured","web_layer_source":"F:/datasets/layers/all_building.geojson"},"geometry":{"type":"Polygon","coordinates":[[[85.8265901,20.2532718],[85.8264945,20.2533504],[85.8265616,20.2534221],[85.8266571,20.2533435],[85.8265901,20.2532718]]]}},{"type":"Feature","properties":{"building":"yes","name":null,"height":null,"building:levels":null,"amenity":null,"render_height_m":9.0,"height_source":"visual_default_not_measured","web_layer_source":"F:/datasets/layers/all_building.geojson"},"geometry":{"type":"Polygon","coordinates":[[[85.8265015,20.2531082],[85.8264211,20.253141],[85.826496,20.2533031],[85.8265764,20.2532704],[85.8265015,20.2531082]]]}},{"type":"Feature","properties":{"building":"yes","name":null,"height":null,"building:levels":null,"amenity":null,"render_height_m":9.0,"height_source":"visual_default_not_measured","web_layer_source":"F:/datasets/layers/all_building.geojson"},"geometry":{"type":"Polygon","coordinates":[[[85.8266008,20.2530441],[85.826513,20.253079],[85.8265734,20.2532124],[85.8266611,20.2531774],[85.8266008,20.2530441]]]}},{"type":"Feature","properties":{"building":"yes","name":null,"height":null,"building:levels":null,"amenity":null,"render_height_m":9.0,"height_source":"visual_default_not_measured","web_layer_source":"F:/datasets/layers/all_building.geojson"},"geometry":{"type":"Polygon","coordinates":[[[85.8264613,20.2534052],[85.8263681,20.2534735],[85.8266122,20.2537666],[85.8267054,20.2536983],[85.8264613,20.2534052]]]}},{"type":"Feature","properties":{"building":"yes","name":null,"height":null,"building:levels":null,"amenity":null,"render_height_m":9.0,"height_source":"visual_default_not_measured","web_layer_source":"F:/datasets/layers/all_building.geojson"},"geometry":{"type":"Polygon","coordinates":[[[85.8267081,20.2537461],[85.8266231,20.2538021],[85.8266861,20.2538864],[85.8267711,20.2538304],[85.8267081,20.2537461]]]}},{"type":"Feature","properties":{"building":"yes","name":null,"height":null,"building:levels":null,"amenity":null,"render_height_m":9.0,"height_source":"visual_default_not_measured","web_layer_source":"F:/datasets/layers/all_building.geojson"},"geometry":{"type":"Polygon","coordinates":[[[85.8267952,20.2538443],[85.8267018,20.253912],[85.826793,20.2540227],[85.8268864,20.253955],[85.8267952,20.2538443]]]}},{"type":"Feature","properties":{"building":"yes","name":null,"height":null,"building:levels":null,"amenity":null,"render_height_m":9.0,"height_source":"visual_default_not_measured","web_layer_source":"F:/datasets/layers/all_building.geojson"},"geometry":{"type":"Polygon","coordinates":[[[85.8268248,20.2541878],[85.8267041,20.2542646],[85.8267524,20.2543313],[85.826873,20.2542544],[85.8268248,20.2541878]]]}},{"type":"Feature","properties":{"building":"yes","name":null,"height":null,"building:levels":null,"amenity":null,"render_height_m":9.0,"height_source":"visual_default_not_measured","web_layer_source":"F:/datasets/layers/all_building.geojson"},"geometry":{"type":"Polygon","coordinates":[[[85.8268797,20.2543262],[85.8267652,20.254396],[85.8268175,20.2544715],[85.826932,20.2544017],[85.8268797,20.2543262]]]}},{"type":"Feature","properties":{"building":"yes","name":null,"height":null,"building:levels":null,"amenity":null,"render_height_m":9.0,"height_source":"visual_default_not_measured","web_layer_source":"F:/datasets/layers/all_building.geojson"},"geometry":{"type":"Polygon","coordinates":[[[85.8277166,20.2543262],[85.8276098,20.2543694],[85.8276648,20.2544889],[85.8277716,20.2544457],[85.8277166,20.2543262]]]}},{"type":"Feature","properties":{"building":"yes","name":null,"height":null,"building:levels":null,"amenity":null,"render_height_m":9.0,"height_source":"visual_default_not_measured","web_layer_source":"F:/datasets/layers/all_building.geojson"},"geometry":{"type":"Polygon","coordinates":[[[85.8276549,20.2541878],[85.8275586,20.2542294],[85.8275975,20.2543086],[85.8276938,20.254267],[85.8276549,20.2541878]]]}},{"type":"Feature","properties":{"building":"yes","name":null,"height":null,"building:levels":null,"amenity":null,"render_height_m":9.0,"height_source":"visual_default_not_measured","web_layer_source":"F:/datasets/layers/all_building.geojson"},"geometry":{"type":"Polygon","coordinates":[[[85.8275436,20.254072],[85.8274011,20.2541381],[85.8274642,20.2542577],[85.8276066,20.2541915],[85.8275436,20.254072]]]}},{"type":"Feature","properties":{"building":"yes","name":null,"height":null,"building:levels":null,"amenity":null,"render_height_m":9.0,"height_source":"visual_default_not_measured","web_layer_source":"F:/datasets/layers/all_building.geojson"},"geometry":{"type":"Polygon","coordinates":[[[85.8278537,20.2547622],[85.8278051,20.2547741],[85.8278225,20.254837],[85.8278721,20.2548249],[85.827874,20.2548312],[85.8280389,20.2547884],[85.8280036,20.2546684],[85.8278386,20.2547112],[85.8278537,20.2547622]]]}},{"type":"Feature","properties":{"building":"yes","name":null,"height":null,"building:levels":null,"amenity":null,"render_height_m":9.0,"height_source":"visual_default_not_measured","web_layer_source":"F:/datasets/layers/all_building.geojson"},"geometry":{"type":"Polygon","coordinates":[[[85.8273827,20.2548961],[85.8274319,20.2550333],[85.8275553,20.2549943],[85.827506,20.2548571],[85.8273827,20.2548961]]]}},{"type":"Feature","properties":{"building":"yes","name":null,"height":null,"building:levels":null,"amenity":null,"render_height_m":9.0,"height_source":"visual_default_not_measured","web_layer_source":"F:/datasets/layers/all_building.geojson"},"geometry":{"type":"Polygon","coordinates":[[[85.8275905,20.2548445],[85.8276268,20.2549709],[85.8277863,20.2549307],[85.8277501,20.2548043],[85.8275905,20.2548445]]]}},{"type":"Feature","properties":{"building":"yes","name":null,"height":null,"building:levels":null,"amenity":null,"render_height_m":9.0,"height_source":"visual_default_not_measured","web_layer_source":"F:/datasets/layers/all_building.geojson"},"geometry":{"type":"Polygon","coordinates":[[[85.8271319,20.2545438],[85.8272424,20.2547512],[85.8273979,20.2546782],[85.8272874,20.2544709],[85.8271319,20.2545438]]]}},{"type":"Feature","properties":{"building":"yes","name":null,"height":null,"building:levels":null,"amenity":null,"render_height_m":9.0,"height_source":"visual_default_not_measured","web_layer_source":"F:/datasets/layers/all_building.geojson"},"geometry":{"type":"Polygon","coordinates":[[[85.8274443,20.2543174],[85.8275446,20.2545736],[85.8276505,20.2545371],[85.8275503,20.2542809],[85.8274443,20.2543174]]]}},{"type":"Feature","properties":{"building":"yes","name":null,"height":null,"building:levels":null,"amenity":null,"render_height_m":9.0,"height_source":"visual_default_not_measured","web_layer_source":"F:/datasets/layers/all_building.geojson"},"geometry":{"type":"Polygon","coordinates":[[[85.8273062,20.254345],[85.8274343,20.2546397],[85.8275362,20.2546006],[85.8274081,20.254306],[85.8273062,20.254345]]]}},{"type":"Feature","properties":{"building":"yes","name":null,"height":null,"building:levels":null,"amenity":null,"render_height_m":9.0,"height_source":"visual_default_not_measured","web_layer_source":"F:/datasets/layers/all_building.geojson"},"geometry":{"type":"Polygon","coordinates":[[[85.8268046,20.2547464],[85.826877,20.2548726],[85.8270017,20.2548097],[85.8269294,20.2546835],[85.8268046,20.2547464]]]}},{"type":"Feature","properties":{"building":"yes","name":null,"height":null,"building:levels":null,"amenity":null,"render_height_m":9.0,"height_source":"visual_default_not_measured","web_layer_source":"F:/datasets/layers/all_building.geojson"},"geometry":{"type":"Polygon","coordinates":[[[85.8266236,20.254681],[85.8263536,20.2548052],[85.8264568,20.2550027],[85.8267269,20.2548785],[85.8266236,20.254681]]]}},{"type":"Feature","properties":{"building":"yes","name":null,"height":null,"building:levels":null,"amenity":null,"render_height_m":9.0,"height_source":"visual_default_not_measured","web_layer_source":"F:/datasets/layers/all_building.geojson"},"geometry":{"type":"Polygon","coordinates":[[[85.8260845,20.2549678],[85.8261791,20.2551613],[85.8264071,20.2550632],[85.8263125,20.2548697],[85.8260845,20.2549678]]]}},{"type":"Feature","properties":{"building":"yes","name":null,"height":null,"building:levels":null,"amenity":null,"render_height_m":9.0,"height_source":"visual_default_not_measured","web_layer_source":"F:/datasets/layers/all_building.geojson"},"geometry":{"type":"Polygon","coordinates":[[[85.8256567,20.2554636],[85.8256285,20.255453],[85.8255983,20.2554511],[85.8255689,20.255458],[85.8255433,20.2554732],[85.8255239,20.255495],[85.8255126,20.2555214],[85.8255106,20.2555498],[85.825518,20.2555773],[85.8255341,20.2556014],[85.8255574,20.2556196],[85.8255855,20.2556301],[85.8256158,20.255632],[85.8256451,20.2556251],[85.8256708,20.2556099],[85.8256902,20.2555881],[85.8257014,20.2555617],[85.8257035,20.2555334],[85.825696,20.2555058],[85.8256799,20.2554818],[85.8256567,20.2554636]]]}},{"type":"Feature","properties":{"building":"yes","name":null,"height":null,"building:levels":null,"amenity":null,"render_height_m":9.0,"height_source":"visual_default_not_measured","web_layer_source":"F:/datasets/layers/all_building.geojson"},"geometry":{"type":"Polygon","coordinates":[[[85.8255118,20.2555755],[85.8254867,20.2555565],[85.8254566,20.2555458],[85.8254244,20.2555442],[85.8253933,20.2555521],[85.8253663,20.2555686],[85.8253461,20.2555921],[85.8253346,20.2556204],[85.8253329,20.2556506],[85.8253413,20.2556798],[85.8253589,20.2557051],[85.825384,20.2557241],[85.8254141,20.2557349],[85.8254463,20.2557364],[85.8254774,20.2557286],[85.8255044,20.255712],[85.8255247,20.2556885],[85.8255362,20.2556603],[85.8255378,20.2556301],[85.8255294,20.2556009],[85.8255118,20.2555755]]]}},{"type":"Feature","properties":{"building":"commercial","name":"Rajendra Vihaar Appartment","height":null,"building:levels":null,"amenity":null,"render_height_m":9.0,"height_source":"visual_default_not_measured","web_layer_source":"F:/datasets/layers/all_building.geojson"},"geometry":{"type":"Polygon","coordinates":[[[85.8240228,20.2561108],[85.8238371,20.2562202],[85.8239693,20.2564178],[85.8241551,20.2563084],[85.8240228,20.2561108]]]}},{"type":"Feature","properties":{"building":"yes","name":null,"height":null,"building:levels":null,"amenity":null,"render_height_m":9.0,"height_source":"visual_default_not_measured","web_layer_source":"F:/datasets/layers/all_building.geojson"},"geometry":{"type":"Polygon","coordinates":[[[85.8292317,20.2524991],[85.8293928,20.2524036],[85.8294249,20.2524559],[85.8292638,20.2525457],[85.8292317,20.2524991]]]}},{"type":"Feature","properties":{"building":"yes","name":null,"height":null,"building:levels":null,"amenity":null,"render_height_m":9.0,"height_source":"visual_default_not_measured","web_layer_source":"F:/datasets/layers/all_building.geojson"},"geometry":{"type":"Polygon","coordinates":[[[85.829427,20.2524676],[85.8294485,20.2525022],[85.829292,20.2525929],[85.8292688,20.2525567],[85.829427,20.2524676]]]}},{"type":"Feature","properties":{"building":"yes","name":null,"height":null,"building:levels":null,"amenity":null,"render_height_m":9.0,"height_source":"visual_default_not_measured","web_layer_source":"F:/datasets/layers/all_building.geojson"},"geometry":{"type":"Polygon","coordinates":[[[85.8294584,20.2525034],[85.8295055,20.2525715],[85.8293455,20.2526696],[85.8292986,20.2525993],[85.8294584,20.2525034]]]}},{"type":"Feature","properties":{"building":"yes","name":null,"height":null,"building:levels":null,"amenity":null,"render_height_m":9.0,"height_source":"visual_default_not_measured","web_layer_source":"F:/datasets/layers/all_building.geojson"},"geometry":{"type":"Polygon","coordinates":[[[85.8355842,20.2567286],[85.835677,20.2568757],[85.8357608,20.2568292],[85.835668,20.2566821],[85.8355842,20.2567286]]]}},{"type":"Feature","properties":{"building":"yes","name":null,"height":null,"building:levels":null,"amenity":null,"render_height_m":9.0,"height_source":"visual_default_not_measured","web_layer_source":"F:/datasets/layers/all_building.geojson"},"geometry":{"type":"Polygon","coordinates":[[[85.835311,20.2567329],[85.835273,20.2566853],[85.8352409,20.2567079],[85.8352746,20.2567501],[85.8352496,20.2567676],[85.8353089,20.2568419],[85.8353339,20.2568244],[85.8353549,20.2568506],[85.835387,20.256828],[85.8353858,20.2568265],[85.8354105,20.2568092],[85.8353357,20.2567155],[85.835311,20.2567329]]]}},{"type":"Feature","properties":{"building":"yes","name":null,"height":null,"building:levels":null,"amenity":null,"render_height_m":9.0,"height_source":"visual_default_not_measured","web_layer_source":"F:/datasets/layers/all_building.geojson"},"geometry":{"type":"Polygon","coordinates":[[[85.8351696,20.2568068],[85.8351781,20.2568175],[85.8351562,20.2568329],[85.8351287,20.2567985],[85.8350976,20.2568203],[85.8352002,20.2569487],[85.8352306,20.2569274],[85.83521,20.2569016],[85.8352342,20.2568846],[85.8352571,20.2569133],[85.8353019,20.2568818],[85.835216,20.2567742],[85.8351696,20.2568068]]]}},{"type":"Feature","properties":{"building":"yes","name":null,"height":null,"building:levels":null,"amenity":null,"render_height_m":9.0,"height_source":"visual_default_not_measured","web_layer_source":"F:/datasets/layers/all_building.geojson"},"geometry":{"type":"Polygon","coordinates":[[[85.835248,20.2571331],[85.8352706,20.2571189],[85.8351928,20.2570098],[85.8350999,20.2570681],[85.8351775,20.2571769],[85.835207,20.2571584],[85.8352229,20.2571807],[85.8352637,20.2571551],[85.835248,20.2571331]]]}},{"type":"Feature","properties":{"building":"yes","name":null,"height":null,"building:levels":null,"amenity":null,"render_height_m":9.0,"height_source":"visual_default_not_measured","web_layer_source":"F:/datasets/layers/all_building.geojson"},"geometry":{"type":"Polygon","coordinates":[[[85.8353414,20.2568928],[85.8354602,20.25705],[85.8355293,20.2570041],[85.8354105,20.2568469],[85.8353414,20.2568928]]]}},{"type":"Feature","properties":{"building":"yes","name":null,"height":null,"building:levels":null,"amenity":null,"render_height_m":9.0,"height_source":"visual_default_not_measured","web_layer_source":"F:/datasets/layers/all_building.geojson"},"geometry":{"type":"Polygon","coordinates":[[[85.8352804,20.2569394],[85.8353971,20.2570962],[85.8354394,20.2570685],[85.8353227,20.2569117],[85.8352804,20.2569394]]]}},{"type":"Feature","properties":{"building":"yes","name":null,"height":null,"building:levels":null,"amenity":null,"render_height_m":9.0,"height_source":"visual_default_not_measured","web_layer_source":"F:/datasets/layers/all_building.geojson"},"geometry":{"type":"Polygon","coordinates":[[[85.8352201,20.2569752],[85.8353356,20.2571407],[85.8353745,20.2571168],[85.835259,20.2569513],[85.8352201,20.2569752]]]}},{"type":"Feature","properties":{"building":"yes","name":null,"height":null,"building:levels":null,"amenity":null,"render_height_m":9.0,"height_source":"visual_default_not_measured","web_layer_source":"F:/datasets/layers/all_building.geojson"},"geometry":{"type":"Polygon","coordinates":[[[85.8349693,20.2568784],[85.8350929,20.2570457],[85.8351955,20.256979],[85.8350719,20.2568117],[85.8349693,20.2568784]]]}},{"type":"Feature","properties":{"building":"yes","name":null,"height":null,"building:levels":null,"amenity":null,"render_height_m":9.0,"height_source":"visual_default_not_measured","web_layer_source":"F:/datasets/layers/all_building.geojson"},"geometry":{"type":"Polygon","coordinates":[[[85.8348633,20.2572426],[85.834964,20.2573788],[85.8350143,20.2573461],[85.8349136,20.2572099],[85.8348633,20.2572426]]]}},{"type":"Feature","properties":{"building":"yes","name":null,"height":null,"building:levels":null,"amenity":null,"render_height_m":9.0,"height_source":"visual_default_not_measured","web_layer_source":"F:/datasets/layers/all_building.geojson"},"geometry":{"type":"Polygon","coordinates":[[[85.834917,20.2572011],[85.8350234,20.2573373],[85.8350811,20.2572977],[85.8349746,20.2571614],[85.834917,20.2572011]]]}},{"type":"Feature","properties":{"building":"yes","name":null,"height":null,"building:levels":null,"amenity":null,"render_height_m":9.0,"height_source":"visual_default_not_measured","web_layer_source":"F:/datasets/layers/all_building.geojson"},"geometry":{"type":"Polygon","coordinates":[[[85.8348238,20.2572797],[85.8349106,20.2574046],[85.8349414,20.2573857],[85.8348546,20.2572608],[85.8348238,20.2572797]]]}},{"type":"Feature","properties":{"building":"yes","name":null,"height":null,"building:levels":null,"amenity":null,"render_height_m":9.0,"height_source":"visual_default_not_measured","web_layer_source":"F:/datasets/layers/all_building.geojson"},"geometry":{"type":"Polygon","coordinates":[[[85.8347661,20.2573231],[85.8348679,20.2574425],[85.8349081,20.2574123],[85.8348063,20.2572929],[85.8347661,20.2573231]]]}},{"type":"Feature","properties":{"building":"yes","name":null,"height":null,"building:levels":null,"amenity":null,"render_height_m":9.0,"height_source":"visual_default_not_measured","web_layer_source":"F:/datasets/layers/all_building.geojson"},"geometry":{"type":"Polygon","coordinates":[[[85.8346662,20.2573848],[85.8347612,20.2575166],[85.8348356,20.2574694],[85.8347406,20.2573376],[85.8346662,20.2573848]]]}},{"type":"Feature","properties":{"building":"yes","name":null,"height":null,"building:levels":null,"amenity":null,"render_height_m":9.0,"height_source":"visual_default_not_measured","web_layer_source":"F:/datasets/layers/all_building.geojson"},"geometry":{"type":"Polygon","coordinates":[[[85.8348613,20.2569922],[85.8349814,20.2571365],[85.8350639,20.2570761],[85.8349438,20.2569318],[85.8348613,20.2569922]]]}},{"type":"Feature","properties":{"building":"yes","name":null,"height":null,"building:levels":null,"amenity":null,"render_height_m":9.0,"height_source":"visual_default_not_measured","web_layer_source":"F:/datasets/layers/all_building.geojson"},"geometry":{"type":"Polygon","coordinates":[[[85.8347306,20.2570589],[85.8348444,20.2572178],[85.8348853,20.257192],[85.8347715,20.2570331],[85.8347306,20.2570589]]]}},{"type":"Feature","properties":{"building":"yes","name":null,"height":null,"building:levels":null,"amenity":null,"render_height_m":9.0,"height_source":"visual_default_not_measured","web_layer_source":"F:/datasets/layers/all_building.geojson"},"geometry":{"type":"Polygon","coordinates":[[[85.8346615,20.2571193],[85.8347843,20.2572736],[85.8348346,20.2572383],[85.8347118,20.2570841],[85.8346615,20.2571193]]]}},{"type":"Feature","properties":{"building":"yes","name":null,"height":null,"building:levels":null,"amenity":null,"render_height_m":9.0,"height_source":"visual_default_not_measured","web_layer_source":"F:/datasets/layers/all_building.geojson"},"geometry":{"type":"Polygon","coordinates":[[[85.8345891,20.2571671],[85.8347124,20.2573249],[85.8347728,20.2572834],[85.8346494,20.2571256],[85.8345891,20.2571671]]]}},{"type":"Feature","properties":{"building":"yes","name":null,"height":null,"building:levels":null,"amenity":null,"render_height_m":9.0,"height_source":"visual_default_not_measured","web_layer_source":"F:/datasets/layers/all_building.geojson"},"geometry":{"type":"Polygon","coordinates":[[[85.8345093,20.2572363],[85.8346273,20.2573876],[85.8346923,20.2573429],[85.8345743,20.2571916],[85.8345093,20.2572363]]]}},{"type":"Feature","properties":{"building":"yes","name":null,"height":null,"building:levels":null,"amenity":null,"render_height_m":9.0,"height_source":"visual_default_not_measured","web_layer_source":"F:/datasets/layers/all_building.geojson"},"geometry":{"type":"Polygon","coordinates":[[[85.8338837,20.2562059],[85.8339849,20.2563352],[85.8340936,20.2562604],[85.8339923,20.256131],[85.8338837,20.2562059]]]}},{"type":"Feature","properties":{"building":"yes","name":null,"height":null,"building:levels":null,"amenity":null,"render_height_m":9.0,"height_source":"visual_default_not_measured","web_layer_source":"F:/datasets/layers/all_building.geojson"},"geometry":{"type":"Polygon","coordinates":[[[85.8341197,20.2567397],[85.8341155,20.2567424],[85.8341428,20.2567792],[85.8341448,20.2567818],[85.8342466,20.2567153],[85.8342522,20.2567116],[85.8341603,20.2565878],[85.8341236,20.2566118],[85.8341845,20.2566939],[85.8341447,20.2567198],[85.8340832,20.2566369],[85.8340564,20.2566543],[85.8341197,20.2567397]]]}},{"type":"Feature","properties":{"building":"yes","name":null,"height":null,"building:levels":null,"amenity":null,"render_height_m":9.0,"height_source":"visual_default_not_measured","web_layer_source":"F:/datasets/layers/all_building.geojson"},"geometry":{"type":"Polygon","coordinates":[[[85.8339775,20.2564827],[85.8340694,20.2565945],[85.8341277,20.2565524],[85.8340359,20.2564405],[85.8339775,20.2564827]]]}},{"type":"Feature","properties":{"building":"yes","name":null,"height":null,"building:levels":null,"amenity":null,"render_height_m":9.0,"height_source":"visual_default_not_measured","web_layer_source":"F:/datasets/layers/all_building.geojson"},"geometry":{"type":"Polygon","coordinates":[[[85.8339172,20.2564965],[85.8340391,20.2566367],[85.8340646,20.2566172],[85.8339427,20.256477],[85.8339172,20.2564965]]]}},{"type":"Feature","properties":{"building":"yes","name":null,"height":null,"building:levels":null,"amenity":null,"render_height_m":9.0,"height_source":"visual_default_not_measured","web_layer_source":"F:/datasets/layers/all_building.geojson"},"geometry":{"type":"Polygon","coordinates":[[[85.8342746,20.2562612],[85.8343693,20.2563896],[85.8344739,20.2563217],[85.8343792,20.2561933],[85.8342746,20.2562612]]]}},{"type":"Feature","properties":{"building":"yes","name":null,"height":null,"building:levels":null,"amenity":null,"render_height_m":9.0,"height_source":"visual_default_not_measured","web_layer_source":"F:/datasets/layers/all_building.geojson"},"geometry":{"type":"Polygon","coordinates":[[[85.8344194,20.2561895],[85.8344683,20.2562588],[85.8345514,20.2562072],[85.8345026,20.2561379],[85.8344194,20.2561895]]]}},{"type":"Feature","properties":{"building":"yes","name":null,"height":null,"building:levels":null,"amenity":null,"render_height_m":9.0,"height_source":"visual_default_not_measured","web_layer_source":"F:/datasets/layers/all_building.geojson"},"geometry":{"type":"Polygon","coordinates":[[[85.8348995,20.2558649],[85.8349598,20.2559448],[85.8350147,20.2559083],[85.8349545,20.2558284],[85.8348995,20.2558649]]]}},{"type":"Feature","properties":{"building":"yes","name":null,"height":null,"building:levels":null,"amenity":null,"render_height_m":9.0,"height_source":"visual_default_not_measured","web_layer_source":"F:/datasets/layers/all_building.geojson"},"geometry":{"type":"Polygon","coordinates":[[[85.8347762,20.2559278],[85.8348418,20.256024],[85.8349277,20.2559724],[85.834862,20.2558762],[85.8347762,20.2559278]]]}},{"type":"Feature","properties":{"building":"yes","name":null,"height":null,"building:levels":null,"amenity":null,"render_height_m":9.0,"height_source":"visual_default_not_measured","web_layer_source":"F:/datasets/layers/all_building.geojson"},"geometry":{"type":"Polygon","coordinates":[[[85.8346541,20.2559731],[85.8347532,20.256102],[85.8348191,20.2560574],[85.83472,20.2559285],[85.8346541,20.2559731]]]}},{"type":"Feature","properties":{"building":"yes","name":null,"height":null,"building:levels":null,"amenity":null,"render_height_m":9.0,"height_source":"visual_default_not_measured","web_layer_source":"F:/datasets/layers/all_building.geojson"},"geometry":{"type":"Polygon","coordinates":[[[85.8346488,20.2562486],[85.8347604,20.2563938],[85.8348392,20.2563405],[85.8347275,20.2561953],[85.8346488,20.2562486]]]}},{"type":"Feature","properties":{"building":"yes","name":null,"height":null,"building:levels":null,"amenity":null,"render_height_m":9.0,"height_source":"visual_default_not_measured","web_layer_source":"F:/datasets/layers/all_building.geojson"},"geometry":{"type":"Polygon","coordinates":[[[85.8347681,20.2561769],[85.8348622,20.2562992],[85.8349666,20.2562285],[85.8348725,20.2561062],[85.8347681,20.2561769]]]}},{"type":"Feature","properties":{"building":"yes","name":null,"height":null,"building:levels":null,"amenity":null,"render_height_m":9.0,"height_source":"visual_default_not_measured","web_layer_source":"F:/datasets/layers/all_building.geojson"},"geometry":{"type":"Polygon","coordinates":[[[85.83498,20.2564147],[85.8350525,20.256509],[85.8351342,20.2564537],[85.8350617,20.2563594],[85.83498,20.2564147]]]}},{"type":"Feature","properties":{"building":"yes","name":null,"height":null,"building:levels":null,"amenity":null,"render_height_m":9.0,"height_source":"visual_default_not_measured","web_layer_source":"F:/datasets/layers/all_building.geojson"},"geometry":{"type":"Polygon","coordinates":[[[85.8351718,20.2564701],[85.8352426,20.2565621],[85.8353488,20.2564902],[85.835278,20.2563982],[85.8351718,20.2564701]]]}},{"type":"Feature","properties":{"building":"yes","name":null,"height":null,"building:levels":null,"amenity":null,"render_height_m":9.0,"height_source":"visual_default_not_measured","web_layer_source":"F:/datasets/layers/all_building.geojson"},"geometry":{"type":"Polygon","coordinates":[[[85.8350699,20.2563405],[85.8351542,20.2564502],[85.8352549,20.256382],[85.8351706,20.2562723],[85.8350699,20.2563405]]]}},{"type":"Feature","properties":{"building":"yes","name":null,"height":null,"building:levels":null,"amenity":null,"render_height_m":9.0,"height_source":"visual_default_not_measured","web_layer_source":"F:/datasets/layers/all_building.geojson"},"geometry":{"type":"Polygon","coordinates":[[[85.8352992,20.2563707],[85.835392,20.2564914],[85.8354923,20.2564235],[85.8353995,20.2563028],[85.8352992,20.2563707]]]}},{"type":"Feature","properties":{"building":"yes","name":null,"height":null,"building:levels":null,"amenity":null,"render_height_m":9.0,"height_source":"visual_default_not_measured","web_layer_source":"F:/datasets/layers/all_building.geojson"},"geometry":{"type":"Polygon","coordinates":[[[85.8351879,20.2562398],[85.8352769,20.2563555],[85.8353958,20.2562751],[85.8353068,20.2561594],[85.8351879,20.2562398]]]}},{"type":"Feature","properties":{"building":"yes","name":null,"height":null,"building:levels":null,"amenity":null,"render_height_m":9.0,"height_source":"visual_default_not_measured","web_layer_source":"F:/datasets/layers/all_building.geojson"},"geometry":{"type":"Polygon","coordinates":[[[85.8352429,20.2558674],[85.8353223,20.2559707],[85.8354507,20.2558838],[85.8353713,20.2557805],[85.8352429,20.2558674]]]}},{"type":"Feature","properties":{"building":"yes","name":null,"height":null,"building:levels":null,"amenity":null,"render_height_m":9.0,"height_source":"visual_default_not_measured","web_layer_source":"F:/datasets/layers/all_building.geojson"},"geometry":{"type":"Polygon","coordinates":[[[85.8351383,20.2557163],[85.8352419,20.2558511],[85.8353126,20.2558033],[85.8352089,20.2556685],[85.8351383,20.2557163]]]}},{"type":"Feature","properties":{"building":"yes","name":null,"height":null,"building:levels":null,"amenity":null,"render_height_m":9.0,"height_source":"visual_default_not_measured","web_layer_source":"F:/datasets/layers/all_building.geojson"},"geometry":{"type":"Polygon","coordinates":[[[85.835031,20.2555768],[85.8351383,20.2557163],[85.8352089,20.2556685],[85.8352496,20.255641],[85.8351423,20.2555014],[85.835031,20.2555768]]]}},{"type":"Feature","properties":{"building":"yes","name":null,"height":null,"building:levels":null,"amenity":null,"render_height_m":9.0,"height_source":"visual_default_not_measured","web_layer_source":"F:/datasets/layers/all_building.geojson"},"geometry":{"type":"Polygon","coordinates":[[[85.8348379,20.2553302],[85.8350207,20.255568],[85.835149,20.2554812],[85.8349661,20.2552434],[85.8348379,20.2553302]]]}},{"type":"Feature","properties":{"building":"yes","name":null,"height":null,"building:levels":null,"amenity":null,"render_height_m":9.0,"height_source":"visual_default_not_measured","web_layer_source":"F:/datasets/layers/all_building.geojson"},"geometry":{"type":"Polygon","coordinates":[[[85.8347252,20.2551704],[85.8348233,20.2552979],[85.8349317,20.2552245],[85.8348337,20.255097],[85.8347252,20.2551704]]]}},{"type":"Feature","properties":{"building":"yes","name":null,"height":null,"building:levels":null,"amenity":null,"render_height_m":9.0,"height_source":"visual_default_not_measured","web_layer_source":"F:/datasets/layers/all_building.geojson"},"geometry":{"type":"Polygon","coordinates":[[[85.8346622,20.2550597],[85.8347293,20.2551469],[85.8348285,20.2550798],[85.8347613,20.2549925],[85.8346622,20.2550597]]]}},{"type":"Feature","properties":{"building":"yes","name":null,"height":null,"building:levels":null,"amenity":null,"render_height_m":9.0,"height_source":"visual_default_not_measured","web_layer_source":"F:/datasets/layers/all_building.geojson"},"geometry":{"type":"Polygon","coordinates":[[[85.8345669,20.2549741],[85.8346096,20.2550296],[85.8347306,20.2549477],[85.8346879,20.2548922],[85.8345669,20.2549741]]]}},{"type":"Feature","properties":{"building":"yes","name":null,"height":null,"building:levels":null,"amenity":null,"render_height_m":9.0,"height_source":"visual_default_not_measured","web_layer_source":"F:/datasets/layers/all_building.geojson"},"geometry":{"type":"Polygon","coordinates":[[[85.8345374,20.2549062],[85.8345754,20.2549555],[85.8346742,20.2548886],[85.8346363,20.2548393],[85.8345374,20.2549062]]]}},{"type":"Feature","properties":{"building":"yes","name":null,"height":null,"building:levels":null,"amenity":null,"render_height_m":9.0,"height_source":"visual_default_not_measured","web_layer_source":"F:/datasets/layers/all_building.geojson"},"geometry":{"type":"Polygon","coordinates":[[[85.8344784,20.2548294],[85.8345221,20.2548861],[85.83463,20.2548131],[85.8345864,20.2547564],[85.8344784,20.2548294]]]}},{"type":"Feature","properties":{"building":"yes","name":null,"height":null,"building:levels":null,"amenity":null,"render_height_m":9.0,"height_source":"visual_default_not_measured","web_layer_source":"F:/datasets/layers/all_building.geojson"},"geometry":{"type":"Polygon","coordinates":[[[85.8344194,20.2547602],[85.8344563,20.2548082],[85.8345643,20.2547351],[85.8345274,20.2546871],[85.8344194,20.2547602]]]}},{"type":"Feature","properties":{"building":"yes","name":null,"height":null,"building:levels":null,"amenity":null,"render_height_m":9.0,"height_source":"visual_default_not_measured","web_layer_source":"F:/datasets/layers/all_building.geojson"},"geometry":{"type":"Polygon","coordinates":[[[85.8330837,20.2544256],[85.8331665,20.2545372],[85.8331973,20.2545171],[85.8331145,20.2544054],[85.8330837,20.2544256]]]}},{"type":"Feature","properties":{"building":"yes","name":null,"height":null,"building:levels":null,"amenity":null,"render_height_m":9.0,"height_source":"visual_default_not_measured","web_layer_source":"F:/datasets/layers/all_building.geojson"},"geometry":{"type":"Polygon","coordinates":[[[85.8337985,20.2546571],[85.8338425,20.2547008],[85.8338894,20.2546593],[85.8338454,20.2546155],[85.8337985,20.2546571]]]}},{"type":"Feature","properties":{"building":"yes","name":null,"height":null,"building:levels":null,"amenity":null,"render_height_m":9.0,"height_source":"visual_default_not_measured","web_layer_source":"F:/datasets/layers/all_building.geojson"},"geometry":{"type":"Polygon","coordinates":[[[85.833836,20.2544973],[85.8338607,20.2545351],[85.8339331,20.2544936],[85.8339085,20.2544558],[85.833836,20.2544973]]]}},{"type":"Feature","properties":{"building":"yes","name":null,"height":null,"building:levels":null,"amenity":null,"render_height_m":9.0,"height_source":"visual_default_not_measured","web_layer_source":"F:/datasets/layers/all_building.geojson"},"geometry":{"type":"Polygon","coordinates":[[[85.8338039,20.254452],[85.8338287,20.254484],[85.833928,20.254416],[85.8339031,20.254384],[85.8338039,20.254452]]]}},{"type":"Feature","properties":{"building":"yes","name":null,"height":null,"building:levels":null,"amenity":null,"render_height_m":9.0,"height_source":"visual_default_not_measured","web_layer_source":"F:/datasets/layers/all_building.geojson"},"geometry":{"type":"Polygon","coordinates":[[[85.8337502,20.2543513],[85.8337747,20.2543803],[85.8338458,20.2543275],[85.8338213,20.2542985],[85.8337502,20.2543513]]]}},{"type":"Feature","properties":{"building":"yes","name":null,"height":null,"building:levels":null,"amenity":null,"render_height_m":9.0,"height_source":"visual_default_not_measured","web_layer_source":"F:/datasets/layers/all_building.geojson"},"geometry":{"type":"Polygon","coordinates":[[[85.8342209,20.2545508],[85.8342503,20.2545884],[85.8343522,20.2545186],[85.8343229,20.2544809],[85.8342209,20.2545508]]]}},{"type":"Feature","properties":{"building":"yes","name":null,"height":null,"building:levels":null,"amenity":null,"render_height_m":9.0,"height_source":"visual_default_not_measured","web_layer_source":"F:/datasets/layers/all_building.geojson"},"geometry":{"type":"Polygon","coordinates":[[[85.8341938,20.2545001],[85.834225,20.2545404],[85.8343165,20.2544781],[85.8342853,20.2544378],[85.8341938,20.2545001]]]}},{"type":"Feature","properties":{"building":"yes","name":null,"height":null,"building:levels":null,"amenity":null,"render_height_m":9.0,"height_source":"visual_default_not_measured","web_layer_source":"F:/datasets/layers/all_building.geojson"},"geometry":{"type":"Polygon","coordinates":[[[85.8341465,20.2544259],[85.8341911,20.2544864],[85.8342783,20.2544297],[85.8342337,20.2543693],[85.8341465,20.2544259]]]}},{"type":"Feature","properties":{"building":"yes","name":null,"height":null,"building:levels":null,"amenity":null,"render_height_m":9.0,"height_source":"visual_default_not_measured","web_layer_source":"F:/datasets/layers/all_building.geojson"},"geometry":{"type":"Polygon","coordinates":[[[85.8341123,20.2543828],[85.8341408,20.2544204],[85.8342333,20.2543587],[85.8342049,20.2543211],[85.8341123,20.2543828]]]}},{"type":"Feature","properties":{"building":"yes","name":null,"height":null,"building:levels":null,"amenity":null,"render_height_m":9.0,"height_source":"visual_default_not_measured","web_layer_source":"F:/datasets/layers/all_building.geojson"},"geometry":{"type":"Polygon","coordinates":[[[85.8340627,20.2543161],[85.8340968,20.2543635],[85.834192,20.2543031],[85.8341579,20.2542557],[85.8340627,20.2543161]]]}},{"type":"Feature","properties":{"building":"yes","name":null,"height":null,"building:levels":null,"amenity":null,"render_height_m":9.0,"height_source":"visual_default_not_measured","web_layer_source":"F:/datasets/layers/all_building.geojson"},"geometry":{"type":"Polygon","coordinates":[[[85.8340077,20.2542368],[85.8340573,20.254304],[85.834127,20.2542587],[85.8340774,20.2541915],[85.8340077,20.2542368]]]}},{"type":"Feature","properties":{"building":"yes","name":null,"height":null,"building:levels":null,"amenity":null,"render_height_m":9.0,"height_source":"visual_default_not_measured","web_layer_source":"F:/datasets/layers/all_building.geojson"},"geometry":{"type":"Polygon","coordinates":[[[85.8339353,20.2541601],[85.8339855,20.2542229],[85.834066,20.2541663],[85.8340158,20.2541035],[85.8339353,20.2541601]]]}},{"type":"Feature","properties":{"building":"yes","name":null,"height":null,"building:levels":null,"amenity":null,"render_height_m":9.0,"height_source":"visual_default_not_measured","web_layer_source":"F:/datasets/layers/all_building.geojson"},"geometry":{"type":"Polygon","coordinates":[[[85.8331501,20.2554994],[85.8332276,20.2555932],[85.833319,20.2555267],[85.8332415,20.2554329],[85.8331501,20.2554994]]]}},{"type":"Feature","properties":{"building":"yes","name":null,"height":null,"building:levels":null,"amenity":null,"render_height_m":9.0,"height_source":"visual_default_not_measured","web_layer_source":"F:/datasets/layers/all_building.geojson"},"geometry":{"type":"Polygon","coordinates":[[[85.8336892,20.2557183],[85.8337471,20.2557884],[85.833786,20.2557601],[85.8337281,20.2556901],[85.8336892,20.2557183]]]}},{"type":"Feature","properties":{"building":"yes","name":null,"height":null,"building:levels":null,"amenity":null,"render_height_m":9.0,"height_source":"visual_default_not_measured","web_layer_source":"F:/datasets/layers/all_building.geojson"},"geometry":{"type":"Polygon","coordinates":[[[85.8336986,20.255846],[85.8337491,20.2559071],[85.8338025,20.2558682],[85.833752,20.2558072],[85.8336986,20.255846]]]}},{"type":"Feature","properties":{"building":"yes","name":null,"height":null,"building:levels":null,"amenity":null,"render_height_m":9.0,"height_source":"visual_default_not_measured","web_layer_source":"F:/datasets/layers/all_building.geojson"},"geometry":{"type":"Polygon","coordinates":[[[85.8334178,20.2556702],[85.8333278,20.2555614],[85.8332574,20.2556126],[85.8334001,20.2557853],[85.8334706,20.2557341],[85.8334584,20.2557193],[85.8335712,20.2556315],[85.8335289,20.2555837],[85.8334178,20.2556702]]]}},{"type":"Feature","properties":{"building":"yes","name":null,"height":null,"building:levels":null,"amenity":null,"render_height_m":9.0,"height_source":"visual_default_not_measured","web_layer_source":"F:/datasets/layers/all_building.geojson"},"geometry":{"type":"Polygon","coordinates":[[[85.8334818,20.2561308],[85.8334478,20.2560984],[85.833378,20.2561628],[85.833412,20.2561952],[85.8334818,20.2561308]]]}},{"type":"Feature","properties":{"building":"yes","name":null,"height":null,"building:levels":null,"amenity":null,"render_height_m":9.0,"height_source":"visual_default_not_measured","web_layer_source":"F:/datasets/layers/all_building.geojson"},"geometry":{"type":"Polygon","coordinates":[[[85.8336557,20.2561543],[85.8336979,20.2562145],[85.833765,20.2561732],[85.8337227,20.2561129],[85.8336557,20.2561543]]]}},{"type":"Feature","properties":{"building":"yes","name":null,"height":null,"building:levels":null,"amenity":null,"render_height_m":9.0,"height_source":"visual_default_not_measured","web_layer_source":"F:/datasets/layers/all_building.geojson"},"geometry":{"type":"Polygon","coordinates":[[[85.833769,20.256014],[85.833802,20.256061],[85.8338689,20.2560197],[85.8338359,20.2559727],[85.833769,20.256014]]]}},{"type":"Feature","properties":{"building":"yes","name":null,"height":null,"building:levels":null,"amenity":null,"render_height_m":9.0,"height_source":"visual_default_not_measured","web_layer_source":"F:/datasets/layers/all_building.geojson"},"geometry":{"type":"Polygon","coordinates":[[[85.8335356,20.2561914],[85.8334136,20.2562668],[85.8334754,20.2563548],[85.8335974,20.2562795],[85.8335356,20.2561914]]]}},{"type":"Feature","properties":{"building":"yes","name":null,"height":null,"building:levels":null,"amenity":null,"render_height_m":9.0,"height_source":"visual_default_not_measured","web_layer_source":"F:/datasets/layers/all_building.geojson"},"geometry":{"type":"Polygon","coordinates":[[[85.8338544,20.2564042],[85.833877,20.2564365],[85.8339158,20.2564126],[85.8338943,20.2563819],[85.8339546,20.2563446],[85.8338657,20.2562178],[85.8337665,20.256279],[85.8338544,20.2564042]]]}},{"type":"Feature","properties":{"building":"yes","name":null,"height":null,"building:levels":null,"amenity":null,"render_height_m":9.0,"height_source":"visual_default_not_measured","web_layer_source":"F:/datasets/layers/all_building.geojson"},"geometry":{"type":"Polygon","coordinates":[[[85.8341666,20.2560121],[85.8342809,20.2561558],[85.8343258,20.2561243],[85.8342116,20.2559807],[85.8341666,20.2560121]]]}},{"type":"Feature","properties":{"building":"yes","name":null,"height":null,"building:levels":null,"amenity":null,"render_height_m":9.0,"height_source":"visual_default_not_measured","web_layer_source":"F:/datasets/layers/all_building.geojson"},"geometry":{"type":"Polygon","coordinates":[[[85.8340379,20.2561027],[85.8341408,20.2562421],[85.8342105,20.2561968],[85.8341076,20.2560574],[85.8340379,20.2561027]]]}},{"type":"Feature","properties":{"building":"yes","name":null,"height":null,"building:levels":null,"amenity":null,"render_height_m":9.0,"height_source":"visual_default_not_measured","web_layer_source":"F:/datasets/layers/all_building.geojson"},"geometry":{"type":"Polygon","coordinates":[[[85.833995,20.2558605],[85.8341186,20.2560175],[85.8342112,20.2559533],[85.8340875,20.2557963],[85.833995,20.2558605]]]}},{"type":"Feature","properties":{"building":"yes","name":null,"height":null,"building:levels":null,"amenity":null,"render_height_m":9.0,"height_source":"visual_default_not_measured","web_layer_source":"F:/datasets/layers/all_building.geojson"},"geometry":{"type":"Polygon","coordinates":[[[85.8341426,20.2558274],[85.8341284,20.2558378],[85.8342147,20.2559408],[85.8342196,20.2559474],[85.8342517,20.2559263],[85.8342929,20.2558959],[85.8342484,20.2558428],[85.8342126,20.2558691],[85.8341967,20.2558501],[85.8342702,20.255796],[85.8342319,20.2557502],[85.8341368,20.2558204],[85.8341426,20.2558274]]]}},{"type":"Feature","properties":{"building":"yes","name":null,"height":null,"building:levels":null,"amenity":null,"render_height_m":9.0,"height_source":"visual_default_not_measured","web_layer_source":"F:/datasets/layers/all_building.geojson"},"geometry":{"type":"Polygon","coordinates":[[[85.8348908,20.2556605],[85.8348272,20.2557024],[85.834862,20.255749],[85.8349257,20.255707],[85.8348908,20.2556605]]]}},{"type":"Feature","properties":{"building":"yes","name":null,"height":null,"building:levels":null,"amenity":null,"render_height_m":9.0,"height_source":"visual_default_not_measured","web_layer_source":"F:/datasets/layers/all_building.geojson"},"geometry":{"type":"Polygon","coordinates":[[[85.834809,20.255578],[85.8347339,20.2556296],[85.8347977,20.2557113],[85.8348728,20.2556597],[85.834809,20.255578]]]}},{"type":"Feature","properties":{"building":"yes","name":null,"height":null,"building:levels":null,"amenity":null,"render_height_m":9.0,"height_source":"visual_default_not_measured","web_layer_source":"F:/datasets/layers/all_building.geojson"},"geometry":{"type":"Polygon","coordinates":[[[85.8343028,20.2556611],[85.8344002,20.2557854],[85.8344358,20.2557608],[85.8343383,20.2556366],[85.8343028,20.2556611]]]}},{"type":"Feature","properties":{"building":"yes","name":null,"height":null,"building:levels":null,"amenity":null,"render_height_m":9.0,"height_source":"visual_default_not_measured","web_layer_source":"F:/datasets/layers/all_building.geojson"},"geometry":{"type":"Polygon","coordinates":[[[85.8346863,20.2554013],[85.8345973,20.2554669],[85.8347006,20.2555902],[85.8347896,20.2555246],[85.8346863,20.2554013]]]}},{"type":"Feature","properties":{"building":"yes","name":null,"height":null,"building:levels":null,"amenity":null,"render_height_m":9.0,"height_source":"visual_default_not_measured","web_layer_source":"F:/datasets/layers/all_building.geojson"},"geometry":{"type":"Polygon","coordinates":[[[85.8345146,20.2557661],[85.834617,20.2559029],[85.83468,20.2558613],[85.8345777,20.2557246],[85.8345146,20.2557661]]]}},{"type":"Feature","properties":{"building":"yes","name":null,"height":null,"building:levels":null,"amenity":null,"render_height_m":9.0,"height_source":"visual_default_not_measured","web_layer_source":"F:/datasets/layers/all_building.geojson"},"geometry":{"type":"Polygon","coordinates":[[[85.8343537,20.2558794],[85.8344545,20.2560159],[85.8345591,20.255948],[85.8344583,20.2558114],[85.8343537,20.2558794]]]}},{"type":"Feature","properties":{"building":"yes","name":null,"height":null,"building:levels":null,"amenity":null,"render_height_m":9.0,"height_source":"visual_default_not_measured","web_layer_source":"F:/datasets/layers/all_building.geojson"},"geometry":{"type":"Polygon","coordinates":[[[85.8342491,20.2559461],[85.8343553,20.2560993],[85.8344358,20.2560503],[85.8343296,20.255897],[85.8342491,20.2559461]]]}},{"type":"Feature","properties":{"building":"yes","name":null,"height":null,"building:levels":null,"amenity":null,"render_height_m":9.0,"height_source":"visual_default_not_measured","web_layer_source":"F:/datasets/layers/all_building.geojson"},"geometry":{"type":"Polygon","coordinates":[[[85.8283697,20.2562663],[85.8284181,20.2563954],[85.8285039,20.2563671],[85.8284555,20.256238],[85.8283697,20.2562663]]]}},{"type":"Feature","properties":{"building":"yes","name":null,"height":null,"building:levels":null,"amenity":null,"render_height_m":9.0,"height_source":"visual_default_not_measured","web_layer_source":"F:/datasets/layers/all_building.geojson"},"geometry":{"type":"Polygon","coordinates":[[[85.8278715,20.2561285],[85.8279258,20.2562468],[85.8280425,20.256214],[85.828021,20.2561656],[85.8280907,20.2561456],[85.8280405,20.2560423],[85.827956,20.2560624],[85.8279634,20.2561058],[85.8278715,20.2561285]]]}},{"type":"Feature","properties":{"building":"yes","name":null,"height":null,"building:levels":null,"amenity":null,"render_height_m":9.0,"height_source":"visual_default_not_measured","web_layer_source":"F:/datasets/layers/all_building.geojson"},"geometry":{"type":"Polygon","coordinates":[[[85.8281779,20.256572],[85.8283201,20.2565317],[85.8282993,20.2564757],[85.828378,20.2564532],[85.8283375,20.2563153],[85.8282812,20.2563298],[85.8282926,20.2563581],[85.8282571,20.2563638],[85.8282758,20.2564185],[85.8281461,20.25646],[85.8281779,20.256572]]]}},{"type":"Feature","properties":{"building":"yes","name":null,"height":null,"building:levels":null,"amenity":null,"render_height_m":9.0,"height_source":"visual_default_not_measured","web_layer_source":"F:/datasets/layers/all_building.geojson"},"geometry":{"type":"Polygon","coordinates":[[[85.8274376,20.2563329],[85.8274662,20.2564196],[85.8275153,20.2564053],[85.8275305,20.2564511],[85.8275886,20.2564343],[85.8275734,20.2563884],[85.8276352,20.2563705],[85.8276066,20.2562839],[85.8274376,20.2563329]]]}},{"type":"Feature","properties":{"building":"yes","name":null,"height":null,"building:levels":null,"amenity":null,"render_height_m":9.0,"height_source":"visual_default_not_measured","web_layer_source":"F:/datasets/layers/all_building.geojson"},"geometry":{"type":"Polygon","coordinates":[[[85.8277137,20.2563163],[85.8277219,20.2563427],[85.8277496,20.2564309],[85.8278169,20.2564123],[85.8277892,20.2563241],[85.8278815,20.2562986],[85.8278587,20.256226],[85.8276992,20.25627],[85.8277137,20.2563163]]]}},{"type":"Feature","properties":{"building":"yes","name":null,"height":null,"building:levels":null,"amenity":null,"render_height_m":9.0,"height_source":"visual_default_not_measured","web_layer_source":"F:/datasets/layers/all_building.geojson"},"geometry":{"type":"Polygon","coordinates":[[[85.8273102,20.25639],[85.8273031,20.2563702],[85.8273159,20.2563662],[85.8273027,20.2563292],[85.8273217,20.2563232],[85.8272929,20.2562424],[85.8271236,20.2562956],[85.8271515,20.2563738],[85.8271639,20.2563699],[85.8271785,20.2564109],[85.8272038,20.2564029],[85.8272111,20.2564234],[85.827195,20.2564285],[85.8272068,20.2564617],[85.8271973,20.2564647],[85.8272243,20.2565405],[85.8273904,20.2564883],[85.8273623,20.2564096],[85.827345,20.256415],[85.8273335,20.2563827],[85.8273102,20.25639]]]}},{"type":"Feature","properties":{"building":"yes","name":null,"height":null,"building:levels":null,"amenity":null,"render_height_m":9.0,"height_source":"visual_default_not_measured","web_layer_source":"F:/datasets/layers/all_building.geojson"},"geometry":{"type":"Polygon","coordinates":[[[85.8280111,20.256646],[85.8280916,20.2566208],[85.8281423,20.256605],[85.8281248,20.2565559],[85.8280741,20.2565717],[85.8280277,20.2564411],[85.8279473,20.2564663],[85.8279937,20.2565969],[85.8279486,20.256611],[85.827966,20.2566601],[85.8280111,20.256646]]]}},{"type":"Feature","properties":{"building":"yes","name":null,"height":null,"building:levels":null,"amenity":null,"render_height_m":9.0,"height_source":"visual_default_not_measured","web_layer_source":"F:/datasets/layers/all_building.geojson"},"geometry":{"type":"Polygon","coordinates":[[[85.827839,20.2566929],[85.8278958,20.2566774],[85.8278678,20.2565873],[85.8278103,20.256603],[85.8278036,20.2565815],[85.8278621,20.2565655],[85.8278426,20.2565028],[85.8277838,20.2565189],[85.8277837,20.2565187],[85.8277633,20.2565242],[85.8277449,20.2564651],[85.8276897,20.2564802],[85.8277232,20.2565879],[85.8277352,20.2565847],[85.8277396,20.2565989],[85.8277544,20.2565948],[85.8277611,20.2566163],[85.8276913,20.2566354],[85.8277193,20.2567255],[85.8277898,20.2567063],[85.8278063,20.2567594],[85.8278555,20.2567459],[85.827839,20.2566929]]]}},{"type":"Feature","properties":{"building":"yes","name":null,"height":null,"building:levels":null,"amenity":null,"render_height_m":9.0,"height_source":"visual_default_not_measured","web_layer_source":"F:/datasets/layers/all_building.geojson"},"geometry":{"type":"Polygon","coordinates":[[[85.8278544,20.2569501],[85.8278413,20.2569079],[85.8277582,20.2569306],[85.8277714,20.2569732],[85.8277032,20.2569922],[85.8277263,20.2570652],[85.8278979,20.2570174],[85.8278748,20.2569444],[85.8278544,20.2569501]]]}},{"type":"Feature","properties":{"building":"yes","name":null,"height":null,"building:levels":null,"amenity":null,"render_height_m":9.0,"height_source":"visual_default_not_measured","web_layer_source":"F:/datasets/layers/all_building.geojson"},"geometry":{"type":"Polygon","coordinates":[[[85.8275702,20.2567132],[85.8275518,20.2566558],[85.8275101,20.2566676],[85.827565,20.2568387],[85.8276067,20.2568269],[85.8275998,20.2568054],[85.8276442,20.2567934],[85.8276831,20.2567809],[85.8276522,20.256689],[85.8275702,20.2567132]]]}},{"type":"Feature","properties":{"building":"yes","name":null,"height":null,"building:levels":null,"amenity":null,"render_height_m":9.0,"height_source":"visual_default_not_measured","web_layer_source":"F:/datasets/layers/all_building.geojson"},"geometry":{"type":"Polygon","coordinates":[[[85.826979,20.2563883],[85.8270474,20.2566033],[85.8271507,20.2565744],[85.8270822,20.2563594],[85.826979,20.2563883]]]}},{"type":"Feature","properties":{"building":"yes","name":null,"height":null,"building:levels":null,"amenity":null,"render_height_m":9.0,"height_source":"visual_default_not_measured","web_layer_source":"F:/datasets/layers/all_building.geojson"},"geometry":{"type":"Polygon","coordinates":[[[85.8282249,20.2568375],[85.8282948,20.2569304],[85.828441,20.2568335],[85.828371,20.2567406],[85.8282249,20.2568375]]]}},{"type":"Feature","properties":{"building":"yes","name":null,"height":null,"building:levels":null,"amenity":null,"render_height_m":9.0,"height_source":"visual_default_not_measured","web_layer_source":"F:/datasets/layers/all_building.geojson"},"geometry":{"type":"Polygon","coordinates":[[[85.8279325,20.2568664],[85.8279732,20.2569454],[85.8281676,20.2568574],[85.828127,20.2567783],[85.8279325,20.2568664]]]}},{"type":"Feature","properties":{"building":"yes","name":null,"height":null,"building:levels":null,"amenity":null,"render_height_m":9.0,"height_source":"visual_default_not_measured","web_layer_source":"F:/datasets/layers/all_building.geojson"},"geometry":{"type":"Polygon","coordinates":[[[85.8280371,20.2569884],[85.8280956,20.2570692],[85.8282002,20.2570026],[85.8281417,20.2569218],[85.8280371,20.2569884]]]}},{"type":"Feature","properties":{"building":"yes","name":null,"height":null,"building:levels":null,"amenity":null,"render_height_m":9.0,"height_source":"visual_default_not_measured","web_layer_source":"F:/datasets/layers/all_building.geojson"},"geometry":{"type":"Polygon","coordinates":[[[85.827781,20.2571294],[85.8278612,20.2572423],[85.827998,20.2571567],[85.8279178,20.2570438],[85.827781,20.2571294]]]}},{"type":"Feature","properties":{"building":"yes","name":null,"height":null,"building:levels":null,"amenity":null,"render_height_m":9.0,"height_source":"visual_default_not_measured","web_layer_source":"F:/datasets/layers/all_building.geojson"},"geometry":{"type":"Polygon","coordinates":[[[85.8275087,20.2570551],[85.8275632,20.2571752],[85.8276892,20.2571249],[85.8276348,20.2570048],[85.8275087,20.2570551]]]}},{"type":"Feature","properties":{"building":"yes","name":null,"height":null,"building:levels":null,"amenity":null,"render_height_m":9.0,"height_source":"visual_default_not_measured","web_layer_source":"F:/datasets/layers/all_building.geojson"},"geometry":{"type":"Polygon","coordinates":[[[85.8273424,20.2571067],[85.8273812,20.2572112],[85.8275046,20.257171],[85.8274658,20.2570665],[85.8273424,20.2571067]]]}},{"type":"Feature","properties":{"building":"yes","name":null,"height":null,"building:levels":null,"amenity":null,"render_height_m":9.0,"height_source":"visual_default_not_measured","web_layer_source":"F:/datasets/layers/all_building.geojson"},"geometry":{"type":"Polygon","coordinates":[[[85.8270218,20.2574174],[85.8271138,20.2573758],[85.8270956,20.2573404],[85.8271585,20.2573121],[85.8271356,20.2572675],[85.827185,20.2572452],[85.8271566,20.2571899],[85.8271111,20.2572104],[85.8270904,20.25717],[85.8269365,20.2572394],[85.8269586,20.2572825],[85.8269381,20.2572918],[85.8269664,20.2573471],[85.8269836,20.2573393],[85.8269915,20.2573548],[85.82699,20.2573555],[85.8270218,20.2574174]]]}},{"type":"Feature","properties":{"building":"yes","name":null,"height":null,"building:levels":null,"amenity":null,"render_height_m":9.0,"height_source":"visual_default_not_measured","web_layer_source":"F:/datasets/layers/all_building.geojson"},"geometry":{"type":"Polygon","coordinates":[[[85.8290738,20.2590443],[85.829,20.2590681],[85.8292477,20.2597396],[85.8293174,20.2597202],[85.8290738,20.2590443]]]}},{"type":"Feature","properties":{"building":"yes","name":null,"height":null,"building:levels":null,"amenity":null,"render_height_m":9.0,"height_source":"visual_default_not_measured","web_layer_source":"F:/datasets/layers/all_building.geojson"},"geometry":{"type":"Polygon","coordinates":[[[85.8368817,20.2581799],[85.8369704,20.2583065],[85.8370724,20.2582435],[85.8369836,20.258117],[85.8368817,20.2581799]]]}},{"type":"Feature","properties":{"building":"yes","name":null,"height":null,"building:levels":null,"amenity":null,"render_height_m":9.0,"height_source":"visual_default_not_measured","web_layer_source":"F:/datasets/layers/all_building.geojson"},"geometry":{"type":"Polygon","coordinates":[[[85.8365639,20.2577647],[85.8366648,20.2579],[85.8367989,20.2578119],[85.836698,20.2576767],[85.8365639,20.2577647]]]}},{"type":"Feature","properties":{"building":"yes","name":null,"height":null,"building:levels":null,"amenity":null,"render_height_m":9.0,"height_source":"visual_default_not_measured","web_layer_source":"F:/datasets/layers/all_building.geojson"},"geometry":{"type":"Polygon","coordinates":[[[85.8362822,20.2573068],[85.836479,20.2576145],[85.8365796,20.2575578],[85.8363828,20.2572501],[85.8362822,20.2573068]]]}},{"type":"Feature","properties":{"building":"yes","name":null,"height":null,"building:levels":null,"amenity":null,"render_height_m":9.0,"height_source":"visual_default_not_measured","web_layer_source":"F:/datasets/layers/all_building.geojson"},"geometry":{"type":"Polygon","coordinates":[[[85.8355151,20.2578931],[85.8356224,20.2580427],[85.8357002,20.2579937],[85.8355929,20.257844],[85.8355151,20.2578931]]]}},{"type":"Feature","properties":{"building":"yes","name":null,"height":null,"building:levels":null,"amenity":null,"render_height_m":9.0,"height_source":"visual_default_not_measured","web_layer_source":"F:/datasets/layers/all_building.geojson"},"geometry":{"type":"Polygon","coordinates":[[[85.8357458,20.2576829],[85.835846,20.2578158],[85.8359559,20.2577428],[85.8358558,20.25761],[85.8357458,20.2576829]]]}},{"type":"Feature","properties":{"building":"yes","name":null,"height":null,"building:levels":null,"amenity":null,"render_height_m":9.0,"height_source":"visual_default_not_measured","web_layer_source":"F:/datasets/layers/all_building.geojson"},"geometry":{"type":"Polygon","coordinates":[[[85.8358732,20.257571],[85.8359722,20.2577005],[85.8360526,20.2576464],[85.8359537,20.2575169],[85.8358732,20.257571]]]}},{"type":"Feature","properties":{"building":"yes","name":null,"height":null,"building:levels":null,"amenity":null,"render_height_m":9.0,"height_source":"visual_default_not_measured","web_layer_source":"F:/datasets/layers/all_building.geojson"},"geometry":{"type":"Polygon","coordinates":[[[85.8360086,20.2577559],[85.8361424,20.257932],[85.8362496,20.2578603],[85.8361159,20.2576842],[85.8360086,20.2577559]]]}},{"type":"Feature","properties":{"building":"yes","name":null,"height":null,"building:levels":null,"amenity":null,"render_height_m":9.0,"height_source":"visual_default_not_measured","web_layer_source":"F:/datasets/layers/all_building.geojson"},"geometry":{"type":"Polygon","coordinates":[[[85.8364311,20.2578742],[85.8365443,20.2580101],[85.8365872,20.2579787],[85.836474,20.2578427],[85.8364311,20.2578742]]]}},{"type":"Feature","properties":{"building":"yes","name":null,"height":null,"building:levels":null,"amenity":null,"render_height_m":9.0,"height_source":"visual_default_not_measured","web_layer_source":"F:/datasets/layers/all_building.geojson"},"geometry":{"type":"Polygon","coordinates":[[[85.8363122,20.2580863],[85.8364104,20.2580203],[85.8363613,20.257956],[85.8362631,20.2580219],[85.8362557,20.2580122],[85.8362326,20.2580277],[85.83624,20.2580374],[85.8362892,20.2581018],[85.836302,20.2581187],[85.8363251,20.2581032],[85.8363122,20.2580863]]]}},{"type":"Feature","properties":{"building":"yes","name":null,"height":null,"building:levels":null,"amenity":null,"render_height_m":9.0,"height_source":"visual_default_not_measured","web_layer_source":"F:/datasets/layers/all_building.geojson"},"geometry":{"type":"Polygon","coordinates":[[[85.8361092,20.2580541],[85.836231,20.2582136],[85.8362943,20.2581711],[85.8361725,20.2580116],[85.8361092,20.2580541]]]}},{"type":"Feature","properties":{"building":"yes","name":null,"height":null,"building:levels":null,"amenity":null,"render_height_m":9.0,"height_source":"visual_default_not_measured","web_layer_source":"F:/datasets/layers/all_building.geojson"},"geometry":{"type":"Polygon","coordinates":[[[85.8360641,20.2582998],[85.8360674,20.2583041],[85.8361328,20.2582602],[85.8360233,20.2581168],[85.8359566,20.2581615],[85.8360212,20.2582462],[85.8359495,20.2582944],[85.8359911,20.2583489],[85.8360641,20.2582998]]]}},{"type":"Feature","properties":{"building":"yes","name":null,"height":null,"building:levels":null,"amenity":null,"render_height_m":9.0,"height_source":"visual_default_not_measured","web_layer_source":"F:/datasets/layers/all_building.geojson"},"geometry":{"type":"Polygon","coordinates":[[[85.8358102,20.258302],[85.835897,20.2584281],[85.8359842,20.2583752],[85.8358973,20.2582491],[85.8358102,20.258302]]]}},{"type":"Feature","properties":{"building":"yes","name":null,"height":null,"building:levels":null,"amenity":null,"render_height_m":9.0,"height_source":"visual_default_not_measured","web_layer_source":"F:/datasets/layers/all_building.geojson"},"geometry":{"type":"Polygon","coordinates":[[[85.8366618,20.2583661],[85.8367717,20.2585238],[85.8368803,20.2584571],[85.8367704,20.2582994],[85.8366618,20.2583661]]]}},{"type":"Feature","properties":{"building":"yes","name":null,"height":null,"building:levels":null,"amenity":null,"render_height_m":9.0,"height_source":"visual_default_not_measured","web_layer_source":"F:/datasets/layers/all_building.geojson"},"geometry":{"type":"Polygon","coordinates":[[[85.8359604,20.2589002],[85.8360318,20.2589974],[85.8361378,20.2589288],[85.8360663,20.2588316],[85.8359604,20.2589002]]]}},{"type":"Feature","properties":{"building":"yes","name":null,"height":null,"building:levels":null,"amenity":null,"render_height_m":9.0,"height_source":"visual_default_not_measured","web_layer_source":"F:/datasets/layers/all_building.geojson"},"geometry":{"type":"Polygon","coordinates":[[[85.8360536,20.2587744],[85.8361594,20.2589191],[85.8362747,20.2588449],[85.8361689,20.2587002],[85.8360536,20.2587744]]]}},{"type":"Feature","properties":{"building":"yes","name":null,"height":null,"building:levels":null,"amenity":null,"render_height_m":9.0,"height_source":"visual_default_not_measured","web_layer_source":"F:/datasets/layers/all_building.geojson"},"geometry":{"type":"Polygon","coordinates":[[[85.8363278,20.2585926],[85.8364405,20.2587351],[85.8365236,20.2586772],[85.836411,20.2585347],[85.8363278,20.2585926]]]}},{"type":"Feature","properties":{"building":"yes","name":null,"height":null,"building:levels":null,"amenity":null,"render_height_m":9.0,"height_source":"visual_default_not_measured","web_layer_source":"F:/datasets/layers/all_building.geojson"},"geometry":{"type":"Polygon","coordinates":[[[85.8365411,20.2584391],[85.8366555,20.2585939],[85.8367561,20.2585285],[85.8366416,20.2583737],[85.8365411,20.2584391]]]}},{"type":"Feature","properties":{"building":"yes","name":null,"height":null,"building:levels":null,"amenity":null,"render_height_m":9.0,"height_source":"visual_default_not_measured","web_layer_source":"F:/datasets/layers/all_building.geojson"},"geometry":{"type":"Polygon","coordinates":[[[85.8364284,20.2587826],[85.8365349,20.2589217],[85.8366301,20.2588575],[85.8365236,20.2587184],[85.8364284,20.2587826]]]}},{"type":"Feature","properties":{"building":"yes","name":null,"height":null,"building:levels":null,"amenity":null,"render_height_m":9.0,"height_source":"visual_default_not_measured","web_layer_source":"F:/datasets/layers/all_building.geojson"},"geometry":{"type":"Polygon","coordinates":[[[85.8372639,20.2593626],[85.8373615,20.2595101],[85.8374393,20.2594648],[85.8373417,20.2593173],[85.8372639,20.2593626]]]}},{"type":"Feature","properties":{"building":"yes","name":null,"height":null,"building:levels":null,"amenity":null,"render_height_m":9.0,"height_source":"visual_default_not_measured","web_layer_source":"F:/datasets/layers/all_building.geojson"},"geometry":{"type":"Polygon","coordinates":[[[85.8373685,20.2595752],[85.8374848,20.2597255],[85.8375679,20.2596688],[85.8374517,20.2595186],[85.8373685,20.2595752]]]}},{"type":"Feature","properties":{"building":"yes","name":null,"height":null,"building:levels":null,"amenity":null,"render_height_m":9.0,"height_source":"visual_default_not_measured","web_layer_source":"F:/datasets/layers/all_building.geojson"},"geometry":{"type":"Polygon","coordinates":[[[85.8374718,20.2594984],[85.8375693,20.2596502],[85.8376605,20.2595986],[85.837563,20.2594469],[85.8374718,20.2594984]]]}},{"type":"Feature","properties":{"building":"yes","name":null,"height":null,"building:levels":null,"amenity":null,"render_height_m":9.0,"height_source":"visual_default_not_measured","web_layer_source":"F:/datasets/layers/all_building.geojson"},"geometry":{"type":"Polygon","coordinates":[[[85.8371153,20.2594397],[85.837228,20.2595879],[85.8373171,20.2595169],[85.8372191,20.2593817],[85.8371153,20.2594397]]]}},{"type":"Feature","properties":{"building":"yes","name":null,"height":null,"building:levels":null,"amenity":null,"render_height_m":9.0,"height_source":"visual_default_not_measured","web_layer_source":"F:/datasets/layers/all_building.geojson"},"geometry":{"type":"Polygon","coordinates":[[[85.836128,20.2589927],[85.8362244,20.2591317],[85.8362728,20.2591021],[85.8361764,20.2589631],[85.836128,20.2589927]]]}},{"type":"Feature","properties":{"building":"yes","name":null,"height":null,"building:levels":null,"amenity":null,"render_height_m":9.0,"height_source":"visual_default_not_measured","web_layer_source":"F:/datasets/layers/all_building.geojson"},"geometry":{"type":"Polygon","coordinates":[[[85.8360784,20.2590279],[85.8361723,20.2591633],[85.8362044,20.2591437],[85.8361106,20.2590083],[85.8360784,20.2590279]]]}},{"type":"Feature","properties":{"building":"yes","name":null,"height":null,"building:levels":null,"amenity":null,"render_height_m":9.0,"height_source":"visual_default_not_measured","web_layer_source":"F:/datasets/layers/all_building.geojson"},"geometry":{"type":"Polygon","coordinates":[[[85.8359483,20.2590984],[85.8360475,20.2592414],[85.8361602,20.2591726],[85.836061,20.2590296],[85.8359483,20.2590984]]]}},{"type":"Feature","properties":{"building":"yes","name":null,"height":null,"building:levels":null,"amenity":null,"render_height_m":9.0,"height_source":"visual_default_not_measured","web_layer_source":"F:/datasets/layers/all_building.geojson"},"geometry":{"type":"Polygon","coordinates":[[[85.8362058,20.2589361],[85.8362993,20.259071],[85.8364029,20.2590078],[85.8363094,20.2588728],[85.8362058,20.2589361]]]}},{"type":"Feature","properties":{"building":"yes","name":null,"height":null,"building:levels":null,"amenity":null,"render_height_m":9.0,"height_source":"visual_default_not_measured","web_layer_source":"F:/datasets/layers/all_building.geojson"},"geometry":{"type":"Polygon","coordinates":[[[85.836356,20.2591562],[85.8364512,20.2592936],[85.8365464,20.2592355],[85.8364512,20.2590981],[85.836356,20.2591562]]]}},{"type":"Feature","properties":{"building":"yes","name":null,"height":null,"building:levels":null,"amenity":null,"render_height_m":9.0,"height_source":"visual_default_not_measured","web_layer_source":"F:/datasets/layers/all_building.geojson"},"geometry":{"type":"Polygon","coordinates":[[[85.8361159,20.2593148],[85.8362106,20.2594512],[85.8363064,20.2593928],[85.8362117,20.2592563],[85.8361159,20.2593148]]]}},{"type":"Feature","properties":{"building":"yes","name":null,"height":null,"building:levels":null,"amenity":null,"render_height_m":9.0,"height_source":"visual_default_not_measured","web_layer_source":"F:/datasets/layers/all_building.geojson"},"geometry":{"type":"Polygon","coordinates":[[[85.8362393,20.2592368],[85.8363378,20.2593788],[85.8364364,20.2593185],[85.836338,20.2591765],[85.8362393,20.2592368]]]}},{"type":"Feature","properties":{"building":"yes","name":null,"height":null,"building:levels":null,"amenity":null,"render_height_m":9.0,"height_source":"visual_default_not_measured","web_layer_source":"F:/datasets/layers/all_building.geojson"},"geometry":{"type":"Polygon","coordinates":[[[85.836474,20.2593311],[85.8365564,20.2594499],[85.8366644,20.259384],[85.8365821,20.2592652],[85.836474,20.2593311]]]}},{"type":"Feature","properties":{"building":"yes","name":null,"height":null,"building:levels":null,"amenity":null,"render_height_m":9.0,"height_source":"visual_default_not_measured","web_layer_source":"F:/datasets/layers/all_building.geojson"},"geometry":{"type":"Polygon","coordinates":[[[85.8363587,20.2594129],[85.8364129,20.2594911],[85.8365142,20.2594293],[85.83646,20.259351],[85.8363587,20.2594129]]]}},{"type":"Feature","properties":{"building":"yes","name":null,"height":null,"building:levels":null,"amenity":null,"render_height_m":9.0,"height_source":"visual_default_not_measured","web_layer_source":"F:/datasets/layers/all_building.geojson"},"geometry":{"type":"Polygon","coordinates":[[[85.8363013,20.2595851],[85.8363122,20.2596007],[85.8363433,20.2596457],[85.8363949,20.2596142],[85.8363637,20.2595692],[85.8364096,20.2595412],[85.8363274,20.2594226],[85.8362299,20.2594821],[85.8363013,20.2595851]]]}},{"type":"Feature","properties":{"building":"yes","name":null,"height":null,"building:levels":null,"amenity":null,"render_height_m":9.0,"height_source":"visual_default_not_measured","web_layer_source":"F:/datasets/layers/all_building.geojson"},"geometry":{"type":"Polygon","coordinates":[[[85.8369179,20.2590115],[85.8370263,20.2591678],[85.8371566,20.2590883],[85.8370483,20.258932],[85.8369179,20.2590115]]]}},{"type":"Feature","properties":{"building":"yes","name":null,"height":null,"building:levels":null,"amenity":null,"render_height_m":9.0,"height_source":"visual_default_not_measured","web_layer_source":"F:/datasets/layers/all_building.geojson"},"geometry":{"type":"Polygon","coordinates":[[[85.8368066,20.2594255],[85.8368704,20.2595176],[85.8369863,20.2594469],[85.8369224,20.2593548],[85.8368066,20.2594255]]]}},{"type":"Feature","properties":{"building":"yes","name":null,"height":null,"building:levels":null,"amenity":null,"render_height_m":9.0,"height_source":"visual_default_not_measured","web_layer_source":"F:/datasets/layers/all_building.geojson"},"geometry":{"type":"Polygon","coordinates":[[[85.8365545,20.2595664],[85.8366259,20.2596695],[85.8368093,20.2595576],[85.8367378,20.2594545],[85.8365545,20.2595664]]]}},{"type":"Feature","properties":{"building":"yes","name":null,"height":null,"building:levels":null,"amenity":null,"render_height_m":9.0,"height_source":"visual_default_not_measured","web_layer_source":"F:/datasets/layers/all_building.geojson"},"geometry":{"type":"Polygon","coordinates":[[[85.8353756,20.259316],[85.8354298,20.2593942],[85.835562,20.2593135],[85.8355078,20.2592353],[85.8353756,20.259316]]]}},{"type":"Feature","properties":{"building":"yes","name":null,"height":null,"building:levels":null,"amenity":null,"render_height_m":9.0,"height_source":"visual_default_not_measured","web_layer_source":"F:/datasets/layers/all_building.geojson"},"geometry":{"type":"Polygon","coordinates":[[[85.8357941,20.2593211],[85.8358767,20.259424],[85.8359853,20.2593472],[85.8359027,20.2592443],[85.8357941,20.2593211]]]}},{"type":"Feature","properties":{"building":"yes","name":null,"height":null,"building:levels":null,"amenity":null,"render_height_m":9.0,"height_source":"visual_default_not_measured","web_layer_source":"F:/datasets/layers/all_building.geojson"},"geometry":{"type":"Polygon","coordinates":[[[85.8357163,20.2595765],[85.8357733,20.2596586],[85.8360502,20.2594896],[85.8359932,20.2594074],[85.8357163,20.2595765]]]}},{"type":"Feature","properties":{"building":"yes","name":null,"height":null,"building:levels":null,"amenity":null,"render_height_m":9.0,"height_source":"visual_default_not_measured","web_layer_source":"F:/datasets/layers/all_building.geojson"},"geometry":{"type":"Polygon","coordinates":[[[85.8352979,20.259009],[85.835349,20.2590828],[85.8354226,20.259038],[85.8353714,20.2589642],[85.8352979,20.259009]]]}},{"type":"Feature","properties":{"building":"yes","name":null,"height":null,"building:levels":null,"amenity":null,"render_height_m":9.0,"height_source":"visual_default_not_measured","web_layer_source":"F:/datasets/layers/all_building.geojson"},"geometry":{"type":"Polygon","coordinates":[[[85.8351122,20.2591444],[85.8352195,20.2592992],[85.8353343,20.2592292],[85.8352269,20.2590744],[85.8351122,20.2591444]]]}},{"type":"Feature","properties":{"building":"yes","name":null,"height":null,"building:levels":null,"amenity":null,"render_height_m":9.0,"height_source":"visual_default_not_measured","web_layer_source":"F:/datasets/layers/all_building.geojson"},"geometry":{"type":"Polygon","coordinates":[[[85.835432,20.2588958],[85.8355275,20.2590475],[85.8356683,20.2589695],[85.8355728,20.2588178],[85.835432,20.2588958]]]}},{"type":"Feature","properties":{"building":"yes","name":null,"height":null,"building:levels":null,"amenity":null,"render_height_m":9.0,"height_source":"visual_default_not_measured","web_layer_source":"F:/datasets/layers/all_building.geojson"},"geometry":{"type":"Polygon","coordinates":[[[85.8353193,20.2587939],[85.8353607,20.2588584],[85.8354988,20.2587804],[85.8354574,20.2587159],[85.8353193,20.2587939]]]}},{"type":"Feature","properties":{"building":"yes","name":null,"height":null,"building:levels":null,"amenity":null,"render_height_m":9.0,"height_source":"visual_default_not_measured","web_layer_source":"F:/datasets/layers/all_building.geojson"},"geometry":{"type":"Polygon","coordinates":[[[85.8350015,20.2590128],[85.8350439,20.2590713],[85.8353,20.2589077],[85.8352576,20.2588492],[85.8350015,20.2590128]]]}},{"type":"Feature","properties":{"building":"yes","name":null,"height":null,"building:levels":null,"amenity":null,"render_height_m":9.0,"height_source":"visual_default_not_measured","web_layer_source":"F:/datasets/layers/all_building.geojson"},"geometry":{"type":"Polygon","coordinates":[[[85.8352791,20.2586819],[85.8353442,20.2587711],[85.8354636,20.2586943],[85.8353984,20.2586052],[85.8352791,20.2586819]]]}},{"type":"Feature","properties":{"building":"yes","name":null,"height":null,"building:levels":null,"amenity":null,"render_height_m":9.0,"height_source":"visual_default_not_measured","web_layer_source":"F:/datasets/layers/all_building.geojson"},"geometry":{"type":"Polygon","coordinates":[[[85.8351731,20.2587587],[85.8352199,20.2588305],[85.8352924,20.258789],[85.8352455,20.2587171],[85.8351731,20.2587587]]]}},{"type":"Feature","properties":{"building":"yes","name":null,"height":null,"building:levels":null,"amenity":null,"render_height_m":9.0,"height_source":"visual_default_not_measured","web_layer_source":"F:/datasets/layers/all_building.geojson"},"geometry":{"type":"Polygon","coordinates":[[[85.8351128,20.2588191],[85.835163,20.2588909],[85.8352059,20.2588644],[85.8351557,20.2587926],[85.8351128,20.2588191]]]}},{"type":"Feature","properties":{"building":"yes","name":null,"height":null,"building:levels":null,"amenity":null,"render_height_m":9.0,"height_source":"visual_default_not_measured","web_layer_source":"F:/datasets/layers/all_building.geojson"},"geometry":{"type":"Polygon","coordinates":[[[85.8349572,20.2589084],[85.835009,20.2589802],[85.8351418,20.2588959],[85.83509,20.2588241],[85.8349572,20.2589084]]]}},{"type":"Feature","properties":{"building":"yes","name":null,"height":null,"building:levels":null,"amenity":null,"render_height_m":9.0,"height_source":"visual_default_not_measured","web_layer_source":"F:/datasets/layers/all_building.geojson"},"geometry":{"type":"Polygon","coordinates":[[[85.8348486,20.2585813],[85.8349599,20.2587286],[85.8353099,20.2584958],[85.8351986,20.2583485],[85.8348486,20.2585813]]]}},{"type":"Feature","properties":{"building":"yes","name":null,"height":null,"building:levels":null,"amenity":null,"render_height_m":9.0,"height_source":"visual_default_not_measured","web_layer_source":"F:/datasets/layers/all_building.geojson"},"geometry":{"type":"Polygon","coordinates":[[[85.8350129,20.2581529],[85.8346744,20.2583846],[85.8347106,20.2584311],[85.8350491,20.2581994],[85.8350129,20.2581529]]]}},{"type":"Feature","properties":{"building":"yes","name":null,"height":null,"building:levels":null,"amenity":null,"render_height_m":9.0,"height_source":"visual_default_not_measured","web_layer_source":"F:/datasets/layers/all_building.geojson"},"geometry":{"type":"Polygon","coordinates":[[[85.8345408,20.2583617],[85.8345968,20.2584328],[85.8350145,20.2581435],[85.8349586,20.2580723],[85.8345408,20.2583617]]]}},{"type":"Feature","properties":{"building":"yes","name":null,"height":null,"building:levels":null,"amenity":null,"render_height_m":9.0,"height_source":"visual_default_not_measured","web_layer_source":"F:/datasets/layers/all_building.geojson"},"geometry":{"type":"Polygon","coordinates":[[[85.8344583,20.2582856],[85.8345152,20.258359],[85.8347264,20.2582149],[85.8346695,20.2581415],[85.8344583,20.2582856]]]}},{"type":"Feature","properties":{"building":"yes","name":null,"height":null,"building:levels":null,"amenity":null,"render_height_m":9.0,"height_source":"visual_default_not_measured","web_layer_source":"F:/datasets/layers/all_building.geojson"},"geometry":{"type":"Polygon","coordinates":[[[85.834402,20.2582265],[85.8344435,20.2582795],[85.8346621,20.2581292],[85.8346206,20.2580761],[85.834402,20.2582265]]]}},{"type":"Feature","properties":{"building":"yes","name":null,"height":null,"building:levels":null,"amenity":null,"render_height_m":9.0,"height_source":"visual_default_not_measured","web_layer_source":"F:/datasets/layers/all_building.geojson"},"geometry":{"type":"Polygon","coordinates":[[[85.8345153,20.2580723],[85.8345438,20.2581083],[85.8346269,20.2580504],[85.8345985,20.2580145],[85.8345153,20.2580723]]]}},{"type":"Feature","properties":{"building":"yes","name":null,"height":null,"building:levels":null,"amenity":null,"render_height_m":9.0,"height_source":"visual_default_not_measured","web_layer_source":"F:/datasets/layers/all_building.geojson"},"geometry":{"type":"Polygon","coordinates":[[[85.8345046,20.2580333],[85.8345233,20.2580561],[85.8346172,20.2579909],[85.8345998,20.2579663],[85.8345046,20.2580333]]]}},{"type":"Feature","properties":{"building":"yes","name":null,"height":null,"building:levels":null,"amenity":null,"render_height_m":9.0,"height_source":"visual_default_not_measured","web_layer_source":"F:/datasets/layers/all_building.geojson"},"geometry":{"type":"Polygon","coordinates":[[[85.8242539,20.2527207],[85.8243525,20.2528309],[85.8244866,20.2527252],[85.824388,20.252615],[85.8242539,20.2527207]]]}},{"type":"Feature","properties":{"building":"yes","name":null,"height":null,"building:levels":null,"amenity":null,"render_height_m":9.0,"height_source":"visual_default_not_measured","web_layer_source":"F:/datasets/layers/all_building.geojson"},"geometry":{"type":"Polygon","coordinates":[[[85.825552,20.2532416],[85.8256647,20.2531686],[85.8256427,20.2531388],[85.8255301,20.2532118],[85.825552,20.2532416]]]}},{"type":"Feature","properties":{"building":"yes","name":null,"height":null,"building:levels":null,"amenity":null,"render_height_m":9.0,"height_source":"visual_default_not_measured","web_layer_source":"F:/datasets/layers/all_building.geojson"},"geometry":{"type":"Polygon","coordinates":[[[85.825485,20.2531359],[85.8255216,20.2531923],[85.8255832,20.2531571],[85.8255467,20.2531007],[85.825485,20.2531359]]]}},{"type":"Feature","properties":{"building":"yes","name":null,"height":null,"building:levels":null,"amenity":null,"render_height_m":9.0,"height_source":"visual_default_not_measured","web_layer_source":"F:/datasets/layers/all_building.geojson"},"geometry":{"type":"Polygon","coordinates":[[[85.8255172,20.2527434],[85.8255987,20.2528964],[85.8256845,20.2528561],[85.825603,20.2527031],[85.8255172,20.2527434]]]}},{"type":"Feature","properties":{"building":"yes","name":null,"height":null,"building:levels":null,"amenity":null,"render_height_m":9.0,"height_source":"visual_default_not_measured","web_layer_source":"F:/datasets/layers/all_building.geojson"},"geometry":{"type":"Polygon","coordinates":[[[85.8247648,20.2528163],[85.8246779,20.2528997],[85.8247034,20.25294],[85.8248064,20.2528855],[85.8247648,20.2528163]]]}},{"type":"Feature","properties":{"building":"yes","name":null,"height":null,"building:levels":null,"amenity":null,"render_height_m":9.0,"height_source":"visual_default_not_measured","web_layer_source":"F:/datasets/layers/all_building.geojson"},"geometry":{"type":"Polygon","coordinates":[[[85.8244577,20.2530743],[85.8245449,20.2532064],[85.8245717,20.253185],[85.8244872,20.2530466],[85.8244577,20.2530743]]]}},{"type":"Feature","properties":{"building":"yes","name":null,"height":null,"building:levels":null,"amenity":null,"render_height_m":9.0,"height_source":"visual_default_not_measured","web_layer_source":"F:/datasets/layers/all_building.geojson"},"geometry":{"type":"Polygon","coordinates":[[[85.8243893,20.2531347],[85.8245273,20.2532989],[85.8245715,20.2532662],[85.8244336,20.253102],[85.8243893,20.2531347]]]}},{"type":"Feature","properties":{"building":"yes","name":null,"height":null,"building:levels":null,"amenity":null,"render_height_m":9.0,"height_source":"visual_default_not_measured","web_layer_source":"F:/datasets/layers/all_building.geojson"},"geometry":{"type":"Polygon","coordinates":[[[85.824447,20.2533335],[85.8245394,20.253445],[85.8245769,20.2534085],[85.8244953,20.2533083],[85.824447,20.2533335]]]}},{"type":"Feature","properties":{"building":"yes","name":null,"height":null,"building:levels":null,"amenity":null,"render_height_m":9.0,"height_source":"visual_default_not_measured","web_layer_source":"F:/datasets/layers/all_building.geojson"},"geometry":{"type":"Polygon","coordinates":[[[85.8239427,20.2535348],[85.8240556,20.2536553],[85.8240998,20.2536188],[85.823987,20.2534983],[85.8239427,20.2535348]]]}},{"type":"Feature","properties":{"building":"yes","name":null,"height":null,"building:levels":null,"amenity":null,"render_height_m":9.0,"height_source":"visual_default_not_measured","web_layer_source":"F:/datasets/layers/all_building.geojson"},"geometry":{"type":"Polygon","coordinates":[[[85.8240017,20.2534744],[85.8241056,20.253599],[85.8241472,20.2535663],[85.8240393,20.2534341],[85.8240017,20.2534744]]]}},{"type":"Feature","properties":{"building":"yes","name":null,"height":null,"building:levels":null,"amenity":null,"render_height_m":9.0,"height_source":"visual_default_not_measured","web_layer_source":"F:/datasets/layers/all_building.geojson"},"geometry":{"type":"Polygon","coordinates":[[[85.824105,20.2533788],[85.8242183,20.2535108],[85.8242666,20.2534743],[85.8241533,20.2533423],[85.824105,20.2533788]]]}},{"type":"Feature","properties":{"building":"yes","name":null,"height":null,"building:levels":null,"amenity":null,"render_height_m":9.0,"height_source":"visual_default_not_measured","web_layer_source":"F:/datasets/layers/all_building.geojson"},"geometry":{"type":"Polygon","coordinates":[[[85.8242404,20.2532731],[85.8243442,20.2533978],[85.8243992,20.2533575],[85.8242954,20.2532328],[85.8242404,20.2532731]]]}},{"type":"Feature","properties":{"building":"yes","name":null,"height":null,"building:levels":null,"amenity":null,"render_height_m":9.0,"height_source":"visual_default_not_measured","web_layer_source":"F:/datasets/layers/all_building.geojson"},"geometry":{"type":"Polygon","coordinates":[[[85.8246307,20.2529472],[85.8245717,20.2529875],[85.8246523,20.2531325],[85.8247086,20.2531036],[85.8246307,20.2529472]]]}},{"type":"Feature","properties":{"building":"yes","name":null,"height":null,"building:levels":null,"amenity":null,"render_height_m":9.0,"height_source":"visual_default_not_measured","web_layer_source":"F:/datasets/layers/all_building.geojson"},"geometry":{"type":"Polygon","coordinates":[[[85.8302566,20.2537902],[85.8301564,20.2538754],[85.830363,20.2540892],[85.8304632,20.2540041],[85.8302566,20.2537902]]]}},{"type":"Feature","properties":{"building":"yes","name":null,"height":null,"building:levels":null,"amenity":null,"render_height_m":9.0,"height_source":"visual_default_not_measured","web_layer_source":"F:/datasets/layers/all_building.geojson"},"geometry":{"type":"Polygon","coordinates":[[[85.8313563,20.253833],[85.831291,20.253886],[85.8314046,20.2540091],[85.8314699,20.2539561],[85.8313563,20.253833]]]}},{"type":"Feature","properties":{"building":"yes","name":null,"height":null,"building:levels":null,"amenity":null,"render_height_m":9.0,"height_source":"visual_default_not_measured","web_layer_source":"F:/datasets/layers/all_building.geojson"},"geometry":{"type":"Polygon","coordinates":[[[85.8312895,20.2538166],[85.8313551,20.2537633],[85.8312498,20.2536492],[85.8311605,20.2537217],[85.8312182,20.2537843],[85.8311736,20.2538205],[85.8312205,20.2538713],[85.8312658,20.2538346],[85.8312664,20.2538353],[85.8312895,20.2538166]]]}},{"type":"Feature","properties":{"building":"yes","name":null,"height":null,"building:levels":null,"amenity":null,"render_height_m":9.0,"height_source":"visual_default_not_measured","web_layer_source":"F:/datasets/layers/all_building.geojson"},"geometry":{"type":"Polygon","coordinates":[[[85.831461,20.2544092],[85.8316029,20.2545683],[85.8317182,20.2544777],[85.8315763,20.2543186],[85.831461,20.2544092]]]}},{"type":"Feature","properties":{"building":"yes","name":null,"height":null,"building:levels":null,"amenity":null,"render_height_m":9.0,"height_source":"visual_default_not_measured","web_layer_source":"F:/datasets/layers/all_building.geojson"},"geometry":{"type":"Polygon","coordinates":[[[85.8311525,20.2542356],[85.8312888,20.2543464],[85.8313934,20.2542332],[85.8312571,20.2541223],[85.8311525,20.2542356]]]}},{"type":"Feature","properties":{"building":"yes","name":null,"height":null,"building:levels":null,"amenity":null,"render_height_m":9.0,"height_source":"visual_default_not_measured","web_layer_source":"F:/datasets/layers/all_building.geojson"},"geometry":{"type":"Polygon","coordinates":[[[85.8310184,20.2540645],[85.8311291,20.2541744],[85.8312256,20.2540889],[85.8311149,20.2539789],[85.8310184,20.2540645]]]}},{"type":"Feature","properties":{"building":"yes","name":null,"height":null,"building:levels":null,"amenity":null,"render_height_m":9.0,"height_source":"visual_default_not_measured","web_layer_source":"F:/datasets/layers/all_building.geojson"},"geometry":{"type":"Polygon","coordinates":[[[85.8306206,20.2556561],[85.8306483,20.2556912],[85.8306715,20.255675],[85.8307009,20.2557122],[85.8307701,20.255664],[85.8307584,20.2556492],[85.8308946,20.2555544],[85.8307974,20.2554314],[85.8306499,20.2555341],[85.8307017,20.2555997],[85.8306206,20.2556561]]]}},{"type":"Feature","properties":{"building":"yes","name":null,"height":null,"building:levels":null,"amenity":null,"render_height_m":9.0,"height_source":"visual_default_not_measured","web_layer_source":"F:/datasets/layers/all_building.geojson"},"geometry":{"type":"Polygon","coordinates":[[[85.8313523,20.2553025],[85.8314113,20.2553805],[85.8316015,20.2552539],[85.8315425,20.2551759],[85.8313523,20.2553025]]]}},{"type":"Feature","properties":{"building":"yes","name":null,"height":null,"building:levels":null,"amenity":null,"render_height_m":9.0,"height_source":"visual_default_not_measured","web_layer_source":"F:/datasets/layers/all_building.geojson"},"geometry":{"type":"Polygon","coordinates":[[[85.8311753,20.2550723],[85.8311262,20.2551023],[85.8311637,20.2551564],[85.8312128,20.2551264],[85.8311753,20.2550723]]]}},{"type":"Feature","properties":{"building":"yes","name":null,"height":null,"building:levels":null,"amenity":null,"render_height_m":9.0,"height_source":"visual_default_not_measured","web_layer_source":"F:/datasets/layers/all_building.geojson"},"geometry":{"type":"Polygon","coordinates":[[[85.8313778,20.2550484],[85.8311861,20.2551839],[85.8312599,20.2552757],[85.8314516,20.2551402],[85.8313778,20.2550484]]]}},{"type":"Feature","properties":{"building":"yes","name":null,"height":null,"building:levels":null,"amenity":null,"render_height_m":9.0,"height_source":"visual_default_not_measured","web_layer_source":"F:/datasets/layers/all_building.geojson"},"geometry":{"type":"Polygon","coordinates":[[[85.8312048,20.2548005],[85.8311024,20.2548822],[85.831148,20.2549325],[85.8312504,20.2548508],[85.8312048,20.2548005]]]}},{"type":"Feature","properties":{"building":"yes","name":null,"height":null,"building:levels":null,"amenity":null,"render_height_m":9.0,"height_source":"visual_default_not_measured","web_layer_source":"F:/datasets/layers/all_building.geojson"},"geometry":{"type":"Polygon","coordinates":[[[85.8305557,20.2547099],[85.8305299,20.2548362],[85.8306908,20.2548652],[85.8307166,20.2547388],[85.8305557,20.2547099]]]}},{"type":"Feature","properties":{"building":"yes","name":null,"height":null,"building:levels":null,"amenity":null,"render_height_m":9.0,"height_source":"visual_default_not_measured","web_layer_source":"F:/datasets/layers/all_building.geojson"},"geometry":{"type":"Polygon","coordinates":[[[85.8307703,20.254725],[85.8306694,20.2550278],[85.8307552,20.255053],[85.8308561,20.2547502],[85.8307703,20.254725]]]}},{"type":"Feature","properties":{"building":"yes","name":null,"height":null,"building:levels":null,"amenity":null,"render_height_m":9.0,"height_source":"visual_default_not_measured","web_layer_source":"F:/datasets/layers/all_building.geojson"},"geometry":{"type":"Polygon","coordinates":[[[85.830679,20.2551959],[85.8306992,20.25515],[85.8305917,20.2551084],[85.8305588,20.2551832],[85.8304807,20.2551529],[85.8304656,20.2551871],[85.8305413,20.2552164],[85.8305248,20.2552539],[85.8306319,20.2552954],[85.8306511,20.2552519],[85.8306686,20.2552587],[85.8306938,20.2552016],[85.830679,20.2551959]]]}},{"type":"Feature","properties":{"building":"yes","name":null,"height":null,"building:levels":null,"amenity":null,"render_height_m":9.0,"height_source":"visual_default_not_measured","web_layer_source":"F:/datasets/layers/all_building.geojson"},"geometry":{"type":"Polygon","coordinates":[[[85.830148,20.2551301],[85.8302687,20.2551515],[85.8303006,20.254993],[85.8302526,20.2549817],[85.8302403,20.2550509],[85.8301601,20.2550521],[85.830148,20.2551301]]]}},{"type":"Feature","properties":{"building":"yes","name":null,"height":null,"building:levels":null,"amenity":null,"render_height_m":9.0,"height_source":"visual_default_not_measured","web_layer_source":"F:/datasets/layers/all_building.geojson"},"geometry":{"type":"Polygon","coordinates":[[[85.8299281,20.2549691],[85.8299873,20.2551306],[85.8301172,20.2550886],[85.8300579,20.2549272],[85.8299281,20.2549691]]]}},{"type":"Feature","properties":{"building":"yes","name":null,"height":null,"building:levels":null,"amenity":null,"render_height_m":9.0,"height_source":"visual_default_not_measured","web_layer_source":"F:/datasets/layers/all_building.geojson"},"geometry":{"type":"Polygon","coordinates":[[[85.8295633,20.2551478],[85.8296106,20.2552766],[85.8297564,20.2552295],[85.8297091,20.2551007],[85.8295633,20.2551478]]]}},{"type":"Feature","properties":{"building":"yes","name":null,"height":null,"building:levels":null,"amenity":null,"render_height_m":9.0,"height_source":"visual_default_not_measured","web_layer_source":"F:/datasets/layers/all_building.geojson"},"geometry":{"type":"Polygon","coordinates":[[[85.8291092,20.2553055],[85.8290656,20.2553196],[85.8290933,20.2553952],[85.8292938,20.2553304],[85.8292665,20.2552561],[85.8291907,20.2552806],[85.8291634,20.2552061],[85.8290823,20.2552323],[85.8291092,20.2553055]]]}},{"type":"Feature","properties":{"building":"yes","name":null,"height":null,"building:levels":null,"amenity":null,"render_height_m":9.0,"height_source":"visual_default_not_measured","web_layer_source":"F:/datasets/layers/all_building.geojson"},"geometry":{"type":"Polygon","coordinates":[[[85.8291905,20.254798],[85.82927,20.2550387],[85.8294604,20.2549834],[85.8293809,20.2547426],[85.8291905,20.254798]]]}},{"type":"Feature","properties":{"building":"yes","name":null,"height":null,"building:levels":null,"amenity":null,"render_height_m":9.0,"height_source":"visual_default_not_measured","web_layer_source":"F:/datasets/layers/all_building.geojson"},"geometry":{"type":"Polygon","coordinates":[[[85.8289343,20.2549163],[85.8290082,20.25511],[85.8291919,20.2550483],[85.829118,20.2548546],[85.8289343,20.2549163]]]}},{"type":"Feature","properties":{"building":"yes","name":null,"height":null,"building:levels":null,"amenity":null,"render_height_m":9.0,"height_source":"visual_default_not_measured","web_layer_source":"F:/datasets/layers/all_building.geojson"},"geometry":{"type":"Polygon","coordinates":[[[85.8286567,20.2550068],[85.8286995,20.2551272],[85.8288966,20.2550656],[85.8288538,20.2549452],[85.8286567,20.2550068]]]}},{"type":"Feature","properties":{"building":"yes","name":null,"height":null,"building:levels":null,"amenity":null,"render_height_m":9.0,"height_source":"visual_default_not_measured","web_layer_source":"F:/datasets/layers/all_building.geojson"},"geometry":{"type":"Polygon","coordinates":[[[85.8284555,20.2550723],[85.8284924,20.2551861],[85.8286735,20.2551346],[85.8286366,20.2550207],[85.8284555,20.2550723]]]}},{"type":"Feature","properties":{"building":"yes","name":null,"height":null,"building:levels":null,"amenity":null,"render_height_m":9.0,"height_source":"visual_default_not_measured","web_layer_source":"F:/datasets/layers/all_building.geojson"},"geometry":{"type":"Polygon","coordinates":[[[85.8282235,20.2551704],[85.8282858,20.2553691],[85.8284226,20.2553314],[85.8283603,20.2551327],[85.8282235,20.2551704]]]}},{"type":"Feature","properties":{"building":"yes","name":null,"height":null,"building:levels":null,"amenity":null,"render_height_m":9.0,"height_source":"visual_default_not_measured","web_layer_source":"F:/datasets/layers/all_building.geojson"},"geometry":{"type":"Polygon","coordinates":[[[85.8286728,20.2553843],[85.8287551,20.2556104],[85.828838,20.2555838],[85.8287557,20.2553577],[85.8286728,20.2553843]]]}},{"type":"Feature","properties":{"building":"yes","name":null,"height":null,"building:levels":null,"amenity":null,"render_height_m":9.0,"height_source":"visual_default_not_measured","web_layer_source":"F:/datasets/layers/all_building.geojson"},"geometry":{"type":"Polygon","coordinates":[[[85.8285816,20.2554787],[85.8286418,20.2556543],[85.8287169,20.2556317],[85.8286567,20.255456],[85.8285816,20.2554787]]]}},{"type":"Feature","properties":{"building":"yes","name":null,"height":null,"building:levels":null,"amenity":null,"render_height_m":9.0,"height_source":"visual_default_not_measured","web_layer_source":"F:/datasets/layers/all_building.geojson"},"geometry":{"type":"Polygon","coordinates":[[[85.8284059,20.2556523],[85.8284386,20.2557421],[85.8286036,20.2556893],[85.8285709,20.2555994],[85.8284059,20.2556523]]]}},{"type":"Feature","properties":{"building":"yes","name":null,"height":null,"building:levels":null,"amenity":null,"render_height_m":9.0,"height_source":"visual_default_not_measured","web_layer_source":"F:/datasets/layers/all_building.geojson"},"geometry":{"type":"Polygon","coordinates":[[[85.8283322,20.2555692],[85.8283621,20.2556437],[85.828527,20.2555908],[85.8284985,20.2555202],[85.8283322,20.2555692]]]}},{"type":"Feature","properties":{"building":"yes","name":null,"height":null,"building:levels":null,"amenity":null,"render_height_m":9.0,"height_source":"visual_default_not_measured","web_layer_source":"F:/datasets/layers/all_building.geojson"},"geometry":{"type":"Polygon","coordinates":[[[85.8295043,20.2555793],[85.8295453,20.2556902],[85.8296767,20.2556474],[85.8296357,20.2555365],[85.8295043,20.2555793]]]}},{"type":"Feature","properties":{"building":"yes","name":null,"height":null,"building:levels":null,"amenity":null,"render_height_m":9.0,"height_source":"visual_default_not_measured","web_layer_source":"F:/datasets/layers/all_building.geojson"},"geometry":{"type":"Polygon","coordinates":[[[85.829692,20.2554636],[85.8297576,20.2556465],[85.8299131,20.2555974],[85.8298476,20.2554145],[85.829692,20.2554636]]]}},{"type":"Feature","properties":{"building":"yes","name":null,"height":null,"building:levels":null,"amenity":null,"render_height_m":9.0,"height_source":"visual_default_not_measured","web_layer_source":"F:/datasets/layers/all_building.geojson"},"geometry":{"type":"Polygon","coordinates":[[[85.8290523,20.2559442],[85.8290744,20.2560095],[85.8291294,20.2559931],[85.8291073,20.2559278],[85.8290523,20.2559442]]]}},{"type":"Feature","properties":{"building":"yes","name":null,"height":null,"building:levels":null,"amenity":null,"render_height_m":9.0,"height_source":"visual_default_not_measured","web_layer_source":"F:/datasets/layers/all_building.geojson"},"geometry":{"type":"Polygon","coordinates":[[[85.8289611,20.2557517],[85.8289795,20.2558354],[85.8290939,20.2558133],[85.8290755,20.2557296],[85.8289611,20.2557517]]]}},{"type":"Feature","properties":{"building":"yes","name":null,"height":null,"building:levels":null,"amenity":null,"render_height_m":9.0,"height_source":"visual_default_not_measured","web_layer_source":"F:/datasets/layers/all_building.geojson"},"geometry":{"type":"Polygon","coordinates":[[[85.8288375,20.2558691],[85.8288485,20.255919],[85.8288888,20.2559112],[85.8288779,20.2558613],[85.8289252,20.2558522],[85.8289101,20.2557831],[85.8288694,20.255791],[85.828858,20.2557392],[85.828807,20.255749],[85.8288183,20.2558006],[85.8287653,20.2558109],[85.8287805,20.2558801],[85.8288375,20.2558691]]]}},{"type":"Feature","properties":{"building":"yes","name":null,"height":null,"building:levels":null,"amenity":null,"render_height_m":9.0,"height_source":"visual_default_not_measured","web_layer_source":"F:/datasets/layers/all_building.geojson"},"geometry":{"type":"Polygon","coordinates":[[[85.829629,20.2558574],[85.8297062,20.2559729],[85.8298967,20.2558245],[85.8298784,20.2557756],[85.829629,20.2558574]]]}},{"type":"Feature","properties":{"building":"yes","name":null,"height":null,"building:levels":null,"amenity":null,"render_height_m":9.0,"height_source":"visual_default_not_measured","web_layer_source":"F:/datasets/layers/all_building.geojson"},"geometry":{"type":"Polygon","coordinates":[[[85.8293407,20.255997],[85.8294282,20.256129],[85.8295878,20.2560359],[85.8295003,20.2559039],[85.8293407,20.255997]]]}},{"type":"Feature","properties":{"building":"yes","name":null,"height":null,"building:levels":null,"amenity":null,"render_height_m":9.0,"height_source":"visual_default_not_measured","web_layer_source":"F:/datasets/layers/all_building.geojson"},"geometry":{"type":"Polygon","coordinates":[[[85.8292119,20.2560901],[85.8292915,20.2562128],[85.8293841,20.25616],[85.8293045,20.2560373],[85.8292119,20.2560901]]]}},{"type":"Feature","properties":{"building":"yes","name":null,"height":null,"building:levels":null,"amenity":null,"render_height_m":9.0,"height_source":"visual_default_not_measured","web_layer_source":"F:/datasets/layers/all_building.geojson"},"geometry":{"type":"Polygon","coordinates":[[[85.8290604,20.2561467],[85.8291537,20.2563058],[85.8292463,20.256258],[85.8291529,20.2560989],[85.8290604,20.2561467]]]}},{"type":"Feature","properties":{"building":"yes","name":null,"height":null,"building:levels":null,"amenity":null,"render_height_m":9.0,"height_source":"visual_default_not_measured","web_layer_source":"F:/datasets/layers/all_building.geojson"},"geometry":{"type":"Polygon","coordinates":[[[85.8288833,20.2562172],[85.8290134,20.2564259],[85.8291006,20.2563781],[85.8289705,20.2561694],[85.8288833,20.2562172]]]}},{"type":"Feature","properties":{"building":"yes","name":null,"height":null,"building:levels":null,"amenity":null,"render_height_m":9.0,"height_source":"visual_default_not_measured","web_layer_source":"F:/datasets/layers/all_building.geojson"},"geometry":{"type":"Polygon","coordinates":[[[85.8287238,20.2563204],[85.8288423,20.2565058],[85.828963,20.2564378],[85.8288445,20.2562524],[85.8287238,20.2563204]]]}},{"type":"Feature","properties":{"building":"yes","name":null,"height":null,"building:levels":null,"amenity":null,"render_height_m":9.0,"height_source":"visual_default_not_measured","web_layer_source":"F:/datasets/layers/all_building.geojson"},"geometry":{"type":"Polygon","coordinates":[[[85.8286232,20.2563971],[85.8287539,20.2566037],[85.8288398,20.2565559],[85.828709,20.2563493],[85.8286232,20.2563971]]]}},{"type":"Feature","properties":{"building":"yes","name":null,"height":null,"building:levels":null,"amenity":null,"render_height_m":9.0,"height_source":"visual_default_not_measured","web_layer_source":"F:/datasets/layers/all_building.geojson"},"geometry":{"type":"Polygon","coordinates":[[[85.8271225,20.2555453],[85.8272055,20.2557869],[85.8274175,20.2557227],[85.8273345,20.2554812],[85.8271225,20.2555453]]]}},{"type":"Feature","properties":{"building":"yes","name":null,"height":null,"building:levels":null,"amenity":null,"render_height_m":9.0,"height_source":"visual_default_not_measured","web_layer_source":"F:/datasets/layers/all_building.geojson"},"geometry":{"type":"Polygon","coordinates":[[[85.8269802,20.2557017],[85.8270769,20.2556724],[85.8270396,20.2555639],[85.8268931,20.2556082],[85.8269254,20.2557022],[85.8269305,20.2557167],[85.8269507,20.2557755],[85.8270004,20.2557605],[85.8269802,20.2557017]]]}},{"type":"Feature","properties":{"building":"yes","name":null,"height":null,"building:levels":null,"amenity":null,"render_height_m":9.0,"height_source":"visual_default_not_measured","web_layer_source":"F:/datasets/layers/all_building.geojson"},"geometry":{"type":"Polygon","coordinates":[[[85.8267523,20.2558315],[85.8268663,20.255797],[85.8268102,20.2556339],[85.8266705,20.2556762],[85.826683,20.2557124],[85.8266531,20.2557215],[85.8267021,20.2558641],[85.8267577,20.2558473],[85.8267523,20.2558315]]]}},{"type":"Feature","properties":{"building":"yes","name":null,"height":null,"building:levels":null,"amenity":null,"render_height_m":9.0,"height_source":"visual_default_not_measured","web_layer_source":"F:/datasets/layers/all_building.geojson"},"geometry":{"type":"Polygon","coordinates":[[[85.8275559,20.2554595],[85.8275389,20.25541],[85.8273786,20.2554585],[85.8274074,20.2555423],[85.8275044,20.2555129],[85.8275177,20.2555515],[85.8275838,20.2555315],[85.8275588,20.2554586],[85.8275559,20.2554595]]]}},{"type":"Feature","properties":{"building":"yes","name":null,"height":null,"building:levels":null,"amenity":null,"render_height_m":9.0,"height_source":"visual_default_not_measured","web_layer_source":"F:/datasets/layers/all_building.geojson"},"geometry":{"type":"Polygon","coordinates":[[[85.8278168,20.2554663],[85.8278507,20.255456],[85.8278324,20.2554029],[85.8278133,20.2554087],[85.8277967,20.2553604],[85.8277819,20.2553649],[85.8277627,20.2553091],[85.8276308,20.2553491],[85.8276499,20.2554049],[85.8276348,20.2554095],[85.8276514,20.2554577],[85.8276321,20.2554636],[85.8276504,20.2555166],[85.8276848,20.2555062],[85.8277107,20.2555815],[85.8278427,20.2555416],[85.8278168,20.2554663]]]}},{"type":"Feature","properties":{"building":"yes","name":null,"height":null,"building:levels":null,"amenity":null,"render_height_m":9.0,"height_source":"visual_default_not_measured","web_layer_source":"F:/datasets/layers/all_building.geojson"},"geometry":{"type":"Polygon","coordinates":[[[85.8281047,20.25575],[85.828137,20.2557402],[85.8280669,20.2555364],[85.8279558,20.25557],[85.827997,20.2556896],[85.8280257,20.2557731],[85.8280286,20.2557722],[85.8280472,20.2558261],[85.828123,20.2558032],[85.8281047,20.25575]]]}},{"type":"Feature","properties":{"building":"yes","name":null,"height":null,"building:levels":null,"amenity":null,"render_height_m":9.0,"height_source":"visual_default_not_measured","web_layer_source":"F:/datasets/layers/all_building.geojson"},"geometry":{"type":"Polygon","coordinates":[[[85.8277084,20.2556571],[85.8277538,20.2557799],[85.827798,20.2558995],[85.8278092,20.2558958],[85.8278135,20.2559073],[85.8278278,20.2559026],[85.8278337,20.2559186],[85.8278869,20.2559013],[85.827881,20.2558854],[85.827902,20.2558786],[85.827898,20.2558678],[85.8279613,20.2558472],[85.8279245,20.2557478],[85.8279537,20.2557383],[85.8279006,20.2555946],[85.8277084,20.2556571]]]}},{"type":"Feature","properties":{"building":"yes","name":null,"height":null,"building:levels":null,"amenity":null,"render_height_m":9.0,"height_source":"visual_default_not_measured","web_layer_source":"F:/datasets/layers/all_building.geojson"},"geometry":{"type":"Polygon","coordinates":[[[85.8266986,20.2559749],[85.8267697,20.2561964],[85.8268397,20.2561767],[85.826839,20.2561745],[85.8269632,20.2561395],[85.8269241,20.2560178],[85.8267978,20.2560535],[85.8267665,20.2559557],[85.8266986,20.2559749]]]}},{"type":"Feature","properties":{"building":"yes","name":null,"height":null,"building:levels":null,"amenity":null,"render_height_m":9.0,"height_source":"visual_default_not_measured","web_layer_source":"F:/datasets/layers/all_building.geojson"},"geometry":{"type":"Polygon","coordinates":[[[85.8275484,20.2559073],[85.8275497,20.2559109],[85.8276154,20.2558893],[85.8276141,20.2558859],[85.8276359,20.2558788],[85.8276432,20.2558983],[85.8277036,20.2558785],[85.8276964,20.2558592],[85.8277368,20.255846],[85.8277017,20.2557517],[85.8276607,20.2557651],[85.827651,20.2557392],[85.8275905,20.255759],[85.8276001,20.2557846],[85.827489,20.255821],[85.8275241,20.2559152],[85.8275484,20.2559073]]]}},{"type":"Feature","properties":{"building":"yes","name":null,"height":null,"building:levels":null,"amenity":null,"render_height_m":9.0,"height_source":"visual_default_not_measured","web_layer_source":"F:/datasets/layers/all_building.geojson"},"geometry":{"type":"Polygon","coordinates":[[[85.827333,20.2558108],[85.8274003,20.2560317],[85.8274942,20.2560065],[85.8274269,20.2557856],[85.827333,20.2558108]]]}},{"type":"Feature","properties":{"building":"yes","name":null,"height":null,"building:levels":null,"amenity":null,"render_height_m":9.0,"height_source":"visual_default_not_measured","web_layer_source":"F:/datasets/layers/all_building.geojson"},"geometry":{"type":"Polygon","coordinates":[[[85.827215,20.2558347],[85.8272898,20.2560802],[85.8273743,20.2560575],[85.8272995,20.2558121],[85.827215,20.2558347]]]}},{"type":"Feature","properties":{"building":"yes","name":null,"height":null,"building:levels":null,"amenity":null,"render_height_m":9.0,"height_source":"visual_default_not_measured","web_layer_source":"F:/datasets/layers/all_building.geojson"},"geometry":{"type":"Polygon","coordinates":[[[85.8270648,20.2558574],[85.8270911,20.2559203],[85.8271971,20.2558813],[85.8271708,20.2558184],[85.8270648,20.2558574]]]}},{"type":"Feature","properties":{"building":"yes","name":null,"height":null,"building:levels":null,"amenity":null,"render_height_m":9.0,"height_source":"visual_default_not_measured","web_layer_source":"F:/datasets/layers/all_building.geojson"},"geometry":{"type":"Polygon","coordinates":[[[85.8270474,20.2559429],[85.8270909,20.2560849],[85.8272169,20.256051],[85.8271734,20.2559089],[85.8270474,20.2559429]]]}},{"type":"Feature","properties":{"building":"yes","name":null,"height":null,"building:levels":null,"amenity":null,"render_height_m":9.0,"height_source":"visual_default_not_measured","web_layer_source":"F:/datasets/layers/all_building.geojson"},"geometry":{"type":"Polygon","coordinates":[[[85.8265123,20.2560637],[85.8265797,20.2562459],[85.8266454,20.2562245],[85.826578,20.2560423],[85.8265123,20.2560637]]]}},{"type":"Feature","properties":{"building":"yes","name":null,"height":null,"building:levels":null,"amenity":null,"render_height_m":9.0,"height_source":"visual_default_not_measured","web_layer_source":"F:/datasets/layers/all_building.geojson"},"geometry":{"type":"Polygon","coordinates":[[[85.8263554,20.2561908],[85.8263891,20.2562954],[85.8265178,20.2562589],[85.8264841,20.2561543],[85.8263554,20.2561908]]]}},{"type":"Feature","properties":{"building":"yes","name":null,"height":null,"building:levels":null,"amenity":null,"render_height_m":9.0,"height_source":"visual_default_not_measured","web_layer_source":"F:/datasets/layers/all_building.geojson"},"geometry":{"type":"Polygon","coordinates":[[[85.8281082,20.2559958],[85.828153,20.2561139],[85.8282925,20.2560674],[85.8282477,20.2559492],[85.8281082,20.2559958]]]}},{"type":"Feature","properties":{"building":"yes","name":null,"height":null,"building:levels":null,"amenity":null,"render_height_m":9.0,"height_source":"visual_default_not_measured","web_layer_source":"F:/datasets/layers/all_building.geojson"},"geometry":{"type":"Polygon","coordinates":[[[85.8418196,20.265126],[85.8415969,20.2652725],[85.842018,20.2658361],[85.8422407,20.2656896],[85.8418196,20.265126]]]}},{"type":"Feature","properties":{"building":"yes","name":null,"height":null,"building:levels":null,"amenity":null,"render_height_m":9.0,"height_source":"visual_default_not_measured","web_layer_source":"F:/datasets/layers/all_building.geojson"},"geometry":{"type":"Polygon","coordinates":[[[85.8416936,20.2659865],[85.8415797,20.2660626],[85.8417124,20.2662375],[85.8418263,20.2661614],[85.8416936,20.2659865]]]}},{"type":"Feature","properties":{"building":"yes","name":null,"height":null,"building:levels":null,"amenity":null,"render_height_m":9.0,"height_source":"visual_default_not_measured","web_layer_source":"F:/datasets/layers/all_building.geojson"},"geometry":{"type":"Polygon","coordinates":[[[85.8415917,20.2658054],[85.8414841,20.2658648],[85.841582,20.2660208],[85.8416896,20.2659614],[85.8415917,20.2658054]]]}},{"type":"Feature","properties":{"building":"yes","name":null,"height":null,"building:levels":null,"amenity":null,"render_height_m":9.0,"height_source":"visual_default_not_measured","web_layer_source":"F:/datasets/layers/all_building.geojson"},"geometry":{"type":"Polygon","coordinates":[[[85.8413583,20.2660582],[85.8412721,20.2661114],[85.8413955,20.2662875],[85.8414817,20.2662344],[85.8413583,20.2660582]]]}},{"type":"Feature","properties":{"building":"yes","name":null,"height":null,"building:levels":null,"amenity":null,"render_height_m":9.0,"height_source":"visual_default_not_measured","web_layer_source":"F:/datasets/layers/all_building.geojson"},"geometry":{"type":"Polygon","coordinates":[[[85.8414911,20.2662482],[85.8414095,20.2663016],[85.84149,20.2664098],[85.8415715,20.2663564],[85.8414911,20.2662482]]]}},{"type":"Feature","properties":{"building":"yes","name":null,"height":null,"building:levels":null,"amenity":null,"render_height_m":9.0,"height_source":"visual_default_not_measured","web_layer_source":"F:/datasets/layers/all_building.geojson"},"geometry":{"type":"Polygon","coordinates":[[[85.8414267,20.2658871],[85.8413123,20.2659513],[85.8414022,20.2660972],[85.8415273,20.2660293],[85.8414267,20.2658871]]]}},{"type":"Feature","properties":{"building":"yes","name":null,"height":null,"building:levels":null,"amenity":null,"render_height_m":9.0,"height_source":"visual_default_not_measured","web_layer_source":"F:/datasets/layers/all_building.geojson"},"geometry":{"type":"Polygon","coordinates":[[[85.8412805,20.2656896],[85.8411793,20.2657555],[85.8412919,20.2659078],[85.8413932,20.2658418],[85.8412805,20.2656896]]]}},{"type":"Feature","properties":{"building":"yes","name":null,"height":null,"building:levels":null,"amenity":null,"render_height_m":9.0,"height_source":"visual_default_not_measured","web_layer_source":"F:/datasets/layers/all_building.geojson"},"geometry":{"type":"Polygon","coordinates":[[[85.841137,20.2654757],[85.8410442,20.2655343],[85.8411461,20.2656765],[85.8412389,20.2656179],[85.841137,20.2654757]]]}},{"type":"Feature","properties":{"building":"yes","name":null,"height":null,"building:levels":null,"amenity":null,"render_height_m":9.0,"height_source":"visual_default_not_measured","web_layer_source":"F:/datasets/layers/all_building.geojson"},"geometry":{"type":"Polygon","coordinates":[[[85.8411008,20.2658217],[85.8409313,20.2659285],[85.840997,20.2660203],[85.8411665,20.2659135],[85.8411008,20.2658217]]]}},{"type":"Feature","properties":{"building":"yes","name":null,"height":null,"building:levels":null,"amenity":null,"render_height_m":9.0,"height_source":"visual_default_not_measured","web_layer_source":"F:/datasets/layers/all_building.geojson"},"geometry":{"type":"Polygon","coordinates":[[[85.8412376,20.265945],[85.8410096,20.2660796],[85.8410857,20.2661929],[85.8413136,20.2660583],[85.8412376,20.265945]]]}},{"type":"Feature","properties":{"building":"yes","name":null,"height":null,"building:levels":null,"amenity":null,"render_height_m":9.0,"height_source":"visual_default_not_measured","web_layer_source":"F:/datasets/layers/all_building.geojson"},"geometry":{"type":"Polygon","coordinates":[[[85.8409426,20.2659853],[85.840842,20.2660406],[85.8409041,20.2661251],[85.8409969,20.2660713],[85.8409426,20.2659853]]]}},{"type":"Feature","properties":{"building":"yes","name":null,"height":null,"building:levels":null,"amenity":null,"render_height_m":9.0,"height_source":"visual_default_not_measured","web_layer_source":"F:/datasets/layers/all_building.geojson"},"geometry":{"type":"Polygon","coordinates":[[[85.8408755,20.2658595],[85.8407709,20.2659211],[85.8408318,20.266012],[85.8409364,20.2659503],[85.8408755,20.2658595]]]}},{"type":"Feature","properties":{"building":"yes","name":null,"height":null,"building:levels":null,"amenity":null,"render_height_m":9.0,"height_source":"visual_default_not_measured","web_layer_source":"F:/datasets/layers/all_building.geojson"},"geometry":{"type":"Polygon","coordinates":[[[85.8407092,20.2656267],[85.8406073,20.2656909],[85.8407437,20.2658815],[85.8408456,20.2658174],[85.8407092,20.2656267]]]}},{"type":"Feature","properties":{"building":"yes","name":null,"height":null,"building:levels":null,"amenity":null,"render_height_m":9.0,"height_source":"visual_default_not_measured","web_layer_source":"F:/datasets/layers/all_building.geojson"},"geometry":{"type":"Polygon","coordinates":[[[85.8418196,20.2656506],[85.8416158,20.2657689],[85.8419059,20.2661719],[85.8420977,20.2660511],[85.8418196,20.2656506]]]}},{"type":"Feature","properties":{"building":"yes","name":null,"height":null,"building:levels":null,"amenity":null,"render_height_m":9.0,"height_source":"visual_default_not_measured","web_layer_source":"F:/datasets/layers/all_building.geojson"},"geometry":{"type":"Polygon","coordinates":[[[85.8409613,20.2661438],[85.8408076,20.2662411],[85.8409886,20.2664928],[85.8411424,20.2663954],[85.8409613,20.2661438]]]}},{"type":"Feature","properties":{"building":"yes","name":null,"height":null,"building:levels":null,"amenity":null,"render_height_m":9.0,"height_source":"visual_default_not_measured","web_layer_source":"F:/datasets/layers/all_building.geojson"},"geometry":{"type":"Polygon","coordinates":[[[85.8410981,20.2664822],[85.840964,20.2665438],[85.841029,20.2666683],[85.8411632,20.2666067],[85.8410981,20.2664822]]]}},{"type":"Feature","properties":{"building":"yes","name":null,"height":null,"building:levels":null,"amenity":null,"render_height_m":9.0,"height_source":"visual_default_not_measured","web_layer_source":"F:/datasets/layers/all_building.geojson"},"geometry":{"type":"Polygon","coordinates":[[[85.8406878,20.2665942],[85.840796,20.2667616],[85.8410038,20.2666433],[85.8408956,20.2664759],[85.8406878,20.2665942]]]}},{"type":"Feature","properties":{"building":"yes","name":null,"height":null,"building:levels":null,"amenity":null,"render_height_m":9.0,"height_source":"visual_default_not_measured","web_layer_source":"F:/datasets/layers/all_building.geojson"},"geometry":{"type":"Polygon","coordinates":[[[85.8404651,20.266447],[85.8403205,20.2665234],[85.8405056,20.2668316],[85.8406502,20.2667552],[85.8404651,20.266447]]]}},{"type":"Feature","properties":{"building":"yes","name":null,"height":null,"building:levels":null,"amenity":null,"render_height_m":9.0,"height_source":"visual_default_not_measured","web_layer_source":"F:/datasets/layers/all_building.geojson"},"geometry":{"type":"Polygon","coordinates":[[[85.8401741,20.2660532],[85.8401107,20.2660911],[85.840158,20.2661576],[85.8401446,20.2661677],[85.840209,20.2662532],[85.8401768,20.2662746],[85.8402689,20.2664283],[85.8403967,20.2663438],[85.8401741,20.2660532]]]}},{"type":"Feature","properties":{"building":"yes","name":null,"height":null,"building:levels":null,"amenity":null,"render_height_m":9.0,"height_source":"visual_default_not_measured","web_layer_source":"F:/datasets/layers/all_building.geojson"},"geometry":{"type":"Polygon","coordinates":[[[85.840382,20.2658494],[85.8402108,20.265957],[85.840327,20.2661174],[85.8403552,20.2661048],[85.8404195,20.2661853],[85.8403981,20.2662004],[85.8404603,20.2662766],[85.8406167,20.2661777],[85.840382,20.2658494]]]}},{"type":"Feature","properties":{"building":"yes","name":null,"height":null,"building:levels":null,"amenity":null,"render_height_m":9.0,"height_source":"visual_default_not_measured","web_layer_source":"F:/datasets/layers/all_building.geojson"},"geometry":{"type":"Polygon","coordinates":[[[85.8400547,20.2657846],[85.8401094,20.2658725],[85.840275,20.265782],[85.8402204,20.265694],[85.8400547,20.2657846]]]}},{"type":"Feature","properties":{"building":"yes","name":null,"height":null,"building:levels":null,"amenity":null,"render_height_m":9.0,"height_source":"visual_default_not_measured","web_layer_source":"F:/datasets/layers/all_building.geojson"},"geometry":{"type":"Polygon","coordinates":[[[85.8398817,20.2658651],[85.8399515,20.2659927],[85.8401057,20.2659184],[85.840036,20.2657909],[85.8398817,20.2658651]]]}},{"type":"Feature","properties":{"building":"yes","name":null,"height":null,"building:levels":null,"amenity":null,"render_height_m":9.0,"height_source":"visual_default_not_measured","web_layer_source":"F:/datasets/layers/all_building.geojson"},"geometry":{"type":"Polygon","coordinates":[[[85.8398326,20.2657952],[85.8398419,20.2658128],[85.8398826,20.2657938],[85.8398716,20.2657732],[85.8401024,20.2656654],[85.8400608,20.2655869],[85.8398364,20.2656917],[85.8398052,20.2656328],[85.8397645,20.2656518],[85.8397974,20.2657137],[85.839788,20.2657181],[85.8398297,20.2657965],[85.8398326,20.2657952]]]}},{"type":"Feature","properties":{"building":"yes","name":null,"height":null,"building:levels":null,"amenity":null,"render_height_m":9.0,"height_source":"visual_default_not_measured","web_layer_source":"F:/datasets/layers/all_building.geojson"},"geometry":{"type":"Polygon","coordinates":[[[85.839696,20.2654978],[85.8397554,20.265605],[85.8398264,20.2655704],[85.8397671,20.2654632],[85.839696,20.2654978]]]}},{"type":"Feature","properties":{"building":"yes","name":null,"height":null,"building:levels":null,"amenity":null,"render_height_m":9.0,"height_source":"visual_default_not_measured","web_layer_source":"F:/datasets/layers/all_building.geojson"},"geometry":{"type":"Polygon","coordinates":[[[85.8398174,20.2654298],[85.8398677,20.2655071],[85.8400796,20.2653857],[85.8400293,20.2653084],[85.8398174,20.2654298]]]}},{"type":"Feature","properties":{"building":"yes","name":null,"height":null,"building:levels":null,"amenity":null,"render_height_m":9.0,"height_source":"visual_default_not_measured","web_layer_source":"F:/datasets/layers/all_building.geojson"},"geometry":{"type":"Polygon","coordinates":[[[85.8396196,20.2654153],[85.8396691,20.2654964],[85.8398844,20.2653807],[85.8398348,20.2652996],[85.8396196,20.2654153]]]}},{"type":"Feature","properties":{"building":"yes","name":null,"height":null,"building:levels":null,"amenity":null,"render_height_m":9.0,"height_source":"visual_default_not_measured","web_layer_source":"F:/datasets/layers/all_building.geojson"},"geometry":{"type":"Polygon","coordinates":[[[85.8395679,20.2653386],[85.839602,20.2654022],[85.8398118,20.2653035],[85.8397778,20.2652398],[85.8395679,20.2653386]]]}},{"type":"Feature","properties":{"building":"yes","name":null,"height":null,"building:levels":null,"amenity":null,"render_height_m":9.0,"height_source":"visual_default_not_measured","web_layer_source":"F:/datasets/layers/all_building.geojson"},"geometry":{"type":"Polygon","coordinates":[[[85.8397758,20.2651436],[85.8398037,20.265187],[85.8399284,20.2651166],[85.8399005,20.2650731],[85.8397758,20.2651436]]]}},{"type":"Feature","properties":{"building":"yes","name":null,"height":null,"building:levels":null,"amenity":null,"render_height_m":9.0,"height_source":"visual_default_not_measured","web_layer_source":"F:/datasets/layers/all_building.geojson"},"geometry":{"type":"Polygon","coordinates":[[[85.8396055,20.2652292],[85.8396468,20.2652846],[85.8397829,20.2652236],[85.8397503,20.2651612],[85.8396055,20.2652292]]]}},{"type":"Feature","properties":{"building":"yes","name":null,"height":null,"building:levels":null,"amenity":null,"render_height_m":9.0,"height_source":"visual_default_not_measured","web_layer_source":"F:/datasets/layers/all_building.geojson"},"geometry":{"type":"Polygon","coordinates":[[[85.8398013,20.2650102],[85.8398431,20.2650753],[85.8399276,20.2650275],[85.8398858,20.2649624],[85.8398013,20.2650102]]]}},{"type":"Feature","properties":{"building":"yes","name":null,"height":null,"building:levels":null,"amenity":null,"render_height_m":9.0,"height_source":"visual_default_not_measured","web_layer_source":"F:/datasets/layers/all_building.geojson"},"geometry":{"type":"Polygon","coordinates":[[[85.8397074,20.2650593],[85.8397561,20.2651385],[85.8398352,20.2650957],[85.8397865,20.2650165],[85.8397074,20.2650593]]]}},{"type":"Feature","properties":{"building":"yes","name":null,"height":null,"building:levels":null,"amenity":null,"render_height_m":9.0,"height_source":"visual_default_not_measured","web_layer_source":"F:/datasets/layers/all_building.geojson"},"geometry":{"type":"Polygon","coordinates":[[[85.8395854,20.2651121],[85.8396315,20.2652021],[85.8397374,20.2651543],[85.8396913,20.2650643],[85.8395854,20.2651121]]]}},{"type":"Feature","properties":{"building":"yes","name":null,"height":null,"building:levels":null,"amenity":null,"render_height_m":9.0,"height_source":"visual_default_not_measured","web_layer_source":"F:/datasets/layers/all_building.geojson"},"geometry":{"type":"Polygon","coordinates":[[[85.8400118,20.2646202],[85.8400819,20.2647644],[85.8401731,20.2647254],[85.840103,20.2645812],[85.8400118,20.2646202]]]}},{"type":"Feature","properties":{"building":"yes","name":null,"height":null,"building:levels":null,"amenity":null,"render_height_m":9.0,"height_source":"visual_default_not_measured","web_layer_source":"F:/datasets/layers/all_building.geojson"},"geometry":{"type":"Polygon","coordinates":[[[85.8398455,20.2647234],[85.8399124,20.2648555],[85.8400733,20.2647838],[85.8400065,20.2646517],[85.8398455,20.2647234]]]}},{"type":"Feature","properties":{"building":"yes","name":null,"height":null,"building:levels":null,"amenity":null,"render_height_m":9.0,"height_source":"visual_default_not_measured","web_layer_source":"F:/datasets/layers/all_building.geojson"},"geometry":{"type":"Polygon","coordinates":[[[85.8394419,20.2648379],[85.8395317,20.2649999],[85.8397999,20.2648691],[85.8397101,20.264707],[85.8394419,20.2648379]]]}},{"type":"Feature","properties":{"building":"yes","name":null,"height":null,"building:levels":null,"amenity":null,"render_height_m":9.0,"height_source":"visual_default_not_measured","web_layer_source":"F:/datasets/layers/all_building.geojson"},"geometry":{"type":"Polygon","coordinates":[[[85.8394526,20.2646165],[85.8393279,20.2646768],[85.839377,20.2647662],[85.8395018,20.2647058],[85.8394526,20.2646165]]]}},{"type":"Feature","properties":{"building":"yes","name":null,"height":null,"building:levels":null,"amenity":null,"render_height_m":9.0,"height_source":"visual_default_not_measured","web_layer_source":"F:/datasets/layers/all_building.geojson"},"geometry":{"type":"Polygon","coordinates":[[[85.8394271,20.2644718],[85.8393387,20.2645185],[85.8393802,20.2645877],[85.8394687,20.264541],[85.8394271,20.2644718]]]}},{"type":"Feature","properties":{"building":"yes","name":null,"height":null,"building:levels":null,"amenity":null,"render_height_m":9.0,"height_source":"visual_default_not_measured","web_layer_source":"F:/datasets/layers/all_building.geojson"},"geometry":{"type":"Polygon","coordinates":[[[85.8394405,20.2642252],[85.8392716,20.2643033],[85.8393158,20.2643876],[85.8394848,20.2643095],[85.8394405,20.2642252]]]}},{"type":"Feature","properties":{"building":"yes","name":null,"height":null,"building:levels":null,"amenity":null,"render_height_m":9.0,"height_source":"visual_default_not_measured","web_layer_source":"F:/datasets/layers/all_building.geojson"},"geometry":{"type":"Polygon","coordinates":[[[85.8388739,20.2641862],[85.8389198,20.2642807],[85.83907,20.2642165],[85.8390241,20.264122],[85.8388739,20.2641862]]]}},{"type":"Feature","properties":{"building":"yes","name":null,"height":null,"building:levels":null,"amenity":null,"render_height_m":9.0,"height_source":"visual_default_not_measured","web_layer_source":"F:/datasets/layers/all_building.geojson"},"geometry":{"type":"Polygon","coordinates":[[[85.8390523,20.2641101],[85.839099,20.2642083],[85.8392599,20.264141],[85.8392132,20.2640428],[85.8390523,20.2641101]]]}},{"type":"Feature","properties":{"building":"yes","name":null,"height":null,"building:levels":null,"amenity":null,"render_height_m":9.0,"height_source":"visual_default_not_measured","web_layer_source":"F:/datasets/layers/all_building.geojson"},"geometry":{"type":"Polygon","coordinates":[[[85.8392977,20.2639893],[85.8392226,20.2640289],[85.8392715,20.2641106],[85.8393466,20.2640711],[85.8392977,20.2639893]]]}},{"type":"Feature","properties":{"building":"yes","name":null,"height":null,"building:levels":null,"amenity":null,"render_height_m":9.0,"height_source":"visual_default_not_measured","web_layer_source":"F:/datasets/layers/all_building.geojson"},"geometry":{"type":"Polygon","coordinates":[[[85.8388511,20.2639981],[85.8389117,20.2641203],[85.8389794,20.2640907],[85.8389188,20.2639685],[85.8388511,20.2639981]]]}},{"type":"Feature","properties":{"building":"yes","name":null,"height":null,"building:levels":null,"amenity":null,"render_height_m":9.0,"height_source":"visual_default_not_measured","web_layer_source":"F:/datasets/layers/all_building.geojson"},"geometry":{"type":"Polygon","coordinates":[[[85.8392072,20.26381],[85.8389436,20.2639421],[85.8390223,20.2640802],[85.8392858,20.2639481],[85.8392072,20.26381]]]}},{"type":"Feature","properties":{"building":"yes","name":null,"height":null,"building:levels":null,"amenity":null,"render_height_m":9.0,"height_source":"visual_default_not_measured","web_layer_source":"F:/datasets/layers/all_building.geojson"},"geometry":{"type":"Polygon","coordinates":[[[85.8386942,20.2639472],[85.8387296,20.2640184],[85.8391165,20.2638492],[85.8390811,20.2637779],[85.8386942,20.2639472]]]}},{"type":"Feature","properties":{"building":"yes","name":null,"height":null,"building:levels":null,"amenity":null,"render_height_m":9.0,"height_source":"visual_default_not_measured","web_layer_source":"F:/datasets/layers/all_building.geojson"},"geometry":{"type":"Polygon","coordinates":[[[85.8387955,20.2638075],[85.8388333,20.2638802],[85.8389567,20.2638235],[85.8389188,20.2637509],[85.8387955,20.2638075]]]}},{"type":"Feature","properties":{"building":"yes","name":null,"height":null,"building:levels":null,"amenity":null,"render_height_m":9.0,"height_source":"visual_default_not_measured","web_layer_source":"F:/datasets/layers/all_building.geojson"},"geometry":{"type":"Polygon","coordinates":[[[85.8387224,20.2637515],[85.8387593,20.2638177],[85.8389604,20.2637189],[85.8389235,20.2636528],[85.8387224,20.2637515]]]}},{"type":"Feature","properties":{"building":"yes","name":null,"height":null,"building:levels":null,"amenity":null,"render_height_m":9.0,"height_source":"visual_default_not_measured","web_layer_source":"F:/datasets/layers/all_building.geojson"},"geometry":{"type":"Polygon","coordinates":[[[85.8386084,20.2638018],[85.8386387,20.2638691],[85.8387353,20.2638307],[85.8387049,20.2637635],[85.8386084,20.2638018]]]}},{"type":"Feature","properties":{"building":"yes","name":null,"height":null,"building:levels":null,"amenity":null,"render_height_m":9.0,"height_source":"visual_default_not_measured","web_layer_source":"F:/datasets/layers/all_building.geojson"},"geometry":{"type":"Polygon","coordinates":[[[85.8387559,20.2636232],[85.8387883,20.2636827],[85.838913,20.263623],[85.8388806,20.2635634],[85.8387559,20.2636232]]]}},{"type":"Feature","properties":{"building":"yes","name":null,"height":null,"building:levels":null,"amenity":null,"render_height_m":9.0,"height_source":"visual_default_not_measured","web_layer_source":"F:/datasets/layers/all_building.geojson"},"geometry":{"type":"Polygon","coordinates":[[[85.8385728,20.2637138],[85.8386061,20.2637855],[85.8387523,20.2637257],[85.838719,20.263654],[85.8385728,20.2637138]]]}},{"type":"Feature","properties":{"building":"yes","name":null,"height":null,"building:levels":null,"amenity":null,"render_height_m":9.0,"height_source":"visual_default_not_measured","web_layer_source":"F:/datasets/layers/all_building.geojson"},"geometry":{"type":"Polygon","coordinates":[[[85.8385105,20.2635873],[85.8385642,20.2637047],[85.8387124,20.2636449],[85.8386587,20.2635276],[85.8385105,20.2635873]]]}},{"type":"Feature","properties":{"building":"yes","name":null,"height":null,"building:levels":null,"amenity":null,"render_height_m":9.0,"height_source":"visual_default_not_measured","web_layer_source":"F:/datasets/layers/all_building.geojson"},"geometry":{"type":"Polygon","coordinates":[[[85.8384977,20.2634263],[85.8385187,20.2634728],[85.8386026,20.2634395],[85.8385815,20.263393],[85.8384977,20.2634263]]]}},{"type":"Feature","properties":{"building":"yes","name":null,"height":null,"building:levels":null,"amenity":null,"render_height_m":9.0,"height_source":"visual_default_not_measured","web_layer_source":"F:/datasets/layers/all_building.geojson"},"geometry":{"type":"Polygon","coordinates":[[[85.8386902,20.2635068],[85.8387409,20.2635968],[85.8389843,20.2634761],[85.8389336,20.263386],[85.8386902,20.2635068]]]}},{"type":"Feature","properties":{"building":"yes","name":null,"height":null,"building:levels":null,"amenity":null,"render_height_m":9.0,"height_source":"visual_default_not_measured","web_layer_source":"F:/datasets/layers/all_building.geojson"},"geometry":{"type":"Polygon","coordinates":[[[85.8387358,20.2633621],[85.83877,20.2634249],[85.8389155,20.2633551],[85.8388813,20.2632923],[85.8387358,20.2633621]]]}},{"type":"Feature","properties":{"building":"yes","name":null,"height":null,"building:levels":null,"amenity":null,"render_height_m":9.0,"height_source":"visual_default_not_measured","web_layer_source":"F:/datasets/layers/all_building.geojson"},"geometry":{"type":"Polygon","coordinates":[[[85.8386446,20.2633225],[85.838676,20.2633807],[85.838798,20.2633229],[85.8387666,20.2632646],[85.8386446,20.2633225]]]}},{"type":"Feature","properties":{"building":"yes","name":null,"height":null,"building:levels":null,"amenity":null,"render_height_m":9.0,"height_source":"visual_default_not_measured","web_layer_source":"F:/datasets/layers/all_building.geojson"},"geometry":{"type":"Polygon","coordinates":[[[85.8387827,20.2631665],[85.838658,20.2632231],[85.8386906,20.2632863],[85.8388153,20.2632296],[85.8387827,20.2631665]]]}},{"type":"Feature","properties":{"building":"yes","name":null,"height":null,"building:levels":null,"amenity":null,"render_height_m":9.0,"height_source":"visual_default_not_measured","web_layer_source":"F:/datasets/layers/all_building.geojson"},"geometry":{"type":"Polygon","coordinates":[[[85.8384407,20.2633684],[85.8384698,20.2634284],[85.8385791,20.2633818],[85.83855,20.2633219],[85.8384407,20.2633684]]]}},{"type":"Feature","properties":{"building":"yes","name":null,"height":null,"building:levels":null,"amenity":null,"render_height_m":9.0,"height_source":"visual_default_not_measured","web_layer_source":"F:/datasets/layers/all_building.geojson"},"geometry":{"type":"Polygon","coordinates":[[[85.8383871,20.263247],[85.8384288,20.2633378],[85.8385891,20.2632731],[85.8385473,20.2631822],[85.8383871,20.263247]]]}},{"type":"Feature","properties":{"building":"yes","name":null,"height":null,"building:levels":null,"amenity":null,"render_height_m":9.0,"height_source":"visual_default_not_measured","web_layer_source":"F:/datasets/layers/all_building.geojson"},"geometry":{"type":"Polygon","coordinates":[[[85.8385675,20.2631589],[85.8386143,20.2632367],[85.8387531,20.2631631],[85.8387063,20.2630854],[85.8385675,20.2631589]]]}},{"type":"Feature","properties":{"building":"yes","name":null,"height":null,"building:levels":null,"amenity":null,"render_height_m":9.0,"height_source":"visual_default_not_measured","web_layer_source":"F:/datasets/layers/all_building.geojson"},"geometry":{"type":"Polygon","coordinates":[[[85.8384448,20.2631061],[85.838497,20.2631874],[85.8386982,20.2630735],[85.8386459,20.2629923],[85.8384448,20.2631061]]]}},{"type":"Feature","properties":{"building":"yes","name":null,"height":null,"building:levels":null,"amenity":null,"render_height_m":9.0,"height_source":"visual_default_not_measured","web_layer_source":"F:/datasets/layers/all_building.geojson"},"geometry":{"type":"Polygon","coordinates":[[[85.8383495,20.2628746],[85.8382325,20.262983],[85.8382634,20.2630195],[85.8383958,20.2629187],[85.8383495,20.2628746]]]}},{"type":"Feature","properties":{"building":"yes","name":null,"height":null,"building:levels":null,"amenity":null,"render_height_m":9.0,"height_source":"visual_default_not_measured","web_layer_source":"F:/datasets/layers/all_building.geojson"},"geometry":{"type":"Polygon","coordinates":[[[85.8383576,20.2629759],[85.8382751,20.2630426],[85.8383348,20.2631075],[85.8384172,20.2630408],[85.8383576,20.2629759]]]}},{"type":"Feature","properties":{"building":"yes","name":null,"height":null,"building:levels":null,"amenity":null,"render_height_m":9.0,"height_source":"visual_default_not_measured","web_layer_source":"F:/datasets/layers/all_building.geojson"},"geometry":{"type":"Polygon","coordinates":[[[85.8385232,20.2628394],[85.838371,20.2629583],[85.838434,20.2630293],[85.8385862,20.2629104],[85.8385232,20.2628394]]]}},{"type":"Feature","properties":{"building":"yes","name":null,"height":null,"building:levels":null,"amenity":null,"render_height_m":9.0,"height_source":"visual_default_not_measured","web_layer_source":"F:/datasets/layers/all_building.geojson"},"geometry":{"type":"Polygon","coordinates":[[[85.8384669,20.2627626],[85.8383723,20.2628325],[85.8384206,20.2628899],[85.8385151,20.2628201],[85.8384669,20.2627626]]]}},{"type":"Feature","properties":{"building":"yes","name":null,"height":null,"building:levels":null,"amenity":null,"render_height_m":9.0,"height_source":"visual_default_not_measured","web_layer_source":"F:/datasets/layers/all_building.geojson"},"geometry":{"type":"Polygon","coordinates":[[[85.8381068,20.2630772],[85.8382061,20.2631921],[85.8383147,20.2631154],[85.8382181,20.2629923],[85.8381068,20.2630772]]]}},{"type":"Feature","properties":{"building":"yes","name":null,"height":null,"building:levels":null,"amenity":null,"render_height_m":9.0,"height_source":"visual_default_not_measured","web_layer_source":"F:/datasets/layers/all_building.geojson"},"geometry":{"type":"Polygon","coordinates":[[[85.8381906,20.2629105],[85.8382291,20.2629632],[85.8383297,20.2628726],[85.8382764,20.2628331],[85.8381906,20.2629105]]]}},{"type":"Feature","properties":{"building":"yes","name":null,"height":null,"building:levels":null,"amenity":null,"render_height_m":9.0,"height_source":"visual_default_not_measured","web_layer_source":"F:/datasets/layers/all_building.geojson"},"geometry":{"type":"Polygon","coordinates":[[[85.8381289,20.2629426],[85.838175,20.263003],[85.8382172,20.2629747],[85.8381712,20.2629142],[85.8381289,20.2629426]]]}},{"type":"Feature","properties":{"building":"yes","name":null,"height":null,"building:levels":null,"amenity":null,"render_height_m":9.0,"height_source":"visual_default_not_measured","web_layer_source":"F:/datasets/layers/all_building.geojson"},"geometry":{"type":"Polygon","coordinates":[[[85.8380491,20.262986],[85.8381034,20.2630552],[85.8381618,20.263015],[85.8381075,20.2629457],[85.8380491,20.262986]]]}},{"type":"Feature","properties":{"building":"yes","name":null,"height":null,"building:levels":null,"amenity":null,"render_height_m":9.0,"height_source":"visual_default_not_measured","web_layer_source":"F:/datasets/layers/all_building.geojson"},"geometry":{"type":"Polygon","coordinates":[[[85.8382852,20.2626733],[85.8383421,20.2627431],[85.8384052,20.2626978],[85.8383482,20.262628],[85.8382852,20.2626733]]]}},{"type":"Feature","properties":{"building":"yes","name":null,"height":null,"building:levels":null,"amenity":null,"render_height_m":9.0,"height_source":"visual_default_not_measured","web_layer_source":"F:/datasets/layers/all_building.geojson"},"geometry":{"type":"Polygon","coordinates":[[[85.8382194,20.2627186],[85.8382725,20.2627957],[85.8383255,20.2627636],[85.8382724,20.2626865],[85.8382194,20.2627186]]]}},{"type":"Feature","properties":{"building":"yes","name":null,"height":null,"building:levels":null,"amenity":null,"render_height_m":9.0,"height_source":"visual_default_not_measured","web_layer_source":"F:/datasets/layers/all_building.geojson"},"geometry":{"type":"Polygon","coordinates":[[[85.8381356,20.2627947],[85.8382098,20.2628732],[85.8382453,20.2628436],[85.8381712,20.2627652],[85.8381356,20.2627947]]]}},{"type":"Feature","properties":{"building":"yes","name":null,"height":null,"building:levels":null,"amenity":null,"render_height_m":9.0,"height_source":"visual_default_not_measured","web_layer_source":"F:/datasets/layers/all_building.geojson"},"geometry":{"type":"Polygon","coordinates":[[[85.838078,20.2628356],[85.838149,20.2629215],[85.8381939,20.2628888],[85.8381229,20.2628029],[85.838078,20.2628356]]]}},{"type":"Feature","properties":{"building":"yes","name":null,"height":null,"building:levels":null,"amenity":null,"render_height_m":9.0,"height_source":"visual_default_not_measured","web_layer_source":"F:/datasets/layers/all_building.geojson"},"geometry":{"type":"Polygon","coordinates":[[[85.8379921,20.2629042],[85.8380393,20.2629676],[85.8380883,20.2629355],[85.8380411,20.2628721],[85.8379921,20.2629042]]]}},{"type":"Feature","properties":{"building":"yes","name":null,"height":null,"building:levels":null,"amenity":null,"render_height_m":9.0,"height_source":"visual_default_not_measured","web_layer_source":"F:/datasets/layers/all_building.geojson"},"geometry":{"type":"Polygon","coordinates":[[[85.8380076,20.2627356],[85.8380587,20.2627996],[85.8381204,20.2627562],[85.8380692,20.2626922],[85.8380076,20.2627356]]]}},{"type":"Feature","properties":{"building":"yes","name":null,"height":null,"building:levels":null,"amenity":null,"render_height_m":9.0,"height_source":"visual_default_not_measured","web_layer_source":"F:/datasets/layers/all_building.geojson"},"geometry":{"type":"Polygon","coordinates":[[[85.8379097,20.2628048],[85.8379606,20.2628714],[85.8380363,20.2628205],[85.8379854,20.2627538],[85.8379097,20.2628048]]]}},{"type":"Feature","properties":{"building":"yes","name":null,"height":null,"building:levels":null,"amenity":null,"render_height_m":9.0,"height_source":"visual_default_not_measured","web_layer_source":"F:/datasets/layers/all_building.geojson"},"geometry":{"type":"Polygon","coordinates":[[[85.8377702,20.2626746],[85.8378499,20.2627662],[85.8379304,20.2627046],[85.8378506,20.2626129],[85.8377702,20.2626746]]]}},{"type":"Feature","properties":{"building":"yes","name":null,"height":null,"building:levels":null,"amenity":null,"render_height_m":9.0,"height_source":"visual_default_not_measured","web_layer_source":"F:/datasets/layers/all_building.geojson"},"geometry":{"type":"Polygon","coordinates":[[[85.837744,20.262562],[85.8377997,20.2626299],[85.8379037,20.2625549],[85.8378581,20.2624989],[85.837744,20.262562]]]}},{"type":"Feature","properties":{"building":"yes","name":null,"height":null,"building:levels":null,"amenity":null,"render_height_m":9.0,"height_source":"visual_default_not_measured","web_layer_source":"F:/datasets/layers/all_building.geojson"},"geometry":{"type":"Polygon","coordinates":[[[85.8376971,20.2624601],[85.8377474,20.2625456],[85.8378491,20.2624767],[85.8378035,20.262405],[85.8376971,20.2624601]]]}},{"type":"Feature","properties":{"building":"yes","name":null,"height":null,"building:levels":null,"amenity":null,"render_height_m":9.0,"height_source":"visual_default_not_measured","web_layer_source":"F:/datasets/layers/all_building.geojson"},"geometry":{"type":"Polygon","coordinates":[[[85.838147,20.2623871],[85.838026,20.2624827],[85.8380796,20.2625425],[85.8382007,20.2624469],[85.838147,20.2623871]]]}},{"type":"Feature","properties":{"building":"yes","name":null,"height":null,"building:levels":null,"amenity":null,"render_height_m":9.0,"height_source":"visual_default_not_measured","web_layer_source":"F:/datasets/layers/all_building.geojson"},"geometry":{"type":"Polygon","coordinates":[[[85.8380485,20.2622361],[85.8379462,20.2623015],[85.8379978,20.2623726],[85.8381001,20.2623072],[85.8380485,20.2622361]]]}},{"type":"Feature","properties":{"building":"yes","name":null,"height":null,"building:levels":null,"amenity":null,"render_height_m":9.0,"height_source":"visual_default_not_measured","web_layer_source":"F:/datasets/layers/all_building.geojson"},"geometry":{"type":"Polygon","coordinates":[[[85.8376005,20.2623311],[85.8376609,20.2624141],[85.837792,20.2623303],[85.8377316,20.2622473],[85.8376005,20.2623311]]]}},{"type":"Feature","properties":{"building":"yes","name":null,"height":null,"building:levels":null,"amenity":null,"render_height_m":9.0,"height_source":"visual_default_not_measured","web_layer_source":"F:/datasets/layers/all_building.geojson"},"geometry":{"type":"Polygon","coordinates":[[[85.837573,20.2621877],[85.8376334,20.2622707],[85.8379195,20.2620877],[85.8378592,20.2620047],[85.837573,20.2621877]]]}},{"type":"Feature","properties":{"building":"yes","name":null,"height":null,"building:levels":null,"amenity":null,"render_height_m":9.0,"height_source":"visual_default_not_measured","web_layer_source":"F:/datasets/layers/all_building.geojson"},"geometry":{"type":"Polygon","coordinates":[[[85.837447,20.2621411],[85.8375067,20.2622155],[85.8378004,20.2620079],[85.8377407,20.2619335],[85.837447,20.2621411]]]}},{"type":"Feature","properties":{"building":"yes","name":null,"height":null,"building:levels":null,"amenity":null,"render_height_m":9.0,"height_source":"visual_default_not_measured","web_layer_source":"F:/datasets/layers/all_building.geojson"},"geometry":{"type":"Polygon","coordinates":[[[85.8373712,20.2620279],[85.8374081,20.262077],[85.8376548,20.2619138],[85.8376179,20.2618647],[85.8373712,20.2620279]]]}},{"type":"Feature","properties":{"building":"yes","name":null,"height":null,"building:levels":null,"amenity":null,"render_height_m":9.0,"height_source":"visual_default_not_measured","web_layer_source":"F:/datasets/layers/all_building.geojson"},"geometry":{"type":"Polygon","coordinates":[[[85.8373202,20.2619549],[85.8373668,20.2620194],[85.8376678,20.2618282],[85.8376213,20.2617637],[85.8373202,20.2619549]]]}},{"type":"Feature","properties":{"building":"yes","name":null,"height":null,"building:levels":null,"amenity":null,"render_height_m":9.0,"height_source":"visual_default_not_measured","web_layer_source":"F:/datasets/layers/all_building.geojson"},"geometry":{"type":"Polygon","coordinates":[[[85.8372559,20.2618782],[85.8373098,20.2619502],[85.8376182,20.261747],[85.8375643,20.261675],[85.8372559,20.2618782]]]}},{"type":"Feature","properties":{"building":"yes","name":null,"height":null,"building:levels":null,"amenity":null,"render_height_m":9.0,"height_source":"visual_default_not_measured","web_layer_source":"F:/datasets/layers/all_building.geojson"},"geometry":{"type":"Polygon","coordinates":[[[85.8372036,20.2618272],[85.8372402,20.2618742],[85.8376036,20.2616339],[85.8375549,20.2615744],[85.8372036,20.2618272]]]}},{"type":"Feature","properties":{"building":"yes","name":null,"height":null,"building:levels":null,"amenity":null,"render_height_m":9.0,"height_source":"visual_default_not_measured","web_layer_source":"F:/datasets/layers/all_building.geojson"},"geometry":{"type":"Polygon","coordinates":[[[85.8371244,20.2617241],[85.8371939,20.2618143],[85.837489,20.2616142],[85.8374195,20.261524],[85.8371244,20.2617241]]]}},{"type":"Feature","properties":{"building":"yes","name":null,"height":null,"building:levels":null,"amenity":null,"render_height_m":9.0,"height_source":"visual_default_not_measured","web_layer_source":"F:/datasets/layers/all_building.geojson"},"geometry":{"type":"Polygon","coordinates":[[[85.8402267,20.2637668],[85.8402248,20.2637637],[85.8401386,20.2638075],[85.8402212,20.2639503],[85.8403088,20.2639057],[85.8402739,20.2638453],[85.8403047,20.2638296],[85.8402589,20.2637504],[85.8402267,20.2637668]]]}},{"type":"Feature","properties":{"building":"yes","name":null,"height":null,"building:levels":null,"amenity":null,"render_height_m":9.0,"height_source":"visual_default_not_measured","web_layer_source":"F:/datasets/layers/all_building.geojson"},"geometry":{"type":"Polygon","coordinates":[[[85.8386761,20.2612208],[85.8385596,20.2613093],[85.8386508,20.261415],[85.8387673,20.2613265],[85.8386761,20.2612208]]]}},{"type":"Feature","properties":{"building":"yes","name":null,"height":null,"building:levels":null,"amenity":null,"render_height_m":9.0,"height_source":"visual_default_not_measured","web_layer_source":"F:/datasets/layers/all_building.geojson"},"geometry":{"type":"Polygon","coordinates":[[[85.8388424,20.261324],[85.8386614,20.2614497],[85.8387687,20.2615856],[85.8389497,20.2614599],[85.8388424,20.261324]]]}},{"type":"Feature","properties":{"building":"yes","name":null,"height":null,"building:levels":null,"amenity":null,"render_height_m":9.0,"height_source":"visual_default_not_measured","web_layer_source":"F:/datasets/layers/all_building.geojson"},"geometry":{"type":"Polygon","coordinates":[[[85.8383596,20.2609566],[85.8385183,20.2612029],[85.838576,20.2611702],[85.8384173,20.2609239],[85.8383596,20.2609566]]]}},{"type":"Feature","properties":{"building":"yes","name":null,"height":null,"building:levels":null,"amenity":null,"render_height_m":9.0,"height_source":"visual_default_not_measured","web_layer_source":"F:/datasets/layers/all_building.geojson"},"geometry":{"type":"Polygon","coordinates":[[[85.8382872,20.2609994],[85.8384585,20.2612555],[85.8385102,20.2612222],[85.8383341,20.2609642],[85.8382872,20.2609994]]]}},{"type":"Feature","properties":{"building":"yes","name":null,"height":null,"building:levels":null,"amenity":null,"render_height_m":9.0,"height_source":"visual_default_not_measured","web_layer_source":"F:/datasets/layers/all_building.geojson"},"geometry":{"type":"Polygon","coordinates":[[[85.8382,20.2610359],[85.8383817,20.2613023],[85.8384488,20.261262],[85.8382671,20.2609956],[85.8382,20.2610359]]]}},{"type":"Feature","properties":{"building":"yes","name":null,"height":null,"building:levels":null,"amenity":null,"render_height_m":9.0,"height_source":"visual_default_not_measured","web_layer_source":"F:/datasets/layers/all_building.geojson"},"geometry":{"type":"Polygon","coordinates":[[[85.8380753,20.2611529],[85.8382396,20.2614099],[85.8382866,20.2613835],[85.8381222,20.2611265],[85.8380753,20.2611529]]]}},{"type":"Feature","properties":{"building":"yes","name":null,"height":null,"building:levels":null,"amenity":null,"render_height_m":9.0,"height_source":"visual_default_not_measured","web_layer_source":"F:/datasets/layers/all_building.geojson"},"geometry":{"type":"Polygon","coordinates":[[[85.8379617,20.2612339],[85.8381568,20.2614971],[85.8382328,20.2614475],[85.8380377,20.2611843],[85.8379617,20.2612339]]]}},{"type":"Feature","properties":{"building":"yes","name":null,"height":null,"building:levels":null,"amenity":null,"render_height_m":9.0,"height_source":"visual_default_not_measured","web_layer_source":"F:/datasets/layers/all_building.geojson"},"geometry":{"type":"Polygon","coordinates":[[[85.8379184,20.2612661],[85.838124,20.2615311],[85.8381566,20.2615052],[85.8379617,20.2612339],[85.8379184,20.2612661]]]}},{"type":"Feature","properties":{"building":"yes","name":null,"height":null,"building:levels":null,"amenity":null,"render_height_m":9.0,"height_source":"visual_default_not_measured","web_layer_source":"F:/datasets/layers/all_building.geojson"},"geometry":{"type":"Polygon","coordinates":[[[85.8378352,20.2613164],[85.8380477,20.2615868],[85.8381101,20.2615436],[85.8378976,20.2612733],[85.8378352,20.2613164]]]}},{"type":"Feature","properties":{"building":"yes","name":null,"height":null,"building:levels":null,"amenity":null,"render_height_m":9.0,"height_source":"visual_default_not_measured","web_layer_source":"F:/datasets/layers/all_building.geojson"},"geometry":{"type":"Polygon","coordinates":[[[85.8377387,20.2613844],[85.8379469,20.2616492],[85.8380253,20.261595],[85.837817,20.2613302],[85.8377387,20.2613844]]]}},{"type":"Feature","properties":{"building":"yes","name":null,"height":null,"building:levels":null,"amenity":null,"render_height_m":9.0,"height_source":"visual_default_not_measured","web_layer_source":"F:/datasets/layers/all_building.geojson"},"geometry":{"type":"Polygon","coordinates":[[[85.8375925,20.2614938],[85.8377936,20.2617497],[85.8378688,20.2616977],[85.8376676,20.2614419],[85.8375925,20.2614938]]]}},{"type":"Feature","properties":{"building":"yes","name":null,"height":null,"building:levels":null,"amenity":null,"render_height_m":9.0,"height_source":"visual_default_not_measured","web_layer_source":"F:/datasets/layers/all_building.geojson"},"geometry":{"type":"Polygon","coordinates":[[[85.8381327,20.2617009],[85.8380726,20.2616297],[85.837976,20.2617014],[85.8381304,20.2618843],[85.838227,20.2618126],[85.8382155,20.261799],[85.8382711,20.2617606],[85.838192,20.2616599],[85.8381327,20.2617009]]]}},{"type":"Feature","properties":{"building":"yes","name":null,"height":null,"building:levels":null,"amenity":null,"render_height_m":9.0,"height_source":"visual_default_not_measured","web_layer_source":"F:/datasets/layers/all_building.geojson"},"geometry":{"type":"Polygon","coordinates":[[[85.8384696,20.2616599],[85.8385922,20.2618144],[85.8387236,20.2617225],[85.838601,20.2615681],[85.8384696,20.2616599]]]}},{"type":"Feature","properties":{"building":"yes","name":null,"height":null,"building:levels":null,"amenity":null,"render_height_m":9.0,"height_source":"visual_default_not_measured","web_layer_source":"F:/datasets/layers/all_building.geojson"},"geometry":{"type":"Polygon","coordinates":[[[85.8379854,20.2620222],[85.8381011,20.262182],[85.8382393,20.2620939],[85.8381236,20.2619342],[85.8379854,20.2620222]]]}},{"type":"Feature","properties":{"building":"yes","name":null,"height":null,"building:levels":null,"amenity":null,"render_height_m":9.0,"height_source":"visual_default_not_measured","web_layer_source":"F:/datasets/layers/all_building.geojson"},"geometry":{"type":"Polygon","coordinates":[[[85.8381571,20.2622261],[85.8382397,20.262335],[85.8383698,20.2622482],[85.8382872,20.2621393],[85.8381571,20.2622261]]]}},{"type":"Feature","properties":{"building":"yes","name":null,"height":null,"building:levels":null,"amenity":null,"render_height_m":9.0,"height_source":"visual_default_not_measured","web_layer_source":"F:/datasets/layers/all_building.geojson"},"geometry":{"type":"Polygon","coordinates":[[[85.8383207,20.2621242],[85.8384294,20.2622741],[85.8384964,20.2622313],[85.8383878,20.2620814],[85.8383207,20.2621242]]]}},{"type":"Feature","properties":{"building":"yes","name":null,"height":null,"building:levels":null,"amenity":null,"render_height_m":9.0,"height_source":"visual_default_not_measured","web_layer_source":"F:/datasets/layers/all_building.geojson"},"geometry":{"type":"Polygon","coordinates":[[[85.8383207,20.2624223],[85.838439,20.2625769],[85.8386855,20.262411],[85.8386195,20.2623256],[85.8384079,20.2624777],[85.8383489,20.2624072],[85.8383207,20.2624223]]]}},{"type":"Feature","properties":{"building":"yes","name":null,"height":null,"building:levels":null,"amenity":null,"render_height_m":9.0,"height_source":"visual_default_not_measured","web_layer_source":"F:/datasets/layers/all_building.geojson"},"geometry":{"type":"Polygon","coordinates":[[[85.8389591,20.261797],[85.8390262,20.2618849],[85.8392072,20.2617631],[85.83914,20.2616753],[85.8389591,20.261797]]]}},{"type":"Feature","properties":{"building":"yes","name":null,"height":null,"building:levels":null,"amenity":null,"render_height_m":9.0,"height_source":"visual_default_not_measured","web_layer_source":"F:/datasets/layers/all_building.geojson"},"geometry":{"type":"Polygon","coordinates":[[[85.8391415,20.2620487],[85.8392228,20.262155],[85.8393359,20.2620789],[85.8392546,20.2619725],[85.8391415,20.2620487]]]}},{"type":"Feature","properties":{"building":"yes","name":null,"height":null,"building:levels":null,"amenity":null,"render_height_m":9.0,"height_source":"visual_default_not_measured","web_layer_source":"F:/datasets/layers/all_building.geojson"},"geometry":{"type":"Polygon","coordinates":[[[85.838656,20.2621971],[85.838777,20.2623553],[85.8389054,20.2622688],[85.8387844,20.2621107],[85.838656,20.2621971]]]}},{"type":"Feature","properties":{"building":"yes","name":null,"height":null,"building:levels":null,"amenity":null,"render_height_m":9.0,"height_source":"visual_default_not_measured","web_layer_source":"F:/datasets/layers/all_building.geojson"},"geometry":{"type":"Polygon","coordinates":[[[85.8387284,20.2619782],[85.8387848,20.2620519],[85.8388719,20.2619933],[85.8388861,20.2619838],[85.838931,20.2619535],[85.8388075,20.261792],[85.8387484,20.2618318],[85.8388155,20.2619196],[85.8387284,20.2619782]]]}},{"type":"Feature","properties":{"building":"yes","name":null,"height":null,"building:levels":null,"amenity":null,"render_height_m":9.0,"height_source":"visual_default_not_measured","web_layer_source":"F:/datasets/layers/all_building.geojson"},"geometry":{"type":"Polygon","coordinates":[[[85.8389644,20.261982],[85.8387997,20.2620929],[85.8389121,20.2622399],[85.8390769,20.262129],[85.8389644,20.261982]]]}},{"type":"Feature","properties":{"building":"yes","name":null,"height":null,"building:levels":null,"amenity":null,"render_height_m":9.0,"height_source":"visual_default_not_measured","web_layer_source":"F:/datasets/layers/all_building.geojson"},"geometry":{"type":"Polygon","coordinates":[[[85.8393198,20.2627343],[85.8394447,20.2628976],[85.8394928,20.2628652],[85.839368,20.2627019],[85.8393198,20.2627343]]]}},{"type":"Feature","properties":{"building":"yes","name":null,"height":null,"building:levels":null,"amenity":null,"render_height_m":9.0,"height_source":"visual_default_not_measured","web_layer_source":"F:/datasets/layers/all_building.geojson"},"geometry":{"type":"Polygon","coordinates":[[[85.8393095,20.2628851],[85.8392371,20.2627904],[85.8391677,20.2628371],[85.8392907,20.262998],[85.8393589,20.262952],[85.8393576,20.2629503],[85.8394199,20.2629083],[85.8393706,20.2628439],[85.8393095,20.2628851]]]}},{"type":"Feature","properties":{"building":"yes","name":null,"height":null,"building:levels":null,"amenity":null,"render_height_m":9.0,"height_source":"visual_default_not_measured","web_layer_source":"F:/datasets/layers/all_building.geojson"},"geometry":{"type":"Polygon","coordinates":[[[85.8391486,20.2630105],[85.839069,20.2629042],[85.8390194,20.2629369],[85.83913,20.2630845],[85.8391796,20.2630518],[85.8391756,20.2630465],[85.8392045,20.2630262],[85.8391763,20.262991],[85.8391486,20.2630105]]]}},{"type":"Feature","properties":{"building":"yes","name":null,"height":null,"building:levels":null,"amenity":null,"render_height_m":9.0,"height_source":"visual_default_not_measured","web_layer_source":"F:/datasets/layers/all_building.geojson"},"geometry":{"type":"Polygon","coordinates":[[[85.8388934,20.2630174],[85.8390124,20.2631719],[85.8390996,20.2631128],[85.8389805,20.2629583],[85.8388934,20.2630174]]]}},{"type":"Feature","properties":{"building":"yes","name":null,"height":null,"building:levels":null,"amenity":null,"render_height_m":9.0,"height_source":"visual_default_not_measured","web_layer_source":"F:/datasets/layers/all_building.geojson"},"geometry":{"type":"Polygon","coordinates":[[[85.8386613,20.2628375],[85.8387678,20.2629795],[85.8388403,20.2629317],[85.8387338,20.2627897],[85.8386613,20.2628375]]]}},{"type":"Feature","properties":{"building":"yes","name":null,"height":null,"building:levels":null,"amenity":null,"render_height_m":9.0,"height_source":"visual_default_not_measured","web_layer_source":"F:/datasets/layers/all_building.geojson"},"geometry":{"type":"Polygon","coordinates":[[[85.8391522,20.2624928],[85.8392777,20.2626348],[85.8393958,20.2625429],[85.8392702,20.2624009],[85.8391522,20.2624928]]]}},{"type":"Feature","properties":{"building":"yes","name":null,"height":null,"building:levels":null,"amenity":null,"render_height_m":9.0,"height_source":"visual_default_not_measured","web_layer_source":"F:/datasets/layers/all_building.geojson"},"geometry":{"type":"Polygon","coordinates":[[[85.8389752,20.262611],[85.8391005,20.2627679],[85.8391971,20.2626999],[85.8390717,20.2625431],[85.8389752,20.262611]]]}},{"type":"Feature","properties":{"building":"yes","name":null,"height":null,"building:levels":null,"amenity":null,"render_height_m":9.0,"height_source":"visual_default_not_measured","web_layer_source":"F:/datasets/layers/all_building.geojson"},"geometry":{"type":"Polygon","coordinates":[[[85.8388196,20.262713],[85.8389579,20.2628946],[85.8390611,20.2628254],[85.8389229,20.2626438],[85.8388196,20.262713]]]}},{"type":"Feature","properties":{"building":"yes","name":null,"height":null,"building:levels":null,"amenity":null,"render_height_m":9.0,"height_source":"visual_default_not_measured","web_layer_source":"F:/datasets/layers/all_building.geojson"},"geometry":{"type":"Polygon","coordinates":[[[85.8395465,20.2627092],[85.8394569,20.2627823],[85.8395105,20.2628402],[85.8396001,20.2627671],[85.8395465,20.2627092]]]}},{"type":"Feature","properties":{"building":"yes","name":null,"height":null,"building:levels":null,"amenity":null,"render_height_m":9.0,"height_source":"visual_default_not_measured","web_layer_source":"F:/datasets/layers/all_building.geojson"},"geometry":{"type":"Polygon","coordinates":[[[85.8394647,20.2626186],[85.8393859,20.2626873],[85.839457,20.262759],[85.8395357,20.2626903],[85.8394647,20.2626186]]]}},{"type":"Feature","properties":{"building":"yes","name":null,"height":null,"building:levels":null,"amenity":null,"render_height_m":9.0,"height_source":"visual_default_not_measured","web_layer_source":"F:/datasets/layers/all_building.geojson"},"geometry":{"type":"Polygon","coordinates":[[[85.8395626,20.262533],[85.8396464,20.262656],[85.839747,20.2625956],[85.8396631,20.2624727],[85.8395626,20.262533]]]}},{"type":"Feature","properties":{"building":"yes","name":null,"height":null,"building:levels":null,"amenity":null,"render_height_m":9.0,"height_source":"visual_default_not_measured","web_layer_source":"F:/datasets/layers/all_building.geojson"},"geometry":{"type":"Polygon","coordinates":[[[85.8397557,20.2627243],[85.8398374,20.2628435],[85.8399313,20.2627869],[85.8398496,20.2626677],[85.8397557,20.2627243]]]}},{"type":"Feature","properties":{"building":"yes","name":null,"height":null,"building:levels":null,"amenity":null,"render_height_m":9.0,"height_source":"visual_default_not_measured","web_layer_source":"F:/datasets/layers/all_building.geojson"},"geometry":{"type":"Polygon","coordinates":[[[85.8394767,20.2629218],[85.8395819,20.2630623],[85.839708,20.2629793],[85.8396028,20.2628388],[85.8394767,20.2629218]]]}},{"type":"Feature","properties":{"building":"yes","name":null,"height":null,"building:levels":null,"amenity":null,"render_height_m":9.0,"height_source":"visual_default_not_measured","web_layer_source":"F:/datasets/layers/all_building.geojson"},"geometry":{"type":"Polygon","coordinates":[[[85.8391669,20.2631319],[85.8392724,20.2632634],[85.8393971,20.2631753],[85.8392917,20.2630438],[85.8391669,20.2631319]]]}},{"type":"Feature","properties":{"building":"yes","name":null,"height":null,"building:levels":null,"amenity":null,"render_height_m":9.0,"height_source":"visual_default_not_measured","web_layer_source":"F:/datasets/layers/all_building.geojson"},"geometry":{"type":"Polygon","coordinates":[[[85.8390771,20.2632451],[85.8391777,20.2633601],[85.83923,20.2633199],[85.8391294,20.2632049],[85.8390771,20.2632451]]]}},{"type":"Feature","properties":{"building":"yes","name":null,"height":null,"building:levels":null,"amenity":null,"render_height_m":9.0,"height_source":"visual_default_not_measured","web_layer_source":"F:/datasets/layers/all_building.geojson"},"geometry":{"type":"Polygon","coordinates":[[[85.8393279,20.2630187],[85.8394409,20.2631718],[85.8395629,20.2630926],[85.8394499,20.2629394],[85.8393279,20.2630187]]]}},{"type":"Feature","properties":{"building":"yes","name":null,"height":null,"building:levels":null,"amenity":null,"render_height_m":9.0,"height_source":"visual_default_not_measured","web_layer_source":"F:/datasets/layers/all_building.geojson"},"geometry":{"type":"Polygon","coordinates":[[[85.8393762,20.2639195],[85.8394529,20.2638835],[85.8393925,20.2637703],[85.8393158,20.2638062],[85.8393762,20.2639195]]]}},{"type":"Feature","properties":{"building":"yes","name":null,"height":null,"building:levels":null,"amenity":null,"render_height_m":9.0,"height_source":"visual_default_not_measured","web_layer_source":"F:/datasets/layers/all_building.geojson"},"geometry":{"type":"Polygon","coordinates":[[[85.8404638,20.2639082],[85.8405282,20.2640465],[85.8406623,20.2639916],[85.8405979,20.2638532],[85.8404638,20.2639082]]]}},{"type":"Feature","properties":{"building":"yes","name":null,"height":null,"building:levels":null,"amenity":null,"render_height_m":9.0,"height_source":"visual_default_not_measured","web_layer_source":"F:/datasets/layers/all_building.geojson"},"geometry":{"type":"Polygon","coordinates":[[[85.8403469,20.2642375],[85.8404284,20.2643807],[85.8405793,20.2643052],[85.8404977,20.264162],[85.8403469,20.2642375]]]}},{"type":"Feature","properties":{"building":"yes","name":null,"height":null,"building:levels":null,"amenity":null,"render_height_m":9.0,"height_source":"visual_default_not_measured","web_layer_source":"F:/datasets/layers/all_building.geojson"},"geometry":{"type":"Polygon","coordinates":[[[85.8400092,20.2641245],[85.8400663,20.2642438],[85.8402003,20.2641872],[85.8401431,20.264068],[85.8400092,20.2641245]]]}},{"type":"Feature","properties":{"building":"yes","name":null,"height":null,"building:levels":null,"amenity":null,"render_height_m":9.0,"height_source":"visual_default_not_measured","web_layer_source":"F:/datasets/layers/all_building.geojson"},"geometry":{"type":"Polygon","coordinates":[[[85.8398898,20.2640226],[85.8398736,20.2640104],[85.8398536,20.2640049],[85.8398329,20.264007],[85.8398147,20.2640163],[85.8398016,20.2640315],[85.8397958,20.2640503],[85.839798,20.2640697],[85.839808,20.2640868],[85.8398242,20.264099],[85.8398441,20.2641045],[85.8398648,20.2641024],[85.8398831,20.2640931],[85.8398961,20.2640779],[85.839902,20.2640592],[85.8398998,20.2640398],[85.8398898,20.2640226]]]}},{"type":"Feature","properties":{"building":"yes","name":null,"height":null,"building:levels":null,"amenity":null,"render_height_m":9.0,"height_source":"visual_default_not_measured","web_layer_source":"F:/datasets/layers/all_building.geojson"},"geometry":{"type":"Polygon","coordinates":[[[85.8398415,20.2639094],[85.8398249,20.2638963],[85.8398038,20.2638913],[85.8397825,20.2638954],[85.8397652,20.2639077],[85.8397553,20.2639258],[85.8397548,20.2639462],[85.8397637,20.2639648],[85.8397804,20.2639779],[85.8398014,20.2639829],[85.8398227,20.2639788],[85.83984,20.2639665],[85.8398499,20.2639484],[85.8398505,20.263928],[85.8398415,20.2639094]]]}},{"type":"Feature","properties":{"building":"yes","name":null,"height":null,"building:levels":null,"amenity":null,"render_height_m":9.0,"height_source":"visual_default_not_measured","web_layer_source":"F:/datasets/layers/all_building.geojson"},"geometry":{"type":"Polygon","coordinates":[[[85.8401647,20.2643724],[85.8402182,20.2644839],[85.8402927,20.2644525],[85.8402392,20.2643409],[85.8401647,20.2643724]]]}},{"type":"Feature","properties":{"building":"yes","name":null,"height":null,"building:levels":null,"amenity":null,"render_height_m":9.0,"height_source":"visual_default_not_measured","web_layer_source":"F:/datasets/layers/all_building.geojson"},"geometry":{"type":"Polygon","coordinates":[[[85.8397361,20.2645872],[85.8398001,20.2647012],[85.839975,20.2646147],[85.8399726,20.2646104],[85.839911,20.2645008],[85.8397361,20.2645872]]]}},{"type":"Feature","properties":{"building":"yes","name":null,"height":null,"building:levels":null,"amenity":null,"render_height_m":9.0,"height_source":"visual_default_not_measured","web_layer_source":"F:/datasets/layers/all_building.geojson"},"geometry":{"type":"Polygon","coordinates":[[[85.8400051,20.2643913],[85.8400731,20.264533],[85.8401799,20.2644879],[85.8401119,20.2643462],[85.8400051,20.2643913]]]}},{"type":"Feature","properties":{"building":"yes","name":null,"height":null,"building:levels":null,"amenity":null,"render_height_m":9.0,"height_source":"visual_default_not_measured","web_layer_source":"F:/datasets/layers/all_building.geojson"},"geometry":{"type":"Polygon","coordinates":[[[85.8406046,20.2641359],[85.8406797,20.2642768],[85.8407419,20.2642476],[85.8406668,20.2641067],[85.8406046,20.2641359]]]}},{"type":"Feature","properties":{"building":"yes","name":null,"height":null,"building:levels":null,"amenity":null,"render_height_m":9.0,"height_source":"visual_default_not_measured","web_layer_source":"F:/datasets/layers/all_building.geojson"},"geometry":{"type":"Polygon","coordinates":[[[85.8406918,20.2641057],[85.8407578,20.2642295],[85.8408806,20.2641718],[85.8408146,20.2640481],[85.8406918,20.2641057]]]}},{"type":"Feature","properties":{"building":"yes","name":null,"height":null,"building:levels":null,"amenity":null,"render_height_m":9.0,"height_source":"visual_default_not_measured","web_layer_source":"F:/datasets/layers/all_building.geojson"},"geometry":{"type":"Polygon","coordinates":[[[85.8408286,20.2642554],[85.8408972,20.2643842],[85.8410389,20.2643178],[85.8409702,20.264189],[85.8408286,20.2642554]]]}},{"type":"Feature","properties":{"building":"yes","name":null,"height":null,"building:levels":null,"amenity":null,"render_height_m":9.0,"height_source":"visual_default_not_measured","web_layer_source":"F:/datasets/layers/all_building.geojson"},"geometry":{"type":"Polygon","coordinates":[[[85.8404946,20.2644516],[85.8405426,20.2645417],[85.8406784,20.2644781],[85.8406304,20.264388],[85.8404946,20.2644516]]]}},{"type":"Feature","properties":{"building":"yes","name":null,"height":null,"building:levels":null,"amenity":null,"render_height_m":9.0,"height_source":"visual_default_not_measured","web_layer_source":"F:/datasets/layers/all_building.geojson"},"geometry":{"type":"Polygon","coordinates":[[[85.8402787,20.2646316],[85.8402964,20.2646685],[85.8404377,20.2646088],[85.84042,20.2645719],[85.8402787,20.2646316]]]}},{"type":"Feature","properties":{"building":"yes","name":null,"height":null,"building:levels":null,"amenity":null,"render_height_m":9.0,"height_source":"visual_default_not_measured","web_layer_source":"F:/datasets/layers/all_building.geojson"},"geometry":{"type":"Polygon","coordinates":[[[85.8402291,20.2645271],[85.8402653,20.2646026],[85.8403981,20.2645465],[85.8403619,20.2644711],[85.8402291,20.2645271]]]}},{"type":"Feature","properties":{"building":"yes","name":null,"height":null,"building:levels":null,"amenity":null,"render_height_m":9.0,"height_source":"visual_default_not_measured","web_layer_source":"F:/datasets/layers/all_building.geojson"},"geometry":{"type":"Polygon","coordinates":[[[85.8409895,20.2646882],[85.8410557,20.2648125],[85.8411174,20.2647835],[85.8410512,20.2646592],[85.8409895,20.2646882]]]}},{"type":"Feature","properties":{"building":"yes","name":null,"height":null,"building:levels":null,"amenity":null,"render_height_m":9.0,"height_source":"visual_default_not_measured","web_layer_source":"F:/datasets/layers/all_building.geojson"},"geometry":{"type":"Polygon","coordinates":[[[85.8406796,20.264806],[85.8407527,20.2649565],[85.8410145,20.2648445],[85.8409413,20.2646939],[85.8406796,20.264806]]]}},{"type":"Feature","properties":{"building":"yes","name":null,"height":null,"building:levels":null,"amenity":null,"render_height_m":9.0,"height_source":"visual_default_not_measured","web_layer_source":"F:/datasets/layers/all_building.geojson"},"geometry":{"type":"Polygon","coordinates":[[[85.8405387,20.2649318],[85.8405161,20.2648895],[85.8404705,20.2649109],[85.8405341,20.2650301],[85.8405797,20.2650087],[85.8405782,20.2650059],[85.8406663,20.2649687],[85.8406301,20.2648932],[85.8405387,20.2649318]]]}},{"type":"Feature","properties":{"building":"yes","name":null,"height":null,"building:levels":null,"amenity":null,"render_height_m":9.0,"height_source":"visual_default_not_measured","web_layer_source":"F:/datasets/layers/all_building.geojson"},"geometry":{"type":"Polygon","coordinates":[[[85.8400427,20.2651134],[85.8401125,20.2652519],[85.8402882,20.2651739],[85.8402184,20.2650354],[85.8400427,20.2651134]]]}},{"type":"Feature","properties":{"building":"yes","name":null,"height":null,"building:levels":null,"amenity":null,"render_height_m":9.0,"height_source":"visual_default_not_measured","web_layer_source":"F:/datasets/layers/all_building.geojson"},"geometry":{"type":"Polygon","coordinates":[[[85.8399542,20.264931],[85.8400308,20.2650886],[85.8401837,20.2650232],[85.8401071,20.2648656],[85.8399542,20.264931]]]}},{"type":"Feature","properties":{"building":"yes","name":null,"height":null,"building:levels":null,"amenity":null,"render_height_m":9.0,"height_source":"visual_default_not_measured","web_layer_source":"F:/datasets/layers/all_building.geojson"},"geometry":{"type":"Polygon","coordinates":[[[85.8406261,20.2651134],[85.8406946,20.2652573],[85.8407577,20.2652309],[85.8406891,20.265087],[85.8406261,20.2651134]]]}},{"type":"Feature","properties":{"building":"yes","name":null,"height":null,"building:levels":null,"amenity":null,"render_height_m":9.0,"height_source":"visual_default_not_measured","web_layer_source":"F:/datasets/layers/all_building.geojson"},"geometry":{"type":"Polygon","coordinates":[[[85.8405563,20.2651298],[85.8406146,20.2652702],[85.8406628,20.2652526],[85.8406046,20.2651121],[85.8405563,20.2651298]]]}},{"type":"Feature","properties":{"building":"yes","name":null,"height":null,"building:levels":null,"amenity":null,"render_height_m":9.0,"height_source":"visual_default_not_measured","web_layer_source":"F:/datasets/layers/all_building.geojson"},"geometry":{"type":"Polygon","coordinates":[[[85.8405706,20.2654443],[85.8405458,20.2653972],[85.8404627,20.2654359],[85.8405298,20.2655626],[85.8406135,20.2655236],[85.8406026,20.265503],[85.8406851,20.2654646],[85.8406539,20.2654055],[85.8405706,20.2654443]]]}},{"type":"Feature","properties":{"building":"yes","name":null,"height":null,"building:levels":null,"amenity":null,"render_height_m":9.0,"height_source":"visual_default_not_measured","web_layer_source":"F:/datasets/layers/all_building.geojson"},"geometry":{"type":"Polygon","coordinates":[[[85.8411665,20.2651977],[85.8410351,20.2652593],[85.8410713,20.2653273],[85.8412027,20.2652656],[85.8411665,20.2651977]]]}},{"type":"Feature","properties":{"building":"yes","name":null,"height":null,"building:levels":null,"amenity":null,"render_height_m":9.0,"height_source":"visual_default_not_measured","web_layer_source":"F:/datasets/layers/all_building.geojson"},"geometry":{"type":"Polygon","coordinates":[[[85.8411008,20.2650983],[85.8409529,20.2651872],[85.8410078,20.2652677],[85.8411558,20.2651788],[85.8411008,20.2650983]]]}},{"type":"Feature","properties":{"building":"yes","name":null,"height":null,"building:levels":null,"amenity":null,"render_height_m":9.0,"height_source":"visual_default_not_measured","web_layer_source":"F:/datasets/layers/all_building.geojson"},"geometry":{"type":"Polygon","coordinates":[[[85.8410659,20.2648869],[85.8411043,20.2650081],[85.841154,20.2649943],[85.8411156,20.2648731],[85.8410659,20.2648869]]]}},{"type":"Feature","properties":{"building":"yes","name":null,"height":null,"building:levels":null,"amenity":null,"render_height_m":9.0,"height_source":"visual_default_not_measured","web_layer_source":"F:/datasets/layers/all_building.geojson"},"geometry":{"type":"Polygon","coordinates":[[[85.8409721,20.2649486],[85.8410124,20.2650424],[85.8410888,20.2650134],[85.8410485,20.2649197],[85.8409721,20.2649486]]]}},{"type":"Feature","properties":{"building":"yes","name":null,"height":null,"building:levels":null,"amenity":null,"render_height_m":9.0,"height_source":"visual_default_not_measured","web_layer_source":"F:/datasets/layers/all_building.geojson"},"geometry":{"type":"Polygon","coordinates":[[[85.8408138,20.2650115],[85.8408713,20.2651477],[85.8409933,20.2651025],[85.8409359,20.2649662],[85.8408138,20.2650115]]]}},{"type":"Feature","properties":{"building":"yes","name":null,"height":null,"building:levels":null,"amenity":null,"render_height_m":9.0,"height_source":"visual_default_not_measured","web_layer_source":"F:/datasets/layers/all_building.geojson"},"geometry":{"type":"Polygon","coordinates":[[[85.8413744,20.2649763],[85.8414407,20.2651105],[85.8416432,20.2650225],[85.8415769,20.2648882],[85.8413744,20.2649763]]]}},{"type":"Feature","properties":{"building":"yes","name":null,"height":null,"building:levels":null,"amenity":null,"render_height_m":9.0,"height_source":"visual_default_not_measured","web_layer_source":"F:/datasets/layers/all_building.geojson"},"geometry":{"type":"Polygon","coordinates":[[[85.841141,20.2648668],[85.8411968,20.2650087],[85.8413242,20.2649646],[85.8412684,20.2648228],[85.841141,20.2648668]]]}},{"type":"Feature","properties":{"building":"yes","name":null,"height":null,"building:levels":null,"amenity":null,"render_height_m":9.0,"height_source":"visual_default_not_measured","web_layer_source":"F:/datasets/layers/all_building.geojson"},"geometry":{"type":"Polygon","coordinates":[[[85.8409855,20.2644391],[85.8410435,20.2645599],[85.8411924,20.264497],[85.8411343,20.2643762],[85.8409855,20.2644391]]]}},{"type":"Feature","properties":{"building":"yes","name":null,"height":null,"building:levels":null,"amenity":null,"render_height_m":9.0,"height_source":"visual_default_not_measured","web_layer_source":"F:/datasets/layers/all_building.geojson"},"geometry":{"type":"Polygon","coordinates":[[[85.8403498,20.2647586],[85.8403979,20.2648599],[85.8404972,20.2648184],[85.840449,20.2647171],[85.8403498,20.2647586]]]}},{"type":"Feature","properties":{"building":"yes","name":null,"height":null,"building:levels":null,"amenity":null,"render_height_m":9.0,"height_source":"visual_default_not_measured","web_layer_source":"F:/datasets/layers/all_building.geojson"},"geometry":{"type":"Polygon","coordinates":[[[85.840272,20.2647725],[85.8403601,20.2649496],[85.8404004,20.264932],[85.8403122,20.2647548],[85.840272,20.2647725]]]}},{"type":"Feature","properties":{"building":"yes","name":null,"height":null,"building:levels":null,"amenity":null,"render_height_m":9.0,"height_source":"visual_default_not_measured","web_layer_source":"F:/datasets/layers/all_building.geojson"},"geometry":{"type":"Polygon","coordinates":[[[85.8401433,20.2648404],[85.8402101,20.2649842],[85.8403147,20.2649414],[85.8402479,20.2647976],[85.8401433,20.2648404]]]}},{"type":"Feature","properties":{"building":"yes","name":null,"height":null,"building:levels":null,"amenity":null,"render_height_m":9.0,"height_source":"visual_default_not_measured","web_layer_source":"F:/datasets/layers/all_building.geojson"},"geometry":{"type":"Polygon","coordinates":[[[85.840874,20.2637243],[85.8408968,20.2637588],[85.8409904,20.2637041],[85.8409676,20.2636697],[85.840874,20.2637243]]]}},{"type":"Feature","properties":{"building":"yes","name":null,"height":null,"building:levels":null,"amenity":null,"render_height_m":9.0,"height_source":"visual_default_not_measured","web_layer_source":"F:/datasets/layers/all_building.geojson"},"geometry":{"type":"Polygon","coordinates":[[[85.8402527,20.2636931],[85.8403473,20.2638861],[85.8406013,20.2637766],[85.8405304,20.263632],[85.8405123,20.2636398],[85.8404955,20.2636055],[85.840428,20.2636347],[85.8404211,20.2636205],[85.8402527,20.2636931]]]}},{"type":"Feature","properties":{"building":"yes","name":null,"height":null,"building:levels":null,"amenity":null,"render_height_m":9.0,"height_source":"visual_default_not_measured","web_layer_source":"F:/datasets/layers/all_building.geojson"},"geometry":{"type":"Polygon","coordinates":[[[85.840095,20.2635005],[85.8401478,20.2636361],[85.8402322,20.2636072],[85.8401795,20.2634716],[85.840095,20.2635005]]]}},{"type":"Feature","properties":{"building":"yes","name":null,"height":null,"building:levels":null,"amenity":null,"render_height_m":9.0,"height_source":"visual_default_not_measured","web_layer_source":"F:/datasets/layers/all_building.geojson"},"geometry":{"type":"Polygon","coordinates":[[[85.8399729,20.2635207],[85.8400348,20.2636857],[85.840134,20.263653],[85.8400722,20.2634879],[85.8399729,20.2635207]]]}},{"type":"Feature","properties":{"building":"yes","name":null,"height":null,"building:levels":null,"amenity":null,"render_height_m":9.0,"height_source":"visual_default_not_measured","web_layer_source":"F:/datasets/layers/all_building.geojson"},"geometry":{"type":"Polygon","coordinates":[[[85.8398871,20.2635647],[85.8399442,20.2637127],[85.8400072,20.2636913],[85.8399501,20.2635433],[85.8398871,20.2635647]]]}},{"type":"Feature","properties":{"building":"yes","name":null,"height":null,"building:levels":null,"amenity":null,"render_height_m":9.0,"height_source":"visual_default_not_measured","web_layer_source":"F:/datasets/layers/all_building.geojson"},"geometry":{"type":"Polygon","coordinates":[[[85.8397838,20.2636351],[85.8398411,20.2637545],[85.8399216,20.2637205],[85.8398643,20.2636012],[85.8397838,20.2636351]]]}},{"type":"Feature","properties":{"building":"yes","name":null,"height":null,"building:levels":null,"amenity":null,"render_height_m":9.0,"height_source":"visual_default_not_measured","web_layer_source":"F:/datasets/layers/all_building.geojson"},"geometry":{"type":"Polygon","coordinates":[[[85.8396752,20.2636578],[85.8397333,20.2637962],[85.8398151,20.263766],[85.839757,20.2636276],[85.8396752,20.2636578]]]}},{"type":"Feature","properties":{"building":"yes","name":null,"height":null,"building:levels":null,"amenity":null,"render_height_m":9.0,"height_source":"visual_default_not_measured","web_layer_source":"F:/datasets/layers/all_building.geojson"},"geometry":{"type":"Polygon","coordinates":[[[85.8395411,20.2636603],[85.83963,20.2638444],[85.8397159,20.2638079],[85.8396269,20.2636238],[85.8395411,20.2636603]]]}},{"type":"Feature","properties":{"building":"yes","name":null,"height":null,"building:levels":null,"amenity":null,"render_height_m":9.0,"height_source":"visual_default_not_measured","web_layer_source":"F:/datasets/layers/all_building.geojson"},"geometry":{"type":"Polygon","coordinates":[[[85.8394177,20.2637081],[85.8394885,20.2638506],[85.8395864,20.2638079],[85.8395156,20.2636653],[85.8394177,20.2637081]]]}},{"type":"Feature","properties":{"building":"yes","name":null,"height":null,"building:levels":null,"amenity":null,"render_height_m":9.0,"height_source":"visual_default_not_measured","web_layer_source":"F:/datasets/layers/all_building.geojson"},"geometry":{"type":"Polygon","coordinates":[[[85.8430143,20.2722071],[85.8426094,20.2723127],[85.8426319,20.2723885],[85.8430368,20.2722829],[85.8430143,20.2722071]]]}},{"type":"Feature","properties":{"building":"yes","name":null,"height":null,"building:levels":null,"amenity":null,"render_height_m":9.0,"height_source":"visual_default_not_measured","web_layer_source":"F:/datasets/layers/all_building.geojson"},"geometry":{"type":"Polygon","coordinates":[[[85.842952,20.2720903],[85.8425949,20.2721771],[85.8426249,20.2722861],[85.8429821,20.2721993],[85.842952,20.2720903]]]}},{"type":"Feature","properties":{"building":"yes","name":null,"height":null,"building:levels":null,"amenity":null,"render_height_m":9.0,"height_source":"visual_default_not_measured","web_layer_source":"F:/datasets/layers/all_building.geojson"},"geometry":{"type":"Polygon","coordinates":[[[85.8450624,20.2716855],[85.8446333,20.2718667],[85.8447115,20.2720298],[85.8451407,20.2718486],[85.8450624,20.2716855]]]}},{"type":"Feature","properties":{"building":"yes","name":null,"height":null,"building:levels":null,"amenity":null,"render_height_m":9.0,"height_source":"visual_default_not_measured","web_layer_source":"F:/datasets/layers/all_building.geojson"},"geometry":{"type":"Polygon","coordinates":[[[85.8448049,20.2709206],[85.8447379,20.2709496],[85.8447996,20.2710754],[85.8448666,20.2710464],[85.8448049,20.2709206]]]}},{"type":"Feature","properties":{"building":"yes","name":null,"height":null,"building:levels":null,"amenity":null,"render_height_m":9.0,"height_source":"visual_default_not_measured","web_layer_source":"F:/datasets/layers/all_building.geojson"},"geometry":{"type":"Polygon","coordinates":[[[85.8448975,20.2708703],[85.8448193,20.2709041],[85.8448854,20.2710389],[85.8449636,20.2710052],[85.8448975,20.2708703]]]}},{"type":"Feature","properties":{"building":"yes","name":null,"height":null,"building:levels":null,"amenity":null,"render_height_m":9.0,"height_source":"visual_default_not_measured","web_layer_source":"F:/datasets/layers/all_building.geojson"},"geometry":{"type":"Polygon","coordinates":[[[85.8445421,20.2710502],[85.8444774,20.2710781],[85.8445421,20.27121],[85.8446067,20.2711821],[85.8445421,20.2710502]]]}},{"type":"Feature","properties":{"building":"yes","name":null,"height":null,"building:levels":null,"amenity":null,"render_height_m":9.0,"height_source":"visual_default_not_measured","web_layer_source":"F:/datasets/layers/all_building.geojson"},"geometry":{"type":"Polygon","coordinates":[[[85.8443946,20.2711169],[85.8443138,20.2711517],[85.8443825,20.2712918],[85.8444632,20.2712569],[85.8443946,20.2711169]]]}},{"type":"Feature","properties":{"building":"yes","name":null,"height":null,"building:levels":null,"amenity":null,"render_height_m":9.0,"height_source":"visual_default_not_measured","web_layer_source":"F:/datasets/layers/all_building.geojson"},"geometry":{"type":"Polygon","coordinates":[[[85.8442993,20.2711483],[85.8442131,20.2711856],[85.8442886,20.2713396],[85.8443749,20.2713024],[85.8442993,20.2711483]]]}},{"type":"Feature","properties":{"building":"yes","name":null,"height":null,"building:levels":null,"amenity":null,"render_height_m":9.0,"height_source":"visual_default_not_measured","web_layer_source":"F:/datasets/layers/all_building.geojson"},"geometry":{"type":"Polygon","coordinates":[[[85.8442028,20.2711899],[85.8441243,20.2712237],[85.8441934,20.2713647],[85.8442719,20.2713308],[85.8442028,20.2711899]]]}},{"type":"Feature","properties":{"building":"yes","name":null,"height":null,"building:levels":null,"amenity":null,"render_height_m":9.0,"height_source":"visual_default_not_measured","web_layer_source":"F:/datasets/layers/all_building.geojson"},"geometry":{"type":"Polygon","coordinates":[[[85.8440258,20.2712716],[85.8439591,20.2713004],[85.8440338,20.2714528],[85.8441005,20.271424],[85.8440258,20.2712716]]]}},{"type":"Feature","properties":{"building":"yes","name":null,"height":null,"building:levels":null,"amenity":null,"render_height_m":9.0,"height_source":"visual_default_not_measured","web_layer_source":"F:/datasets/layers/all_building.geojson"},"geometry":{"type":"Polygon","coordinates":[[[85.8439426,20.2713056],[85.8438699,20.271337],[85.843944,20.271488],[85.8440167,20.2714566],[85.8439426,20.2713056]]]}},{"type":"Feature","properties":{"building":"yes","name":null,"height":null,"building:levels":null,"amenity":null,"render_height_m":9.0,"height_source":"visual_default_not_measured","web_layer_source":"F:/datasets/layers/all_building.geojson"},"geometry":{"type":"Polygon","coordinates":[[[85.8438581,20.2713433],[85.8437911,20.2713723],[85.8438578,20.2715084],[85.8439249,20.2714795],[85.8438581,20.2713433]]]}},{"type":"Feature","properties":{"building":"yes","name":null,"height":null,"building:levels":null,"amenity":null,"render_height_m":9.0,"height_source":"visual_default_not_measured","web_layer_source":"F:/datasets/layers/all_building.geojson"},"geometry":{"type":"Polygon","coordinates":[[[85.8433378,20.2712352],[85.8431885,20.2712849],[85.8432211,20.271371],[85.8433704,20.2713213],[85.8433378,20.2712352]]]}},{"type":"Feature","properties":{"building":"yes","name":null,"height":null,"building:levels":null,"amenity":null,"render_height_m":9.0,"height_source":"visual_default_not_measured","web_layer_source":"F:/datasets/layers/all_building.geojson"},"geometry":{"type":"Polygon","coordinates":[[[85.8432774,20.2710074],[85.8432131,20.2710289],[85.8432493,20.2711244],[85.8433136,20.271103],[85.8432774,20.2710074]]]}},{"type":"Feature","properties":{"building":"yes","name":null,"height":null,"building:levels":null,"amenity":null,"render_height_m":9.0,"height_source":"visual_default_not_measured","web_layer_source":"F:/datasets/layers/all_building.geojson"},"geometry":{"type":"Polygon","coordinates":[[[85.843197,20.2710414],[85.8430713,20.2710833],[85.8431098,20.2711848],[85.8432354,20.271143],[85.843197,20.2710414]]]}},{"type":"Feature","properties":{"building":"yes","name":null,"height":null,"building:levels":null,"amenity":null,"render_height_m":9.0,"height_source":"visual_default_not_measured","web_layer_source":"F:/datasets/layers/all_building.geojson"},"geometry":{"type":"Polygon","coordinates":[[[85.8436342,20.2714717],[85.843498,20.271517],[85.8435389,20.2716251],[85.8436751,20.2715798],[85.8436342,20.2714717]]]}},{"type":"Feature","properties":{"building":"yes","name":null,"height":null,"building:levels":null,"amenity":null,"render_height_m":9.0,"height_source":"visual_default_not_measured","web_layer_source":"F:/datasets/layers/all_building.geojson"},"geometry":{"type":"Polygon","coordinates":[[[85.843716,20.2714402],[85.8436596,20.271459],[85.8436891,20.2715371],[85.8437455,20.2715183],[85.843716,20.2714402]]]}},{"type":"Feature","properties":{"building":"yes","name":null,"height":null,"building:levels":null,"amenity":null,"render_height_m":9.0,"height_source":"visual_default_not_measured","web_layer_source":"F:/datasets/layers/all_building.geojson"},"geometry":{"type":"Polygon","coordinates":[[[85.8434786,20.2714276],[85.8435056,20.2714989],[85.8437119,20.2714301],[85.843685,20.2713589],[85.8434786,20.2714276]]]}},{"type":"Feature","properties":{"building":"yes","name":null,"height":null,"building:levels":null,"amenity":null,"render_height_m":9.0,"height_source":"visual_default_not_measured","web_layer_source":"F:/datasets/layers/all_building.geojson"},"geometry":{"type":"Polygon","coordinates":[[[85.8434021,20.271283],[85.8434306,20.2713582],[85.8436489,20.2712855],[85.8436204,20.2712102],[85.8434021,20.271283]]]}},{"type":"Feature","properties":{"building":"yes","name":null,"height":null,"building:levels":null,"amenity":null,"render_height_m":9.0,"height_source":"visual_default_not_measured","web_layer_source":"F:/datasets/layers/all_building.geojson"},"geometry":{"type":"Polygon","coordinates":[[[85.8433753,20.2711987],[85.8434001,20.271264],[85.8436114,20.2711936],[85.8435866,20.2711283],[85.8433753,20.2711987]]]}},{"type":"Feature","properties":{"building":"yes","name":null,"height":null,"building:levels":null,"amenity":null,"render_height_m":9.0,"height_source":"visual_default_not_measured","web_layer_source":"F:/datasets/layers/all_building.geojson"},"geometry":{"type":"Polygon","coordinates":[[[85.8433592,20.2711131],[85.8433856,20.2711829],[85.8435725,20.2711207],[85.8435461,20.2710509],[85.8433592,20.2711131]]]}},{"type":"Feature","properties":{"building":"yes","name":null,"height":null,"building:levels":null,"amenity":null,"render_height_m":9.0,"height_source":"visual_default_not_measured","web_layer_source":"F:/datasets/layers/all_building.geojson"},"geometry":{"type":"Polygon","coordinates":[[[85.8433042,20.2710024],[85.8433367,20.271088],[85.8435217,20.2710264],[85.8434893,20.2709408],[85.8433042,20.2710024]]]}},{"type":"Feature","properties":{"building":"yes","name":null,"height":null,"building:levels":null,"amenity":null,"render_height_m":9.0,"height_source":"visual_default_not_measured","web_layer_source":"F:/datasets/layers/all_building.geojson"},"geometry":{"type":"Polygon","coordinates":[[[85.8431366,20.2715811],[85.8431644,20.2716511],[85.8434527,20.2715505],[85.8434249,20.2714805],[85.8431366,20.2715811]]]}},{"type":"Feature","properties":{"building":"yes","name":null,"height":null,"building:levels":null,"amenity":null,"render_height_m":9.0,"height_source":"visual_default_not_measured","web_layer_source":"F:/datasets/layers/all_building.geojson"},"geometry":{"type":"Polygon","coordinates":[[[85.8430977,20.2715019],[85.8431205,20.2715623],[85.8434128,20.2714654],[85.8433901,20.271405],[85.8430977,20.2715019]]]}},{"type":"Feature","properties":{"building":"yes","name":null,"height":null,"building:levels":null,"amenity":null,"render_height_m":9.0,"height_source":"visual_default_not_measured","web_layer_source":"F:/datasets/layers/all_building.geojson"},"geometry":{"type":"Polygon","coordinates":[[[85.843024,20.2713459],[85.8430522,20.2714291],[85.8432038,20.2713839],[85.8431755,20.2713006],[85.843024,20.2713459]]]}},{"type":"Feature","properties":{"building":"yes","name":null,"height":null,"building:levels":null,"amenity":null,"render_height_m":9.0,"height_source":"visual_default_not_measured","web_layer_source":"F:/datasets/layers/all_building.geojson"},"geometry":{"type":"Polygon","coordinates":[[[85.8429663,20.2711433],[85.8430049,20.27123],[85.8430948,20.2711948],[85.8430561,20.2711081],[85.8429663,20.2711433]]]}},{"type":"Feature","properties":{"building":"yes","name":null,"height":null,"building:levels":null,"amenity":null,"render_height_m":9.0,"height_source":"visual_default_not_measured","web_layer_source":"F:/datasets/layers/all_building.geojson"},"geometry":{"type":"Polygon","coordinates":[[[85.8425438,20.2719334],[85.8425707,20.2720312],[85.8426645,20.2720086],[85.8426377,20.2719107],[85.8425438,20.2719334]]]}},{"type":"Feature","properties":{"building":"yes","name":null,"height":null,"building:levels":null,"amenity":null,"render_height_m":9.0,"height_source":"visual_default_not_measured","web_layer_source":"F:/datasets/layers/all_building.geojson"},"geometry":{"type":"Polygon","coordinates":[[[85.8424687,20.2717069],[85.8424899,20.2717877],[85.8425771,20.2717676],[85.8425559,20.2716868],[85.8424687,20.2717069]]]}},{"type":"Feature","properties":{"building":"yes","name":null,"height":null,"building:levels":null,"amenity":null,"render_height_m":9.0,"height_source":"visual_default_not_measured","web_layer_source":"F:/datasets/layers/all_building.geojson"},"geometry":{"type":"Polygon","coordinates":[[[85.8428577,20.2718164],[85.842893,20.2719362],[85.843019,20.2719035],[85.8429837,20.2717837],[85.8428577,20.2718164]]]}},{"type":"Feature","properties":{"building":"yes","name":null,"height":null,"building:levels":null,"amenity":null,"render_height_m":9.0,"height_source":"visual_default_not_measured","web_layer_source":"F:/datasets/layers/all_building.geojson"},"geometry":{"type":"Polygon","coordinates":[[[85.8430387,20.2717233],[85.8430146,20.2716667],[85.8429286,20.2716989],[85.8429527,20.2717555],[85.8430387,20.2717233]]]}},{"type":"Feature","properties":{"building":"yes","name":null,"height":null,"building:levels":null,"amenity":null,"render_height_m":9.0,"height_source":"visual_default_not_measured","web_layer_source":"F:/datasets/layers/all_building.geojson"},"geometry":{"type":"Polygon","coordinates":[[[85.8429489,20.2715283],[85.842855,20.271566],[85.8428982,20.2716606],[85.8429921,20.2716229],[85.8429489,20.2715283]]]}},{"type":"Feature","properties":{"building":"yes","name":null,"height":null,"building:levels":null,"amenity":null,"render_height_m":9.0,"height_source":"visual_default_not_measured","web_layer_source":"F:/datasets/layers/all_building.geojson"},"geometry":{"type":"Polygon","coordinates":[[[85.8428885,20.2713547],[85.8428071,20.271378],[85.8428577,20.2715333],[85.8429391,20.27151],[85.8428885,20.2713547]]]}},{"type":"Feature","properties":{"building":"yes","name":null,"height":null,"building:levels":null,"amenity":null,"render_height_m":9.0,"height_source":"visual_default_not_measured","web_layer_source":"F:/datasets/layers/all_building.geojson"},"geometry":{"type":"Polygon","coordinates":[[[85.8428491,20.2718235],[85.8427732,20.2718453],[85.8427707,20.271846],[85.8428094,20.2719648],[85.8428878,20.2719423],[85.8428491,20.2718235]]]}},{"type":"Feature","properties":{"building":"yes","name":null,"height":null,"building:levels":null,"amenity":null,"render_height_m":9.0,"height_source":"visual_default_not_measured","web_layer_source":"F:/datasets/layers/all_building.geojson"},"geometry":{"type":"Polygon","coordinates":[[[85.8427906,20.271644],[85.8427147,20.2716658],[85.8427732,20.2718453],[85.8428491,20.2718235],[85.8427906,20.271644]]]}},{"type":"Feature","properties":{"building":"yes","name":null,"height":null,"building:levels":null,"amenity":null,"render_height_m":9.0,"height_source":"visual_default_not_measured","web_layer_source":"F:/datasets/layers/all_building.geojson"},"geometry":{"type":"Polygon","coordinates":[[[85.8425961,20.271332],[85.8425064,20.2713578],[85.8425855,20.2716006],[85.8426753,20.2715748],[85.8425961,20.271332]]]}},{"type":"Feature","properties":{"building":"yes","name":null,"height":null,"building:levels":null,"amenity":null,"render_height_m":9.0,"height_source":"visual_default_not_measured","web_layer_source":"F:/datasets/layers/all_building.geojson"},"geometry":{"type":"Polygon","coordinates":[[[85.8457665,20.2702451],[85.8458653,20.2703834],[85.8459073,20.270357],[85.8458085,20.2702187],[85.8457665,20.2702451]]]}},{"type":"Feature","properties":{"building":"yes","name":null,"height":null,"building:levels":null,"amenity":null,"render_height_m":9.0,"height_source":"visual_default_not_measured","web_layer_source":"F:/datasets/layers/all_building.geojson"},"geometry":{"type":"Polygon","coordinates":[[[85.8459006,20.2701721],[85.8458453,20.2702069],[85.8459351,20.2703327],[85.8459905,20.2702979],[85.8459006,20.2701721]]]}},{"type":"Feature","properties":{"building":"yes","name":null,"height":null,"building:levels":null,"amenity":null,"render_height_m":9.0,"height_source":"visual_default_not_measured","web_layer_source":"F:/datasets/layers/all_building.geojson"},"geometry":{"type":"Polygon","coordinates":[[[85.8448737,20.2701167],[85.844928,20.2701566],[85.8449516,20.2701283],[85.8449818,20.2701505],[85.8449649,20.2701708],[85.8450192,20.2702107],[85.8450581,20.2701642],[85.8450103,20.270129],[85.8450272,20.2701088],[85.8450237,20.2701062],[85.8450537,20.2700703],[85.8449994,20.2700303],[85.8449605,20.2700769],[85.844964,20.2700795],[85.8449493,20.2700971],[85.8449126,20.2700701],[85.8448737,20.2701167]]]}},{"type":"Feature","properties":{"building":"yes","name":null,"height":null,"building:levels":null,"amenity":null,"render_height_m":9.0,"height_source":"visual_default_not_measured","web_layer_source":"F:/datasets/layers/all_building.geojson"},"geometry":{"type":"Polygon","coordinates":[[[85.8447919,20.2699049],[85.8448462,20.2699449],[85.8448698,20.2699166],[85.8449,20.2699388],[85.8448831,20.269959],[85.8449374,20.269999],[85.8449763,20.2699524],[85.8449285,20.2699173],[85.8449454,20.2698971],[85.8449419,20.2698945],[85.8449719,20.2698585],[85.8449176,20.2698186],[85.8448787,20.2698651],[85.8448822,20.2698677],[85.8448675,20.2698854],[85.8448308,20.2698584],[85.8447919,20.2699049]]]}},{"type":"Feature","properties":{"building":"yes","name":null,"height":null,"building:levels":null,"amenity":null,"render_height_m":9.0,"height_source":"visual_default_not_measured","web_layer_source":"F:/datasets/layers/all_building.geojson"},"geometry":{"type":"Polygon","coordinates":[[[85.8453232,20.2702777],[85.8453712,20.2703116],[85.8454023,20.2702729],[85.8454077,20.2702768],[85.8454368,20.2702406],[85.84549,20.2702783],[85.8455285,20.2702303],[85.8454721,20.2701904],[85.845446,20.2702229],[85.8454028,20.2701924],[85.8454268,20.2701625],[85.8453677,20.2701207],[85.8453289,20.270169],[85.8453809,20.2702059],[85.845355,20.2702382],[85.84536,20.2702319],[85.8453232,20.2702777]]]}},{"type":"Feature","properties":{"building":"yes","name":null,"height":null,"building:levels":null,"amenity":null,"render_height_m":9.0,"height_source":"visual_default_not_measured","web_layer_source":"F:/datasets/layers/all_building.geojson"},"geometry":{"type":"Polygon","coordinates":[[[85.8451918,20.2700764],[85.8452398,20.2701103],[85.8452708,20.2700716],[85.8452763,20.2700755],[85.8453053,20.2700393],[85.8453585,20.270077],[85.8453971,20.270029],[85.8453407,20.2699891],[85.8453146,20.2700216],[85.8452714,20.2699911],[85.8452954,20.2699612],[85.8452363,20.2699194],[85.8451974,20.2699678],[85.8452495,20.2700046],[85.8451918,20.2700764]]]}},{"type":"Feature","properties":{"building":"yes","name":null,"height":null,"building:levels":null,"amenity":null,"render_height_m":9.0,"height_source":"visual_default_not_measured","web_layer_source":"F:/datasets/layers/all_building.geojson"},"geometry":{"type":"Polygon","coordinates":[[[85.8450475,20.2698438],[85.8450955,20.2698777],[85.8451265,20.269839],[85.845132,20.2698428],[85.845161,20.2698067],[85.8452142,20.2698443],[85.8452528,20.2697964],[85.8451964,20.2697565],[85.8451703,20.269789],[85.845127,20.2697584],[85.8451511,20.2697285],[85.845092,20.2696868],[85.8450531,20.2697351],[85.8451052,20.2697719],[85.8450792,20.2698042],[85.8450843,20.269798],[85.8450475,20.2698438]]]}},{"type":"Feature","properties":{"building":"yes","name":null,"height":null,"building:levels":null,"amenity":null,"render_height_m":9.0,"height_source":"visual_default_not_measured","web_layer_source":"F:/datasets/layers/all_building.geojson"},"geometry":{"type":"Polygon","coordinates":[[[85.8452371,20.2690328],[85.8451925,20.2689734],[85.8450276,20.2690826],[85.8453045,20.2694506],[85.8453719,20.269406],[85.8452011,20.269179],[85.8452809,20.2691262],[85.8454609,20.2693653],[85.8455439,20.2693103],[85.8453025,20.2689895],[85.8452371,20.2690328]]]}},{"type":"Feature","properties":{"building":"yes","name":null,"height":null,"building:levels":null,"amenity":null,"render_height_m":9.0,"height_source":"visual_default_not_measured","web_layer_source":"F:/datasets/layers/all_building.geojson"},"geometry":{"type":"Polygon","coordinates":[[[85.8449149,20.268406],[85.8448952,20.2684016],[85.8448754,20.2684056],[85.8448595,20.2684173],[85.8448505,20.2684344],[85.8448503,20.2684534],[85.844859,20.2684706],[85.8448747,20.2684825],[85.8448944,20.2684869],[85.8449142,20.2684829],[85.8449301,20.2684712],[85.844939,20.2684541],[85.8449392,20.2684351],[85.8449306,20.2684179],[85.8449149,20.268406]]]}},{"type":"Feature","properties":{"building":"yes","name":null,"height":null,"building:levels":null,"amenity":null,"render_height_m":9.0,"height_source":"visual_default_not_measured","web_layer_source":"F:/datasets/layers/all_building.geojson"},"geometry":{"type":"Polygon","coordinates":[[[85.8442208,20.2677345],[85.8444699,20.2680576],[85.8445716,20.2679885],[85.844411,20.2677802],[85.8443226,20.2676655],[85.8442208,20.2677345]]]}},{"type":"Feature","properties":{"building":"yes","name":null,"height":null,"building:levels":null,"amenity":null,"render_height_m":9.0,"height_source":"visual_default_not_measured","web_layer_source":"F:/datasets/layers/all_building.geojson"},"geometry":{"type":"Polygon","coordinates":[[[85.8429757,20.2709357],[85.8429213,20.2709518],[85.8429549,20.2710521],[85.8430093,20.2710361],[85.8429757,20.2709357]]]}},{"type":"Feature","properties":{"building":"yes","name":null,"height":null,"building:levels":null,"amenity":null,"render_height_m":9.0,"height_source":"visual_default_not_measured","web_layer_source":"F:/datasets/layers/all_building.geojson"},"geometry":{"type":"Polygon","coordinates":[[[85.8424225,20.2711811],[85.8423586,20.2711999],[85.8423789,20.2712603],[85.8424427,20.2712415],[85.8424225,20.2711811]]]}},{"type":"Feature","properties":{"building":"yes","name":null,"height":null,"building:levels":null,"amenity":null,"render_height_m":9.0,"height_source":"visual_default_not_measured","web_layer_source":"F:/datasets/layers/all_building.geojson"},"geometry":{"type":"Polygon","coordinates":[[[85.8425009,20.2711439],[85.8424477,20.2711596],[85.8424687,20.2712226],[85.842522,20.2712069],[85.8425009,20.2711439]]]}},{"type":"Feature","properties":{"building":"yes","name":null,"height":null,"building:levels":null,"amenity":null,"render_height_m":9.0,"height_source":"visual_default_not_measured","web_layer_source":"F:/datasets/layers/all_building.geojson"},"geometry":{"type":"Polygon","coordinates":[[[85.8425754,20.2711219],[85.8425213,20.2711378],[85.8425425,20.2712012],[85.8425966,20.2711853],[85.8425754,20.2711219]]]}},{"type":"Feature","properties":{"building":"yes","name":null,"height":null,"building:levels":null,"amenity":null,"render_height_m":9.0,"height_source":"visual_default_not_measured","web_layer_source":"F:/datasets/layers/all_building.geojson"},"geometry":{"type":"Polygon","coordinates":[[[85.8426196,20.2710716],[85.8425769,20.2710842],[85.8426089,20.2711798],[85.8426516,20.2711672],[85.8426196,20.2710716]]]}},{"type":"Feature","properties":{"building":"yes","name":null,"height":null,"building:levels":null,"amenity":null,"render_height_m":9.0,"height_source":"visual_default_not_measured","web_layer_source":"F:/datasets/layers/all_building.geojson"},"geometry":{"type":"Polygon","coordinates":[[[85.8426867,20.2710502],[85.842629,20.2710672],[85.8426611,20.2711632],[85.8427188,20.2711462],[85.8426867,20.2710502]]]}},{"type":"Feature","properties":{"building":"yes","name":null,"height":null,"building:levels":null,"amenity":null,"render_height_m":9.0,"height_source":"visual_default_not_measured","web_layer_source":"F:/datasets/layers/all_building.geojson"},"geometry":{"type":"Polygon","coordinates":[[[85.8427329,20.2710156],[85.8427732,20.2711234],[85.8428134,20.2711102],[85.8427732,20.2710024],[85.8427329,20.2710156]]]}},{"type":"Feature","properties":{"building":"yes","name":null,"height":null,"building:levels":null,"amenity":null,"render_height_m":9.0,"height_source":"visual_default_not_measured","web_layer_source":"F:/datasets/layers/all_building.geojson"},"geometry":{"type":"Polygon","coordinates":[[[85.8427926,20.2710093],[85.8428281,20.2711037],[85.8428965,20.2710811],[85.842861,20.2709867],[85.8427926,20.2710093]]]}},{"type":"Feature","properties":{"building":"yes","name":null,"height":null,"building:levels":null,"amenity":null,"render_height_m":9.0,"height_source":"visual_default_not_measured","web_layer_source":"F:/datasets/layers/all_building.geojson"},"geometry":{"type":"Polygon","coordinates":[[[85.8427303,20.2709018],[85.8427712,20.2709933],[85.8429469,20.2709241],[85.8429059,20.2708326],[85.8427303,20.2709018]]]}},{"type":"Feature","properties":{"building":"yes","name":null,"height":null,"building:levels":null,"amenity":null,"render_height_m":9.0,"height_source":"visual_default_not_measured","web_layer_source":"F:/datasets/layers/all_building.geojson"},"geometry":{"type":"Polygon","coordinates":[[[85.8426927,20.2707395],[85.8427102,20.2707877],[85.8428752,20.2707348],[85.8428577,20.2706866],[85.8426927,20.2707395]]]}},{"type":"Feature","properties":{"building":"yes","name":null,"height":null,"building:levels":null,"amenity":null,"render_height_m":9.0,"height_source":"visual_default_not_measured","web_layer_source":"F:/datasets/layers/all_building.geojson"},"geometry":{"type":"Polygon","coordinates":[[[85.842623,20.2706464],[85.8426464,20.2707093],[85.8428154,20.270654],[85.8427919,20.270591],[85.842623,20.2706464]]]}},{"type":"Feature","properties":{"building":"yes","name":null,"height":null,"building:levels":null,"amenity":null,"render_height_m":9.0,"height_source":"visual_default_not_measured","web_layer_source":"F:/datasets/layers/all_building.geojson"},"geometry":{"type":"Polygon","coordinates":[[[85.8431232,20.2705086],[85.8430822,20.2705933],[85.842982,20.2705584],[85.8429578,20.2706194],[85.8429891,20.2706514],[85.8429999,20.2706886],[85.8430126,20.2706967],[85.8430192,20.2707237],[85.8430769,20.2707482],[85.8431244,20.2707282],[85.8431339,20.2706804],[85.8431996,20.2707036],[85.8432238,20.2706426],[85.8431418,20.2706141],[85.8431809,20.2705332],[85.8431232,20.2705086]]]}},{"type":"Feature","properties":{"building":"yes","name":null,"height":null,"building:levels":null,"amenity":null,"render_height_m":9.0,"height_source":"visual_default_not_measured","web_layer_source":"F:/datasets/layers/all_building.geojson"},"geometry":{"type":"Polygon","coordinates":[[[85.8435054,20.2701218],[85.8434339,20.2699506],[85.8432935,20.2700023],[85.8433651,20.2701734],[85.8435054,20.2701218]]]}},{"type":"Feature","properties":{"building":"yes","name":null,"height":null,"building:levels":null,"amenity":null,"render_height_m":9.0,"height_source":"visual_default_not_measured","web_layer_source":"F:/datasets/layers/all_building.geojson"},"geometry":{"type":"Polygon","coordinates":[[[85.8432774,20.270001],[85.8431471,20.2700489],[85.8432291,20.2702451],[85.8433594,20.2701971],[85.8432774,20.270001]]]}},{"type":"Feature","properties":{"building":"yes","name":null,"height":null,"building:levels":null,"amenity":null,"render_height_m":9.0,"height_source":"visual_default_not_measured","web_layer_source":"F:/datasets/layers/all_building.geojson"},"geometry":{"type":"Polygon","coordinates":[[[85.842796,20.2702036],[85.8426966,20.2702401],[85.8427718,20.2704199],[85.8428712,20.2703834],[85.842796,20.2702036]]]}},{"type":"Feature","properties":{"building":"yes","name":null,"height":null,"building:levels":null,"amenity":null,"render_height_m":9.0,"height_source":"visual_default_not_measured","web_layer_source":"F:/datasets/layers/all_building.geojson"},"geometry":{"type":"Polygon","coordinates":[[[85.8431379,20.2700891],[85.8430449,20.2701233],[85.8430937,20.27024],[85.8431867,20.2702058],[85.8431379,20.2700891]]]}},{"type":"Feature","properties":{"building":"yes","name":null,"height":null,"building:levels":null,"amenity":null,"render_height_m":9.0,"height_source":"visual_default_not_measured","web_layer_source":"F:/datasets/layers/all_building.geojson"},"geometry":{"type":"Polygon","coordinates":[[[85.8429931,20.2701117],[85.8428187,20.2701759],[85.8428402,20.2702275],[85.8430147,20.2701633],[85.8429931,20.2701117]]]}},{"type":"Feature","properties":{"building":"yes","name":null,"height":null,"building:levels":null,"amenity":null,"render_height_m":9.0,"height_source":"visual_default_not_measured","web_layer_source":"F:/datasets/layers/all_building.geojson"},"geometry":{"type":"Polygon","coordinates":[[[85.8422971,20.2699658],[85.8421663,20.2700139],[85.8422072,20.2701117],[85.842338,20.2700636],[85.8422971,20.2699658]]]}},{"type":"Feature","properties":{"building":"yes","name":null,"height":null,"building:levels":null,"amenity":null,"render_height_m":9.0,"height_source":"visual_default_not_measured","web_layer_source":"F:/datasets/layers/all_building.geojson"},"geometry":{"type":"Polygon","coordinates":[[[85.8421938,20.2706099],[85.8420657,20.270657],[85.8420959,20.2707294],[85.8422241,20.2706823],[85.8421938,20.2706099]]]}},{"type":"Feature","properties":{"building":"yes","name":null,"height":null,"building:levels":null,"amenity":null,"render_height_m":9.0,"height_source":"visual_default_not_measured","web_layer_source":"F:/datasets/layers/all_building.geojson"},"geometry":{"type":"Polygon","coordinates":[[[85.8424768,20.2704916],[85.8422029,20.2705924],[85.8422381,20.2706766],[85.842512,20.2705758],[85.8424768,20.2704916]]]}},{"type":"Feature","properties":{"building":"yes","name":null,"height":null,"building:levels":null,"amenity":null,"render_height_m":9.0,"height_source":"visual_default_not_measured","web_layer_source":"F:/datasets/layers/all_building.geojson"},"geometry":{"type":"Polygon","coordinates":[[[85.8424366,20.2704262],[85.8420303,20.2705757],[85.8420557,20.2706363],[85.8424619,20.2704869],[85.8424366,20.2704262]]]}},{"type":"Feature","properties":{"building":"yes","name":null,"height":null,"building:levels":null,"amenity":null,"render_height_m":9.0,"height_source":"visual_default_not_measured","web_layer_source":"F:/datasets/layers/all_building.geojson"},"geometry":{"type":"Polygon","coordinates":[[[85.8423494,20.2702224],[85.8421461,20.2702972],[85.8421836,20.2703868],[85.8423868,20.270312],[85.8423494,20.2702224]]]}},{"type":"Feature","properties":{"building":"yes","name":null,"height":null,"building:levels":null,"amenity":null,"render_height_m":9.0,"height_source":"visual_default_not_measured","web_layer_source":"F:/datasets/layers/all_building.geojson"},"geometry":{"type":"Polygon","coordinates":[[[85.8421415,20.2703243],[85.8419669,20.2703886],[85.84199,20.2704438],[85.8421646,20.2703796],[85.8421415,20.2703243]]]}},{"type":"Feature","properties":{"building":"yes","name":null,"height":null,"building:levels":null,"amenity":null,"render_height_m":9.0,"height_source":"visual_default_not_measured","web_layer_source":"F:/datasets/layers/all_building.geojson"},"geometry":{"type":"Polygon","coordinates":[[[85.842391,20.2703105],[85.8423868,20.270312],[85.8421836,20.2703868],[85.8419877,20.2704588],[85.8420262,20.2705508],[85.8424294,20.2704024],[85.842391,20.2703105]]]}},{"type":"Feature","properties":{"building":"yes","name":null,"height":null,"building:levels":null,"amenity":null,"render_height_m":9.0,"height_source":"visual_default_not_measured","web_layer_source":"F:/datasets/layers/all_building.geojson"},"geometry":{"type":"Polygon","coordinates":[[[85.8419444,20.2703042],[85.8419704,20.2703664],[85.8421428,20.2703029],[85.8421168,20.2702407],[85.8419444,20.2703042]]]}},{"type":"Feature","properties":{"building":"yes","name":null,"height":null,"building:levels":null,"amenity":null,"render_height_m":9.0,"height_source":"visual_default_not_measured","web_layer_source":"F:/datasets/layers/all_building.geojson"},"geometry":{"type":"Polygon","coordinates":[[[85.8418626,20.2701432],[85.8419269,20.2702971],[85.8420637,20.2702468],[85.8419994,20.2700928],[85.8418626,20.2701432]]]}},{"type":"Feature","properties":{"building":"yes","name":null,"height":null,"building:levels":null,"amenity":null,"render_height_m":9.0,"height_source":"visual_default_not_measured","web_layer_source":"F:/datasets/layers/all_building.geojson"},"geometry":{"type":"Polygon","coordinates":[[[85.8420129,20.2695626],[85.8419675,20.2694557],[85.8417606,20.269533],[85.8418106,20.2696506],[85.8419452,20.2696003],[85.8419605,20.2696362],[85.8420327,20.2696092],[85.8420175,20.2695733],[85.8420129,20.2695626]]]}},{"type":"Feature","properties":{"building":"yes","name":null,"height":null,"building:levels":null,"amenity":null,"render_height_m":9.0,"height_source":"visual_default_not_measured","web_layer_source":"F:/datasets/layers/all_building.geojson"},"geometry":{"type":"Polygon","coordinates":[[[85.8428952,20.2688914],[85.8427827,20.2689334],[85.8428402,20.2690688],[85.8429527,20.2690268],[85.8428952,20.2688914]]]}},{"type":"Feature","properties":{"building":"yes","name":null,"height":null,"building:levels":null,"amenity":null,"render_height_m":9.0,"height_source":"visual_default_not_measured","web_layer_source":"F:/datasets/layers/all_building.geojson"},"geometry":{"type":"Polygon","coordinates":[[[85.8430092,20.2688298],[85.8429127,20.2688658],[85.842977,20.2690172],[85.8430735,20.2689811],[85.8430092,20.2688298]]]}},{"type":"Feature","properties":{"building":"yes","name":null,"height":null,"building:levels":null,"amenity":null,"render_height_m":9.0,"height_source":"visual_default_not_measured","web_layer_source":"F:/datasets/layers/all_building.geojson"},"geometry":{"type":"Polygon","coordinates":[[[85.8425519,20.2696223],[85.8426025,20.2697415],[85.8427531,20.2696852],[85.8427024,20.2695661],[85.8425519,20.2696223]]]}},{"type":"Feature","properties":{"building":"yes","name":null,"height":null,"building:levels":null,"amenity":null,"render_height_m":9.0,"height_source":"visual_default_not_measured","web_layer_source":"F:/datasets/layers/all_building.geojson"},"geometry":{"type":"Polygon","coordinates":[[[85.8422555,20.2694437],[85.8423438,20.2696516],[85.842513,20.2695884],[85.8424247,20.2693805],[85.8422555,20.2694437]]]}},{"type":"Feature","properties":{"building":"yes","name":null,"height":null,"building:levels":null,"amenity":null,"render_height_m":9.0,"height_source":"visual_default_not_measured","web_layer_source":"F:/datasets/layers/all_building.geojson"},"geometry":{"type":"Polygon","coordinates":[[[85.8418183,20.2696538],[85.8416856,20.2697034],[85.8417901,20.2699494],[85.8419228,20.2698998],[85.8418183,20.2696538]]]}},{"type":"Feature","properties":{"building":"yes","name":null,"height":null,"building:levels":null,"amenity":null,"render_height_m":9.0,"height_source":"visual_default_not_measured","web_layer_source":"F:/datasets/layers/all_building.geojson"},"geometry":{"type":"Polygon","coordinates":[[[85.8422327,20.2697947],[85.8418129,20.2699516],[85.8418451,20.2700274],[85.8422649,20.2698705],[85.8422327,20.2697947]]]}},{"type":"Feature","properties":{"building":"yes","name":null,"height":null,"building:levels":null,"amenity":null,"render_height_m":9.0,"height_source":"visual_default_not_measured","web_layer_source":"F:/datasets/layers/all_building.geojson"},"geometry":{"type":"Polygon","coordinates":[[[85.842167,20.2696601],[85.8418759,20.2697689],[85.8419216,20.2698765],[85.8422127,20.2697677],[85.842167,20.2696601]]]}},{"type":"Feature","properties":{"building":"yes","name":null,"height":null,"building:levels":null,"amenity":null,"render_height_m":9.0,"height_source":"visual_default_not_measured","web_layer_source":"F:/datasets/layers/all_building.geojson"},"geometry":{"type":"Polygon","coordinates":[[[85.8424728,20.2696626],[85.8423246,20.269718],[85.8423775,20.2698425],[85.8425257,20.2697871],[85.8424728,20.2696626]]]}},{"type":"Feature","properties":{"building":"yes","name":null,"height":null,"building:levels":null,"amenity":null,"render_height_m":9.0,"height_source":"visual_default_not_measured","web_layer_source":"F:/datasets/layers/all_building.geojson"},"geometry":{"type":"Polygon","coordinates":[[[85.842808,20.2696827],[85.8426502,20.2697417],[85.8427155,20.2698953],[85.8428733,20.2698364],[85.842808,20.2696827]]]}},{"type":"Feature","properties":{"building":"yes","name":null,"height":null,"building:levels":null,"amenity":null,"render_height_m":9.0,"height_source":"visual_default_not_measured","web_layer_source":"F:/datasets/layers/all_building.geojson"},"geometry":{"type":"Polygon","coordinates":[[[85.8425573,20.2697985],[85.8423856,20.2698626],[85.8424533,20.2700219],[85.8426249,20.2699578],[85.8425573,20.2697985]]]}},{"type":"Feature","properties":{"building":"yes","name":null,"height":null,"building:levels":null,"amenity":null,"render_height_m":9.0,"height_source":"visual_default_not_measured","web_layer_source":"F:/datasets/layers/all_building.geojson"},"geometry":{"type":"Polygon","coordinates":[[[85.8425921,20.2700903],[85.8424482,20.2701385],[85.8424969,20.2702665],[85.8426408,20.2702182],[85.8425921,20.2700903]]]}},{"type":"Feature","properties":{"building":"yes","name":null,"height":null,"building:levels":null,"amenity":null,"render_height_m":9.0,"height_source":"visual_default_not_measured","web_layer_source":"F:/datasets/layers/all_building.geojson"},"geometry":{"type":"Polygon","coordinates":[[[85.8426826,20.2701399],[85.8427037,20.2701951],[85.8427799,20.2701696],[85.8427588,20.2701144],[85.8427854,20.2701055],[85.8427557,20.2700274],[85.8426094,20.2700765],[85.8426391,20.2701545],[85.8426826,20.2701399]]]}},{"type":"Feature","properties":{"building":"yes","name":null,"height":null,"building:levels":null,"amenity":null,"render_height_m":9.0,"height_source":"visual_default_not_measured","web_layer_source":"F:/datasets/layers/all_building.geojson"},"geometry":{"type":"Polygon","coordinates":[[[85.8429945,20.2699079],[85.8429146,20.2699347],[85.8429743,20.2700916],[85.8430542,20.2700648],[85.8429945,20.2699079]]]}},{"type":"Feature","properties":{"building":"yes","name":null,"height":null,"building:levels":null,"amenity":null,"render_height_m":9.0,"height_source":"visual_default_not_measured","web_layer_source":"F:/datasets/layers/all_building.geojson"},"geometry":{"type":"Polygon","coordinates":[[[85.8430696,20.2698815],[85.8430107,20.2699012],[85.8430736,20.2700664],[85.8431325,20.2700467],[85.8430696,20.2698815]]]}},{"type":"Feature","properties":{"building":"yes","name":null,"height":null,"building:levels":null,"amenity":null,"render_height_m":9.0,"height_source":"visual_default_not_measured","web_layer_source":"F:/datasets/layers/all_building.geojson"},"geometry":{"type":"Polygon","coordinates":[[[85.8432372,20.2698173],[85.8430942,20.2698652],[85.8431473,20.2700048],[85.8432903,20.2699569],[85.8432372,20.2698173]]]}},{"type":"Feature","properties":{"building":"yes","name":null,"height":null,"building:levels":null,"amenity":null,"render_height_m":9.0,"height_source":"visual_default_not_measured","web_layer_source":"F:/datasets/layers/all_building.geojson"},"geometry":{"type":"Polygon","coordinates":[[[85.8433941,20.2697569],[85.8432627,20.269801],[85.8433083,20.2699208],[85.8434397,20.2698768],[85.8433941,20.2697569]]]}},{"type":"Feature","properties":{"building":"yes","name":null,"height":null,"building:levels":null,"amenity":null,"render_height_m":9.0,"height_source":"visual_default_not_measured","web_layer_source":"F:/datasets/layers/all_building.geojson"},"geometry":{"type":"Polygon","coordinates":[[[85.8435497,20.2697016],[85.8434129,20.2697507],[85.8434642,20.2698767],[85.843601,20.2698276],[85.8435497,20.2697016]]]}},{"type":"Feature","properties":{"building":"yes","name":null,"height":null,"building:levels":null,"amenity":null,"render_height_m":9.0,"height_source":"visual_default_not_measured","web_layer_source":"F:/datasets/layers/all_building.geojson"},"geometry":{"type":"Polygon","coordinates":[[[85.8437173,20.2696387],[85.8435684,20.2696865],[85.8436155,20.2698154],[85.8437644,20.2697676],[85.8437173,20.2696387]]]}},{"type":"Feature","properties":{"building":"yes","name":null,"height":null,"building:levels":null,"amenity":null,"render_height_m":9.0,"height_source":"visual_default_not_measured","web_layer_source":"F:/datasets/layers/all_building.geojson"},"geometry":{"type":"Polygon","coordinates":[[[85.8439614,20.2697154],[85.8438139,20.2697683],[85.8438761,20.2699212],[85.8440236,20.2698684],[85.8439614,20.2697154]]]}},{"type":"Feature","properties":{"building":"yes","name":null,"height":null,"building:levels":null,"amenity":null,"render_height_m":9.0,"height_source":"visual_default_not_measured","web_layer_source":"F:/datasets/layers/all_building.geojson"},"geometry":{"type":"Polygon","coordinates":[[[85.8438782,20.2695582],[85.8437321,20.2696135],[85.8437897,20.2697475],[85.8439359,20.2696922],[85.8438782,20.2695582]]]}},{"type":"Feature","properties":{"building":"yes","name":null,"height":null,"building:levels":null,"amenity":null,"render_height_m":9.0,"height_source":"visual_default_not_measured","web_layer_source":"F:/datasets/layers/all_building.geojson"},"geometry":{"type":"Polygon","coordinates":[[[85.8442645,20.2697469],[85.844121,20.2698035],[85.8441599,20.2698902],[85.8443034,20.2698336],[85.8442645,20.2697469]]]}},{"type":"Feature","properties":{"building":"yes","name":null,"height":null,"building:levels":null,"amenity":null,"render_height_m":9.0,"height_source":"visual_default_not_measured","web_layer_source":"F:/datasets/layers/all_building.geojson"},"geometry":{"type":"Polygon","coordinates":[[[85.8444361,20.2695783],[85.8440888,20.2697066],[85.8441224,20.2697868],[85.8444698,20.2696584],[85.8444361,20.2695783]]]}},{"type":"Feature","properties":{"building":"yes","name":null,"height":null,"building:levels":null,"amenity":null,"render_height_m":9.0,"height_source":"visual_default_not_measured","web_layer_source":"F:/datasets/layers/all_building.geojson"},"geometry":{"type":"Polygon","coordinates":[[[85.84442,20.2694613],[85.8441384,20.2695657],[85.8441779,20.2696595],[85.8444596,20.2695551],[85.84442,20.2694613]]]}},{"type":"Feature","properties":{"building":"yes","name":null,"height":null,"building:levels":null,"amenity":null,"render_height_m":9.0,"height_source":"visual_default_not_measured","web_layer_source":"F:/datasets/layers/all_building.geojson"},"geometry":{"type":"Polygon","coordinates":[[[85.8442309,20.2693556],[85.8440486,20.2694374],[85.844087,20.2695129],[85.8442694,20.2694311],[85.8442309,20.2693556]]]}},{"type":"Feature","properties":{"building":"yes","name":null,"height":null,"building:levels":null,"amenity":null,"render_height_m":9.0,"height_source":"visual_default_not_measured","web_layer_source":"F:/datasets/layers/all_building.geojson"},"geometry":{"type":"Polygon","coordinates":[[[85.8442457,20.2692588],[85.8441022,20.2693292],[85.844133,20.2693844],[85.8442765,20.2693139],[85.8442457,20.2692588]]]}},{"type":"Feature","properties":{"building":"yes","name":null,"height":null,"building:levels":null,"amenity":null,"render_height_m":9.0,"height_source":"visual_default_not_measured","web_layer_source":"F:/datasets/layers/all_building.geojson"},"geometry":{"type":"Polygon","coordinates":[[[85.8440325,20.2683278],[85.8437833,20.268456],[85.8438179,20.2685152],[85.8440671,20.268387],[85.8440325,20.2683278]]]}},{"type":"Feature","properties":{"building":"yes","name":null,"height":null,"building:levels":null,"amenity":null,"render_height_m":9.0,"height_source":"visual_default_not_measured","web_layer_source":"F:/datasets/layers/all_building.geojson"},"geometry":{"type":"Polygon","coordinates":[[[85.8441297,20.2689015],[85.844004,20.2689662],[85.8440486,20.2690424],[85.8441743,20.2689777],[85.8441297,20.2689015]]]}},{"type":"Feature","properties":{"building":"yes","name":null,"height":null,"building:levels":null,"amenity":null,"render_height_m":9.0,"height_source":"visual_default_not_measured","web_layer_source":"F:/datasets/layers/all_building.geojson"},"geometry":{"type":"Polygon","coordinates":[[[85.8442276,20.2688493],[85.8441352,20.2688968],[85.8441773,20.2689688],[85.8442697,20.2689212],[85.8442276,20.2688493]]]}},{"type":"Feature","properties":{"building":"yes","name":null,"height":null,"building:levels":null,"amenity":null,"render_height_m":9.0,"height_source":"visual_default_not_measured","web_layer_source":"F:/datasets/layers/all_building.geojson"},"geometry":{"type":"Polygon","coordinates":[[[85.8442122,20.268797],[85.8438904,20.2689627],[85.8439098,20.2689958],[85.8442316,20.2688302],[85.8442122,20.268797]]]}},{"type":"Feature","properties":{"building":"yes","name":null,"height":null,"building:levels":null,"amenity":null,"render_height_m":9.0,"height_source":"visual_default_not_measured","web_layer_source":"F:/datasets/layers/all_building.geojson"},"geometry":{"type":"Polygon","coordinates":[[[85.8437991,20.2689417],[85.8438247,20.2689855],[85.8442109,20.2687867],[85.8441854,20.268743],[85.8437991,20.2689417]]]}},{"type":"Feature","properties":{"building":"yes","name":null,"height":null,"building:levels":null,"amenity":null,"render_height_m":9.0,"height_source":"visual_default_not_measured","web_layer_source":"F:/datasets/layers/all_building.geojson"},"geometry":{"type":"Polygon","coordinates":[[[85.8439493,20.269255],[85.843989,20.2693301],[85.8443297,20.2691716],[85.84429,20.2690965],[85.8439493,20.269255]]]}},{"type":"Feature","properties":{"building":"yes","name":null,"height":null,"building:levels":null,"amenity":null,"render_height_m":9.0,"height_source":"visual_default_not_measured","web_layer_source":"F:/datasets/layers/all_building.geojson"},"geometry":{"type":"Polygon","coordinates":[[[85.8433579,20.2688298],[85.8434524,20.269026],[85.8436187,20.2689556],[85.8435242,20.2687593],[85.8433579,20.2688298]]]}},{"type":"Feature","properties":{"building":"yes","name":null,"height":null,"building:levels":null,"amenity":null,"render_height_m":9.0,"height_source":"visual_default_not_measured","web_layer_source":"F:/datasets/layers/all_building.geojson"},"geometry":{"type":"Polygon","coordinates":[[[85.8432707,20.2687102],[85.8433057,20.2687799],[85.8435136,20.2686881],[85.8434786,20.2686184],[85.8432707,20.2687102]]]}},{"type":"Feature","properties":{"building":"yes","name":null,"height":null,"building:levels":null,"amenity":null,"render_height_m":9.0,"height_source":"visual_default_not_measured","web_layer_source":"F:/datasets/layers/all_building.geojson"},"geometry":{"type":"Polygon","coordinates":[[[85.8426619,20.2692864],[85.8424934,20.2693417],[85.8425291,20.2694374],[85.8426975,20.2693821],[85.8426619,20.2692864]]]}},{"type":"Feature","properties":{"building":"yes","name":null,"height":null,"building:levels":null,"amenity":null,"render_height_m":9.0,"height_source":"visual_default_not_measured","web_layer_source":"F:/datasets/layers/all_building.geojson"},"geometry":{"type":"Polygon","coordinates":[[[85.842675,20.2694386],[85.8426639,20.2694088],[85.8425416,20.2694489],[85.8425928,20.2695863],[85.8427133,20.2695468],[85.8426901,20.2694845],[85.8427318,20.2694708],[85.8427149,20.2694255],[85.842675,20.2694386]]]}},{"type":"Feature","properties":{"building":"yes","name":null,"height":null,"building:levels":null,"amenity":null,"render_height_m":9.0,"height_source":"visual_default_not_measured","web_layer_source":"F:/datasets/layers/all_building.geojson"},"geometry":{"type":"Polygon","coordinates":[[[85.842922,20.2693355],[85.843024,20.2692952],[85.8429659,20.269166],[85.842864,20.2692062],[85.842922,20.2693355]]]}},{"type":"Feature","properties":{"building":"yes","name":null,"height":null,"building:levels":null,"amenity":null,"render_height_m":9.0,"height_source":"visual_default_not_measured","web_layer_source":"F:/datasets/layers/all_building.geojson"},"geometry":{"type":"Polygon","coordinates":[[[85.843268,20.2694877],[85.8433193,20.2696371],[85.843436,20.2696018],[85.8433847,20.2694525],[85.843268,20.2694877]]]}},{"type":"Feature","properties":{"building":"yes","name":null,"height":null,"building:levels":null,"amenity":null,"render_height_m":9.0,"height_source":"visual_default_not_measured","web_layer_source":"F:/datasets/layers/all_building.geojson"},"geometry":{"type":"Polygon","coordinates":[[[85.8432063,20.2692789],[85.8432623,20.2694742],[85.843387,20.2694428],[85.8433311,20.2692474],[85.8432063,20.2692789]]]}},{"type":"Feature","properties":{"building":"yes","name":null,"height":null,"building:levels":null,"amenity":null,"render_height_m":9.0,"height_source":"visual_default_not_measured","web_layer_source":"F:/datasets/layers/all_building.geojson"},"geometry":{"type":"Polygon","coordinates":[[[85.8431406,20.2695469],[85.8432001,20.2697045],[85.8433101,20.2696681],[85.8432506,20.2695104],[85.8431406,20.2695469]]]}},{"type":"Feature","properties":{"building":"yes","name":null,"height":null,"building:levels":null,"amenity":null,"render_height_m":9.0,"height_source":"visual_default_not_measured","web_layer_source":"F:/datasets/layers/all_building.geojson"},"geometry":{"type":"Polygon","coordinates":[[[85.8428751,20.2696223],[85.8429207,20.2697836],[85.843032,20.269756],[85.8429864,20.2695947],[85.8428751,20.2696223]]]}},{"type":"Feature","properties":{"building":"yes","name":null,"height":null,"building:levels":null,"amenity":null,"render_height_m":9.0,"height_source":"visual_default_not_measured","web_layer_source":"F:/datasets/layers/all_building.geojson"},"geometry":{"type":"Polygon","coordinates":[[[85.8429489,20.2693896],[85.8430005,20.2695614],[85.8431051,20.2695337],[85.8430535,20.2693619],[85.8429489,20.2693896]]]}},{"type":"Feature","properties":{"building":"yes","name":null,"height":null,"building:levels":null,"amenity":null,"render_height_m":9.0,"height_source":"visual_default_not_measured","web_layer_source":"F:/datasets/layers/all_building.geojson"},"geometry":{"type":"Polygon","coordinates":[[[85.842981,20.2690688],[85.8430489,20.269262],[85.8431669,20.2692255],[85.8430991,20.2690323],[85.842981,20.2690688]]]}},{"type":"Feature","properties":{"building":"yes","name":null,"height":null,"building:levels":null,"amenity":null,"render_height_m":9.0,"height_source":"visual_default_not_measured","web_layer_source":"F:/datasets/layers/all_building.geojson"},"geometry":{"type":"Polygon","coordinates":[[[85.8431259,20.2690449],[85.8431777,20.2691968],[85.8432783,20.2691666],[85.8432265,20.2690147],[85.8431259,20.2690449]]]}},{"type":"Feature","properties":{"building":"yes","name":null,"height":null,"building:levels":null,"amenity":null,"render_height_m":9.0,"height_source":"visual_default_not_measured","web_layer_source":"F:/datasets/layers/all_building.geojson"},"geometry":{"type":"Polygon","coordinates":[[[85.8430722,20.268831],[85.8431172,20.2689716],[85.8431977,20.268949],[85.8431527,20.2688084],[85.8430722,20.268831]]]}},{"type":"Feature","properties":{"building":"yes","name":null,"height":null,"building:levels":null,"amenity":null,"render_height_m":9.0,"height_source":"visual_default_not_measured","web_layer_source":"F:/datasets/layers/all_building.geojson"},"geometry":{"type":"Polygon","coordinates":[[[85.8427329,20.2692097],[85.8427784,20.2693725],[85.842891,20.2693448],[85.8428456,20.269182],[85.8427329,20.2692097]]]}},{"type":"Feature","properties":{"building":"yes","name":null,"height":null,"building:levels":null,"amenity":null,"render_height_m":9.0,"height_source":"visual_default_not_measured","web_layer_source":"F:/datasets/layers/all_building.geojson"},"geometry":{"type":"Polygon","coordinates":[[[85.8426813,20.2690285],[85.842736,20.2691747],[85.8428372,20.2691414],[85.8427826,20.2689952],[85.8426813,20.2690285]]]}},{"type":"Feature","properties":{"building":"yes","name":null,"height":null,"building:levels":null,"amenity":null,"render_height_m":9.0,"height_source":"visual_default_not_measured","web_layer_source":"F:/datasets/layers/all_building.geojson"},"geometry":{"type":"Polygon","coordinates":[[[85.842401,20.269177],[85.8424451,20.2692568],[85.8426169,20.2691732],[85.8425728,20.2690934],[85.842401,20.269177]]]}},{"type":"Feature","properties":{"building":"yes","name":null,"height":null,"building:levels":null,"amenity":null,"render_height_m":9.0,"height_source":"visual_default_not_measured","web_layer_source":"F:/datasets/layers/all_building.geojson"},"geometry":{"type":"Polygon","coordinates":[[[85.8421623,20.269289],[85.8422046,20.2693655],[85.8423909,20.2692748],[85.8423486,20.2691983],[85.8421623,20.269289]]]}}]}