{"type":"FeatureCollection","name":"web_3d_roads","features":[{"type":"Feature","properties":{"highway":"crossing","name":null,"surface":null,"lanes":null,"web_layer_source":"F:/datasets/layers/all_highway.geojson"},"geometry":{"type":"Point","coordinates":[85.812852,20.2696483]}},{"type":"Feature","properties":{"highway":"traffic_signals","name":null,"surface":null,"lanes":null,"web_layer_source":"F:/datasets/layers/all_highway.geojson"},"geometry":{"type":"Point","coordinates":[85.8246399,20.2738073]}},{"type":"Feature","properties":{"highway":"traffic_signals","name":null,"surface":null,"lanes":null,"web_layer_source":"F:/datasets/layers/all_highway.geojson"},"geometry":{"type":"Point","coordinates":[85.843726,20.2789689]}},{"type":"Feature","properties":{"highway":"traffic_signals","name":null,"surface":null,"lanes":null,"web_layer_source":"F:/datasets/layers/all_highway.geojson"},"geometry":{"type":"Point","coordinates":[85.8430579,20.2874986]}},{"type":"Feature","properties":{"highway":"bus_stop","name":"Kalpana Chowk","surface":null,"lanes":null,"web_layer_source":"F:/datasets/layers/all_highway.geojson"},"geometry":{"type":"Point","coordinates":[85.8403809,20.2555694]}},{"type":"Feature","properties":{"highway":"bus_stop","name":"Kalpana Chowk","surface":null,"lanes":null,"web_layer_source":"F:/datasets/layers/all_highway.geojson"},"geometry":{"type":"Point","coordinates":[85.8400668,20.2558574]}},{"type":"Feature","properties":{"highway":"passing_place","name":null,"surface":null,"lanes":null,"web_layer_source":"F:/datasets/layers/all_highway.geojson"},"geometry":{"type":"Point","coordinates":[85.781403,20.2789114]}},{"type":"Feature","properties":{"highway":"bus_stop","name":"Jayadev Vatika","surface":null,"lanes":null,"web_layer_source":"F:/datasets/layers/all_highway.geojson"},"geometry":{"type":"Point","coordinates":[85.7845332,20.2655664]}},{"type":"Feature","properties":{"highway":"bus_stop","name":null,"surface":null,"lanes":null,"web_layer_source":"F:/datasets/layers/all_highway.geojson"},"geometry":{"type":"Point","coordinates":[85.7950363,20.2743952]}},{"type":"Feature","properties":{"highway":"bus_stop","name":"CRPF Square","surface":null,"lanes":null,"web_layer_source":"F:/datasets/layers/all_highway.geojson"},"geometry":{"type":"Point","coordinates":[85.8082248,20.2845723]}},{"type":"Feature","properties":{"highway":"bus_stop","name":"Raj Mahal","surface":null,"lanes":null,"web_layer_source":"F:/datasets/layers/all_highway.geojson"},"geometry":{"type":"Point","coordinates":[85.8370237,20.2621066]}},{"type":"Feature","properties":{"highway":"bus_stop","name":"Fire Station","surface":null,"lanes":null,"web_layer_source":"F:/datasets/layers/all_highway.geojson"},"geometry":{"type":"Point","coordinates":[85.7989418,20.2792914]}},{"type":"Feature","properties":{"highway":"bus_stop","name":null,"surface":null,"lanes":null,"web_layer_source":"F:/datasets/layers/all_highway.geojson"},"geometry":{"type":"Point","coordinates":[85.7935416,20.2719683]}},{"type":"Feature","properties":{"highway":"bus_stop","name":null,"surface":null,"lanes":null,"web_layer_source":"F:/datasets/layers/all_highway.geojson"},"geometry":{"type":"Point","coordinates":[85.7789109,20.2594746]}},{"type":"Feature","properties":{"highway":"bus_stop","name":"Power Station","surface":null,"lanes":null,"web_layer_source":"F:/datasets/layers/all_highway.geojson"},"geometry":{"type":"Point","coordinates":[85.8266704,20.2728655]}},{"type":"Feature","properties":{"highway":"bus_stop","name":"Market Building","surface":null,"lanes":null,"web_layer_source":"F:/datasets/layers/all_highway.geojson"},"geometry":{"type":"Point","coordinates":[85.8325122,20.2648141]}},{"type":"Feature","properties":{"highway":"bus_stop","name":null,"surface":null,"lanes":null,"web_layer_source":"F:/datasets/layers/all_highway.geojson"},"geometry":{"type":"Point","coordinates":[85.8175128,20.2758933]}},{"type":"Feature","properties":{"highway":"bus_stop","name":null,"surface":null,"lanes":null,"web_layer_source":"F:/datasets/layers/all_highway.geojson"},"geometry":{"type":"Point","coordinates":[85.7819097,20.2538105]}},{"type":"Feature","properties":{"highway":"bus_stop","name":null,"surface":null,"lanes":null,"web_layer_source":"F:/datasets/layers/all_highway.geojson"},"geometry":{"type":"Point","coordinates":[85.8341054,20.2391669]}},{"type":"Feature","properties":{"highway":"traffic_signals","name":null,"surface":null,"lanes":null,"web_layer_source":"F:/datasets/layers/all_highway.geojson"},"geometry":{"type":"Point","coordinates":[85.8438782,20.2788669]}},{"type":"Feature","properties":{"highway":"traffic_signals","name":null,"surface":null,"lanes":null,"web_layer_source":"F:/datasets/layers/all_highway.geojson"},"geometry":{"type":"Point","coordinates":[85.8434632,20.2855152]}},{"type":"Feature","properties":{"highway":"traffic_signals","name":null,"surface":null,"lanes":null,"web_layer_source":"F:/datasets/layers/all_highway.geojson"},"geometry":{"type":"Point","coordinates":[85.8432026,20.2875148]}},{"type":"Feature","properties":{"highway":"traffic_signals","name":null,"surface":null,"lanes":null,"web_layer_source":"F:/datasets/layers/all_highway.geojson"},"geometry":{"type":"Point","coordinates":[85.843745,20.2780191]}},{"type":"Feature","properties":{"highway":"bus_stop","name":"Raj Mahal","surface":null,"lanes":null,"web_layer_source":"F:/datasets/layers/all_highway.geojson"},"geometry":{"type":"Point","coordinates":[85.8361148,20.2617293]}},{"type":"Feature","properties":{"highway":"bus_stop","name":"AG Square","surface":null,"lanes":null,"web_layer_source":"F:/datasets/layers/all_highway.geojson"},"geometry":{"type":"Point","coordinates":[85.8301523,20.2659766]}},{"type":"Feature","properties":{"highway":"mini_roundabout","name":null,"surface":null,"lanes":null,"web_layer_source":"F:/datasets/layers/all_highway.geojson"},"geometry":{"type":"Point","coordinates":[85.8139669,20.3527075]}},{"type":"Feature","properties":{"highway":"bus_stop","name":null,"surface":null,"lanes":null,"web_layer_source":"F:/datasets/layers/all_highway.geojson"},"geometry":{"type":"Point","coordinates":[85.8099948,20.2821721]}},{"type":"Feature","properties":{"highway":"bus_stop","name":null,"surface":null,"lanes":null,"web_layer_source":"F:/datasets/layers/all_highway.geojson"},"geometry":{"type":"Point","coordinates":[85.8455348,20.2530086]}},{"type":"Feature","properties":{"highway":"traffic_signals","name":null,"surface":null,"lanes":null,"web_layer_source":"F:/datasets/layers/all_highway.geojson"},"geometry":{"type":"Point","coordinates":[85.824743,20.2737551]}},{"type":"Feature","properties":{"highway":"traffic_signals","name":null,"surface":null,"lanes":null,"web_layer_source":"F:/datasets/layers/all_highway.geojson"},"geometry":{"type":"Point","coordinates":[85.8434262,20.2780415]}},{"type":"Feature","properties":{"highway":"traffic_signals","name":null,"surface":null,"lanes":null,"web_layer_source":"F:/datasets/layers/all_highway.geojson"},"geometry":{"type":"Point","coordinates":[85.8435553,20.2778474]}},{"type":"Feature","properties":{"highway":"traffic_signals","name":null,"surface":null,"lanes":null,"web_layer_source":"F:/datasets/layers/all_highway.geojson"},"geometry":{"type":"Point","coordinates":[85.84333,20.2855]}},{"type":"Feature","properties":{"highway":"bus_stop","name":"Shastrinagar","surface":null,"lanes":null,"web_layer_source":"F:/datasets/layers/all_highway.geojson"},"geometry":{"type":"Point","coordinates":[85.8266287,20.2813621]}},{"type":"Feature","properties":{"highway":"bus_stop","name":"Unit-8 Bus stop","surface":null,"lanes":null,"web_layer_source":"F:/datasets/layers/all_highway.geojson"},"geometry":{"type":"Point","coordinates":[85.8193743,20.2761241]}},{"type":"Feature","properties":{"highway":"bus_stop","name":"SAIL Office","surface":null,"lanes":null,"web_layer_source":"F:/datasets/layers/all_highway.geojson"},"geometry":{"type":"Point","coordinates":[85.8264294,20.2795491]}},{"type":"Feature","properties":{"highway":"bus_stop","name":"Power House Square","surface":null,"lanes":null,"web_layer_source":"F:/datasets/layers/all_highway.geojson"},"geometry":{"type":"Point","coordinates":[85.825008,20.2747774]}},{"type":"Feature","properties":{"highway":"bus_stop","name":"AG square bus stop","surface":null,"lanes":null,"web_layer_source":"F:/datasets/layers/all_highway.geojson"},"geometry":{"type":"Point","coordinates":[85.8290475,20.2667504]}},{"type":"Feature","properties":{"highway":"bus_stop","name":"Nautala Bus Stop","surface":null,"lanes":null,"web_layer_source":"F:/datasets/layers/all_highway.geojson"},"geometry":{"type":"Point","coordinates":[85.8293972,20.2715088]}},{"type":"Feature","properties":{"highway":"bus_stop","name":"Master Canteen","surface":null,"lanes":null,"web_layer_source":"F:/datasets/layers/all_highway.geojson"},"geometry":{"type":"Point","coordinates":[85.8400299,20.2669106]}},{"type":"Feature","properties":{"highway":"crossing","name":null,"surface":null,"lanes":null,"web_layer_source":"F:/datasets/layers/all_highway.geojson"},"geometry":{"type":"Point","coordinates":[85.8374335,20.262747]}},{"type":"Feature","properties":{"highway":"crossing","name":null,"surface":null,"lanes":null,"web_layer_source":"F:/datasets/layers/all_highway.geojson"},"geometry":{"type":"Point","coordinates":[85.8382795,20.2639986]}},{"type":"Feature","properties":{"highway":"crossing","name":null,"surface":null,"lanes":null,"web_layer_source":"F:/datasets/layers/all_highway.geojson"},"geometry":{"type":"Point","coordinates":[85.8388827,20.2649289]}},{"type":"Feature","properties":{"highway":"crossing","name":null,"surface":null,"lanes":null,"web_layer_source":"F:/datasets/layers/all_highway.geojson"},"geometry":{"type":"Point","coordinates":[85.8396268,20.2662129]}},{"type":"Feature","properties":{"highway":"street_lamp","name":null,"surface":null,"lanes":null,"web_layer_source":"F:/datasets/layers/all_highway.geojson"},"geometry":{"type":"Point","coordinates":[85.8433248,20.2749355]}},{"type":"Feature","properties":{"highway":"street_lamp","name":null,"surface":null,"lanes":null,"web_layer_source":"F:/datasets/layers/all_highway.geojson"},"geometry":{"type":"Point","coordinates":[85.8433382,20.2749884]}},{"type":"Feature","properties":{"highway":"street_lamp","name":null,"surface":null,"lanes":null,"web_layer_source":"F:/datasets/layers/all_highway.geojson"},"geometry":{"type":"Point","coordinates":[85.8433698,20.2751077]}},{"type":"Feature","properties":{"highway":"street_lamp","name":null,"surface":null,"lanes":null,"web_layer_source":"F:/datasets/layers/all_highway.geojson"},"geometry":{"type":"Point","coordinates":[85.8433669,20.2751929]}},{"type":"Feature","properties":{"highway":"street_lamp","name":null,"surface":null,"lanes":null,"web_layer_source":"F:/datasets/layers/all_highway.geojson"},"geometry":{"type":"Point","coordinates":[85.8433717,20.2752737]}},{"type":"Feature","properties":{"highway":"street_lamp","name":null,"surface":null,"lanes":null,"web_layer_source":"F:/datasets/layers/all_highway.geojson"},"geometry":{"type":"Point","coordinates":[85.8433755,20.2753346]}},{"type":"Feature","properties":{"highway":"street_lamp","name":null,"surface":null,"lanes":null,"web_layer_source":"F:/datasets/layers/all_highway.geojson"},"geometry":{"type":"Point","coordinates":[85.8433831,20.2753956]}},{"type":"Feature","properties":{"highway":"street_lamp","name":null,"surface":null,"lanes":null,"web_layer_source":"F:/datasets/layers/all_highway.geojson"},"geometry":{"type":"Point","coordinates":[85.8434004,20.2755006]}},{"type":"Feature","properties":{"highway":"street_lamp","name":null,"surface":null,"lanes":null,"web_layer_source":"F:/datasets/layers/all_highway.geojson"},"geometry":{"type":"Point","coordinates":[85.8434338,20.2756289]}},{"type":"Feature","properties":{"highway":"street_lamp","name":null,"surface":null,"lanes":null,"web_layer_source":"F:/datasets/layers/all_highway.geojson"},"geometry":{"type":"Point","coordinates":[85.8434616,20.2757661]}},{"type":"Feature","properties":{"highway":"street_lamp","name":null,"surface":null,"lanes":null,"web_layer_source":"F:/datasets/layers/all_highway.geojson"},"geometry":{"type":"Point","coordinates":[85.8434835,20.2758648]}},{"type":"Feature","properties":{"highway":"street_lamp","name":null,"surface":null,"lanes":null,"web_layer_source":"F:/datasets/layers/all_highway.geojson"},"geometry":{"type":"Point","coordinates":[85.8434988,20.2759589]}},{"type":"Feature","properties":{"highway":"street_lamp","name":null,"surface":null,"lanes":null,"web_layer_source":"F:/datasets/layers/all_highway.geojson"},"geometry":{"type":"Point","coordinates":[85.8435199,20.2760504]}},{"type":"Feature","properties":{"highway":"street_lamp","name":null,"surface":null,"lanes":null,"web_layer_source":"F:/datasets/layers/all_highway.geojson"},"geometry":{"type":"Point","coordinates":[85.8435811,20.2762549]}},{"type":"Feature","properties":{"highway":"street_lamp","name":null,"surface":null,"lanes":null,"web_layer_source":"F:/datasets/layers/all_highway.geojson"},"geometry":{"type":"Point","coordinates":[85.8435964,20.2763195]}},{"type":"Feature","properties":{"highway":"street_lamp","name":null,"surface":null,"lanes":null,"web_layer_source":"F:/datasets/layers/all_highway.geojson"},"geometry":{"type":"Point","coordinates":[85.8436385,20.2764451]}},{"type":"Feature","properties":{"highway":"street_lamp","name":null,"surface":null,"lanes":null,"web_layer_source":"F:/datasets/layers/all_highway.geojson"},"geometry":{"type":"Point","coordinates":[85.8436471,20.2765599]}},{"type":"Feature","properties":{"highway":"street_lamp","name":null,"surface":null,"lanes":null,"web_layer_source":"F:/datasets/layers/all_highway.geojson"},"geometry":{"type":"Point","coordinates":[85.8836458,20.3165574]}},{"type":"Feature","properties":{"highway":"street_lamp","name":null,"surface":null,"lanes":null,"web_layer_source":"F:/datasets/layers/all_highway.geojson"},"geometry":{"type":"Point","coordinates":[85.884109,20.3159444]}},{"type":"Feature","properties":{"highway":"street_lamp","name":null,"surface":null,"lanes":null,"web_layer_source":"F:/datasets/layers/all_highway.geojson"},"geometry":{"type":"Point","coordinates":[85.8772671,20.3264513]}},{"type":"Feature","properties":{"highway":"street_lamp","name":null,"surface":null,"lanes":null,"web_layer_source":"F:/datasets/layers/all_highway.geojson"},"geometry":{"type":"Point","coordinates":[85.8772481,20.3273095]}},{"type":"Feature","properties":{"highway":"street_lamp","name":null,"surface":null,"lanes":null,"web_layer_source":"F:/datasets/layers/all_highway.geojson"},"geometry":{"type":"Point","coordinates":[85.8816966,20.3191487]}},{"type":"Feature","properties":{"highway":"street_lamp","name":null,"surface":null,"lanes":null,"web_layer_source":"F:/datasets/layers/all_highway.geojson"},"geometry":{"type":"Point","coordinates":[85.8818589,20.3189512]}},{"type":"Feature","properties":{"highway":"street_lamp","name":null,"surface":null,"lanes":null,"web_layer_source":"F:/datasets/layers/all_highway.geojson"},"geometry":{"type":"Point","coordinates":[85.8820463,20.3186901]}},{"type":"Feature","properties":{"highway":"street_lamp","name":null,"surface":null,"lanes":null,"web_layer_source":"F:/datasets/layers/all_highway.geojson"},"geometry":{"type":"Point","coordinates":[85.8825296,20.3182094]}},{"type":"Feature","properties":{"highway":"street_lamp","name":null,"surface":null,"lanes":null,"web_layer_source":"F:/datasets/layers/all_highway.geojson"},"geometry":{"type":"Point","coordinates":[85.8826881,20.3180019]}},{"type":"Feature","properties":{"highway":"street_lamp","name":null,"surface":null,"lanes":null,"web_layer_source":"F:/datasets/layers/all_highway.geojson"},"geometry":{"type":"Point","coordinates":[85.8828021,20.3178544]}},{"type":"Feature","properties":{"highway":"street_lamp","name":null,"surface":null,"lanes":null,"web_layer_source":"F:/datasets/layers/all_highway.geojson"},"geometry":{"type":"Point","coordinates":[85.882843,20.317652]}},{"type":"Feature","properties":{"highway":"street_lamp","name":null,"surface":null,"lanes":null,"web_layer_source":"F:/datasets/layers/all_highway.geojson"},"geometry":{"type":"Point","coordinates":[85.8830422,20.3173743]}},{"type":"Feature","properties":{"highway":"street_lamp","name":null,"surface":null,"lanes":null,"web_layer_source":"F:/datasets/layers/all_highway.geojson"},"geometry":{"type":"Point","coordinates":[85.8831767,20.3171939]}},{"type":"Feature","properties":{"highway":"street_lamp","name":null,"surface":null,"lanes":null,"web_layer_source":"F:/datasets/layers/all_highway.geojson"},"geometry":{"type":"Point","coordinates":[85.8833543,20.3169463]}},{"type":"Feature","properties":{"highway":"street_lamp","name":null,"surface":null,"lanes":null,"web_layer_source":"F:/datasets/layers/all_highway.geojson"},"geometry":{"type":"Point","coordinates":[85.8835141,20.3167349]}},{"type":"Feature","properties":{"highway":"street_lamp","name":null,"surface":null,"lanes":null,"web_layer_source":"F:/datasets/layers/all_highway.geojson"},"geometry":{"type":"Point","coordinates":[85.8838917,20.316217]}},{"type":"Feature","properties":{"highway":"street_lamp","name":null,"surface":null,"lanes":null,"web_layer_source":"F:/datasets/layers/all_highway.geojson"},"geometry":{"type":"Point","coordinates":[85.8784351,20.3226943]}},{"type":"Feature","properties":{"highway":"street_lamp","name":null,"surface":null,"lanes":null,"web_layer_source":"F:/datasets/layers/all_highway.geojson"},"geometry":{"type":"Point","coordinates":[85.8783345,20.322871]}},{"type":"Feature","properties":{"highway":"street_lamp","name":null,"surface":null,"lanes":null,"web_layer_source":"F:/datasets/layers/all_highway.geojson"},"geometry":{"type":"Point","coordinates":[85.8782324,20.3230575]}},{"type":"Feature","properties":{"highway":"street_lamp","name":null,"surface":null,"lanes":null,"web_layer_source":"F:/datasets/layers/all_highway.geojson"},"geometry":{"type":"Point","coordinates":[85.8781459,20.3232218]}},{"type":"Feature","properties":{"highway":"street_lamp","name":null,"surface":null,"lanes":null,"web_layer_source":"F:/datasets/layers/all_highway.geojson"},"geometry":{"type":"Point","coordinates":[85.8780575,20.3233802]}},{"type":"Feature","properties":{"highway":"street_lamp","name":null,"surface":null,"lanes":null,"web_layer_source":"F:/datasets/layers/all_highway.geojson"},"geometry":{"type":"Point","coordinates":[85.8779351,20.3236167]}},{"type":"Feature","properties":{"highway":"street_lamp","name":null,"surface":null,"lanes":null,"web_layer_source":"F:/datasets/layers/all_highway.geojson"},"geometry":{"type":"Point","coordinates":[85.8772988,20.3279292]}},{"type":"Feature","properties":{"highway":"street_lamp","name":null,"surface":null,"lanes":null,"web_layer_source":"F:/datasets/layers/all_highway.geojson"},"geometry":{"type":"Point","coordinates":[85.8773227,20.3281513]}},{"type":"Feature","properties":{"highway":"street_lamp","name":null,"surface":null,"lanes":null,"web_layer_source":"F:/datasets/layers/all_highway.geojson"},"geometry":{"type":"Point","coordinates":[85.8779121,20.3276738]}},{"type":"Feature","properties":{"highway":"street_lamp","name":null,"surface":null,"lanes":null,"web_layer_source":"F:/datasets/layers/all_highway.geojson"},"geometry":{"type":"Point","coordinates":[85.8778939,20.3274398]}},{"type":"Feature","properties":{"highway":"street_lamp","name":null,"surface":null,"lanes":null,"web_layer_source":"F:/datasets/layers/all_highway.geojson"},"geometry":{"type":"Point","coordinates":[85.8778671,20.3271497]}},{"type":"Feature","properties":{"highway":"street_lamp","name":null,"surface":null,"lanes":null,"web_layer_source":"F:/datasets/layers/all_highway.geojson"},"geometry":{"type":"Point","coordinates":[85.8778657,20.3269076]}},{"type":"Feature","properties":{"highway":"street_lamp","name":null,"surface":null,"lanes":null,"web_layer_source":"F:/datasets/layers/all_highway.geojson"},"geometry":{"type":"Point","coordinates":[85.8778757,20.3266507]}},{"type":"Feature","properties":{"highway":"street_lamp","name":null,"surface":null,"lanes":null,"web_layer_source":"F:/datasets/layers/all_highway.geojson"},"geometry":{"type":"Point","coordinates":[85.8772849,20.3276974]}},{"type":"Feature","properties":{"highway":"street_lamp","name":null,"surface":null,"lanes":null,"web_layer_source":"F:/datasets/layers/all_highway.geojson"},"geometry":{"type":"Point","coordinates":[85.877886,20.3263598]}},{"type":"Feature","properties":{"highway":"street_lamp","name":null,"surface":null,"lanes":null,"web_layer_source":"F:/datasets/layers/all_highway.geojson"},"geometry":{"type":"Point","coordinates":[85.8778987,20.3260792]}},{"type":"Feature","properties":{"highway":"street_lamp","name":null,"surface":null,"lanes":null,"web_layer_source":"F:/datasets/layers/all_highway.geojson"},"geometry":{"type":"Point","coordinates":[85.8779104,20.3258016]}},{"type":"Feature","properties":{"highway":"street_lamp","name":null,"surface":null,"lanes":null,"web_layer_source":"F:/datasets/layers/all_highway.geojson"},"geometry":{"type":"Point","coordinates":[85.8779522,20.3255446]}},{"type":"Feature","properties":{"highway":"street_lamp","name":null,"surface":null,"lanes":null,"web_layer_source":"F:/datasets/layers/all_highway.geojson"},"geometry":{"type":"Point","coordinates":[85.8780405,20.3251952]}},{"type":"Feature","properties":{"highway":"street_lamp","name":null,"surface":null,"lanes":null,"web_layer_source":"F:/datasets/layers/all_highway.geojson"},"geometry":{"type":"Point","coordinates":[85.8781165,20.3249431]}},{"type":"Feature","properties":{"highway":"street_lamp","name":null,"surface":null,"lanes":null,"web_layer_source":"F:/datasets/layers/all_highway.geojson"},"geometry":{"type":"Point","coordinates":[85.8781835,20.3246469]}},{"type":"Feature","properties":{"highway":"street_lamp","name":null,"surface":null,"lanes":null,"web_layer_source":"F:/datasets/layers/all_highway.geojson"},"geometry":{"type":"Point","coordinates":[85.8782768,20.3243684]}},{"type":"Feature","properties":{"highway":"street_lamp","name":null,"surface":null,"lanes":null,"web_layer_source":"F:/datasets/layers/all_highway.geojson"},"geometry":{"type":"Point","coordinates":[85.8783607,20.3241019]}},{"type":"Feature","properties":{"highway":"street_lamp","name":null,"surface":null,"lanes":null,"web_layer_source":"F:/datasets/layers/all_highway.geojson"},"geometry":{"type":"Point","coordinates":[85.8784655,20.3238441]}},{"type":"Feature","properties":{"highway":"street_lamp","name":null,"surface":null,"lanes":null,"web_layer_source":"F:/datasets/layers/all_highway.geojson"},"geometry":{"type":"Point","coordinates":[85.8785955,20.3235923]}},{"type":"Feature","properties":{"highway":"street_lamp","name":null,"surface":null,"lanes":null,"web_layer_source":"F:/datasets/layers/all_highway.geojson"},"geometry":{"type":"Point","coordinates":[85.8786963,20.3233828]}},{"type":"Feature","properties":{"highway":"street_lamp","name":null,"surface":null,"lanes":null,"web_layer_source":"F:/datasets/layers/all_highway.geojson"},"geometry":{"type":"Point","coordinates":[85.878802,20.3231576]}},{"type":"Feature","properties":{"highway":"street_lamp","name":null,"surface":null,"lanes":null,"web_layer_source":"F:/datasets/layers/all_highway.geojson"},"geometry":{"type":"Point","coordinates":[85.8789502,20.3228994]}},{"type":"Feature","properties":{"highway":"street_lamp","name":null,"surface":null,"lanes":null,"web_layer_source":"F:/datasets/layers/all_highway.geojson"},"geometry":{"type":"Point","coordinates":[85.8791152,20.322635]}},{"type":"Feature","properties":{"highway":"street_lamp","name":null,"surface":null,"lanes":null,"web_layer_source":"F:/datasets/layers/all_highway.geojson"},"geometry":{"type":"Point","coordinates":[85.87934,20.3224504]}},{"type":"Feature","properties":{"highway":"street_lamp","name":null,"surface":null,"lanes":null,"web_layer_source":"F:/datasets/layers/all_highway.geojson"},"geometry":{"type":"Point","coordinates":[85.8795195,20.3222312]}},{"type":"Feature","properties":{"highway":"street_lamp","name":null,"surface":null,"lanes":null,"web_layer_source":"F:/datasets/layers/all_highway.geojson"},"geometry":{"type":"Point","coordinates":[85.8797369,20.3219686]}},{"type":"Feature","properties":{"highway":"street_lamp","name":null,"surface":null,"lanes":null,"web_layer_source":"F:/datasets/layers/all_highway.geojson"},"geometry":{"type":"Point","coordinates":[85.8798735,20.321759]}},{"type":"Feature","properties":{"highway":"street_lamp","name":null,"surface":null,"lanes":null,"web_layer_source":"F:/datasets/layers/all_highway.geojson"},"geometry":{"type":"Point","coordinates":[85.8800414,20.3215245]}},{"type":"Feature","properties":{"highway":"street_lamp","name":null,"surface":null,"lanes":null,"web_layer_source":"F:/datasets/layers/all_highway.geojson"},"geometry":{"type":"Point","coordinates":[85.8802092,20.3213077]}},{"type":"Feature","properties":{"highway":"street_lamp","name":null,"surface":null,"lanes":null,"web_layer_source":"F:/datasets/layers/all_highway.geojson"},"geometry":{"type":"Point","coordinates":[85.8803595,20.3211096]}},{"type":"Feature","properties":{"highway":"street_lamp","name":null,"surface":null,"lanes":null,"web_layer_source":"F:/datasets/layers/all_highway.geojson"},"geometry":{"type":"Point","coordinates":[85.8805255,20.3208876]}},{"type":"Feature","properties":{"highway":"street_lamp","name":null,"surface":null,"lanes":null,"web_layer_source":"F:/datasets/layers/all_highway.geojson"},"geometry":{"type":"Point","coordinates":[85.8806758,20.3206898]}},{"type":"Feature","properties":{"highway":"street_lamp","name":null,"surface":null,"lanes":null,"web_layer_source":"F:/datasets/layers/all_highway.geojson"},"geometry":{"type":"Point","coordinates":[85.8808016,20.3205194]}},{"type":"Feature","properties":{"highway":"street_lamp","name":null,"surface":null,"lanes":null,"web_layer_source":"F:/datasets/layers/all_highway.geojson"},"geometry":{"type":"Point","coordinates":[85.8809343,20.3203557]}},{"type":"Feature","properties":{"highway":"street_lamp","name":null,"surface":null,"lanes":null,"web_layer_source":"F:/datasets/layers/all_highway.geojson"},"geometry":{"type":"Point","coordinates":[85.8811023,20.320211]}},{"type":"Feature","properties":{"highway":"street_lamp","name":null,"surface":null,"lanes":null,"web_layer_source":"F:/datasets/layers/all_highway.geojson"},"geometry":{"type":"Point","coordinates":[85.8811898,20.3200606]}},{"type":"Feature","properties":{"highway":"street_lamp","name":null,"surface":null,"lanes":null,"web_layer_source":"F:/datasets/layers/all_highway.geojson"},"geometry":{"type":"Point","coordinates":[85.8885891,20.3136977]}},{"type":"Feature","properties":{"highway":"street_lamp","name":null,"surface":null,"lanes":null,"web_layer_source":"F:/datasets/layers/all_highway.geojson"},"geometry":{"type":"Point","coordinates":[85.8884837,20.3137911]}},{"type":"Feature","properties":{"highway":"street_lamp","name":null,"surface":null,"lanes":null,"web_layer_source":"F:/datasets/layers/all_highway.geojson"},"geometry":{"type":"Point","coordinates":[85.8882014,20.3140581]}},{"type":"Feature","properties":{"highway":"street_lamp","name":null,"surface":null,"lanes":null,"web_layer_source":"F:/datasets/layers/all_highway.geojson"},"geometry":{"type":"Point","coordinates":[85.888639,20.3140697]}},{"type":"Feature","properties":{"highway":"street_lamp","name":null,"surface":null,"lanes":null,"web_layer_source":"F:/datasets/layers/all_highway.geojson"},"geometry":{"type":"Point","coordinates":[85.8884148,20.3142669]}},{"type":"Feature","properties":{"highway":"street_lamp","name":null,"surface":null,"lanes":null,"web_layer_source":"F:/datasets/layers/all_highway.geojson"},"geometry":{"type":"Point","coordinates":[85.8890462,20.3140444]}},{"type":"Feature","properties":{"highway":"street_lamp","name":null,"surface":null,"lanes":null,"web_layer_source":"F:/datasets/layers/all_highway.geojson"},"geometry":{"type":"Point","coordinates":[85.888863,20.3142007]}},{"type":"Feature","properties":{"highway":"street_lamp","name":null,"surface":null,"lanes":null,"web_layer_source":"F:/datasets/layers/all_highway.geojson"},"geometry":{"type":"Point","coordinates":[85.8886788,20.3143594]}},{"type":"Feature","properties":{"highway":"street_lamp","name":null,"surface":null,"lanes":null,"web_layer_source":"F:/datasets/layers/all_highway.geojson"},"geometry":{"type":"Point","coordinates":[85.8885095,20.3144941]}},{"type":"Feature","properties":{"highway":"street_lamp","name":null,"surface":null,"lanes":null,"web_layer_source":"F:/datasets/layers/all_highway.geojson"},"geometry":{"type":"Point","coordinates":[85.8892968,20.3143041]}},{"type":"Feature","properties":{"highway":"street_lamp","name":null,"surface":null,"lanes":null,"web_layer_source":"F:/datasets/layers/all_highway.geojson"},"geometry":{"type":"Point","coordinates":[85.8891432,20.3144495]}},{"type":"Feature","properties":{"highway":"street_lamp","name":null,"surface":null,"lanes":null,"web_layer_source":"F:/datasets/layers/all_highway.geojson"},"geometry":{"type":"Point","coordinates":[85.8889714,20.3145937]}},{"type":"Feature","properties":{"highway":"street_lamp","name":null,"surface":null,"lanes":null,"web_layer_source":"F:/datasets/layers/all_highway.geojson"},"geometry":{"type":"Point","coordinates":[85.8887874,20.3147502]}},{"type":"Feature","properties":{"highway":"street_lamp","name":null,"surface":null,"lanes":null,"web_layer_source":"F:/datasets/layers/all_highway.geojson"},"geometry":{"type":"Point","coordinates":[85.8886501,20.3148767]}},{"type":"Feature","properties":{"highway":"street_lamp","name":null,"surface":null,"lanes":null,"web_layer_source":"F:/datasets/layers/all_highway.geojson"},"geometry":{"type":"Point","coordinates":[85.8893621,20.3146544]}},{"type":"Feature","properties":{"highway":"street_lamp","name":null,"surface":null,"lanes":null,"web_layer_source":"F:/datasets/layers/all_highway.geojson"},"geometry":{"type":"Point","coordinates":[85.8891805,20.3148139]}},{"type":"Feature","properties":{"highway":"street_lamp","name":null,"surface":null,"lanes":null,"web_layer_source":"F:/datasets/layers/all_highway.geojson"},"geometry":{"type":"Point","coordinates":[85.8890019,20.3149649]}},{"type":"Feature","properties":{"highway":"street_lamp","name":null,"surface":null,"lanes":null,"web_layer_source":"F:/datasets/layers/all_highway.geojson"},"geometry":{"type":"Point","coordinates":[85.8888055,20.3151548]}},{"type":"Feature","properties":{"highway":"street_lamp","name":null,"surface":null,"lanes":null,"web_layer_source":"F:/datasets/layers/all_highway.geojson"},"geometry":{"type":"Point","coordinates":[85.8886033,20.3153349]}},{"type":"Feature","properties":{"highway":"street_lamp","name":null,"surface":null,"lanes":null,"web_layer_source":"F:/datasets/layers/all_highway.geojson"},"geometry":{"type":"Point","coordinates":[85.8846005,20.3154856]}},{"type":"Feature","properties":{"highway":"street_lamp","name":null,"surface":null,"lanes":null,"web_layer_source":"F:/datasets/layers/all_highway.geojson"},"geometry":{"type":"Point","coordinates":[85.8848705,20.3151332]}},{"type":"Feature","properties":{"highway":"street_lamp","name":null,"surface":null,"lanes":null,"web_layer_source":"F:/datasets/layers/all_highway.geojson"},"geometry":{"type":"Point","coordinates":[85.8850298,20.3149118]}},{"type":"Feature","properties":{"highway":"street_lamp","name":null,"surface":null,"lanes":null,"web_layer_source":"F:/datasets/layers/all_highway.geojson"},"geometry":{"type":"Point","coordinates":[85.8851752,20.3147007]}},{"type":"Feature","properties":{"highway":"street_lamp","name":null,"surface":null,"lanes":null,"web_layer_source":"F:/datasets/layers/all_highway.geojson"},"geometry":{"type":"Point","coordinates":[85.8854646,20.3143192]}},{"type":"Feature","properties":{"highway":"street_lamp","name":null,"surface":null,"lanes":null,"web_layer_source":"F:/datasets/layers/all_highway.geojson"},"geometry":{"type":"Point","coordinates":[85.8856763,20.3138416]}},{"type":"Feature","properties":{"highway":"street_lamp","name":null,"surface":null,"lanes":null,"web_layer_source":"F:/datasets/layers/all_highway.geojson"},"geometry":{"type":"Point","coordinates":[85.8858544,20.3135983]}},{"type":"Feature","properties":{"highway":"street_lamp","name":null,"surface":null,"lanes":null,"web_layer_source":"F:/datasets/layers/all_highway.geojson"},"geometry":{"type":"Point","coordinates":[85.886012,20.3133887]}},{"type":"Feature","properties":{"highway":"street_lamp","name":null,"surface":null,"lanes":null,"web_layer_source":"F:/datasets/layers/all_highway.geojson"},"geometry":{"type":"Point","coordinates":[85.8862635,20.313219]}},{"type":"Feature","properties":{"highway":"street_lamp","name":null,"surface":null,"lanes":null,"web_layer_source":"F:/datasets/layers/all_highway.geojson"},"geometry":{"type":"Point","coordinates":[85.8864202,20.3129936]}},{"type":"Feature","properties":{"highway":"street_lamp","name":null,"surface":null,"lanes":null,"web_layer_source":"F:/datasets/layers/all_highway.geojson"},"geometry":{"type":"Point","coordinates":[85.8865891,20.3127783]}},{"type":"Feature","properties":{"highway":"street_lamp","name":null,"surface":null,"lanes":null,"web_layer_source":"F:/datasets/layers/all_highway.geojson"},"geometry":{"type":"Point","coordinates":[85.8868911,20.3123774]}},{"type":"Feature","properties":{"highway":"street_lamp","name":null,"surface":null,"lanes":null,"web_layer_source":"F:/datasets/layers/all_highway.geojson"},"geometry":{"type":"Point","coordinates":[85.8870603,20.3121564]}},{"type":"Feature","properties":{"highway":"street_lamp","name":null,"surface":null,"lanes":null,"web_layer_source":"F:/datasets/layers/all_highway.geojson"},"geometry":{"type":"Point","coordinates":[85.8876689,20.3125045]}},{"type":"Feature","properties":{"highway":"street_lamp","name":null,"surface":null,"lanes":null,"web_layer_source":"F:/datasets/layers/all_highway.geojson"},"geometry":{"type":"Point","coordinates":[85.8877805,20.3126064]}},{"type":"Feature","properties":{"highway":"street_lamp","name":null,"surface":null,"lanes":null,"web_layer_source":"F:/datasets/layers/all_highway.geojson"},"geometry":{"type":"Point","coordinates":[85.8879324,20.3127385]}},{"type":"Feature","properties":{"highway":"street_lamp","name":null,"surface":null,"lanes":null,"web_layer_source":"F:/datasets/layers/all_highway.geojson"},"geometry":{"type":"Point","coordinates":[85.8881715,20.313244]}},{"type":"Feature","properties":{"highway":"street_lamp","name":null,"surface":null,"lanes":null,"web_layer_source":"F:/datasets/layers/all_highway.geojson"},"geometry":{"type":"Point","coordinates":[85.8879847,20.3134025]}},{"type":"Feature","properties":{"highway":"street_lamp","name":null,"surface":null,"lanes":null,"web_layer_source":"F:/datasets/layers/all_highway.geojson"},"geometry":{"type":"Point","coordinates":[85.8878261,20.3135666]}},{"type":"Feature","properties":{"highway":"street_lamp","name":null,"surface":null,"lanes":null,"web_layer_source":"F:/datasets/layers/all_highway.geojson"},"geometry":{"type":"Point","coordinates":[85.8883682,20.3131706]}},{"type":"Feature","properties":{"highway":"street_lamp","name":null,"surface":null,"lanes":null,"web_layer_source":"F:/datasets/layers/all_highway.geojson"},"geometry":{"type":"Point","coordinates":[85.8885069,20.3133093]}},{"type":"Feature","properties":{"highway":"street_lamp","name":null,"surface":null,"lanes":null,"web_layer_source":"F:/datasets/layers/all_highway.geojson"},"geometry":{"type":"Point","coordinates":[85.888443,20.3133383]}},{"type":"Feature","properties":{"highway":"street_lamp","name":null,"surface":null,"lanes":null,"web_layer_source":"F:/datasets/layers/all_highway.geojson"},"geometry":{"type":"Point","coordinates":[85.8882863,20.3134899]}},{"type":"Feature","properties":{"highway":"street_lamp","name":null,"surface":null,"lanes":null,"web_layer_source":"F:/datasets/layers/all_highway.geojson"},"geometry":{"type":"Point","coordinates":[85.8882087,20.3135576]}},{"type":"Feature","properties":{"highway":"street_lamp","name":null,"surface":null,"lanes":null,"web_layer_source":"F:/datasets/layers/all_highway.geojson"},"geometry":{"type":"Point","coordinates":[85.8879688,20.3137729]}},{"type":"Feature","properties":{"highway":"street_lamp","name":null,"surface":null,"lanes":null,"web_layer_source":"F:/datasets/layers/all_highway.geojson"},"geometry":{"type":"Point","coordinates":[85.8878143,20.3139218]}},{"type":"Feature","properties":{"highway":"street_lamp","name":null,"surface":null,"lanes":null,"web_layer_source":"F:/datasets/layers/all_highway.geojson"},"geometry":{"type":"Point","coordinates":[85.8861155,20.312212]}},{"type":"Feature","properties":{"highway":"street_lamp","name":null,"surface":null,"lanes":null,"web_layer_source":"F:/datasets/layers/all_highway.geojson"},"geometry":{"type":"Point","coordinates":[85.8874064,20.3116984]}},{"type":"Feature","properties":{"highway":"street_lamp","name":null,"surface":null,"lanes":null,"web_layer_source":"F:/datasets/layers/all_highway.geojson"},"geometry":{"type":"Point","coordinates":[85.8875131,20.3115355]}},{"type":"Feature","properties":{"highway":"street_lamp","name":null,"surface":null,"lanes":null,"web_layer_source":"F:/datasets/layers/all_highway.geojson"},"geometry":{"type":"Point","coordinates":[85.8876638,20.311364]}},{"type":"Feature","properties":{"highway":"street_lamp","name":null,"surface":null,"lanes":null,"web_layer_source":"F:/datasets/layers/all_highway.geojson"},"geometry":{"type":"Point","coordinates":[85.8877695,20.3112326]}},{"type":"Feature","properties":{"highway":"street_lamp","name":null,"surface":null,"lanes":null,"web_layer_source":"F:/datasets/layers/all_highway.geojson"},"geometry":{"type":"Point","coordinates":[85.8873351,20.3105597]}},{"type":"Feature","properties":{"highway":"street_lamp","name":null,"surface":null,"lanes":null,"web_layer_source":"F:/datasets/layers/all_highway.geojson"},"geometry":{"type":"Point","coordinates":[85.8871719,20.3107718]}},{"type":"Feature","properties":{"highway":"street_lamp","name":null,"surface":null,"lanes":null,"web_layer_source":"F:/datasets/layers/all_highway.geojson"},"geometry":{"type":"Point","coordinates":[85.88706,20.310939]}},{"type":"Feature","properties":{"highway":"street_lamp","name":null,"surface":null,"lanes":null,"web_layer_source":"F:/datasets/layers/all_highway.geojson"},"geometry":{"type":"Point","coordinates":[85.8869122,20.3111406]}},{"type":"Feature","properties":{"highway":"street_lamp","name":null,"surface":null,"lanes":null,"web_layer_source":"F:/datasets/layers/all_highway.geojson"},"geometry":{"type":"Point","coordinates":[85.886787,20.3113138]}},{"type":"Feature","properties":{"highway":"street_lamp","name":null,"surface":null,"lanes":null,"web_layer_source":"F:/datasets/layers/all_highway.geojson"},"geometry":{"type":"Point","coordinates":[85.8866857,20.3114474]}},{"type":"Feature","properties":{"highway":"street_lamp","name":null,"surface":null,"lanes":null,"web_layer_source":"F:/datasets/layers/all_highway.geojson"},"geometry":{"type":"Point","coordinates":[85.8865312,20.311645]}},{"type":"Feature","properties":{"highway":"street_lamp","name":null,"surface":null,"lanes":null,"web_layer_source":"F:/datasets/layers/all_highway.geojson"},"geometry":{"type":"Point","coordinates":[85.8863845,20.3118555]}},{"type":"Feature","properties":{"highway":"street_lamp","name":null,"surface":null,"lanes":null,"web_layer_source":"F:/datasets/layers/all_highway.geojson"},"geometry":{"type":"Point","coordinates":[85.8862548,20.3120214]}},{"type":"Feature","properties":{"highway":"street_lamp","name":null,"surface":null,"lanes":null,"web_layer_source":"F:/datasets/layers/all_highway.geojson"},"geometry":{"type":"Point","coordinates":[85.8872703,20.31187]}},{"type":"Feature","properties":{"highway":"street_lamp","name":null,"surface":null,"lanes":null,"web_layer_source":"F:/datasets/layers/all_highway.geojson"},"geometry":{"type":"Point","coordinates":[85.885987,20.312384]}},{"type":"Feature","properties":{"highway":"street_lamp","name":null,"surface":null,"lanes":null,"web_layer_source":"F:/datasets/layers/all_highway.geojson"},"geometry":{"type":"Point","coordinates":[85.8858458,20.312576]}},{"type":"Feature","properties":{"highway":"street_lamp","name":null,"surface":null,"lanes":null,"web_layer_source":"F:/datasets/layers/all_highway.geojson"},"geometry":{"type":"Point","coordinates":[85.8857316,20.3127339]}},{"type":"Feature","properties":{"highway":"street_lamp","name":null,"surface":null,"lanes":null,"web_layer_source":"F:/datasets/layers/all_highway.geojson"},"geometry":{"type":"Point","coordinates":[85.8855808,20.3129251]}},{"type":"Feature","properties":{"highway":"street_lamp","name":null,"surface":null,"lanes":null,"web_layer_source":"F:/datasets/layers/all_highway.geojson"},"geometry":{"type":"Point","coordinates":[85.8854354,20.3131095]}},{"type":"Feature","properties":{"highway":"street_lamp","name":null,"surface":null,"lanes":null,"web_layer_source":"F:/datasets/layers/all_highway.geojson"},"geometry":{"type":"Point","coordinates":[85.8853024,20.3132922]}},{"type":"Feature","properties":{"highway":"street_lamp","name":null,"surface":null,"lanes":null,"web_layer_source":"F:/datasets/layers/all_highway.geojson"},"geometry":{"type":"Point","coordinates":[85.8851476,20.3134877]}},{"type":"Feature","properties":{"highway":"street_lamp","name":null,"surface":null,"lanes":null,"web_layer_source":"F:/datasets/layers/all_highway.geojson"},"geometry":{"type":"Point","coordinates":[85.8850436,20.313633]}},{"type":"Feature","properties":{"highway":"street_lamp","name":null,"surface":null,"lanes":null,"web_layer_source":"F:/datasets/layers/all_highway.geojson"},"geometry":{"type":"Point","coordinates":[85.8849013,20.3138226]}},{"type":"Feature","properties":{"highway":"street_lamp","name":null,"surface":null,"lanes":null,"web_layer_source":"F:/datasets/layers/all_highway.geojson"},"geometry":{"type":"Point","coordinates":[85.8848238,20.3139301]}},{"type":"Feature","properties":{"highway":"street_lamp","name":null,"surface":null,"lanes":null,"web_layer_source":"F:/datasets/layers/all_highway.geojson"},"geometry":{"type":"Point","coordinates":[85.8847121,20.3140874]}},{"type":"Feature","properties":{"highway":"street_lamp","name":null,"surface":null,"lanes":null,"web_layer_source":"F:/datasets/layers/all_highway.geojson"},"geometry":{"type":"Point","coordinates":[85.8845916,20.3142417]}},{"type":"Feature","properties":{"highway":"street_lamp","name":null,"surface":null,"lanes":null,"web_layer_source":"F:/datasets/layers/all_highway.geojson"},"geometry":{"type":"Point","coordinates":[85.8843968,20.3144959]}},{"type":"Feature","properties":{"highway":"street_lamp","name":null,"surface":null,"lanes":null,"web_layer_source":"F:/datasets/layers/all_highway.geojson"},"geometry":{"type":"Point","coordinates":[85.8838909,20.3151831]}},{"type":"Feature","properties":{"highway":"street_lamp","name":null,"surface":null,"lanes":null,"web_layer_source":"F:/datasets/layers/all_highway.geojson"},"geometry":{"type":"Point","coordinates":[85.8838155,20.3152846]}},{"type":"Feature","properties":{"highway":"street_lamp","name":null,"surface":null,"lanes":null,"web_layer_source":"F:/datasets/layers/all_highway.geojson"},"geometry":{"type":"Point","coordinates":[85.8836783,20.3154672]}},{"type":"Feature","properties":{"highway":"street_lamp","name":null,"surface":null,"lanes":null,"web_layer_source":"F:/datasets/layers/all_highway.geojson"},"geometry":{"type":"Point","coordinates":[85.8835719,20.3156175]}},{"type":"Feature","properties":{"highway":"street_lamp","name":null,"surface":null,"lanes":null,"web_layer_source":"F:/datasets/layers/all_highway.geojson"},"geometry":{"type":"Point","coordinates":[85.883408,20.3158301]}},{"type":"Feature","properties":{"highway":"street_lamp","name":null,"surface":null,"lanes":null,"web_layer_source":"F:/datasets/layers/all_highway.geojson"},"geometry":{"type":"Point","coordinates":[85.883329,20.315941]}},{"type":"Feature","properties":{"highway":"street_lamp","name":null,"surface":null,"lanes":null,"web_layer_source":"F:/datasets/layers/all_highway.geojson"},"geometry":{"type":"Point","coordinates":[85.883184,20.3161308]}},{"type":"Feature","properties":{"highway":"street_lamp","name":null,"surface":null,"lanes":null,"web_layer_source":"F:/datasets/layers/all_highway.geojson"},"geometry":{"type":"Point","coordinates":[85.8830756,20.3162742]}},{"type":"Feature","properties":{"highway":"street_lamp","name":null,"surface":null,"lanes":null,"web_layer_source":"F:/datasets/layers/all_highway.geojson"},"geometry":{"type":"Point","coordinates":[85.8829578,20.3164361]}},{"type":"Feature","properties":{"highway":"street_lamp","name":null,"surface":null,"lanes":null,"web_layer_source":"F:/datasets/layers/all_highway.geojson"},"geometry":{"type":"Point","coordinates":[85.8827923,20.3166511]}},{"type":"Feature","properties":{"highway":"street_lamp","name":null,"surface":null,"lanes":null,"web_layer_source":"F:/datasets/layers/all_highway.geojson"},"geometry":{"type":"Point","coordinates":[85.8826906,20.3167951]}},{"type":"Feature","properties":{"highway":"street_lamp","name":null,"surface":null,"lanes":null,"web_layer_source":"F:/datasets/layers/all_highway.geojson"},"geometry":{"type":"Point","coordinates":[85.8825685,20.3169556]}},{"type":"Feature","properties":{"highway":"street_lamp","name":null,"surface":null,"lanes":null,"web_layer_source":"F:/datasets/layers/all_highway.geojson"},"geometry":{"type":"Point","coordinates":[85.8824444,20.3171196]}},{"type":"Feature","properties":{"highway":"street_lamp","name":null,"surface":null,"lanes":null,"web_layer_source":"F:/datasets/layers/all_highway.geojson"},"geometry":{"type":"Point","coordinates":[85.8823093,20.3173003]}},{"type":"Feature","properties":{"highway":"street_lamp","name":null,"surface":null,"lanes":null,"web_layer_source":"F:/datasets/layers/all_highway.geojson"},"geometry":{"type":"Point","coordinates":[85.8842854,20.3146485]}},{"type":"Feature","properties":{"highway":"street_lamp","name":null,"surface":null,"lanes":null,"web_layer_source":"F:/datasets/layers/all_highway.geojson"},"geometry":{"type":"Point","coordinates":[85.879622,20.3208721]}},{"type":"Feature","properties":{"highway":"street_lamp","name":null,"surface":null,"lanes":null,"web_layer_source":"F:/datasets/layers/all_highway.geojson"},"geometry":{"type":"Point","coordinates":[85.8796884,20.3209113]}},{"type":"Feature","properties":{"highway":"street_lamp","name":null,"surface":null,"lanes":null,"web_layer_source":"F:/datasets/layers/all_highway.geojson"},"geometry":{"type":"Point","coordinates":[85.8795335,20.3211217]}},{"type":"Feature","properties":{"highway":"street_lamp","name":null,"surface":null,"lanes":null,"web_layer_source":"F:/datasets/layers/all_highway.geojson"},"geometry":{"type":"Point","coordinates":[85.8794156,20.3212888]}},{"type":"Feature","properties":{"highway":"street_lamp","name":null,"surface":null,"lanes":null,"web_layer_source":"F:/datasets/layers/all_highway.geojson"},"geometry":{"type":"Point","coordinates":[85.8792895,20.3214634]}},{"type":"Feature","properties":{"highway":"street_lamp","name":null,"surface":null,"lanes":null,"web_layer_source":"F:/datasets/layers/all_highway.geojson"},"geometry":{"type":"Point","coordinates":[85.8791674,20.3216401]}},{"type":"Feature","properties":{"highway":"street_lamp","name":null,"surface":null,"lanes":null,"web_layer_source":"F:/datasets/layers/all_highway.geojson"},"geometry":{"type":"Point","coordinates":[85.8790442,20.3218044]}},{"type":"Feature","properties":{"highway":"street_lamp","name":null,"surface":null,"lanes":null,"web_layer_source":"F:/datasets/layers/all_highway.geojson"},"geometry":{"type":"Point","coordinates":[85.8788572,20.3218668]}},{"type":"Feature","properties":{"highway":"street_lamp","name":null,"surface":null,"lanes":null,"web_layer_source":"F:/datasets/layers/all_highway.geojson"},"geometry":{"type":"Point","coordinates":[85.8789122,20.3219855]}},{"type":"Feature","properties":{"highway":"street_lamp","name":null,"surface":null,"lanes":null,"web_layer_source":"F:/datasets/layers/all_highway.geojson"},"geometry":{"type":"Point","coordinates":[85.8788077,20.3221124]}},{"type":"Feature","properties":{"highway":"street_lamp","name":null,"surface":null,"lanes":null,"web_layer_source":"F:/datasets/layers/all_highway.geojson"},"geometry":{"type":"Point","coordinates":[85.8786904,20.32228]}},{"type":"Feature","properties":{"highway":"street_lamp","name":null,"surface":null,"lanes":null,"web_layer_source":"F:/datasets/layers/all_highway.geojson"},"geometry":{"type":"Point","coordinates":[85.878567,20.3224808]}},{"type":"Feature","properties":{"highway":"street_lamp","name":null,"surface":null,"lanes":null,"web_layer_source":"F:/datasets/layers/all_highway.geojson"},"geometry":{"type":"Point","coordinates":[85.8806919,20.3195726]}},{"type":"Feature","properties":{"highway":"street_lamp","name":null,"surface":null,"lanes":null,"web_layer_source":"F:/datasets/layers/all_highway.geojson"},"geometry":{"type":"Point","coordinates":[85.8804981,20.3198352]}},{"type":"Feature","properties":{"highway":"street_lamp","name":null,"surface":null,"lanes":null,"web_layer_source":"F:/datasets/layers/all_highway.geojson"},"geometry":{"type":"Point","coordinates":[85.8801234,20.3202039]}},{"type":"Feature","properties":{"highway":"street_lamp","name":null,"surface":null,"lanes":null,"web_layer_source":"F:/datasets/layers/all_highway.geojson"},"geometry":{"type":"Point","coordinates":[85.8800052,20.3204986]}},{"type":"Feature","properties":{"highway":"street_lamp","name":null,"surface":null,"lanes":null,"web_layer_source":"F:/datasets/layers/all_highway.geojson"},"geometry":{"type":"Point","coordinates":[85.8798612,20.3205231]}},{"type":"Feature","properties":{"highway":"street_lamp","name":null,"surface":null,"lanes":null,"web_layer_source":"F:/datasets/layers/all_highway.geojson"},"geometry":{"type":"Point","coordinates":[85.8798181,20.320595]}},{"type":"Feature","properties":{"highway":"street_lamp","name":null,"surface":null,"lanes":null,"web_layer_source":"F:/datasets/layers/all_highway.geojson"},"geometry":{"type":"Point","coordinates":[85.8793406,20.3205542]}},{"type":"Feature","properties":{"highway":"street_lamp","name":null,"surface":null,"lanes":null,"web_layer_source":"F:/datasets/layers/all_highway.geojson"},"geometry":{"type":"Point","coordinates":[85.8792384,20.3205572]}},{"type":"Feature","properties":{"highway":"street_lamp","name":null,"surface":null,"lanes":null,"web_layer_source":"F:/datasets/layers/all_highway.geojson"},"geometry":{"type":"Point","coordinates":[85.8790353,20.3205778]}},{"type":"Feature","properties":{"highway":"street_lamp","name":null,"surface":null,"lanes":null,"web_layer_source":"F:/datasets/layers/all_highway.geojson"},"geometry":{"type":"Point","coordinates":[85.8787556,20.3205981]}},{"type":"Feature","properties":{"highway":"street_lamp","name":null,"surface":null,"lanes":null,"web_layer_source":"F:/datasets/layers/all_highway.geojson"},"geometry":{"type":"Point","coordinates":[85.8784274,20.3206214]}},{"type":"Feature","properties":{"highway":"street_lamp","name":null,"surface":null,"lanes":null,"web_layer_source":"F:/datasets/layers/all_highway.geojson"},"geometry":{"type":"Point","coordinates":[85.8782151,20.3206408]}},{"type":"Feature","properties":{"highway":"street_lamp","name":null,"surface":null,"lanes":null,"web_layer_source":"F:/datasets/layers/all_highway.geojson"},"geometry":{"type":"Point","coordinates":[85.8778857,20.3206662]}},{"type":"Feature","properties":{"highway":"street_lamp","name":null,"surface":null,"lanes":null,"web_layer_source":"F:/datasets/layers/all_highway.geojson"},"geometry":{"type":"Point","coordinates":[85.8804952,20.3186681]}},{"type":"Feature","properties":{"highway":"street_lamp","name":null,"surface":null,"lanes":null,"web_layer_source":"F:/datasets/layers/all_highway.geojson"},"geometry":{"type":"Point","coordinates":[85.8802374,20.3184121]}},{"type":"Feature","properties":{"highway":"street_lamp","name":null,"surface":null,"lanes":null,"web_layer_source":"F:/datasets/layers/all_highway.geojson"},"geometry":{"type":"Point","coordinates":[85.8800024,20.3181399]}},{"type":"Feature","properties":{"highway":"street_lamp","name":null,"surface":null,"lanes":null,"web_layer_source":"F:/datasets/layers/all_highway.geojson"},"geometry":{"type":"Point","coordinates":[85.8785699,20.3170033]}},{"type":"Feature","properties":{"highway":"street_lamp","name":null,"surface":null,"lanes":null,"web_layer_source":"F:/datasets/layers/all_highway.geojson"},"geometry":{"type":"Point","coordinates":[85.8784214,20.3173272]}},{"type":"Feature","properties":{"highway":"street_lamp","name":null,"surface":null,"lanes":null,"web_layer_source":"F:/datasets/layers/all_highway.geojson"},"geometry":{"type":"Point","coordinates":[85.8782201,20.3175608]}},{"type":"Feature","properties":{"highway":"street_lamp","name":null,"surface":null,"lanes":null,"web_layer_source":"F:/datasets/layers/all_highway.geojson"},"geometry":{"type":"Point","coordinates":[85.8780593,20.3176814]}},{"type":"Feature","properties":{"highway":"street_lamp","name":null,"surface":null,"lanes":null,"web_layer_source":"F:/datasets/layers/all_highway.geojson"},"geometry":{"type":"Point","coordinates":[85.8778139,20.3178586]}},{"type":"Feature","properties":{"highway":"street_lamp","name":null,"surface":null,"lanes":null,"web_layer_source":"F:/datasets/layers/all_highway.geojson"},"geometry":{"type":"Point","coordinates":[85.8794809,20.3170999]}},{"type":"Feature","properties":{"highway":"street_lamp","name":null,"surface":null,"lanes":null,"web_layer_source":"F:/datasets/layers/all_highway.geojson"},"geometry":{"type":"Point","coordinates":[85.8792712,20.316471]}},{"type":"Feature","properties":{"highway":"street_lamp","name":null,"surface":null,"lanes":null,"web_layer_source":"F:/datasets/layers/all_highway.geojson"},"geometry":{"type":"Point","coordinates":[85.8792372,20.3163629]}},{"type":"Feature","properties":{"highway":"street_lamp","name":null,"surface":null,"lanes":null,"web_layer_source":"F:/datasets/layers/all_highway.geojson"},"geometry":{"type":"Point","coordinates":[85.879212,20.3162647]}},{"type":"Feature","properties":{"highway":"street_lamp","name":null,"surface":null,"lanes":null,"web_layer_source":"F:/datasets/layers/all_highway.geojson"},"geometry":{"type":"Point","coordinates":[85.8795573,20.3173819]}},{"type":"Feature","properties":{"highway":"street_lamp","name":null,"surface":null,"lanes":null,"web_layer_source":"F:/datasets/layers/all_highway.geojson"},"geometry":{"type":"Point","coordinates":[85.8797008,20.317646]}},{"type":"Feature","properties":{"highway":"street_lamp","name":null,"surface":null,"lanes":null,"web_layer_source":"F:/datasets/layers/all_highway.geojson"},"geometry":{"type":"Point","coordinates":[85.8798334,20.3179195]}},{"type":"Feature","properties":{"highway":"street_lamp","name":null,"surface":null,"lanes":null,"web_layer_source":"F:/datasets/layers/all_highway.geojson"},"geometry":{"type":"Point","coordinates":[85.8773979,20.3182763]}},{"type":"Feature","properties":{"highway":"street_lamp","name":null,"surface":null,"lanes":null,"web_layer_source":"F:/datasets/layers/all_highway.geojson"},"geometry":{"type":"Point","coordinates":[85.8772206,20.318486]}},{"type":"Feature","properties":{"highway":"street_lamp","name":null,"surface":null,"lanes":null,"web_layer_source":"F:/datasets/layers/all_highway.geojson"},"geometry":{"type":"Point","coordinates":[85.876973,20.3189901]}},{"type":"Feature","properties":{"highway":"street_lamp","name":null,"surface":null,"lanes":null,"web_layer_source":"F:/datasets/layers/all_highway.geojson"},"geometry":{"type":"Point","coordinates":[85.8768577,20.3192621]}},{"type":"Feature","properties":{"highway":"street_lamp","name":null,"surface":null,"lanes":null,"web_layer_source":"F:/datasets/layers/all_highway.geojson"},"geometry":{"type":"Point","coordinates":[85.8767652,20.3194957]}},{"type":"Feature","properties":{"highway":"street_lamp","name":null,"surface":null,"lanes":null,"web_layer_source":"F:/datasets/layers/all_highway.geojson"},"geometry":{"type":"Point","coordinates":[85.8766445,20.3197243]}},{"type":"Feature","properties":{"highway":"street_lamp","name":null,"surface":null,"lanes":null,"web_layer_source":"F:/datasets/layers/all_highway.geojson"},"geometry":{"type":"Point","coordinates":[85.8764287,20.319992]}},{"type":"Feature","properties":{"highway":"street_lamp","name":null,"surface":null,"lanes":null,"web_layer_source":"F:/datasets/layers/all_highway.geojson"},"geometry":{"type":"Point","coordinates":[85.8762309,20.3202007]}},{"type":"Feature","properties":{"highway":"street_lamp","name":null,"surface":null,"lanes":null,"web_layer_source":"F:/datasets/layers/all_highway.geojson"},"geometry":{"type":"Point","coordinates":[85.8760277,20.3203894]}},{"type":"Feature","properties":{"highway":"street_lamp","name":null,"surface":null,"lanes":null,"web_layer_source":"F:/datasets/layers/all_highway.geojson"},"geometry":{"type":"Point","coordinates":[85.875831,20.3205873]}},{"type":"Feature","properties":{"highway":"street_lamp","name":null,"surface":null,"lanes":null,"web_layer_source":"F:/datasets/layers/all_highway.geojson"},"geometry":{"type":"Point","coordinates":[85.8757164,20.3206714]}},{"type":"Feature","properties":{"highway":"street_lamp","name":null,"surface":null,"lanes":null,"web_layer_source":"F:/datasets/layers/all_highway.geojson"},"geometry":{"type":"Point","coordinates":[85.8753713,20.3209456]}},{"type":"Feature","properties":{"highway":"street_lamp","name":null,"surface":null,"lanes":null,"web_layer_source":"F:/datasets/layers/all_highway.geojson"},"geometry":{"type":"Point","coordinates":[85.8750591,20.321103]}},{"type":"Feature","properties":{"highway":"street_lamp","name":null,"surface":null,"lanes":null,"web_layer_source":"F:/datasets/layers/all_highway.geojson"},"geometry":{"type":"Point","coordinates":[85.8746435,20.3212545]}},{"type":"Feature","properties":{"highway":"street_lamp","name":null,"surface":null,"lanes":null,"web_layer_source":"F:/datasets/layers/all_highway.geojson"},"geometry":{"type":"Point","coordinates":[85.8742463,20.3213342]}},{"type":"Feature","properties":{"highway":"street_lamp","name":null,"surface":null,"lanes":null,"web_layer_source":"F:/datasets/layers/all_highway.geojson"},"geometry":{"type":"Point","coordinates":[85.8739251,20.3214013]}},{"type":"Feature","properties":{"highway":"street_lamp","name":null,"surface":null,"lanes":null,"web_layer_source":"F:/datasets/layers/all_highway.geojson"},"geometry":{"type":"Point","coordinates":[85.8737286,20.3214476]}},{"type":"Feature","properties":{"highway":"street_lamp","name":null,"surface":null,"lanes":null,"web_layer_source":"F:/datasets/layers/all_highway.geojson"},"geometry":{"type":"Point","coordinates":[85.8736601,20.3214535]}},{"type":"Feature","properties":{"highway":"street_lamp","name":null,"surface":null,"lanes":null,"web_layer_source":"F:/datasets/layers/all_highway.geojson"},"geometry":{"type":"Point","coordinates":[85.8734214,20.3214945]}},{"type":"Feature","properties":{"highway":"street_lamp","name":null,"surface":null,"lanes":null,"web_layer_source":"F:/datasets/layers/all_highway.geojson"},"geometry":{"type":"Point","coordinates":[85.8731656,20.3215687]}},{"type":"Feature","properties":{"highway":"street_lamp","name":null,"surface":null,"lanes":null,"web_layer_source":"F:/datasets/layers/all_highway.geojson"},"geometry":{"type":"Point","coordinates":[85.8731371,20.3217012]}},{"type":"Feature","properties":{"highway":"street_lamp","name":null,"surface":null,"lanes":null,"web_layer_source":"F:/datasets/layers/all_highway.geojson"},"geometry":{"type":"Point","coordinates":[85.8729265,20.3217341]}},{"type":"Feature","properties":{"highway":"street_lamp","name":null,"surface":null,"lanes":null,"web_layer_source":"F:/datasets/layers/all_highway.geojson"},"geometry":{"type":"Point","coordinates":[85.8726112,20.3221514]}},{"type":"Feature","properties":{"highway":"street_lamp","name":null,"surface":null,"lanes":null,"web_layer_source":"F:/datasets/layers/all_highway.geojson"},"geometry":{"type":"Point","coordinates":[85.8727565,20.3219174]}},{"type":"Feature","properties":{"highway":"street_lamp","name":null,"surface":null,"lanes":null,"web_layer_source":"F:/datasets/layers/all_highway.geojson"},"geometry":{"type":"Point","coordinates":[85.8724473,20.3223845]}},{"type":"Feature","properties":{"highway":"street_lamp","name":null,"surface":null,"lanes":null,"web_layer_source":"F:/datasets/layers/all_highway.geojson"},"geometry":{"type":"Point","coordinates":[85.8723493,20.3225484]}},{"type":"Feature","properties":{"highway":"street_lamp","name":null,"surface":null,"lanes":null,"web_layer_source":"F:/datasets/layers/all_highway.geojson"},"geometry":{"type":"Point","coordinates":[85.8722589,20.3227217]}},{"type":"Feature","properties":{"highway":"street_lamp","name":null,"surface":null,"lanes":null,"web_layer_source":"F:/datasets/layers/all_highway.geojson"},"geometry":{"type":"Point","coordinates":[85.8721639,20.3229778]}},{"type":"Feature","properties":{"highway":"street_lamp","name":null,"surface":null,"lanes":null,"web_layer_source":"F:/datasets/layers/all_highway.geojson"},"geometry":{"type":"Point","coordinates":[85.8720817,20.3232212]}},{"type":"Feature","properties":{"highway":"street_lamp","name":null,"surface":null,"lanes":null,"web_layer_source":"F:/datasets/layers/all_highway.geojson"},"geometry":{"type":"Point","coordinates":[85.872012,20.3234873]}},{"type":"Feature","properties":{"highway":"street_lamp","name":null,"surface":null,"lanes":null,"web_layer_source":"F:/datasets/layers/all_highway.geojson"},"geometry":{"type":"Point","coordinates":[85.8719383,20.3237325]}},{"type":"Feature","properties":{"highway":"street_lamp","name":null,"surface":null,"lanes":null,"web_layer_source":"F:/datasets/layers/all_highway.geojson"},"geometry":{"type":"Point","coordinates":[85.8718398,20.3239835]}},{"type":"Feature","properties":{"highway":"street_lamp","name":null,"surface":null,"lanes":null,"web_layer_source":"F:/datasets/layers/all_highway.geojson"},"geometry":{"type":"Point","coordinates":[85.8717067,20.3242774]}},{"type":"Feature","properties":{"highway":"street_lamp","name":null,"surface":null,"lanes":null,"web_layer_source":"F:/datasets/layers/all_highway.geojson"},"geometry":{"type":"Point","coordinates":[85.8715828,20.3245132]}},{"type":"Feature","properties":{"highway":"street_lamp","name":null,"surface":null,"lanes":null,"web_layer_source":"F:/datasets/layers/all_highway.geojson"},"geometry":{"type":"Point","coordinates":[85.8714547,20.3247341]}},{"type":"Feature","properties":{"highway":"street_lamp","name":null,"surface":null,"lanes":null,"web_layer_source":"F:/datasets/layers/all_highway.geojson"},"geometry":{"type":"Point","coordinates":[85.8713057,20.3249664]}},{"type":"Feature","properties":{"highway":"street_lamp","name":null,"surface":null,"lanes":null,"web_layer_source":"F:/datasets/layers/all_highway.geojson"},"geometry":{"type":"Point","coordinates":[85.871126,20.3252794]}},{"type":"Feature","properties":{"highway":"street_lamp","name":null,"surface":null,"lanes":null,"web_layer_source":"F:/datasets/layers/all_highway.geojson"},"geometry":{"type":"Point","coordinates":[85.8709813,20.3255091]}},{"type":"Feature","properties":{"highway":"street_lamp","name":null,"surface":null,"lanes":null,"web_layer_source":"F:/datasets/layers/all_highway.geojson"},"geometry":{"type":"Point","coordinates":[85.8708568,20.3257082]}},{"type":"Feature","properties":{"highway":"street_lamp","name":null,"surface":null,"lanes":null,"web_layer_source":"F:/datasets/layers/all_highway.geojson"},"geometry":{"type":"Point","coordinates":[85.8707225,20.3259121]}},{"type":"Feature","properties":{"highway":"street_lamp","name":null,"surface":null,"lanes":null,"web_layer_source":"F:/datasets/layers/all_highway.geojson"},"geometry":{"type":"Point","coordinates":[85.8705499,20.3261431]}},{"type":"Feature","properties":{"highway":"street_lamp","name":null,"surface":null,"lanes":null,"web_layer_source":"F:/datasets/layers/all_highway.geojson"},"geometry":{"type":"Point","coordinates":[85.8703299,20.3263988]}},{"type":"Feature","properties":{"highway":"street_lamp","name":null,"surface":null,"lanes":null,"web_layer_source":"F:/datasets/layers/all_highway.geojson"},"geometry":{"type":"Point","coordinates":[85.8701951,20.3266178]}},{"type":"Feature","properties":{"highway":"street_lamp","name":null,"surface":null,"lanes":null,"web_layer_source":"F:/datasets/layers/all_highway.geojson"},"geometry":{"type":"Point","coordinates":[85.8699285,20.327759]}},{"type":"Feature","properties":{"highway":"street_lamp","name":null,"surface":null,"lanes":null,"web_layer_source":"F:/datasets/layers/all_highway.geojson"},"geometry":{"type":"Point","coordinates":[85.8699042,20.3278298]}},{"type":"Feature","properties":{"highway":"street_lamp","name":null,"surface":null,"lanes":null,"web_layer_source":"F:/datasets/layers/all_highway.geojson"},"geometry":{"type":"Point","coordinates":[85.883993,20.3173544]}},{"type":"Feature","properties":{"highway":"street_lamp","name":null,"surface":null,"lanes":null,"web_layer_source":"F:/datasets/layers/all_highway.geojson"},"geometry":{"type":"Point","coordinates":[85.8840892,20.3176189]}},{"type":"Feature","properties":{"highway":"street_lamp","name":null,"surface":null,"lanes":null,"web_layer_source":"F:/datasets/layers/all_highway.geojson"},"geometry":{"type":"Point","coordinates":[85.8842674,20.3179087]}},{"type":"Feature","properties":{"highway":"street_lamp","name":null,"surface":null,"lanes":null,"web_layer_source":"F:/datasets/layers/all_highway.geojson"},"geometry":{"type":"Point","coordinates":[85.8844232,20.3180769]}},{"type":"Feature","properties":{"highway":"street_lamp","name":null,"surface":null,"lanes":null,"web_layer_source":"F:/datasets/layers/all_highway.geojson"},"geometry":{"type":"Point","coordinates":[85.884368,20.318137]}},{"type":"Feature","properties":{"highway":"street_lamp","name":null,"surface":null,"lanes":null,"web_layer_source":"F:/datasets/layers/all_highway.geojson"},"geometry":{"type":"Point","coordinates":[85.8846371,20.3179433]}},{"type":"Feature","properties":{"highway":"street_lamp","name":null,"surface":null,"lanes":null,"web_layer_source":"F:/datasets/layers/all_highway.geojson"},"geometry":{"type":"Point","coordinates":[85.8847446,20.3178552]}},{"type":"Feature","properties":{"highway":"street_lamp","name":null,"surface":null,"lanes":null,"web_layer_source":"F:/datasets/layers/all_highway.geojson"},"geometry":{"type":"Point","coordinates":[85.8848289,20.317795]}},{"type":"Feature","properties":{"highway":"street_lamp","name":null,"surface":null,"lanes":null,"web_layer_source":"F:/datasets/layers/all_highway.geojson"},"geometry":{"type":"Point","coordinates":[85.8849845,20.3176903]}},{"type":"Feature","properties":{"highway":"street_lamp","name":null,"surface":null,"lanes":null,"web_layer_source":"F:/datasets/layers/all_highway.geojson"},"geometry":{"type":"Point","coordinates":[85.8851877,20.3175562]}},{"type":"Feature","properties":{"highway":"street_lamp","name":null,"surface":null,"lanes":null,"web_layer_source":"F:/datasets/layers/all_highway.geojson"},"geometry":{"type":"Point","coordinates":[85.8854105,20.3177028]}},{"type":"Feature","properties":{"highway":"street_lamp","name":null,"surface":null,"lanes":null,"web_layer_source":"F:/datasets/layers/all_highway.geojson"},"geometry":{"type":"Point","coordinates":[85.8856282,20.3184442]}},{"type":"Feature","properties":{"highway":"street_lamp","name":null,"surface":null,"lanes":null,"web_layer_source":"F:/datasets/layers/all_highway.geojson"},"geometry":{"type":"Point","coordinates":[85.8871679,20.320045]}},{"type":"Feature","properties":{"highway":"street_lamp","name":null,"surface":null,"lanes":null,"web_layer_source":"F:/datasets/layers/all_highway.geojson"},"geometry":{"type":"Point","coordinates":[85.8871728,20.3200468]}},{"type":"Feature","properties":{"highway":"street_lamp","name":null,"surface":null,"lanes":null,"web_layer_source":"F:/datasets/layers/all_highway.geojson"},"geometry":{"type":"Point","coordinates":[85.8879317,20.3199986]}},{"type":"Feature","properties":{"highway":"street_lamp","name":null,"surface":null,"lanes":null,"web_layer_source":"F:/datasets/layers/all_highway.geojson"},"geometry":{"type":"Point","coordinates":[85.8886464,20.3191721]}},{"type":"Feature","properties":{"highway":"street_lamp","name":null,"surface":null,"lanes":null,"web_layer_source":"F:/datasets/layers/all_highway.geojson"},"geometry":{"type":"Point","coordinates":[85.8891404,20.3199303]}},{"type":"Feature","properties":{"highway":"street_lamp","name":null,"surface":null,"lanes":null,"web_layer_source":"F:/datasets/layers/all_highway.geojson"},"geometry":{"type":"Point","coordinates":[85.8870794,20.3198798]}},{"type":"Feature","properties":{"highway":"street_lamp","name":null,"surface":null,"lanes":null,"web_layer_source":"F:/datasets/layers/all_highway.geojson"},"geometry":{"type":"Point","coordinates":[85.8870714,20.3198862]}},{"type":"Feature","properties":{"highway":"street_lamp","name":null,"surface":null,"lanes":null,"web_layer_source":"F:/datasets/layers/all_highway.geojson"},"geometry":{"type":"Point","coordinates":[85.886831,20.3195902]}},{"type":"Feature","properties":{"highway":"street_lamp","name":null,"surface":null,"lanes":null,"web_layer_source":"F:/datasets/layers/all_highway.geojson"},"geometry":{"type":"Point","coordinates":[85.886726,20.3194611]}},{"type":"Feature","properties":{"highway":"street_lamp","name":null,"surface":null,"lanes":null,"web_layer_source":"F:/datasets/layers/all_highway.geojson"},"geometry":{"type":"Point","coordinates":[85.8867172,20.3191648]}},{"type":"Feature","properties":{"highway":"street_lamp","name":null,"surface":null,"lanes":null,"web_layer_source":"F:/datasets/layers/all_highway.geojson"},"geometry":{"type":"Point","coordinates":[85.8870358,20.3189436]}},{"type":"Feature","properties":{"highway":"street_lamp","name":null,"surface":null,"lanes":null,"web_layer_source":"F:/datasets/layers/all_highway.geojson"},"geometry":{"type":"Point","coordinates":[85.8863988,20.3190154]}},{"type":"Feature","properties":{"highway":"street_lamp","name":null,"surface":null,"lanes":null,"web_layer_source":"F:/datasets/layers/all_highway.geojson"},"geometry":{"type":"Point","coordinates":[85.8882899,20.3193388]}},{"type":"Feature","properties":{"highway":"street_lamp","name":null,"surface":null,"lanes":null,"web_layer_source":"F:/datasets/layers/all_highway.geojson"},"geometry":{"type":"Point","coordinates":[85.8876494,20.3194394]}},{"type":"Feature","properties":{"highway":"street_lamp","name":null,"surface":null,"lanes":null,"web_layer_source":"F:/datasets/layers/all_highway.geojson"},"geometry":{"type":"Point","coordinates":[85.8881692,20.3202896]}},{"type":"Feature","properties":{"highway":"street_lamp","name":null,"surface":null,"lanes":null,"web_layer_source":"F:/datasets/layers/all_highway.geojson"},"geometry":{"type":"Point","coordinates":[85.8875711,20.3201443]}},{"type":"Feature","properties":{"highway":"street_lamp","name":null,"surface":null,"lanes":null,"web_layer_source":"F:/datasets/layers/all_highway.geojson"},"geometry":{"type":"Point","coordinates":[85.8877559,20.3203884]}},{"type":"Feature","properties":{"highway":"bus_stop","name":"Puri Canal","surface":null,"lanes":null,"web_layer_source":"F:/datasets/layers/all_highway.geojson"},"geometry":{"type":"Point","coordinates":[85.8817925,20.3197671]}},{"type":"Feature","properties":{"highway":"street_lamp","name":null,"surface":null,"lanes":null,"web_layer_source":"F:/datasets/layers/all_highway.geojson"},"geometry":{"type":"Point","coordinates":[85.8859078,20.3154755]}},{"type":"Feature","properties":{"highway":"street_lamp","name":null,"surface":null,"lanes":null,"web_layer_source":"F:/datasets/layers/all_highway.geojson"},"geometry":{"type":"Point","coordinates":[85.8861437,20.3155108]}},{"type":"Feature","properties":{"highway":"street_lamp","name":null,"surface":null,"lanes":null,"web_layer_source":"F:/datasets/layers/all_highway.geojson"},"geometry":{"type":"Point","coordinates":[85.8869341,20.3163419]}},{"type":"Feature","properties":{"highway":"street_lamp","name":null,"surface":null,"lanes":null,"web_layer_source":"F:/datasets/layers/all_highway.geojson"},"geometry":{"type":"Point","coordinates":[85.8868043,20.3161863]}},{"type":"Feature","properties":{"highway":"street_lamp","name":null,"surface":null,"lanes":null,"web_layer_source":"F:/datasets/layers/all_highway.geojson"},"geometry":{"type":"Point","coordinates":[85.8865071,20.3158589]}},{"type":"Feature","properties":{"highway":"street_lamp","name":null,"surface":null,"lanes":null,"web_layer_source":"F:/datasets/layers/all_highway.geojson"},"geometry":{"type":"Point","coordinates":[85.8852865,20.3156234]}},{"type":"Feature","properties":{"highway":"street_lamp","name":null,"surface":null,"lanes":null,"web_layer_source":"F:/datasets/layers/all_highway.geojson"},"geometry":{"type":"Point","coordinates":[85.8854309,20.3154034]}},{"type":"Feature","properties":{"highway":"street_lamp","name":null,"surface":null,"lanes":null,"web_layer_source":"F:/datasets/layers/all_highway.geojson"},"geometry":{"type":"Point","coordinates":[85.885719,20.3154502]}},{"type":"Feature","properties":{"highway":"street_lamp","name":null,"surface":null,"lanes":null,"web_layer_source":"F:/datasets/layers/all_highway.geojson"},"geometry":{"type":"Point","coordinates":[85.8896664,20.3192191]}},{"type":"Feature","properties":{"highway":"street_lamp","name":null,"surface":null,"lanes":null,"web_layer_source":"F:/datasets/layers/all_highway.geojson"},"geometry":{"type":"Point","coordinates":[85.8898462,20.3188165]}},{"type":"Feature","properties":{"highway":"bus_stop","name":"Jaydev vihar bus stop","surface":null,"lanes":null,"web_layer_source":"F:/datasets/layers/all_highway.geojson"},"geometry":{"type":"Point","coordinates":[85.8247042,20.2962223]}},{"type":"Feature","properties":{"highway":"bus_stop","name":"Jaydev Vihar to Nandan Kanan Bus Stop","surface":null,"lanes":null,"web_layer_source":"F:/datasets/layers/all_highway.geojson"},"geometry":{"type":"Point","coordinates":[85.8244698,20.2961516]}},{"type":"Feature","properties":{"highway":"bus_stop","name":"IGKC Bus Stop","surface":null,"lanes":null,"web_layer_source":"F:/datasets/layers/all_highway.geojson"},"geometry":{"type":"Point","coordinates":[85.76379,20.2747384]}},{"type":"Feature","properties":{"highway":"bus_stop","name":"Mo Bus Stop","surface":null,"lanes":null,"web_layer_source":"F:/datasets/layers/all_highway.geojson"},"geometry":{"type":"Point","coordinates":[85.8717656,20.3089875]}},{"type":"Feature","properties":{"highway":"crossing","name":null,"surface":null,"lanes":null,"web_layer_source":"F:/datasets/layers/all_highway.geojson"},"geometry":{"type":"Point","coordinates":[85.8016667,20.2486575]}},{"type":"Feature","properties":{"highway":"residential","name":null,"surface":null,"lanes":null,"web_layer_source":"F:/datasets/layers/all_highway.geojson"},"geometry":{"type":"LineString","coordinates":[[85.8307812,20.2842833],[85.8308301,20.2839716]]}},{"type":"Feature","properties":{"highway":"residential","name":null,"surface":null,"lanes":null,"web_layer_source":"F:/datasets/layers/all_highway.geojson"},"geometry":{"type":"LineString","coordinates":[[85.7962299,20.2819027],[85.7959938,20.2817484],[85.7956932,20.2815597],[85.7954992,20.2814348],[85.7952626,20.2812813],[85.7950205,20.2811215]]}},{"type":"Feature","properties":{"highway":"residential","name":null,"surface":null,"lanes":null,"web_layer_source":"F:/datasets/layers/all_highway.geojson"},"geometry":{"type":"LineString","coordinates":[[85.8438138,20.2611128],[85.8431479,20.2614667],[85.8428843,20.2616232],[85.8423342,20.2620216],[85.8419298,20.2622745]]}},{"type":"Feature","properties":{"highway":"residential","name":null,"surface":null,"lanes":null,"web_layer_source":"F:/datasets/layers/all_highway.geojson"},"geometry":{"type":"LineString","coordinates":[[85.8073024,20.2724637],[85.807626,20.2721587]]}},{"type":"Feature","properties":{"highway":"residential","name":null,"surface":null,"lanes":null,"web_layer_source":"F:/datasets/layers/all_highway.geojson"},"geometry":{"type":"LineString","coordinates":[[85.8106243,20.2716285],[85.8108922,20.2712994],[85.8111414,20.2709934]]}},{"type":"Feature","properties":{"highway":"residential","name":null,"surface":null,"lanes":null,"web_layer_source":"F:/datasets/layers/all_highway.geojson"},"geometry":{"type":"LineString","coordinates":[[85.8317073,20.2844681],[85.8307812,20.2842833]]}},{"type":"Feature","properties":{"highway":"service","name":null,"surface":null,"lanes":null,"web_layer_source":"F:/datasets/layers/all_highway.geojson"},"geometry":{"type":"LineString","coordinates":[[85.8447783,20.3078582],[85.844685,20.3076176],[85.843806,20.3078686],[85.8436546,20.3075071],[85.8436465,20.3074844],[85.8435289,20.3071133],[85.8433973,20.3066982],[85.8423682,20.3070236],[85.8420503,20.3071153],[85.8417499,20.3072048],[85.8415594,20.3072216],[85.8414766,20.3070967],[85.8413647,20.3066698],[85.8412705,20.3063104],[85.8408186,20.3045866],[85.8402226,20.3046252],[85.83989,20.3046561],[85.839429,20.3046747],[85.8394112,20.3044629],[85.8393394,20.3036066],[85.8393464,20.3035467],[85.8393697,20.3034886],[85.8394199,20.3034053],[85.8394833,20.3033019],[85.8395778,20.3031364],[85.8396032,20.303091],[85.8396177,20.3030438],[85.839617,20.3029752],[85.8395846,20.3026456],[85.8393018,20.3026559]]}},{"type":"Feature","properties":{"highway":"residential","name":null,"surface":null,"lanes":null,"web_layer_source":"F:/datasets/layers/all_highway.geojson"},"geometry":{"type":"LineString","coordinates":[[85.8474573,20.2875009],[85.8477081,20.287348],[85.8478924,20.2871465],[85.8480813,20.2869165],[85.8481344,20.2868427],[85.8482365,20.2867008],[85.8483355,20.2863687],[85.8483824,20.2860944]]}},{"type":"Feature","properties":{"highway":"residential","name":null,"surface":null,"lanes":null,"web_layer_source":"F:/datasets/layers/all_highway.geojson"},"geometry":{"type":"LineString","coordinates":[[85.8132753,20.2705747],[85.8135594,20.2708209]]}},{"type":"Feature","properties":{"highway":"residential","name":null,"surface":null,"lanes":null,"web_layer_source":"F:/datasets/layers/all_highway.geojson"},"geometry":{"type":"LineString","coordinates":[[85.8504273,20.3048778],[85.8530632,20.3057916],[85.8533252,20.3058825],[85.854374,20.3062497]]}},{"type":"Feature","properties":{"highway":"residential","name":null,"surface":null,"lanes":null,"web_layer_source":"F:/datasets/layers/all_highway.geojson"},"geometry":{"type":"LineString","coordinates":[[85.8308301,20.2839716],[85.8321531,20.2841644],[85.8321614,20.2845149],[85.8321548,20.2848728],[85.8321716,20.2849469]]}},{"type":"Feature","properties":{"highway":"residential","name":null,"surface":null,"lanes":null,"web_layer_source":"F:/datasets/layers/all_highway.geojson"},"geometry":{"type":"LineString","coordinates":[[85.8067527,20.2725613],[85.8070694,20.2722543],[85.8074117,20.2719225]]}},{"type":"Feature","properties":{"highway":"residential","name":null,"surface":null,"lanes":null,"web_layer_source":"F:/datasets/layers/all_highway.geojson"},"geometry":{"type":"LineString","coordinates":[[85.8303903,20.2822159],[85.831238,20.2821856]]}},{"type":"Feature","properties":{"highway":"residential","name":null,"surface":null,"lanes":null,"web_layer_source":"F:/datasets/layers/all_highway.geojson"},"geometry":{"type":"LineString","coordinates":[[85.7952236,20.280931],[85.7950205,20.2811215],[85.7943359,20.2817637]]}},{"type":"Feature","properties":{"highway":"residential","name":null,"surface":null,"lanes":null,"web_layer_source":"F:/datasets/layers/all_highway.geojson"},"geometry":{"type":"LineString","coordinates":[[85.8135594,20.2708209],[85.8139092,20.2711293]]}},{"type":"Feature","properties":{"highway":"residential","name":null,"surface":null,"lanes":null,"web_layer_source":"F:/datasets/layers/all_highway.geojson"},"geometry":{"type":"LineString","coordinates":[[85.831843,20.2806978],[85.8318467,20.2808502]]}},{"type":"Feature","properties":{"highway":"residential","name":null,"surface":null,"lanes":null,"web_layer_source":"F:/datasets/layers/all_highway.geojson"},"geometry":{"type":"LineString","coordinates":[[85.8440446,20.2614749],[85.8438449,20.2617],[85.843581,20.2619311],[85.843189,20.2622304],[85.8428289,20.2624763],[85.8424578,20.262651],[85.8421534,20.2627714],[85.8419405,20.2628784],[85.841781,20.2629989]]}},{"type":"Feature","properties":{"highway":"service","name":null,"surface":null,"lanes":null,"web_layer_source":"F:/datasets/layers/all_highway.geojson"},"geometry":{"type":"LineString","coordinates":[[85.8549716,20.3044447],[85.8561073,20.3048125],[85.8562459,20.3048313],[85.8564001,20.3048464],[85.8565812,20.3048464],[85.8567099,20.3048388],[85.8568051,20.3048476],[85.8568749,20.304864],[85.8569996,20.3048992],[85.857437,20.3050465],[85.8585632,20.3054257],[85.8586081,20.305445],[85.8586278,20.3054697],[85.8586331,20.3054981],[85.8586252,20.3055388],[85.8584937,20.3059508]]}},{"type":"Feature","properties":{"highway":"residential","name":null,"surface":null,"lanes":null,"web_layer_source":"F:/datasets/layers/all_highway.geojson"},"geometry":{"type":"LineString","coordinates":[[85.8308702,20.2786769],[85.8308891,20.2791883],[85.8309019,20.2795998],[85.830918,20.2799305],[85.8309957,20.2802727],[85.8309936,20.2807222],[85.8309964,20.2808831]]}},{"type":"Feature","properties":{"highway":"residential","name":null,"surface":null,"lanes":null,"web_layer_source":"F:/datasets/layers/all_highway.geojson"},"geometry":{"type":"LineString","coordinates":[[85.806126,20.2718175],[85.80642,20.27209],[85.80651,20.27214],[85.80661,20.27211],[85.8071793,20.2716664]]}},{"type":"Feature","properties":{"highway":"residential","name":null,"surface":null,"lanes":null,"web_layer_source":"F:/datasets/layers/all_highway.geojson"},"geometry":{"type":"LineString","coordinates":[[85.796366,20.2816643],[85.7962299,20.2819027],[85.7959328,20.2824226],[85.7958097,20.2826381]]}},{"type":"Feature","properties":{"highway":"residential","name":null,"surface":null,"lanes":null,"web_layer_source":"F:/datasets/layers/all_highway.geojson"},"geometry":{"type":"LineString","coordinates":[[85.84633,20.28789],[85.8470048,20.2877066],[85.8472335,20.2876166],[85.8474573,20.2875009]]}},{"type":"Feature","properties":{"highway":"residential","name":null,"surface":null,"lanes":null,"web_layer_source":"F:/datasets/layers/all_highway.geojson"},"geometry":{"type":"LineString","coordinates":[[85.8123123,20.2706525],[85.81279,20.27106]]}},{"type":"Feature","properties":{"highway":"residential","name":null,"surface":null,"lanes":null,"web_layer_source":"F:/datasets/layers/all_highway.geojson"},"geometry":{"type":"LineString","coordinates":[[85.8277419,20.280378],[85.8286711,20.2803618],[85.8296672,20.2803056],[85.8309957,20.2802727],[85.8318365,20.2802342],[85.8326408,20.2801995],[85.8328715,20.2801852],[85.833854,20.2801489]]}},{"type":"Feature","properties":{"highway":"residential","name":null,"surface":null,"lanes":null,"web_layer_source":"F:/datasets/layers/all_highway.geojson"},"geometry":{"type":"LineString","coordinates":[[85.8286501,20.280815],[85.8286711,20.2803618],[85.8286581,20.2800223]]}},{"type":"Feature","properties":{"highway":"residential","name":null,"surface":null,"lanes":null,"web_layer_source":"F:/datasets/layers/all_highway.geojson"},"geometry":{"type":"LineString","coordinates":[[85.8117746,20.2712072],[85.81228,20.27158]]}},{"type":"Feature","properties":{"highway":"residential","name":null,"surface":null,"lanes":null,"web_layer_source":"F:/datasets/layers/all_highway.geojson"},"geometry":{"type":"LineString","coordinates":[[85.7966724,20.2818533],[85.796366,20.2816643],[85.7952236,20.280931],[85.7949325,20.2807067]]}},{"type":"Feature","properties":{"highway":"residential","name":null,"surface":null,"lanes":null,"web_layer_source":"F:/datasets/layers/all_highway.geojson"},"geometry":{"type":"LineString","coordinates":[[85.828324,20.2558163],[85.826321,20.2565028]]}},{"type":"Feature","properties":{"highway":"tertiary","name":null,"surface":"asphalt","lanes":null,"web_layer_source":"F:/datasets/layers/all_highway.geojson"},"geometry":{"type":"LineString","coordinates":[[85.86223,20.304],[85.85972,20.30316],[85.858157,20.3026575],[85.8578838,20.3025697],[85.8574225,20.302405],[85.8569306,20.3022384],[85.8564185,20.3020675],[85.8559587,20.3019141]]}},{"type":"Feature","properties":{"highway":"residential","name":null,"surface":null,"lanes":null,"web_layer_source":"F:/datasets/layers/all_highway.geojson"},"geometry":{"type":"LineString","coordinates":[[85.81479,20.27089],[85.8144595,20.2705811],[85.8141139,20.2702581],[85.8138448,20.2700066],[85.8136952,20.2697686]]}},{"type":"Feature","properties":{"highway":"residential","name":null,"surface":null,"lanes":null,"web_layer_source":"F:/datasets/layers/all_highway.geojson"},"geometry":{"type":"LineString","coordinates":[[85.82492,20.27214],[85.824606,20.2716886],[85.82408,20.27102]]}},{"type":"Feature","properties":{"highway":"residential","name":null,"surface":null,"lanes":null,"web_layer_source":"F:/datasets/layers/all_highway.geojson"},"geometry":{"type":"LineString","coordinates":[[85.8068419,20.2712945],[85.8073658,20.2708333]]}},{"type":"Feature","properties":{"highway":"residential","name":null,"surface":null,"lanes":null,"web_layer_source":"F:/datasets/layers/all_highway.geojson"},"geometry":{"type":"LineString","coordinates":[[85.7968558,20.2815244],[85.7966724,20.2818533],[85.7961345,20.2827897],[85.7959166,20.2831788]]}},{"type":"Feature","properties":{"highway":"residential","name":null,"surface":null,"lanes":null,"web_layer_source":"F:/datasets/layers/all_highway.geojson"},"geometry":{"type":"LineString","coordinates":[[85.82408,20.27102],[85.82548,20.2705],[85.8269149,20.2698888],[85.82741,20.26967]]}},{"type":"Feature","properties":{"highway":"residential","name":null,"surface":null,"lanes":null,"web_layer_source":"F:/datasets/layers/all_highway.geojson"},"geometry":{"type":"LineString","coordinates":[[85.7977221,20.2801695],[85.7974035,20.2799388]]}},{"type":"Feature","properties":{"highway":"residential","name":null,"surface":null,"lanes":null,"web_layer_source":"F:/datasets/layers/all_highway.geojson"},"geometry":{"type":"LineString","coordinates":[[85.8448236,20.2628177],[85.8438397,20.2636307]]}},{"type":"Feature","properties":{"highway":"residential","name":null,"surface":null,"lanes":null,"web_layer_source":"F:/datasets/layers/all_highway.geojson"},"geometry":{"type":"LineString","coordinates":[[85.8460208,20.2878484],[85.84633,20.28789],[85.8477899,20.288018]]}},{"type":"Feature","properties":{"highway":"residential","name":null,"surface":null,"lanes":null,"web_layer_source":"F:/datasets/layers/all_highway.geojson"},"geometry":{"type":"LineString","coordinates":[[85.8409818,20.2609609],[85.8405371,20.2612623]]}},{"type":"Feature","properties":{"highway":"residential","name":null,"surface":null,"lanes":null,"web_layer_source":"F:/datasets/layers/all_highway.geojson"},"geometry":{"type":"LineString","coordinates":[[85.8075813,20.2721094],[85.8081113,20.2716449]]}},{"type":"Feature","properties":{"highway":"residential","name":null,"surface":null,"lanes":null,"web_layer_source":"F:/datasets/layers/all_highway.geojson"},"geometry":{"type":"LineString","coordinates":[[85.8410816,20.2597973],[85.8413235,20.2601355]]}},{"type":"Feature","properties":{"highway":"residential","name":null,"surface":null,"lanes":null,"web_layer_source":"F:/datasets/layers/all_highway.geojson"},"geometry":{"type":"LineString","coordinates":[[85.8459478,20.2883881],[85.8473111,20.2885482],[85.848177,20.2886199]]}},{"type":"Feature","properties":{"highway":"residential","name":null,"surface":null,"lanes":null,"web_layer_source":"F:/datasets/layers/all_highway.geojson"},"geometry":{"type":"LineString","coordinates":[[85.8130806,20.2713091],[85.8135594,20.2708209],[85.8141139,20.2702581]]}},{"type":"Feature","properties":{"highway":"residential","name":null,"surface":null,"lanes":null,"web_layer_source":"F:/datasets/layers/all_highway.geojson"},"geometry":{"type":"LineString","coordinates":[[85.8364347,20.2598342],[85.8374456,20.2591917]]}},{"type":"Feature","properties":{"highway":"residential","name":null,"surface":null,"lanes":null,"web_layer_source":"F:/datasets/layers/all_highway.geojson"},"geometry":{"type":"LineString","coordinates":[[85.8080982,20.2726769],[85.807626,20.2721587],[85.8075813,20.2721094],[85.8074117,20.2719225],[85.8071793,20.2716664],[85.8068419,20.2712945],[85.8067189,20.2711542]]}},{"type":"Feature","properties":{"highway":"residential","name":null,"surface":null,"lanes":null,"web_layer_source":"F:/datasets/layers/all_highway.geojson"},"geometry":{"type":"LineString","coordinates":[[85.7961593,20.2806618],[85.7959145,20.2809688]]}},{"type":"Feature","properties":{"highway":"tertiary","name":null,"surface":null,"lanes":null,"web_layer_source":"F:/datasets/layers/all_highway.geojson"},"geometry":{"type":"LineString","coordinates":[[85.8443051,20.2661066],[85.8441166,20.2658646],[85.8439878,20.2656443],[85.8434887,20.2649995],[85.8429188,20.2642666],[85.8427691,20.2640742],[85.8426226,20.2638878],[85.8422859,20.2634586],[85.8421387,20.2632756],[85.8420189,20.2632717],[85.841781,20.2629989],[85.8414642,20.2626172],[85.8411559,20.2622649],[85.8410875,20.2621798],[85.8410588,20.2621222],[85.8410482,20.2620572],[85.8410475,20.2620017],[85.8410605,20.2619398],[85.8411001,20.2618727]]}},{"type":"Feature","properties":{"highway":"primary","name":"Raj Path","surface":null,"lanes":null,"web_layer_source":"F:/datasets/layers/all_highway.geojson"},"geometry":{"type":"LineString","coordinates":[[85.8275154,20.2678334],[85.8266484,20.2683175],[85.8258475,20.2687139],[85.8257161,20.2687728],[85.825168,20.2690184],[85.8249401,20.2691069],[85.8243671,20.2693294],[85.8240878,20.2694281],[85.823809,20.2695266],[85.8232556,20.2697084],[85.8223205,20.2699339]]}},{"type":"Feature","properties":{"highway":"residential","name":null,"surface":null,"lanes":null,"web_layer_source":"F:/datasets/layers/all_highway.geojson"},"geometry":{"type":"LineString","coordinates":[[85.8144839,20.2717899],[85.8141409,20.2715218]]}},{"type":"Feature","properties":{"highway":"residential","name":null,"surface":null,"lanes":null,"web_layer_source":"F:/datasets/layers/all_highway.geojson"},"geometry":{"type":"LineString","coordinates":[[85.80649,20.27342],[85.80606,20.27297]]}},{"type":"Feature","properties":{"highway":"service","name":null,"surface":null,"lanes":null,"web_layer_source":"F:/datasets/layers/all_highway.geojson"},"geometry":{"type":"LineString","coordinates":[[85.8576,20.30733],[85.8583445,20.3075442],[85.8583881,20.3075444],[85.8584327,20.3075244],[85.8584591,20.3074813],[85.8584989,20.3073457],[85.8585311,20.3072814],[85.8585727,20.3072516],[85.8586362,20.3072281],[85.8587256,20.3072132],[85.8588338,20.3072071],[85.8589167,20.3072029],[85.858985,20.3071986],[85.8590793,20.3071972]]}},{"type":"Feature","properties":{"highway":"residential","name":null,"surface":null,"lanes":null,"web_layer_source":"F:/datasets/layers/all_highway.geojson"},"geometry":{"type":"LineString","coordinates":[[85.8458869,20.288838],[85.8472347,20.2889982]]}},{"type":"Feature","properties":{"highway":"residential","name":null,"surface":null,"lanes":null,"web_layer_source":"F:/datasets/layers/all_highway.geojson"},"geometry":{"type":"LineString","coordinates":[[85.7973546,20.2814166],[85.7961593,20.2806618],[85.7955979,20.280231]]}},{"type":"Feature","properties":{"highway":"residential","name":null,"surface":null,"lanes":null,"web_layer_source":"F:/datasets/layers/all_highway.geojson"},"geometry":{"type":"LineString","coordinates":[[85.8144271,20.2724186],[85.8141165,20.2721599]]}},{"type":"Feature","properties":{"highway":"residential","name":null,"surface":null,"lanes":null,"web_layer_source":"F:/datasets/layers/all_highway.geojson"},"geometry":{"type":"LineString","coordinates":[[85.80649,20.27342],[85.80709,20.27291],[85.8074847,20.2733125]]}},{"type":"Feature","properties":{"highway":"residential","name":null,"surface":null,"lanes":null,"web_layer_source":"F:/datasets/layers/all_highway.geojson"},"geometry":{"type":"LineString","coordinates":[[85.8478078,20.290065],[85.8478841,20.2895064]]}},{"type":"Feature","properties":{"highway":"residential","name":null,"surface":null,"lanes":null,"web_layer_source":"F:/datasets/layers/all_highway.geojson"},"geometry":{"type":"LineString","coordinates":[[85.79756,20.28194],[85.7971872,20.28172],[85.7968558,20.2815244],[85.7959145,20.2809688]]}},{"type":"Feature","properties":{"highway":"service","name":null,"surface":null,"lanes":null,"web_layer_source":"F:/datasets/layers/all_highway.geojson"},"geometry":{"type":"LineString","coordinates":[[85.8137823,20.2734664],[85.8138141,20.2734308],[85.8141126,20.2730969],[85.8143696,20.2727973]]}},{"type":"Feature","properties":{"highway":"residential","name":null,"surface":null,"lanes":null,"web_layer_source":"F:/datasets/layers/all_highway.geojson"},"geometry":{"type":"LineString","coordinates":[[85.8069468,20.2738699],[85.80649,20.27342],[85.80612,20.27357],[85.80578,20.27323],[85.80606,20.27297],[85.80597,20.27287],[85.80621,20.27265],[85.8057171,20.2721553]]}},{"type":"Feature","properties":{"highway":"residential","name":null,"surface":null,"lanes":null,"web_layer_source":"F:/datasets/layers/all_highway.geojson"},"geometry":{"type":"LineString","coordinates":[[85.8447489,20.2640898],[85.8447722,20.2639443],[85.8448187,20.2638494],[85.8449061,20.2637312],[85.8449268,20.2636085],[85.8449493,20.2634401],[85.844997,20.2632501],[85.8450503,20.2631319]]}},{"type":"Feature","properties":{"highway":"residential","name":null,"surface":null,"lanes":null,"web_layer_source":"F:/datasets/layers/all_highway.geojson"},"geometry":{"type":"LineString","coordinates":[[85.8458258,20.289289],[85.8471839,20.2894328],[85.8478841,20.2895064],[85.8485087,20.2895727],[85.8487956,20.289606]]}},{"type":"Feature","properties":{"highway":"service","name":null,"surface":null,"lanes":null,"web_layer_source":"F:/datasets/layers/all_highway.geojson"},"geometry":{"type":"LineString","coordinates":[[85.85588,20.30773],[85.85657,20.30797]]}},{"type":"Feature","properties":{"highway":"residential","name":null,"surface":null,"lanes":null,"web_layer_source":"F:/datasets/layers/all_highway.geojson"},"geometry":{"type":"LineString","coordinates":[[85.8135446,20.273328],[85.8142067,20.2726473],[85.8144271,20.2724186]]}},{"type":"Feature","properties":{"highway":"residential","name":null,"surface":null,"lanes":null,"web_layer_source":"F:/datasets/layers/all_highway.geojson"},"geometry":{"type":"LineString","coordinates":[[85.7958262,20.2795711],[85.7952973,20.279019]]}},{"type":"Feature","properties":{"highway":"residential","name":null,"surface":null,"lanes":null,"web_layer_source":"F:/datasets/layers/all_highway.geojson"},"geometry":{"type":"LineString","coordinates":[[85.8131732,20.2731119],[85.8141165,20.2721599],[85.8144839,20.2717899]]}},{"type":"Feature","properties":{"highway":"residential","name":"Old Station Bazaar","surface":null,"lanes":null,"web_layer_source":"F:/datasets/layers/all_highway.geojson"},"geometry":{"type":"LineString","coordinates":[[85.8434887,20.2649995],[85.8435327,20.2649682],[85.8437792,20.2647931],[85.8439881,20.2646234],[85.8442199,20.264452],[85.8443967,20.2643244],[85.8446227,20.2641684],[85.8447489,20.2640898],[85.8449377,20.2639769],[85.8451789,20.2638135],[85.8454559,20.2636072],[85.8455301,20.2635522]]}},{"type":"Feature","properties":{"highway":"residential","name":null,"surface":null,"lanes":null,"web_layer_source":"F:/datasets/layers/all_highway.geojson"},"geometry":{"type":"LineString","coordinates":[[85.845738,20.2898531],[85.8471026,20.2900051],[85.8478078,20.290065],[85.8484402,20.2901496],[85.849178,20.2902293]]}},{"type":"Feature","properties":{"highway":"residential","name":null,"surface":null,"lanes":null,"web_layer_source":"F:/datasets/layers/all_highway.geojson"},"geometry":{"type":"LineString","coordinates":[[85.8127521,20.2728668],[85.8141409,20.2715218],[85.81479,20.27089]]}},{"type":"Feature","properties":{"highway":"service","name":null,"surface":null,"lanes":null,"web_layer_source":"F:/datasets/layers/all_highway.geojson"},"geometry":{"type":"LineString","coordinates":[[85.8553,20.30655],[85.8560428,20.306808],[85.85625,20.30688]]}},{"type":"Feature","properties":{"highway":"residential","name":null,"surface":null,"lanes":null,"web_layer_source":"F:/datasets/layers/all_highway.geojson"},"geometry":{"type":"LineString","coordinates":[[85.8123775,20.2726488],[85.8129438,20.272091],[85.8134289,20.2716078],[85.8139092,20.2711293],[85.8144595,20.2705811]]}},{"type":"Feature","properties":{"highway":"residential","name":null,"surface":null,"lanes":null,"web_layer_source":"F:/datasets/layers/all_highway.geojson"},"geometry":{"type":"LineString","coordinates":[[85.7955979,20.280231],[85.7954731,20.2801295],[85.7953504,20.280012]]}},{"type":"Feature","properties":{"highway":"residential","name":null,"surface":null,"lanes":null,"web_layer_source":"F:/datasets/layers/all_highway.geojson"},"geometry":{"type":"LineString","coordinates":[[85.8085198,20.2731173],[85.8080982,20.2726769]]}},{"type":"Feature","properties":{"highway":"residential","name":null,"surface":null,"lanes":null,"web_layer_source":"F:/datasets/layers/all_highway.geojson"},"geometry":{"type":"LineString","coordinates":[[85.8404496,20.2602342],[85.8400059,20.2605239]]}},{"type":"Feature","properties":{"highway":"service","name":null,"surface":null,"lanes":null,"web_layer_source":"F:/datasets/layers/all_highway.geojson"},"geometry":{"type":"LineString","coordinates":[[85.8405999,20.2973513],[85.8408472,20.2979648],[85.8409041,20.298153],[85.8408977,20.2982904],[85.8408475,20.2984102],[85.8407353,20.2985222],[85.8406099,20.2986189],[85.8404144,20.2987651],[85.8403023,20.2988581],[85.8402048,20.2989701],[85.8401227,20.2990898],[85.840067,20.2991981],[85.8400323,20.2992972],[85.8400211,20.2993973],[85.8400272,20.2995238],[85.8400418,20.2996723],[85.8400649,20.2998123],[85.8401011,20.2999202],[85.840183,20.3000361],[85.8402929,20.3001543],[85.8403382,20.3002083],[85.8403618,20.3002687],[85.8403792,20.3003563],[85.8404123,20.3006763],[85.8404461,20.3010149],[85.8404501,20.3011136],[85.8404427,20.3012009],[85.8404204,20.3013122],[85.8403901,20.3013831],[85.8403509,20.3014574],[85.8403117,20.3015209],[85.8402766,20.3015821],[85.8402439,20.3016496],[85.8402246,20.3017095],[85.8402055,20.3017809],[85.8401958,20.3018447],[85.8401926,20.3019521],[85.8402133,20.302122],[85.8403285,20.3026379],[85.8429933,20.3025662],[85.8429368,20.3020768],[85.8428983,20.3017036],[85.8428333,20.3010625],[85.842739,20.3000348],[85.8427211,20.2996935],[85.842688,20.2994574],[85.8426825,20.2994182],[85.8426548,20.299256],[85.8426029,20.2991232],[85.8425119,20.2989996],[85.8423998,20.2988828],[85.84229,20.2988064],[85.8421844,20.2987554],[85.8419144,20.2986707],[85.8415863,20.2985784],[85.8412402,20.2984994],[85.841027,20.2984508],[85.8408475,20.2984102]]}},{"type":"Feature","properties":{"highway":"residential","name":null,"surface":null,"lanes":null,"web_layer_source":"F:/datasets/layers/all_highway.geojson"},"geometry":{"type":"LineString","coordinates":[[85.83668,20.26319],[85.8369706,20.2630168],[85.8373007,20.2628251],[85.8374335,20.262747],[85.8375378,20.2626857]]}},{"type":"Feature","properties":{"highway":"residential","name":null,"surface":null,"lanes":null,"web_layer_source":"F:/datasets/layers/all_highway.geojson"},"geometry":{"type":"LineString","coordinates":[[85.7961166,20.2792874],[85.7958262,20.2795711],[85.7953504,20.280012],[85.7947356,20.2794603]]}},{"type":"Feature","properties":{"highway":"service","name":null,"surface":null,"lanes":null,"web_layer_source":"F:/datasets/layers/all_highway.geojson"},"geometry":{"type":"LineString","coordinates":[[85.85522,20.30949],[85.85588,20.30773],[85.85625,20.30688],[85.8568223,20.3070708],[85.8576,20.30733],[85.85728,20.30819]]}},{"type":"Feature","properties":{"highway":"residential","name":null,"surface":null,"lanes":null,"web_layer_source":"F:/datasets/layers/all_highway.geojson"},"geometry":{"type":"LineString","coordinates":[[85.8119812,20.2724182],[85.8125734,20.2718046]]}},{"type":"Feature","properties":{"highway":"residential","name":null,"surface":null,"lanes":null,"web_layer_source":"F:/datasets/layers/all_highway.geojson"},"geometry":{"type":"LineString","coordinates":[[85.8217314,20.2680798],[85.82271,20.26778],[85.8236146,20.267478]]}},{"type":"Feature","properties":{"highway":"residential","name":null,"surface":null,"lanes":null,"web_layer_source":"F:/datasets/layers/all_highway.geojson"},"geometry":{"type":"LineString","coordinates":[[85.8061343,20.2747118],[85.8069468,20.2738699],[85.8074847,20.2733125],[85.8078386,20.2729459],[85.8080982,20.2726769],[85.8085906,20.2721667]]}},{"type":"Feature","properties":{"highway":"residential","name":null,"surface":null,"lanes":null,"web_layer_source":"F:/datasets/layers/all_highway.geojson"},"geometry":{"type":"LineString","coordinates":[[85.8400271,20.2597021],[85.8402917,20.2600324],[85.8404496,20.2602342],[85.8407044,20.2605669],[85.8409818,20.2609609],[85.8412124,20.2612657],[85.8414374,20.2615459]]}},{"type":"Feature","properties":{"highway":"residential","name":null,"surface":null,"lanes":null,"web_layer_source":"F:/datasets/layers/all_highway.geojson"},"geometry":{"type":"LineString","coordinates":[[85.83751,20.26445],[85.8378233,20.2642662],[85.8381536,20.2640725],[85.8382795,20.2639986],[85.8383974,20.2639294]]}},{"type":"Feature","properties":{"highway":"residential","name":null,"surface":null,"lanes":null,"web_layer_source":"F:/datasets/layers/all_highway.geojson"},"geometry":{"type":"LineString","coordinates":[[85.8456766,20.2903915],[85.8470343,20.2905463],[85.8483594,20.2907082],[85.8496356,20.2908681]]}},{"type":"Feature","properties":{"highway":"residential","name":null,"surface":null,"lanes":null,"web_layer_source":"F:/datasets/layers/all_highway.geojson"},"geometry":{"type":"LineString","coordinates":[[85.81279,20.27106],[85.8132753,20.2705747],[85.8138448,20.2700066]]}},{"type":"Feature","properties":{"highway":"residential","name":null,"surface":null,"lanes":null,"web_layer_source":"F:/datasets/layers/all_highway.geojson"},"geometry":{"type":"LineString","coordinates":[[85.8236146,20.267478],[85.82483,20.2669],[85.8256,20.26658],[85.827261,20.2656026]]}},{"type":"Feature","properties":{"highway":"residential","name":null,"surface":null,"lanes":null,"web_layer_source":"F:/datasets/layers/all_highway.geojson"},"geometry":{"type":"LineString","coordinates":[[85.7963719,20.2795312],[85.7961166,20.2792874],[85.7959141,20.2790846],[85.7956068,20.278776]]}},{"type":"Feature","properties":{"highway":"residential","name":null,"surface":null,"lanes":null,"web_layer_source":"F:/datasets/layers/all_highway.geojson"},"geometry":{"type":"LineString","coordinates":[[85.8399665,20.2596323],[85.8400271,20.2597021]]}},{"type":"Feature","properties":{"highway":"tertiary","name":null,"surface":null,"lanes":null,"web_layer_source":"F:/datasets/layers/all_highway.geojson"},"geometry":{"type":"LineString","coordinates":[[85.8434244,20.3129182],[85.8435751,20.3128057],[85.843828,20.312617],[85.8441992,20.3123486],[85.8453847,20.3114915],[85.8456391,20.3113076],[85.8456717,20.3112813],[85.8459052,20.3110932],[85.84648,20.31063],[85.8464939,20.3105864],[85.8465274,20.3104816],[85.8467557,20.3097808],[85.8472758,20.3081841],[85.8480508,20.3060572],[85.8485092,20.3046637],[85.8486331,20.304301],[85.8487879,20.3030004]]}},{"type":"Feature","properties":{"highway":"service","name":null,"surface":null,"lanes":null,"web_layer_source":"F:/datasets/layers/all_highway.geojson"},"geometry":{"type":"LineString","coordinates":[[85.854374,20.3062497],[85.8553,20.30655],[85.85425,20.30919]]}},{"type":"Feature","properties":{"highway":"residential","name":null,"surface":null,"lanes":null,"web_layer_source":"F:/datasets/layers/all_highway.geojson"},"geometry":{"type":"LineString","coordinates":[[85.83882,20.26662],[85.8391527,20.2664521],[85.8394852,20.2662844],[85.8396268,20.2662129],[85.8397188,20.2661665]]}},{"type":"Feature","properties":{"highway":"residential","name":null,"surface":"asphalt","lanes":null,"web_layer_source":"F:/datasets/layers/all_highway.geojson"},"geometry":{"type":"LineString","coordinates":[[85.8413057,20.2872929],[85.8413692,20.2866853],[85.8414,20.28639],[85.8415294,20.2864051],[85.8418771,20.2864456],[85.84286,20.28656],[85.84273,20.2874601]]}},{"type":"Feature","properties":{"highway":"residential","name":null,"surface":null,"lanes":null,"web_layer_source":"F:/datasets/layers/all_highway.geojson"},"geometry":{"type":"LineString","coordinates":[[85.8073672,20.2743234],[85.8085198,20.2731173],[85.8090111,20.2726245]]}},{"type":"Feature","properties":{"highway":"residential","name":null,"surface":null,"lanes":null,"web_layer_source":"F:/datasets/layers/all_highway.geojson"},"geometry":{"type":"LineString","coordinates":[[85.8233347,20.2668866],[85.82239,20.2672],[85.8215393,20.2674797],[85.8204232,20.2677809]]}},{"type":"Feature","properties":{"highway":"residential","name":null,"surface":null,"lanes":null,"web_layer_source":"F:/datasets/layers/all_highway.geojson"},"geometry":{"type":"LineString","coordinates":[[85.8419895,20.2588747],[85.8417486,20.2590712],[85.8413916,20.2586215],[85.841297,20.2586922],[85.8409883,20.2589229],[85.8399665,20.2596323]]}},{"type":"Feature","properties":{"highway":"service","name":null,"surface":null,"lanes":null,"web_layer_source":"F:/datasets/layers/all_highway.geojson"},"geometry":{"type":"LineString","coordinates":[[85.85588,20.30973],[85.85657,20.30797],[85.85728,20.30819]]}},{"type":"Feature","properties":{"highway":"residential","name":null,"surface":null,"lanes":null,"web_layer_source":"F:/datasets/layers/all_highway.geojson"},"geometry":{"type":"LineString","coordinates":[[85.83809,20.26538],[85.838436,20.2651831],[85.8387536,20.2650023],[85.8388827,20.2649289],[85.8389805,20.2648732]]}},{"type":"Feature","properties":{"highway":"residential","name":null,"surface":null,"lanes":null,"web_layer_source":"F:/datasets/layers/all_highway.geojson"},"geometry":{"type":"LineString","coordinates":[[85.8495289,20.2919437],[85.8496028,20.291417]]}},{"type":"Feature","properties":{"highway":"residential","name":null,"surface":null,"lanes":null,"web_layer_source":"F:/datasets/layers/all_highway.geojson"},"geometry":{"type":"LineString","coordinates":[[85.8076587,20.2745814],[85.8092841,20.2729217]]}},{"type":"Feature","properties":{"highway":"residential","name":null,"surface":null,"lanes":null,"web_layer_source":"F:/datasets/layers/all_highway.geojson"},"geometry":{"type":"LineString","coordinates":[[85.7966498,20.2792799],[85.7963981,20.2790343],[85.7961935,20.2788464]]}},{"type":"Feature","properties":{"highway":"service","name":null,"surface":null,"lanes":null,"web_layer_source":"F:/datasets/layers/all_highway.geojson"},"geometry":{"type":"LineString","coordinates":[[85.85831,20.30855],[85.85728,20.30819],[85.85659,20.30994]]}},{"type":"Feature","properties":{"highway":"residential","name":null,"surface":null,"lanes":null,"web_layer_source":"F:/datasets/layers/all_highway.geojson"},"geometry":{"type":"LineString","coordinates":[[85.8369854,20.2663624],[85.83831,20.2657]]}},{"type":"Feature","properties":{"highway":"residential","name":null,"surface":null,"lanes":null,"web_layer_source":"F:/datasets/layers/all_highway.geojson"},"geometry":{"type":"LineString","coordinates":[[85.8392178,20.2865105],[85.8403875,20.2865167]]}},{"type":"Feature","properties":{"highway":"residential","name":null,"surface":null,"lanes":null,"web_layer_source":"F:/datasets/layers/all_highway.geojson"},"geometry":{"type":"LineString","coordinates":[[85.82389,20.26806],[85.8236146,20.267478],[85.8233347,20.2668866],[85.8230793,20.2663469],[85.8228227,20.2658047],[85.8226589,20.2654586],[85.8223427,20.2647904],[85.8220719,20.264218],[85.8218358,20.2637192],[85.8215733,20.2631645]]}},{"type":"Feature","properties":{"highway":"residential","name":null,"surface":null,"lanes":null,"web_layer_source":"F:/datasets/layers/all_highway.geojson"},"geometry":{"type":"LineString","coordinates":[[85.8400533,20.2605889],[85.840273,20.2608943],[85.8405371,20.2612623],[85.840765,20.2615687],[85.8410605,20.2619398]]}},{"type":"Feature","properties":{"highway":"residential","name":null,"surface":null,"lanes":null,"web_layer_source":"F:/datasets/layers/all_highway.geojson"},"geometry":{"type":"LineString","coordinates":[[85.8372276,20.2668299],[85.8369854,20.2663624],[85.836804,20.266105],[85.8365419,20.2656804],[85.83625,20.26529]]}},{"type":"Feature","properties":{"highway":"residential","name":null,"surface":null,"lanes":null,"web_layer_source":"F:/datasets/layers/all_highway.geojson"},"geometry":{"type":"LineString","coordinates":[[85.8475264,20.2922647],[85.8476063,20.291724]]}},{"type":"Feature","properties":{"highway":"residential","name":null,"surface":null,"lanes":null,"web_layer_source":"F:/datasets/layers/all_highway.geojson"},"geometry":{"type":"LineString","coordinates":[[85.8087206,20.2723082],[85.80919,20.27186],[85.80945,20.27162],[85.8095502,20.2715177],[85.8098679,20.2711882]]}},{"type":"Feature","properties":{"highway":"residential","name":null,"surface":null,"lanes":null,"web_layer_source":"F:/datasets/layers/all_highway.geojson"},"geometry":{"type":"LineString","coordinates":[[85.7969183,20.2806981],[85.7961973,20.2802283],[85.7958938,20.2799635]]}},{"type":"Feature","properties":{"highway":"service","name":null,"surface":null,"lanes":null,"web_layer_source":"F:/datasets/layers/all_highway.geojson"},"geometry":{"type":"LineString","coordinates":[[85.85329,20.30887],[85.85425,20.30919],[85.85522,20.30949],[85.85588,20.30973],[85.85659,20.30994],[85.85697,20.31007]]}},{"type":"Feature","properties":{"highway":"residential","name":null,"surface":null,"lanes":null,"web_layer_source":"F:/datasets/layers/all_highway.geojson"},"geometry":{"type":"LineString","coordinates":[[85.836804,20.266105],[85.83809,20.26538]]}},{"type":"Feature","properties":{"highway":"residential","name":null,"surface":null,"lanes":null,"web_layer_source":"F:/datasets/layers/all_highway.geojson"},"geometry":{"type":"LineString","coordinates":[[85.83309,20.26596],[85.8334115,20.2663949],[85.8359,20.26476],[85.83625,20.26529]]}},{"type":"Feature","properties":{"highway":"residential","name":null,"surface":null,"lanes":null,"web_layer_source":"F:/datasets/layers/all_highway.geojson"},"geometry":{"type":"LineString","coordinates":[[85.8399665,20.2596323],[85.8395378,20.2599197],[85.8398554,20.2603254],[85.8400059,20.2605239],[85.8400533,20.2605889]]}},{"type":"Feature","properties":{"highway":"tertiary","name":null,"surface":null,"lanes":null,"web_layer_source":"F:/datasets/layers/all_highway.geojson"},"geometry":{"type":"LineString","coordinates":[[85.8204826,20.3200633],[85.8208515,20.3200843],[85.8221713,20.3202171],[85.8230651,20.3203197],[85.8232241,20.3203341],[85.8240938,20.3204128],[85.8244633,20.3204453],[85.8252174,20.3205156],[85.826923,20.3206874],[85.8272914,20.3207331],[85.8274586,20.3207437],[85.827668,20.3207707]]}},{"type":"Feature","properties":{"highway":"living_street","name":null,"surface":null,"lanes":null,"web_layer_source":"F:/datasets/layers/all_highway.geojson"},"geometry":{"type":"LineString","coordinates":[[85.8351454,20.2637044],[85.834854,20.2639035],[85.8330499,20.2651359],[85.83269,20.2653964]]}},{"type":"Feature","properties":{"highway":"residential","name":null,"surface":null,"lanes":null,"web_layer_source":"F:/datasets/layers/all_highway.geojson"},"geometry":{"type":"LineString","coordinates":[[85.8092841,20.2729217],[85.80983,20.27235],[85.81015,20.27201],[85.8105547,20.271588]]}},{"type":"Feature","properties":{"highway":"residential","name":null,"surface":null,"lanes":null,"web_layer_source":"F:/datasets/layers/all_highway.geojson"},"geometry":{"type":"LineString","coordinates":[[85.8365419,20.2656804],[85.83784,20.26493]]}},{"type":"Feature","properties":{"highway":"residential","name":null,"surface":"asphalt","lanes":null,"web_layer_source":"F:/datasets/layers/all_highway.geojson"},"geometry":{"type":"LineString","coordinates":[[85.8462589,20.2915684],[85.846906,20.2916351],[85.8476063,20.291724],[85.8482216,20.2918022],[85.8495289,20.2919437],[85.8503947,20.2920341]]}},{"type":"Feature","properties":{"highway":"residential","name":null,"surface":null,"lanes":null,"web_layer_source":"F:/datasets/layers/all_highway.geojson"},"geometry":{"type":"LineString","coordinates":[[85.8391437,20.2870272],[85.8392178,20.2865105],[85.8392353,20.2862668],[85.8392376,20.286236],[85.8392474,20.2861183],[85.8392501,20.286063],[85.8392509,20.2860176],[85.839256,20.2859563],[85.8391865,20.2859512],[85.8390119,20.2859542]]}},{"type":"Feature","properties":{"highway":"residential","name":null,"surface":null,"lanes":null,"web_layer_source":"F:/datasets/layers/all_highway.geojson"},"geometry":{"type":"LineString","coordinates":[[85.8096875,20.2733609],[85.8092841,20.2729217],[85.8090111,20.2726245],[85.8087206,20.2723082],[85.8085906,20.2721667],[85.8084372,20.2719997],[85.8081113,20.2716449],[85.8073658,20.2708333],[85.8071743,20.2706248],[85.8071166,20.2705576]]}},{"type":"Feature","properties":{"highway":"residential","name":null,"surface":null,"lanes":null,"web_layer_source":"F:/datasets/layers/all_highway.geojson"},"geometry":{"type":"LineString","coordinates":[[85.8175531,20.263727],[85.820035,20.2611813]]}},{"type":"Feature","properties":{"highway":"residential","name":null,"surface":null,"lanes":null,"web_layer_source":"F:/datasets/layers/all_highway.geojson"},"geometry":{"type":"LineString","coordinates":[[85.85097,20.30881],[85.8513786,20.3076978],[85.85187,20.30636],[85.8528858,20.3067321],[85.8539847,20.3071353]]}},{"type":"Feature","properties":{"highway":"residential","name":null,"surface":null,"lanes":null,"web_layer_source":"F:/datasets/layers/all_highway.geojson"},"geometry":{"type":"LineString","coordinates":[[85.797558,20.2810824],[85.7972354,20.2808885],[85.7969183,20.2806981],[85.7974035,20.2799388],[85.7969056,20.2795269]]}},{"type":"Feature","properties":{"highway":"residential","name":null,"surface":null,"lanes":null,"web_layer_source":"F:/datasets/layers/all_highway.geojson"},"geometry":{"type":"LineString","coordinates":[[85.8413533,20.2576769],[85.8421089,20.2570954],[85.8425623,20.2576302]]}},{"type":"Feature","properties":{"highway":"residential","name":null,"surface":null,"lanes":null,"web_layer_source":"F:/datasets/layers/all_highway.geojson"},"geometry":{"type":"LineString","coordinates":[[85.808114,20.2749845],[85.8076587,20.2745814],[85.8073672,20.2743234]]}},{"type":"Feature","properties":{"highway":"residential","name":null,"surface":null,"lanes":null,"web_layer_source":"F:/datasets/layers/all_highway.geojson"},"geometry":{"type":"LineString","coordinates":[[85.83625,20.26529],[85.83751,20.26445]]}},{"type":"Feature","properties":{"highway":"residential","name":null,"surface":null,"lanes":null,"web_layer_source":"F:/datasets/layers/all_highway.geojson"},"geometry":{"type":"LineString","coordinates":[[85.8211736,20.2663375],[85.8228227,20.2658047],[85.824435,20.2650097],[85.8260345,20.2640426]]}},{"type":"Feature","properties":{"highway":"residential","name":null,"surface":null,"lanes":null,"web_layer_source":"F:/datasets/layers/all_highway.geojson"},"geometry":{"type":"LineString","coordinates":[[85.8519239,20.3091553],[85.8528858,20.3067321]]}},{"type":"Feature","properties":{"highway":"residential","name":null,"surface":"asphalt","lanes":null,"web_layer_source":"F:/datasets/layers/all_highway.geojson"},"geometry":{"type":"LineString","coordinates":[[85.83683,20.2634],[85.8368215,20.2634057],[85.83554,20.26426],[85.8359,20.26476],[85.8371788,20.2639471],[85.83719,20.26394]]}},{"type":"Feature","properties":{"highway":"residential","name":null,"surface":null,"lanes":null,"web_layer_source":"F:/datasets/layers/all_highway.geojson"},"geometry":{"type":"LineString","coordinates":[[85.8494554,20.2924903],[85.8495289,20.2919437]]}},{"type":"Feature","properties":{"highway":"residential","name":null,"surface":null,"lanes":null,"web_layer_source":"F:/datasets/layers/all_highway.geojson"},"geometry":{"type":"LineString","coordinates":[[85.8422659,20.2835648],[85.8427523,20.2835132],[85.84363,20.28342]]}},{"type":"Feature","properties":{"highway":"residential","name":null,"surface":null,"lanes":null,"web_layer_source":"F:/datasets/layers/all_highway.geojson"},"geometry":{"type":"LineString","coordinates":[[85.8044447,20.2761777],[85.8049497,20.27516]]}},{"type":"Feature","properties":{"highway":"residential","name":null,"surface":null,"lanes":null,"web_layer_source":"F:/datasets/layers/all_highway.geojson"},"geometry":{"type":"LineString","coordinates":[[85.7964951,20.2785874],[85.7961935,20.2788464],[85.7959141,20.2790846]]}},{"type":"Feature","properties":{"highway":"residential","name":null,"surface":null,"lanes":null,"web_layer_source":"F:/datasets/layers/all_highway.geojson"},"geometry":{"type":"LineString","coordinates":[[85.8411933,20.2838634],[85.8411412,20.2834427],[85.8410873,20.2830278],[85.8410324,20.2825933]]}},{"type":"Feature","properties":{"highway":"residential","name":null,"surface":null,"lanes":null,"web_layer_source":"F:/datasets/layers/all_highway.geojson"},"geometry":{"type":"LineString","coordinates":[[85.8048084,20.2765533],[85.8056179,20.275759]]}},{"type":"Feature","properties":{"highway":"residential","name":null,"surface":null,"lanes":null,"web_layer_source":"F:/datasets/layers/all_highway.geojson"},"geometry":{"type":"LineString","coordinates":[[85.7962074,20.2782842],[85.7956068,20.278776],[85.7952973,20.279019],[85.795067,20.2791999],[85.7947356,20.2794603],[85.7944276,20.2797022],[85.794087,20.2799716],[85.7938772,20.2801345],[85.7936403,20.2803206],[85.7930541,20.280781]]}},{"type":"Feature","properties":{"highway":"residential","name":null,"surface":null,"lanes":null,"web_layer_source":"F:/datasets/layers/all_highway.geojson"},"geometry":{"type":"LineString","coordinates":[[85.8208441,20.2653082],[85.8223427,20.2647904],[85.8237719,20.2640634],[85.8253243,20.2631393]]}},{"type":"Feature","properties":{"highway":"residential","name":null,"surface":null,"lanes":null,"web_layer_source":"F:/datasets/layers/all_highway.geojson"},"geometry":{"type":"LineString","coordinates":[[85.85356,20.31209],[85.85408,20.30988]]}},{"type":"Feature","properties":{"highway":"residential","name":null,"surface":"asphalt","lanes":null,"web_layer_source":"F:/datasets/layers/all_highway.geojson"},"geometry":{"type":"LineString","coordinates":[[85.8453611,20.2925884],[85.8466994,20.2927074],[85.8480753,20.2928742]]}},{"type":"Feature","properties":{"highway":"residential","name":null,"surface":null,"lanes":null,"web_layer_source":"F:/datasets/layers/all_highway.geojson"},"geometry":{"type":"LineString","coordinates":[[85.8051846,20.2768225],[85.8059388,20.2760466]]}},{"type":"Feature","properties":{"highway":"residential","name":null,"surface":null,"lanes":null,"web_layer_source":"F:/datasets/layers/all_highway.geojson"},"geometry":{"type":"LineString","coordinates":[[85.8372276,20.2668299],[85.83854,20.26609]]}},{"type":"Feature","properties":{"highway":"residential","name":null,"surface":null,"lanes":null,"web_layer_source":"F:/datasets/layers/all_highway.geojson"},"geometry":{"type":"LineString","coordinates":[[85.8422691,20.2833213],[85.8422659,20.2835648],[85.8422052,20.2837031],[85.8421721,20.2837476],[85.8421276,20.2837742],[85.8420655,20.2837828],[85.8411933,20.2838634],[85.8403605,20.2839586],[85.840089,20.2839942],[85.8400429,20.2835536]]}},{"type":"Feature","properties":{"highway":"residential","name":null,"surface":null,"lanes":null,"web_layer_source":"F:/datasets/layers/all_highway.geojson"},"geometry":{"type":"LineString","coordinates":[[85.7969094,20.2790241],[85.7966498,20.2792799],[85.7963719,20.2795312],[85.7958938,20.2799635],[85.7955979,20.280231],[85.7953048,20.280496]]}},{"type":"Feature","properties":{"highway":"residential","name":null,"surface":null,"lanes":null,"web_layer_source":"F:/datasets/layers/all_highway.geojson"},"geometry":{"type":"LineString","coordinates":[[85.8417186,20.24636],[85.8416753,20.2458918],[85.8412081,20.2459235]]}},{"type":"Feature","properties":{"highway":"residential","name":null,"surface":null,"lanes":null,"web_layer_source":"F:/datasets/layers/all_highway.geojson"},"geometry":{"type":"LineString","coordinates":[[85.805879,20.275993],[85.8063226,20.2748982]]}},{"type":"Feature","properties":{"highway":"residential","name":null,"surface":null,"lanes":null,"web_layer_source":"F:/datasets/layers/all_highway.geojson"},"geometry":{"type":"LineString","coordinates":[[85.85002,20.31138],[85.8504516,20.3095728],[85.85066,20.3087]]}},{"type":"Feature","properties":{"highway":"residential","name":null,"surface":null,"lanes":null,"web_layer_source":"F:/datasets/layers/all_highway.geojson"},"geometry":{"type":"LineString","coordinates":[[85.7971416,20.2792688],[85.7969056,20.2795269],[85.7961973,20.2802283]]}},{"type":"Feature","properties":{"highway":"residential","name":null,"surface":null,"lanes":null,"web_layer_source":"F:/datasets/layers/all_highway.geojson"},"geometry":{"type":"LineString","coordinates":[[85.83745,20.2672549],[85.83882,20.26662]]}},{"type":"Feature","properties":{"highway":"residential","name":null,"surface":"asphalt","lanes":null,"web_layer_source":"F:/datasets/layers/all_highway.geojson"},"geometry":{"type":"LineString","coordinates":[[85.845601,20.29095],[85.8463451,20.2910326]]}},{"type":"Feature","properties":{"highway":"residential","name":null,"surface":null,"lanes":null,"web_layer_source":"F:/datasets/layers/all_highway.geojson"},"geometry":{"type":"LineString","coordinates":[[85.8367417,20.2472186],[85.8367,20.24684]]}},{"type":"Feature","properties":{"highway":"residential","name":null,"surface":null,"lanes":null,"web_layer_source":"F:/datasets/layers/all_highway.geojson"},"geometry":{"type":"LineString","coordinates":[[85.8206474,20.2646937],[85.8220719,20.264218],[85.8235283,20.26352],[85.8249568,20.2626718]]}},{"type":"Feature","properties":{"highway":"service","name":null,"surface":null,"lanes":null,"web_layer_source":"F:/datasets/layers/all_highway.geojson"},"geometry":{"type":"LineString","coordinates":[[85.8036101,20.2972307],[85.8026605,20.297131],[85.8025614,20.2971204],[85.8013752,20.29704]]}},{"type":"Feature","properties":{"highway":"residential","name":null,"surface":null,"lanes":null,"web_layer_source":"F:/datasets/layers/all_highway.geojson"},"geometry":{"type":"LineString","coordinates":[[85.8054076,20.2755705],[85.8058849,20.2745048]]}},{"type":"Feature","properties":{"highway":"residential","name":null,"surface":null,"lanes":null,"web_layer_source":"F:/datasets/layers/all_highway.geojson"},"geometry":{"type":"LineString","coordinates":[[85.7979349,20.2798551],[85.7977221,20.2801695],[85.7972354,20.2808885]]}},{"type":"Feature","properties":{"highway":"residential","name":null,"surface":null,"lanes":null,"web_layer_source":"F:/datasets/layers/all_highway.geojson"},"geometry":{"type":"LineString","coordinates":[[85.8494283,20.3082649],[85.85066,20.3087],[85.85097,20.30881],[85.851478,20.3089939],[85.8519239,20.3091553],[85.8531115,20.3095418],[85.85408,20.30988],[85.85644,20.31065]]}},{"type":"Feature","properties":{"highway":"residential","name":null,"surface":null,"lanes":null,"web_layer_source":"F:/datasets/layers/all_highway.geojson"},"geometry":{"type":"LineString","coordinates":[[85.83777,20.26791],[85.83919,20.26722]]}},{"type":"Feature","properties":{"highway":"residential","name":null,"surface":null,"lanes":null,"web_layer_source":"F:/datasets/layers/all_highway.geojson"},"geometry":{"type":"LineString","coordinates":[[85.8422641,20.282452],[85.8422759,20.2828941],[85.8422743,20.2830417],[85.8422739,20.2830614],[85.8422691,20.2833213]]}},{"type":"Feature","properties":{"highway":"residential","name":null,"surface":"asphalt","lanes":null,"web_layer_source":"F:/datasets/layers/all_highway.geojson"},"geometry":{"type":"LineString","coordinates":[[85.845457,20.2920413],[85.8461909,20.2921168],[85.8468146,20.2921852],[85.8475264,20.2922647],[85.8481505,20.2923463],[85.8494554,20.2924903],[85.8507979,20.2926333]]}},{"type":"Feature","properties":{"highway":"residential","name":null,"surface":null,"lanes":null,"web_layer_source":"F:/datasets/layers/all_highway.geojson"},"geometry":{"type":"LineString","coordinates":[[85.8297199,20.2759891],[85.8297933,20.2762324],[85.8299393,20.2765378]]}},{"type":"Feature","properties":{"highway":"residential","name":null,"surface":null,"lanes":null,"web_layer_source":"F:/datasets/layers/all_highway.geojson"},"geometry":{"type":"LineString","coordinates":[[85.7982208,20.2800689],[85.7976307,20.2809595],[85.797558,20.2810824],[85.7973546,20.2814166],[85.7971872,20.28172],[85.7967068,20.2825498],[85.796469,20.2829638],[85.796241,20.2833513],[85.7960072,20.2837689],[85.7956033,20.2845179],[85.7955136,20.2847004],[85.7952825,20.2852745],[85.7950884,20.285827]]}},{"type":"Feature","properties":{"highway":"residential","name":null,"surface":"asphalt","lanes":null,"web_layer_source":"F:/datasets/layers/all_highway.geojson"},"geometry":{"type":"LineString","coordinates":[[85.8450502,20.2950142],[85.8458301,20.2949427],[85.8465699,20.2948428],[85.8467783,20.2948171],[85.8472336,20.2947552],[85.8478338,20.2946868]]}},{"type":"Feature","properties":{"highway":"residential","name":null,"surface":null,"lanes":null,"web_layer_source":"F:/datasets/layers/all_highway.geojson"},"geometry":{"type":"LineString","coordinates":[[85.8065455,20.2765904],[85.8059388,20.2760466],[85.805879,20.275993],[85.8056179,20.275759],[85.8054076,20.2755705],[85.8049497,20.27516]]}},{"type":"Feature","properties":{"highway":"residential","name":null,"surface":null,"lanes":null,"web_layer_source":"F:/datasets/layers/all_highway.geojson"},"geometry":{"type":"LineString","coordinates":[[85.8381177,20.2685012],[85.83951,20.26793]]}},{"type":"Feature","properties":{"highway":"residential","name":null,"surface":null,"lanes":null,"web_layer_source":"F:/datasets/layers/all_highway.geojson"},"geometry":{"type":"LineString","coordinates":[[85.83625,20.26529],[85.8337473,20.266846],[85.8341599,20.2675177],[85.8344854,20.2680674],[85.8346456,20.2683529],[85.834792,20.2686137],[85.83745,20.2672549],[85.8373728,20.2671073],[85.8372276,20.2668299]]}},{"type":"Feature","properties":{"highway":"residential","name":null,"surface":null,"lanes":null,"web_layer_source":"F:/datasets/layers/all_highway.geojson"},"geometry":{"type":"LineString","coordinates":[[85.8204953,20.2642186],[85.8218358,20.2637192],[85.8233026,20.2630002],[85.8245982,20.2622157]]}},{"type":"Feature","properties":{"highway":"residential","name":null,"surface":null,"lanes":null,"web_layer_source":"F:/datasets/layers/all_highway.geojson"},"geometry":{"type":"LineString","coordinates":[[85.79794,20.2790589],[85.7978609,20.2791489],[85.7974745,20.2795535]]}},{"type":"Feature","properties":{"highway":"residential","name":null,"surface":null,"lanes":null,"web_layer_source":"F:/datasets/layers/all_highway.geojson"},"geometry":{"type":"LineString","coordinates":[[85.83309,20.26596],[85.83436,20.26506],[85.83554,20.26426],[85.8351928,20.2637712],[85.8351454,20.2637044]]}},{"type":"Feature","properties":{"highway":"residential","name":null,"surface":null,"lanes":null,"web_layer_source":"F:/datasets/layers/all_highway.geojson"},"geometry":{"type":"LineString","coordinates":[[85.8073129,20.2757883],[85.8065699,20.2751205],[85.8063226,20.2748982],[85.8061343,20.2747118],[85.8058849,20.2745048],[85.8054415,20.2741063],[85.8048893,20.2736099]]}},{"type":"Feature","properties":{"highway":"residential","name":null,"surface":null,"lanes":null,"web_layer_source":"F:/datasets/layers/all_highway.geojson"},"geometry":{"type":"LineString","coordinates":[[85.8480753,20.2928742],[85.8481505,20.2923463],[85.8482216,20.2918022],[85.8482746,20.2912391],[85.8483594,20.2907082],[85.8484402,20.2901496],[85.8485087,20.2895727]]}},{"type":"Feature","properties":{"highway":"residential","name":null,"surface":null,"lanes":null,"web_layer_source":"F:/datasets/layers/all_highway.geojson"},"geometry":{"type":"LineString","coordinates":[[85.8400429,20.2835536],[85.839988,20.2831666],[85.8399251,20.2827401]]}},{"type":"Feature","properties":{"highway":"residential","name":null,"surface":null,"lanes":null,"web_layer_source":"F:/datasets/layers/all_highway.geojson"},"geometry":{"type":"LineString","coordinates":[[85.8531249,20.3145051],[85.85264,20.31439]]}},{"type":"Feature","properties":{"highway":"residential","name":null,"surface":"asphalt","lanes":null,"web_layer_source":"F:/datasets/layers/all_highway.geojson"},"geometry":{"type":"LineString","coordinates":[[85.8466558,20.2930035],[85.8466994,20.2927074],[85.8468146,20.2921852],[85.846906,20.2916351],[85.8469606,20.2910829],[85.8470343,20.2905463],[85.8471026,20.2900051],[85.8471839,20.2894328],[85.8472347,20.2889982]]}},{"type":"Feature","properties":{"highway":"residential","name":null,"surface":null,"lanes":null,"web_layer_source":"F:/datasets/layers/all_highway.geojson"},"geometry":{"type":"LineString","coordinates":[[85.8084939,20.2759688],[85.81024,20.2742]]}},{"type":"Feature","properties":{"highway":"residential","name":null,"surface":null,"lanes":null,"web_layer_source":"F:/datasets/layers/all_highway.geojson"},"geometry":{"type":"LineString","coordinates":[[85.798608,20.2803395],[85.7982208,20.2800689],[85.7979349,20.2798551],[85.7974745,20.2795535]]}},{"type":"Feature","properties":{"highway":"residential","name":null,"surface":null,"lanes":null,"web_layer_source":"F:/datasets/layers/all_highway.geojson"},"geometry":{"type":"LineString","coordinates":[[85.8397121,20.290031],[85.8396648,20.2900039],[85.8396059,20.2899841],[85.8387915,20.2898998]]}},{"type":"Feature","properties":{"highway":"residential","name":null,"surface":null,"lanes":null,"web_layer_source":"F:/datasets/layers/all_highway.geojson"},"geometry":{"type":"LineString","coordinates":[[85.8215733,20.2631645],[85.8229908,20.2623369],[85.8241745,20.2616768]]}},{"type":"Feature","properties":{"highway":"residential","name":null,"surface":null,"lanes":null,"web_layer_source":"F:/datasets/layers/all_highway.geojson"},"geometry":{"type":"LineString","coordinates":[[85.8450461,20.2871795],[85.8451175,20.2867178],[85.8451849,20.2862823]]}},{"type":"Feature","properties":{"highway":"residential","name":null,"surface":null,"lanes":null,"web_layer_source":"F:/datasets/layers/all_highway.geojson"},"geometry":{"type":"LineString","coordinates":[[85.8388242,20.284195],[85.8387808,20.2837465],[85.8387366,20.2832913],[85.8387051,20.2828832]]}},{"type":"Feature","properties":{"highway":"tertiary","name":null,"surface":null,"lanes":null,"web_layer_source":"F:/datasets/layers/all_highway.geojson"},"geometry":{"type":"LineString","coordinates":[[85.84852,20.31106],[85.85002,20.31138],[85.85097,20.31155],[85.8515331,20.3116707],[85.8518759,20.3117441],[85.85251,20.31188],[85.85329,20.31205],[85.85356,20.31209],[85.8545762,20.3123078],[85.8549171,20.31239]]}},{"type":"Feature","properties":{"highway":"residential","name":null,"surface":null,"lanes":null,"web_layer_source":"F:/datasets/layers/all_highway.geojson"},"geometry":{"type":"LineString","coordinates":[[85.83745,20.2672549],[85.8376156,20.267594],[85.83777,20.26791],[85.8379448,20.2682072],[85.8381177,20.2685012],[85.8382468,20.2687538],[85.8384475,20.2692341],[85.8384849,20.2693556],[85.8385823,20.2694996]]}},{"type":"Feature","properties":{"highway":"residential","name":null,"surface":null,"lanes":null,"web_layer_source":"F:/datasets/layers/all_highway.geojson"},"geometry":{"type":"LineString","coordinates":[[85.8077573,20.2753526],[85.8081319,20.2756639],[85.8081981,20.2757214],[85.8084939,20.2759688],[85.8088959,20.2762977]]}},{"type":"Feature","properties":{"highway":"residential","name":null,"surface":"asphalt","lanes":null,"web_layer_source":"F:/datasets/layers/all_highway.geojson"},"geometry":{"type":"LineString","coordinates":[[85.8406,20.29553],[85.8419799,20.2956685]]}},{"type":"Feature","properties":{"highway":"residential","name":null,"surface":null,"lanes":null,"web_layer_source":"F:/datasets/layers/all_highway.geojson"},"geometry":{"type":"LineString","coordinates":[[85.8353544,20.2696815],[85.8381177,20.2685012]]}},{"type":"Feature","properties":{"highway":"residential","name":null,"surface":null,"lanes":null,"web_layer_source":"F:/datasets/layers/all_highway.geojson"},"geometry":{"type":"LineString","coordinates":[[85.8181225,20.2649216],[85.8204953,20.2642186]]}},{"type":"Feature","properties":{"highway":"residential","name":null,"surface":null,"lanes":null,"web_layer_source":"F:/datasets/layers/all_highway.geojson"},"geometry":{"type":"LineString","coordinates":[[85.846156,20.2868491],[85.8451175,20.2867178]]}},{"type":"Feature","properties":{"highway":"residential","name":null,"surface":null,"lanes":null,"web_layer_source":"F:/datasets/layers/all_highway.geojson"},"geometry":{"type":"LineString","coordinates":[[85.8072076,20.2790988],[85.8076963,20.2785865],[85.8081216,20.2781502]]}},{"type":"Feature","properties":{"highway":"residential","name":null,"surface":null,"lanes":null,"web_layer_source":"F:/datasets/layers/all_highway.geojson"},"geometry":{"type":"LineString","coordinates":[[85.8350974,20.2691631],[85.83777,20.26791]]}},{"type":"Feature","properties":{"highway":"residential","name":null,"surface":null,"lanes":null,"web_layer_source":"F:/datasets/layers/all_highway.geojson"},"geometry":{"type":"LineString","coordinates":[[85.8361652,20.28447],[85.8361177,20.2840776],[85.8360586,20.2835887],[85.83601,20.2831659]]}},{"type":"Feature","properties":{"highway":"residential","name":null,"surface":null,"lanes":null,"web_layer_source":"F:/datasets/layers/all_highway.geojson"},"geometry":{"type":"LineString","coordinates":[[85.8387634,20.2957185],[85.8397243,20.2956326],[85.8402438,20.2955763]]}},{"type":"Feature","properties":{"highway":"residential","name":null,"surface":null,"lanes":null,"web_layer_source":"F:/datasets/layers/all_highway.geojson"},"geometry":{"type":"LineString","coordinates":[[85.8179151,20.2644866],[85.8187937,20.2641815],[85.8203143,20.2636534],[85.8215733,20.2631645]]}},{"type":"Feature","properties":{"highway":"residential","name":null,"surface":null,"lanes":null,"web_layer_source":"F:/datasets/layers/all_highway.geojson"},"geometry":{"type":"LineString","coordinates":[[85.84807,20.31297],[85.84929,20.31329]]}},{"type":"Feature","properties":{"highway":"residential","name":null,"surface":null,"lanes":null,"web_layer_source":"F:/datasets/layers/all_highway.geojson"},"geometry":{"type":"LineString","coordinates":[[85.84449,20.2862008],[85.8451849,20.2862823],[85.8462143,20.2864188]]}},{"type":"Feature","properties":{"highway":"residential","name":null,"surface":null,"lanes":null,"web_layer_source":"F:/datasets/layers/all_highway.geojson"},"geometry":{"type":"LineString","coordinates":[[85.8098108,20.2772004],[85.8092315,20.2767025],[85.8088334,20.2763632]]}},{"type":"Feature","properties":{"highway":"residential","name":null,"surface":null,"lanes":null,"web_layer_source":"F:/datasets/layers/all_highway.geojson"},"geometry":{"type":"LineString","coordinates":[[85.8331266,20.2687947],[85.83393,20.26838],[85.8344854,20.2680674]]}},{"type":"Feature","properties":{"highway":"residential","name":null,"surface":null,"lanes":null,"web_layer_source":"F:/datasets/layers/all_highway.geojson"},"geometry":{"type":"LineString","coordinates":[[85.8354703,20.2966233],[85.8354333,20.2961462],[85.8354301,20.2961089],[85.8354327,20.2960708],[85.8354465,20.2960443],[85.8354729,20.2960222],[85.8355117,20.2960149],[85.8368872,20.2959408],[85.8379837,20.2958275],[85.838059,20.2958197],[85.8381305,20.2958092],[85.8381957,20.2957894],[85.8383006,20.2957591],[85.8383701,20.2957437],[85.838464,20.2957342],[85.8387634,20.2957185]]}},{"type":"Feature","properties":{"highway":"residential","name":null,"surface":null,"lanes":null,"web_layer_source":"F:/datasets/layers/all_highway.geojson"},"geometry":{"type":"LineString","coordinates":[[85.8186871,20.2661062],[85.819692,20.265807]]}},{"type":"Feature","properties":{"highway":"residential","name":null,"surface":null,"lanes":null,"web_layer_source":"F:/datasets/layers/all_highway.geojson"},"geometry":{"type":"LineString","coordinates":[[85.8477,20.31585],[85.8488207,20.3158547],[85.8490426,20.3158657],[85.8500289,20.315853],[85.85026,20.31585],[85.8502881,20.3148578],[85.850441,20.3139506],[85.85052,20.31355]]}},{"type":"Feature","properties":{"highway":"residential","name":null,"surface":null,"lanes":null,"web_layer_source":"F:/datasets/layers/all_highway.geojson"},"geometry":{"type":"LineString","coordinates":[[85.8443684,20.2870879],[85.8450461,20.2871795],[85.8460923,20.2873198]]}},{"type":"Feature","properties":{"highway":"residential","name":null,"surface":null,"lanes":null,"web_layer_source":"F:/datasets/layers/all_highway.geojson"},"geometry":{"type":"LineString","coordinates":[[85.8350935,20.2842298],[85.8361177,20.2840776],[85.8387808,20.2837465]]}},{"type":"Feature","properties":{"highway":"residential","name":null,"surface":null,"lanes":null,"web_layer_source":"F:/datasets/layers/all_highway.geojson"},"geometry":{"type":"LineString","coordinates":[[85.8351641,20.2837648],[85.8360586,20.2835887],[85.8387366,20.2832913],[85.839988,20.2831666],[85.8410873,20.2830278],[85.8422759,20.2828941]]}},{"type":"Feature","properties":{"highway":"residential","name":null,"surface":null,"lanes":null,"web_layer_source":"F:/datasets/layers/all_highway.geojson"},"geometry":{"type":"LineString","coordinates":[[85.8083001,20.277738],[85.8092315,20.2767025]]}},{"type":"Feature","properties":{"highway":"residential","name":null,"surface":null,"lanes":null,"web_layer_source":"F:/datasets/layers/all_highway.geojson"},"geometry":{"type":"LineString","coordinates":[[85.8339449,20.2703258],[85.8353544,20.2696815]]}},{"type":"Feature","properties":{"highway":"residential","name":null,"surface":null,"lanes":null,"web_layer_source":"F:/datasets/layers/all_highway.geojson"},"geometry":{"type":"LineString","coordinates":[[85.8442939,20.2876313],[85.8443684,20.2870879],[85.84449,20.2862008],[85.8445686,20.2856271]]}},{"type":"Feature","properties":{"highway":"residential","name":null,"surface":null,"lanes":null,"web_layer_source":"F:/datasets/layers/all_highway.geojson"},"geometry":{"type":"LineString","coordinates":[[85.81987,20.26643],[85.819692,20.265807],[85.8194891,20.2650969]]}},{"type":"Feature","properties":{"highway":"residential","name":null,"surface":null,"lanes":null,"web_layer_source":"F:/datasets/layers/all_highway.geojson"},"geometry":{"type":"LineString","coordinates":[[85.808836,20.2782216],[85.8083001,20.277738],[85.8078711,20.2773701]]}},{"type":"Feature","properties":{"highway":"residential","name":null,"surface":null,"lanes":null,"web_layer_source":"F:/datasets/layers/all_highway.geojson"},"geometry":{"type":"LineString","coordinates":[[85.833692,20.2698288],[85.8345602,20.2694176],[85.8350974,20.2691631]]}},{"type":"Feature","properties":{"highway":"residential","name":null,"surface":null,"lanes":null,"web_layer_source":"F:/datasets/layers/all_highway.geojson"},"geometry":{"type":"LineString","coordinates":[[85.8448112,20.2891725],[85.8448721,20.2887265],[85.8449365,20.2882542]]}},{"type":"Feature","properties":{"highway":"residential","name":null,"surface":null,"lanes":null,"web_layer_source":"F:/datasets/layers/all_highway.geojson"},"geometry":{"type":"LineString","coordinates":[[85.84878,20.31784],[85.8488276,20.3168424],[85.8488207,20.3158547]]}},{"type":"Feature","properties":{"highway":"residential","name":null,"surface":null,"lanes":null,"web_layer_source":"F:/datasets/layers/all_highway.geojson"},"geometry":{"type":"LineString","coordinates":[[85.8422641,20.282452],[85.842262,20.2819751],[85.8422791,20.2815439],[85.8423257,20.2810258]]}},{"type":"Feature","properties":{"highway":"residential","name":null,"surface":null,"lanes":null,"web_layer_source":"F:/datasets/layers/all_highway.geojson"},"geometry":{"type":"LineString","coordinates":[[85.8189581,20.2666746],[85.81987,20.26643],[85.8203421,20.2663021]]}},{"type":"Feature","properties":{"highway":"residential","name":null,"surface":null,"lanes":null,"web_layer_source":"F:/datasets/layers/all_highway.geojson"},"geometry":{"type":"LineString","coordinates":[[85.834792,20.2686137],[85.8349484,20.2688951],[85.8350974,20.2691631],[85.8352328,20.2694422],[85.8353544,20.2696815],[85.8354897,20.2699599],[85.8356977,20.2703879],[85.8358445,20.27069]]}},{"type":"Feature","properties":{"highway":"residential","name":null,"surface":null,"lanes":null,"web_layer_source":"F:/datasets/layers/all_highway.geojson"},"geometry":{"type":"LineString","coordinates":[[85.8081981,20.2757214],[85.80994,20.27394]]}},{"type":"Feature","properties":{"highway":"residential","name":null,"surface":null,"lanes":null,"web_layer_source":"F:/datasets/layers/all_highway.geojson"},"geometry":{"type":"LineString","coordinates":[[85.84125,20.29398],[85.8413987,20.2929593]]}},{"type":"Feature","properties":{"highway":"residential","name":null,"surface":null,"lanes":null,"web_layer_source":"F:/datasets/layers/all_highway.geojson"},"geometry":{"type":"LineString","coordinates":[[85.8458869,20.288838],[85.8448721,20.2887265]]}},{"type":"Feature","properties":{"highway":"residential","name":null,"surface":null,"lanes":null,"web_layer_source":"F:/datasets/layers/all_highway.geojson"},"geometry":{"type":"LineString","coordinates":[[85.8202572,20.2660207],[85.8209976,20.2657877]]}},{"type":"Feature","properties":{"highway":"residential","name":null,"surface":null,"lanes":null,"web_layer_source":"F:/datasets/layers/all_highway.geojson"},"geometry":{"type":"LineString","coordinates":[[85.844219,20.2881725],[85.8449365,20.2882542],[85.8459478,20.2883881]]}},{"type":"Feature","properties":{"highway":"residential","name":null,"surface":null,"lanes":null,"web_layer_source":"F:/datasets/layers/all_highway.geojson"},"geometry":{"type":"LineString","coordinates":[[85.8410261,20.2816762],[85.8422791,20.2815439]]}},{"type":"Feature","properties":{"highway":"residential","name":null,"surface":null,"lanes":null,"web_layer_source":"F:/datasets/layers/all_highway.geojson"},"geometry":{"type":"LineString","coordinates":[[85.80994,20.27394],[85.8116233,20.2722099]]}},{"type":"Feature","properties":{"highway":"residential","name":null,"surface":null,"lanes":null,"web_layer_source":"F:/datasets/layers/all_highway.geojson"},"geometry":{"type":"LineString","coordinates":[[85.81024,20.2742],[85.8119812,20.2724182]]}},{"type":"Feature","properties":{"highway":"tertiary","name":null,"surface":null,"lanes":null,"web_layer_source":"F:/datasets/layers/all_highway.geojson"},"geometry":{"type":"LineString","coordinates":[[85.8364568,20.2374829],[85.8364882,20.2374296],[85.8366187,20.2372738],[85.8367032,20.2371434],[85.836796,20.2369508],[85.8369697,20.2361624],[85.8369869,20.23612],[85.8372236,20.2357886],[85.8377678,20.2349877],[85.8381598,20.2344108],[85.8381837,20.2343713],[85.8382002,20.234344]]}},{"type":"Feature","properties":{"highway":"residential","name":null,"surface":null,"lanes":null,"web_layer_source":"F:/datasets/layers/all_highway.geojson"},"geometry":{"type":"LineString","coordinates":[[85.8440919,20.28909],[85.8448112,20.2891725],[85.8458258,20.289289]]}},{"type":"Feature","properties":{"highway":"residential","name":null,"surface":null,"lanes":null,"web_layer_source":"F:/datasets/layers/all_highway.geojson"},"geometry":{"type":"LineString","coordinates":[[85.8410788,20.2821095],[85.842262,20.2819751]]}},{"type":"Feature","properties":{"highway":"residential","name":null,"surface":null,"lanes":null,"web_layer_source":"F:/datasets/layers/all_highway.geojson"},"geometry":{"type":"LineString","coordinates":[[85.8105899,20.2745252],[85.81024,20.2742],[85.80994,20.27394],[85.8095097,20.2735443]]}},{"type":"Feature","properties":{"highway":"residential","name":null,"surface":null,"lanes":null,"web_layer_source":"F:/datasets/layers/all_highway.geojson"},"geometry":{"type":"LineString","coordinates":[[85.8400001,20.2933233],[85.8400644,20.292797]]}},{"type":"Feature","properties":{"highway":"residential","name":null,"surface":null,"lanes":null,"web_layer_source":"F:/datasets/layers/all_highway.geojson"},"geometry":{"type":"LineString","coordinates":[[85.8204193,20.2665575],[85.8211736,20.2663375]]}},{"type":"Feature","properties":{"highway":"residential","name":null,"surface":null,"lanes":null,"web_layer_source":"F:/datasets/layers/all_highway.geojson"},"geometry":{"type":"LineString","coordinates":[[85.84756,20.31782],[85.84878,20.31784],[85.8497898,20.3178286],[85.8498191,20.3168933],[85.8488276,20.3168424],[85.8485804,20.3168365],[85.84769,20.31681]]}},{"type":"Feature","properties":{"highway":"residential","name":null,"surface":null,"lanes":null,"web_layer_source":"F:/datasets/layers/all_highway.geojson"},"geometry":{"type":"LineString","coordinates":[[85.8321419,20.2672168],[85.8322601,20.2671403],[85.8333334,20.2664454],[85.8334067,20.266398],[85.8334115,20.2663949]]}},{"type":"Feature","properties":{"highway":"residential","name":null,"surface":"asphalt","lanes":null,"web_layer_source":"F:/datasets/layers/all_highway.geojson"},"geometry":{"type":"LineString","coordinates":[[85.8440146,20.2896444],[85.8440919,20.28909],[85.844219,20.2881725],[85.8442939,20.2876313]]}},{"type":"Feature","properties":{"highway":"residential","name":null,"surface":null,"lanes":null,"web_layer_source":"F:/datasets/layers/all_highway.geojson"},"geometry":{"type":"LineString","coordinates":[[85.8352851,20.2821523],[85.8366254,20.2820096],[85.8374806,20.2819211],[85.8385844,20.2818251],[85.8397763,20.2816933],[85.8410032,20.2815473]]}},{"type":"Feature","properties":{"highway":"residential","name":null,"surface":null,"lanes":null,"web_layer_source":"F:/datasets/layers/all_highway.geojson"},"geometry":{"type":"LineString","coordinates":[[85.8201076,20.2655253],[85.8208441,20.2653082]]}},{"type":"Feature","properties":{"highway":"residential","name":null,"surface":null,"lanes":null,"web_layer_source":"F:/datasets/layers/all_highway.geojson"},"geometry":{"type":"LineString","coordinates":[[85.8069506,20.2775609],[85.8084939,20.2759688]]}},{"type":"Feature","properties":{"highway":"residential","name":null,"surface":null,"lanes":null,"web_layer_source":"F:/datasets/layers/all_highway.geojson"},"geometry":{"type":"LineString","coordinates":[[85.8392313,20.2945562],[85.8392691,20.2942835],[85.8393594,20.2937936],[85.8393755,20.2937065],[85.8394368,20.293374],[85.8394667,20.2932115],[85.8394951,20.2930577],[85.8395539,20.2927385]]}},{"type":"Feature","properties":{"highway":"residential","name":null,"surface":null,"lanes":null,"web_layer_source":"F:/datasets/layers/all_highway.geojson"},"geometry":{"type":"LineString","coordinates":[[85.8315068,20.2663449],[85.8327455,20.2655326],[85.8327745,20.265515]]}},{"type":"Feature","properties":{"highway":"residential","name":null,"surface":null,"lanes":null,"web_layer_source":"F:/datasets/layers/all_highway.geojson"},"geometry":{"type":"LineString","coordinates":[[85.8433042,20.2908177],[85.8434153,20.2900731]]}},{"type":"Feature","properties":{"highway":"residential","name":null,"surface":null,"lanes":null,"web_layer_source":"F:/datasets/layers/all_highway.geojson"},"geometry":{"type":"LineString","coordinates":[[85.8352735,20.2824865],[85.8366664,20.2823432],[85.837518,20.2822563],[85.8386245,20.282132],[85.8398256,20.2820218],[85.8410495,20.2818971]]}},{"type":"Feature","properties":{"highway":"residential","name":null,"surface":null,"lanes":null,"web_layer_source":"F:/datasets/layers/all_highway.geojson"},"geometry":{"type":"LineString","coordinates":[[85.818349,20.2653968],[85.8194891,20.2650969],[85.8199415,20.264975],[85.8206761,20.2647834]]}},{"type":"Feature","properties":{"highway":"residential","name":null,"surface":null,"lanes":null,"web_layer_source":"F:/datasets/layers/all_highway.geojson"},"geometry":{"type":"LineString","coordinates":[[85.8066136,20.2772416],[85.8081319,20.2756639]]}},{"type":"Feature","properties":{"highway":"residential","name":null,"surface":null,"lanes":null,"web_layer_source":"F:/datasets/layers/all_highway.geojson"},"geometry":{"type":"LineString","coordinates":[[85.8399491,20.2937932],[85.8400001,20.2933233],[85.8409346,20.293418]]}},{"type":"Feature","properties":{"highway":"residential","name":null,"surface":null,"lanes":null,"web_layer_source":"F:/datasets/layers/all_highway.geojson"},"geometry":{"type":"LineString","coordinates":[[85.8352455,20.282825],[85.8366832,20.2826716],[85.837552,20.2825622],[85.8386744,20.2824628],[85.8398763,20.282321],[85.8410861,20.2821997]]}},{"type":"Feature","properties":{"highway":"residential","name":null,"surface":null,"lanes":null,"web_layer_source":"F:/datasets/layers/all_highway.geojson"},"geometry":{"type":"LineString","coordinates":[[85.82058,20.26709],[85.8204193,20.2665575],[85.8203421,20.2663021],[85.8202572,20.2660207],[85.8201076,20.2655253],[85.8199415,20.264975]]}},{"type":"Feature","properties":{"highway":"residential","name":null,"surface":null,"lanes":null,"web_layer_source":"F:/datasets/layers/all_highway.geojson"},"geometry":{"type":"LineString","coordinates":[[85.8334115,20.2663949],[85.8337473,20.266846]]}},{"type":"Feature","properties":{"highway":"residential","name":null,"surface":null,"lanes":null,"web_layer_source":"F:/datasets/layers/all_highway.geojson"},"geometry":{"type":"LineString","coordinates":[[85.8073397,20.277926],[85.8069506,20.2775609],[85.8066136,20.2772416],[85.8062531,20.2769046]]}},{"type":"Feature","properties":{"highway":"residential","name":null,"surface":null,"lanes":null,"web_layer_source":"F:/datasets/layers/all_highway.geojson"},"geometry":{"type":"LineString","coordinates":[[85.8382664,20.2936458],[85.8393594,20.2937936]]}},{"type":"Feature","properties":{"highway":"tertiary","name":"Rath Road","surface":"asphalt","lanes":"2","web_layer_source":"F:/datasets/layers/all_highway.geojson"},"geometry":{"type":"LineString","coordinates":[[85.8346945,20.2380042],[85.8351924,20.2378144],[85.8354618,20.2377249],[85.8355376,20.2376997],[85.8357139,20.2376507],[85.8358292,20.2376178],[85.8359316,20.2375961],[85.8362346,20.2375318],[85.8364568,20.2374829],[85.8367534,20.2374123],[85.8371251,20.2373237],[85.8374859,20.2372456],[85.8377177,20.2371765],[85.8380186,20.2370551],[85.838334,20.2369278],[85.8386523,20.2368153],[85.8388115,20.2367513],[85.8389878,20.2366869],[85.8396708,20.2365933],[85.8398148,20.2365796],[85.8399469,20.2365738],[85.8400572,20.2365689]]}},{"type":"Feature","properties":{"highway":"residential","name":null,"surface":null,"lanes":null,"web_layer_source":"F:/datasets/layers/all_highway.geojson"},"geometry":{"type":"LineString","coordinates":[[85.833418,20.2693087],[85.8342726,20.2688764],[85.834792,20.2686137]]}},{"type":"Feature","properties":{"highway":"residential","name":null,"surface":null,"lanes":null,"web_layer_source":"F:/datasets/layers/all_highway.geojson"},"geometry":{"type":"LineString","coordinates":[[85.8268207,20.2650427],[85.8252683,20.2659824],[85.8233347,20.2668866]]}},{"type":"Feature","properties":{"highway":"residential","name":null,"surface":null,"lanes":null,"web_layer_source":"F:/datasets/layers/all_highway.geojson"},"geometry":{"type":"LineString","coordinates":[[85.841127,20.2825807],[85.8410861,20.2821997],[85.8410788,20.2821095],[85.8410495,20.2818971],[85.8410261,20.2816762],[85.8410032,20.2815473],[85.8409153,20.2811864]]}},{"type":"Feature","properties":{"highway":"tertiary","name":null,"surface":null,"lanes":null,"web_layer_source":"F:/datasets/layers/all_highway.geojson"},"geometry":{"type":"LineString","coordinates":[[85.8201635,20.3089748],[85.8211474,20.3089785],[85.8215902,20.3089801],[85.8219415,20.3089724],[85.8220067,20.3089767],[85.8228846,20.3089825],[85.823831,20.3089834],[85.8244721,20.3089858],[85.8258048,20.3089288],[85.8259804,20.3089247],[85.8260408,20.3089233],[85.8261063,20.3089265],[85.8264208,20.3089253],[85.8265463,20.3089226],[85.8271491,20.3089116],[85.8274828,20.3088938],[85.8275813,20.3088776],[85.827669,20.308814],[85.8277199,20.3087305],[85.8278274,20.3083638],[85.8280738,20.3076314],[85.8284573,20.3061532],[85.8284819,20.3061077],[85.8285519,20.3060868],[85.8300851,20.3062369],[85.8305851,20.3062772],[85.83095,20.306326],[85.8311085,20.3063733],[85.8312679,20.3064547],[85.8313718,20.3064813],[85.8324439,20.3066053],[85.8334864,20.3067033]]}},{"type":"Feature","properties":{"highway":"residential","name":null,"surface":null,"lanes":null,"web_layer_source":"F:/datasets/layers/all_highway.geojson"},"geometry":{"type":"LineString","coordinates":[[85.8327595,20.2681824],[85.83352,20.26778],[85.8338338,20.2682409]]}},{"type":"Feature","properties":{"highway":"tertiary","name":null,"surface":null,"lanes":null,"web_layer_source":"F:/datasets/layers/all_highway.geojson"},"geometry":{"type":"LineString","coordinates":[[85.8055858,20.2775696],[85.8056649,20.2774992],[85.8057085,20.2774551],[85.8062531,20.2769046],[85.8065455,20.2765904],[85.8073129,20.2757883],[85.8077573,20.2753526],[85.808114,20.2749845],[85.8095097,20.2735443],[85.8096875,20.2733609],[85.8110956,20.2719027],[85.8116198,20.271367],[85.8117746,20.2712072],[85.8123123,20.2706525],[85.812901,20.2700178]]}},{"type":"Feature","properties":{"highway":"residential","name":null,"surface":null,"lanes":null,"web_layer_source":"F:/datasets/layers/all_highway.geojson"},"geometry":{"type":"LineString","coordinates":[[85.838187,20.294115],[85.8392691,20.2942835]]}},{"type":"Feature","properties":{"highway":"residential","name":null,"surface":null,"lanes":null,"web_layer_source":"F:/datasets/layers/all_highway.geojson"},"geometry":{"type":"LineString","coordinates":[[85.8206405,20.2683648],[85.8217314,20.2680798]]}},{"type":"Feature","properties":{"highway":"residential","name":null,"surface":null,"lanes":null,"web_layer_source":"F:/datasets/layers/all_highway.geojson"},"geometry":{"type":"LineString","coordinates":[[85.8318383,20.2668067],[85.8319585,20.2667254],[85.8329515,20.2660537],[85.8330772,20.2659687],[85.83309,20.26596]]}},{"type":"Feature","properties":{"highway":"residential","name":null,"surface":null,"lanes":null,"web_layer_source":"F:/datasets/layers/all_highway.geojson"},"geometry":{"type":"LineString","coordinates":[[85.84086,20.29392],[85.8409346,20.293418],[85.8410097,20.2929125]]}},{"type":"Feature","properties":{"highway":"residential","name":null,"surface":null,"lanes":null,"web_layer_source":"F:/datasets/layers/all_highway.geojson"},"geometry":{"type":"LineString","coordinates":[[85.8428896,20.2899996],[85.8434153,20.2900731],[85.8434903,20.2900806],[85.8438777,20.2901196],[85.8439709,20.2901298],[85.8440431,20.2901585],[85.8441249,20.2902072],[85.8441738,20.2902482],[85.8442264,20.2902758],[85.844283,20.2902916],[85.8443838,20.2903025],[85.8456766,20.2903915]]}},{"type":"Feature","properties":{"highway":"residential","name":null,"surface":null,"lanes":null,"web_layer_source":"F:/datasets/layers/all_highway.geojson"},"geometry":{"type":"LineString","coordinates":[[85.8123993,20.2751622],[85.8125832,20.2748804],[85.8129512,20.2743166],[85.8132564,20.2738489]]}},{"type":"Feature","properties":{"highway":"residential","name":null,"surface":null,"lanes":null,"web_layer_source":"F:/datasets/layers/all_highway.geojson"},"geometry":{"type":"LineString","coordinates":[[85.8399251,20.2827401],[85.8398763,20.282321],[85.8398256,20.2820218],[85.8397763,20.2816933],[85.8397025,20.2813289]]}},{"type":"Feature","properties":{"highway":"residential","name":null,"surface":null,"lanes":null,"web_layer_source":"F:/datasets/layers/all_highway.geojson"},"geometry":{"type":"LineString","coordinates":[[85.8248344,20.2653212],[85.8263292,20.2644174]]}},{"type":"Feature","properties":{"highway":"secondary","name":null,"surface":"asphalt","lanes":null,"web_layer_source":"F:/datasets/layers/all_highway.geojson"},"geometry":{"type":"LineString","coordinates":[[85.8331414,20.2971574],[85.8331212,20.2972758],[85.8329364,20.2981996],[85.8329142,20.298355],[85.8328651,20.2986996],[85.8328668,20.2987822],[85.8328892,20.2998882],[85.8329622,20.3008138],[85.8329634,20.3008295],[85.8329675,20.3008804],[85.8329705,20.3009183],[85.8333373,20.3050263],[85.8333677,20.3053191],[85.833456,20.3062566],[85.8334864,20.3067033],[85.8336458,20.3084581],[85.8338008,20.3101463],[85.8338062,20.3102088],[85.8338325,20.3103849],[85.8339125,20.3109213],[85.8340427,20.3115186],[85.834025,20.3115957],[85.8339626,20.3116957],[85.8338736,20.3117627],[85.8333192,20.3119484],[85.8331293,20.3120029],[85.8325928,20.3121827],[85.8321664,20.3123211],[85.8311994,20.3126305],[85.8305796,20.3128242],[85.8299264,20.313078],[85.8298998,20.313091],[85.8296806,20.3131981]]}},{"type":"Feature","properties":{"highway":"residential","name":null,"surface":null,"lanes":null,"web_layer_source":"F:/datasets/layers/all_highway.geojson"},"geometry":{"type":"LineString","coordinates":[[85.8387051,20.2828832],[85.8386744,20.2824628],[85.8386245,20.282132],[85.8385844,20.2818251],[85.8384943,20.2814733]]}},{"type":"Feature","properties":{"highway":"residential","name":null,"surface":null,"lanes":null,"web_layer_source":"F:/datasets/layers/all_highway.geojson"},"geometry":{"type":"LineString","coordinates":[[85.8373937,20.2929876],[85.8383425,20.2930999]]}},{"type":"Feature","properties":{"highway":"residential","name":null,"surface":null,"lanes":null,"web_layer_source":"F:/datasets/layers/all_highway.geojson"},"geometry":{"type":"LineString","coordinates":[[85.8193046,20.2674016],[85.82011,20.2672],[85.8201742,20.267185],[85.82058,20.26709],[85.8213615,20.2669244],[85.8230793,20.2663469],[85.8249,20.26542]]}},{"type":"Feature","properties":{"highway":"residential","name":null,"surface":null,"lanes":null,"web_layer_source":"F:/datasets/layers/all_highway.geojson"},"geometry":{"type":"LineString","coordinates":[[85.83121,20.26842],[85.8312443,20.2683985],[85.8318649,20.2680105],[85.8324244,20.2676606]]}},{"type":"Feature","properties":{"highway":"residential","name":null,"surface":null,"lanes":null,"web_layer_source":"F:/datasets/layers/all_highway.geojson"},"geometry":{"type":"LineString","coordinates":[[85.8376032,20.2830053],[85.837552,20.2825622],[85.837518,20.2822563],[85.8374806,20.2819211],[85.8374433,20.2815823]]}},{"type":"Feature","properties":{"highway":"residential","name":null,"surface":null,"lanes":null,"web_layer_source":"F:/datasets/layers/all_highway.geojson"},"geometry":{"type":"LineString","coordinates":[[85.8134,20.2753263],[85.8130002,20.2751077],[85.8125832,20.2748804],[85.8121304,20.2746369]]}},{"type":"Feature","properties":{"highway":"residential","name":null,"surface":null,"lanes":null,"web_layer_source":"F:/datasets/layers/all_highway.geojson"},"geometry":{"type":"LineString","coordinates":[[85.8373333,20.2934216],[85.8382789,20.2935573]]}},{"type":"Feature","properties":{"highway":"residential","name":null,"surface":null,"lanes":null,"web_layer_source":"F:/datasets/layers/all_highway.geojson"},"geometry":{"type":"LineString","coordinates":[[85.8250984,20.2946905],[85.8252197,20.2947398],[85.825648,20.2949412]]}},{"type":"Feature","properties":{"highway":"residential","name":null,"surface":null,"lanes":null,"web_layer_source":"F:/datasets/layers/all_highway.geojson"},"geometry":{"type":"LineString","coordinates":[[85.8133876,20.2739329],[85.8137823,20.2734664]]}},{"type":"Feature","properties":{"highway":"residential","name":null,"surface":null,"lanes":null,"web_layer_source":"F:/datasets/layers/all_highway.geojson"},"geometry":{"type":"LineString","coordinates":[[85.8372761,20.293832],[85.8382138,20.2939461]]}},{"type":"Feature","properties":{"highway":"residential","name":null,"surface":"asphalt","lanes":null,"web_layer_source":"F:/datasets/layers/all_highway.geojson"},"geometry":{"type":"LineString","coordinates":[[85.844695,20.2915536],[85.8445886,20.2915421],[85.8438418,20.2914615],[85.8437827,20.2916077],[85.8437307,20.2916985],[85.8436752,20.2917741],[85.8436089,20.2918447]]}},{"type":"Feature","properties":{"highway":"residential","name":null,"surface":null,"lanes":null,"web_layer_source":"F:/datasets/layers/all_highway.geojson"},"geometry":{"type":"LineString","coordinates":[[85.8367315,20.2830842],[85.8366832,20.2826716],[85.8366664,20.2823432],[85.8366254,20.2820096],[85.836578,20.2816786]]}},{"type":"Feature","properties":{"highway":"residential","name":null,"surface":null,"lanes":null,"web_layer_source":"F:/datasets/layers/all_highway.geojson"},"geometry":{"type":"LineString","coordinates":[[85.8138332,20.2741877],[85.8142384,20.2737318]]}},{"type":"Feature","properties":{"highway":"residential","name":null,"surface":null,"lanes":null,"web_layer_source":"F:/datasets/layers/all_highway.geojson"},"geometry":{"type":"LineString","coordinates":[[85.8366479,20.2943895],[85.8367,20.29389]]}},{"type":"Feature","properties":{"highway":"residential","name":null,"surface":null,"lanes":null,"web_layer_source":"F:/datasets/layers/all_highway.geojson"},"geometry":{"type":"LineString","coordinates":[[85.8208775,20.2689827],[85.8206405,20.2683648],[85.8204232,20.2677809],[85.8203206,20.2675862],[85.81949,20.2677905]]}},{"type":"Feature","properties":{"highway":"residential","name":null,"surface":null,"lanes":null,"web_layer_source":"F:/datasets/layers/all_highway.geojson"},"geometry":{"type":"LineString","coordinates":[[85.8352018,20.2832272],[85.83601,20.2831659],[85.8367315,20.2830842],[85.8376032,20.2830053],[85.8387051,20.2828832],[85.8399251,20.2827401],[85.8410324,20.2825933],[85.841127,20.2825807],[85.8422641,20.282452],[85.8432579,20.2823489],[85.8437787,20.2822948]]}},{"type":"Feature","properties":{"highway":"residential","name":null,"surface":"asphalt","lanes":null,"web_layer_source":"F:/datasets/layers/all_highway.geojson"},"geometry":{"type":"LineString","coordinates":[[85.84479,20.29244],[85.8445283,20.2924072],[85.844695,20.2915536],[85.8454971,20.2916397]]}},{"type":"Feature","properties":{"highway":"residential","name":null,"surface":null,"lanes":null,"web_layer_source":"F:/datasets/layers/all_highway.geojson"},"geometry":{"type":"LineString","coordinates":[[85.8367516,20.2795468],[85.8374858,20.2794445]]}},{"type":"Feature","properties":{"highway":"residential","name":null,"surface":null,"lanes":null,"web_layer_source":"F:/datasets/layers/all_highway.geojson"},"geometry":{"type":"LineString","coordinates":[[85.8356035,20.2928065],[85.8365402,20.2929086]]}},{"type":"Feature","properties":{"highway":"residential","name":null,"surface":null,"lanes":null,"web_layer_source":"F:/datasets/layers/all_highway.geojson"},"geometry":{"type":"LineString","coordinates":[[85.82193,20.2687],[85.8217314,20.2680798],[85.8215393,20.2674797],[85.8213615,20.2669244],[85.8211736,20.2663375],[85.8210727,20.2660224],[85.8209976,20.2657877],[85.8208441,20.2653082],[85.8206761,20.2647834],[85.8206474,20.2646937],[85.8204953,20.2642186],[85.8203143,20.2636534]]}},{"type":"Feature","properties":{"highway":"residential","name":null,"surface":null,"lanes":null,"web_layer_source":"F:/datasets/layers/all_highway.geojson"},"geometry":{"type":"LineString","coordinates":[[85.8293923,20.2947601],[85.8293955,20.2946603],[85.8294079,20.2942578],[85.8293986,20.2942292],[85.8293695,20.2942074],[85.8292634,20.2941826],[85.8292284,20.2941895],[85.8292032,20.2942063],[85.8291133,20.2943445],[85.8290783,20.2943666],[85.8290348,20.2943765],[85.8284109,20.2943624],[85.8281467,20.294372],[85.8279075,20.2943984],[85.8276093,20.2944694],[85.8271701,20.2945894],[85.8267305,20.2947442],[85.8264419,20.2948731],[85.8263961,20.2948949],[85.8263419,20.2949416],[85.8263099,20.2950201],[85.8262707,20.2950819],[85.8259936,20.2954706]]}},{"type":"Feature","properties":{"highway":"residential","name":null,"surface":null,"lanes":null,"web_layer_source":"F:/datasets/layers/all_highway.geojson"},"geometry":{"type":"LineString","coordinates":[[85.8128183,20.2754121],[85.8130002,20.2751077],[85.8133326,20.274544]]}},{"type":"Feature","properties":{"highway":"residential","name":null,"surface":null,"lanes":null,"web_layer_source":"F:/datasets/layers/all_highway.geojson"},"geometry":{"type":"LineString","coordinates":[[85.82593,20.26712],[85.8256,20.26658],[85.8252683,20.2659824],[85.8249,20.26542],[85.8248344,20.2653212],[85.824435,20.2650097],[85.8240814,20.2646927],[85.8240166,20.2645937],[85.8237719,20.2640634],[85.8235283,20.26352],[85.8233026,20.2630002],[85.8229908,20.2623369],[85.822648,20.2617213]]}},{"type":"Feature","properties":{"highway":"residential","name":null,"surface":null,"lanes":null,"web_layer_source":"F:/datasets/layers/all_highway.geojson"},"geometry":{"type":"LineString","coordinates":[[85.8368053,20.2801016],[85.8375602,20.2800224]]}},{"type":"Feature","properties":{"highway":"residential","name":null,"surface":null,"lanes":null,"web_layer_source":"F:/datasets/layers/all_highway.geojson"},"geometry":{"type":"LineString","coordinates":[[85.8355404,20.2932301],[85.8364679,20.2933583]]}},{"type":"Feature","properties":{"highway":"residential","name":null,"surface":"asphalt","lanes":null,"web_layer_source":"F:/datasets/layers/all_highway.geojson"},"geometry":{"type":"LineString","coordinates":[[85.8446956,20.2933297],[85.84479,20.29244],[85.845374,20.2925104]]}},{"type":"Feature","properties":{"highway":"residential","name":null,"surface":null,"lanes":null,"web_layer_source":"F:/datasets/layers/all_highway.geojson"},"geometry":{"type":"LineString","coordinates":[[85.8132091,20.2756453],[85.8134,20.2753263],[85.8137292,20.2747801]]}},{"type":"Feature","properties":{"highway":"residential","name":null,"surface":null,"lanes":null,"web_layer_source":"F:/datasets/layers/all_highway.geojson"},"geometry":{"type":"LineString","coordinates":[[85.8369061,20.2806324],[85.8376346,20.2805396]]}},{"type":"Feature","properties":{"highway":"residential","name":null,"surface":null,"lanes":null,"web_layer_source":"F:/datasets/layers/all_highway.geojson"},"geometry":{"type":"LineString","coordinates":[[85.8354642,20.2937419],[85.8363895,20.2938457]]}},{"type":"Feature","properties":{"highway":"residential","name":"Rupali street","surface":null,"lanes":null,"web_layer_source":"F:/datasets/layers/all_highway.geojson"},"geometry":{"type":"LineString","coordinates":[[85.8427533,20.2894965],[85.8429556,20.2895321],[85.8435711,20.2895993],[85.8440146,20.2896444],[85.8442688,20.2896771],[85.845738,20.2898531]]}},{"type":"Feature","properties":{"highway":"residential","name":null,"surface":"asphalt","lanes":null,"web_layer_source":"F:/datasets/layers/all_highway.geojson"},"geometry":{"type":"LineString","coordinates":[[85.8432026,20.2875148],[85.8442939,20.2876313],[85.8460208,20.2878484]]}},{"type":"Feature","properties":{"highway":"residential","name":null,"surface":null,"lanes":null,"web_layer_source":"F:/datasets/layers/all_highway.geojson"},"geometry":{"type":"LineString","coordinates":[[85.8142971,20.2751172],[85.8137292,20.2747801],[85.8133326,20.274544],[85.8129512,20.2743166]]}},{"type":"Feature","properties":{"highway":"residential","name":null,"surface":"asphalt","lanes":null,"web_layer_source":"F:/datasets/layers/all_highway.geojson"},"geometry":{"type":"LineString","coordinates":[[85.8452781,20.2932443],[85.8453611,20.2925884],[85.845374,20.2925104],[85.845457,20.2920413],[85.8454971,20.2916397],[85.845601,20.29095]]}},{"type":"Feature","properties":{"highway":"residential","name":null,"surface":null,"lanes":null,"web_layer_source":"F:/datasets/layers/all_highway.geojson"},"geometry":{"type":"LineString","coordinates":[[85.8369706,20.2811151],[85.8376829,20.281026]]}},{"type":"Feature","properties":{"highway":"residential","name":null,"surface":null,"lanes":null,"web_layer_source":"F:/datasets/layers/all_highway.geojson"},"geometry":{"type":"LineString","coordinates":[[85.834721,20.2928865],[85.8355821,20.2929503]]}},{"type":"Feature","properties":{"highway":"tertiary","name":"Niladrivihar Main road","surface":null,"lanes":null,"web_layer_source":"F:/datasets/layers/all_highway.geojson"},"geometry":{"type":"LineString","coordinates":[[85.8160827,20.3264942],[85.8159253,20.3264999],[85.8156654,20.3265295],[85.8152378,20.3266019],[85.8144451,20.3267206],[85.8142717,20.3267445],[85.814236,20.3267494]]}},{"type":"Feature","properties":{"highway":"residential","name":null,"surface":null,"lanes":null,"web_layer_source":"F:/datasets/layers/all_highway.geojson"},"geometry":{"type":"LineString","coordinates":[[85.8146908,20.2746867],[85.8142357,20.2744156],[85.8138332,20.2741877],[85.8133876,20.2739329],[85.8132564,20.2738489],[85.8130194,20.2736944]]}},{"type":"Feature","properties":{"highway":"residential","name":null,"surface":null,"lanes":null,"web_layer_source":"F:/datasets/layers/all_highway.geojson"},"geometry":{"type":"LineString","coordinates":[[85.8248432,20.2601509],[85.824668,20.2603366]]}},{"type":"Feature","properties":{"highway":"residential","name":null,"surface":null,"lanes":null,"web_layer_source":"F:/datasets/layers/all_highway.geojson"},"geometry":{"type":"LineString","coordinates":[[85.8293738,20.2952197],[85.8293923,20.2947601],[85.8302704,20.2948006]]}},{"type":"Feature","properties":{"highway":"residential","name":null,"surface":null,"lanes":null,"web_layer_source":"F:/datasets/layers/all_highway.geojson"},"geometry":{"type":"LineString","coordinates":[[85.8522548,20.2933928],[85.8523608,20.2930654],[85.8524401,20.2927259],[85.8524635,20.2926541]]}},{"type":"Feature","properties":{"highway":"residential","name":null,"surface":null,"lanes":null,"web_layer_source":"F:/datasets/layers/all_highway.geojson"},"geometry":{"type":"LineString","coordinates":[[85.8423257,20.2810258],[85.8420169,20.2781687]]}},{"type":"Feature","properties":{"highway":"residential","name":null,"surface":null,"lanes":null,"web_layer_source":"F:/datasets/layers/all_highway.geojson"},"geometry":{"type":"LineString","coordinates":[[85.8346387,20.293485],[85.8354894,20.2935725]]}},{"type":"Feature","properties":{"highway":"residential","name":null,"surface":null,"lanes":null,"web_layer_source":"F:/datasets/layers/all_highway.geojson"},"geometry":{"type":"LineString","coordinates":[[85.8504171,20.2934599],[85.8503234,20.2927915]]}},{"type":"Feature","properties":{"highway":"residential","name":null,"surface":null,"lanes":null,"web_layer_source":"F:/datasets/layers/all_highway.geojson"},"geometry":{"type":"LineString","coordinates":[[85.8162137,20.2755945],[85.8146908,20.2746867]]}},{"type":"Feature","properties":{"highway":"residential","name":null,"surface":null,"lanes":null,"web_layer_source":"F:/datasets/layers/all_highway.geojson"},"geometry":{"type":"LineString","coordinates":[[85.8201679,20.2693679],[85.820147,20.2691472],[85.8201207,20.2690753]]}},{"type":"Feature","properties":{"highway":"residential","name":null,"surface":null,"lanes":null,"web_layer_source":"F:/datasets/layers/all_highway.geojson"},"geometry":{"type":"LineString","coordinates":[[85.8307222,20.2950504],[85.83071,20.29463]]}},{"type":"Feature","properties":{"highway":"residential","name":null,"surface":null,"lanes":null,"web_layer_source":"F:/datasets/layers/all_highway.geojson"},"geometry":{"type":"LineString","coordinates":[[85.8394853,20.2813523],[85.8393274,20.280008],[85.8392485,20.2794064],[85.83922,20.2791396],[85.8391586,20.2784973]]}},{"type":"Feature","properties":{"highway":"residential","name":null,"surface":null,"lanes":null,"web_layer_source":"F:/datasets/layers/all_highway.geojson"},"geometry":{"type":"LineString","coordinates":[[85.8157651,20.2760155],[85.8142971,20.2751172]]}},{"type":"Feature","properties":{"highway":"residential","name":null,"surface":null,"lanes":null,"web_layer_source":"F:/datasets/layers/all_highway.geojson"},"geometry":{"type":"LineString","coordinates":[[85.83432,20.29271],[85.834416,20.2921193]]}},{"type":"Feature","properties":{"highway":"tertiary","name":null,"surface":null,"lanes":null,"web_layer_source":"F:/datasets/layers/all_highway.geojson"},"geometry":{"type":"LineString","coordinates":[[85.8101435,20.3148488],[85.8101201,20.3138437],[85.8100832,20.3131797],[85.8100352,20.3126259],[85.8100031,20.3123649],[85.8099625,20.3119971],[85.8099384,20.3117252],[85.8099159,20.3114978],[85.8097831,20.3109573],[85.8097637,20.3108785],[85.8095831,20.3103598],[85.809471,20.3100242],[85.8092626,20.3094234],[85.8089762,20.3085619]]}},{"type":"Feature","properties":{"highway":"residential","name":null,"surface":null,"lanes":null,"web_layer_source":"F:/datasets/layers/all_highway.geojson"},"geometry":{"type":"LineString","coordinates":[[85.8490448,20.2934949],[85.8489554,20.2928396]]}},{"type":"Feature","properties":{"highway":"residential","name":null,"surface":null,"lanes":null,"web_layer_source":"F:/datasets/layers/all_highway.geojson"},"geometry":{"type":"LineString","coordinates":[[85.8302239,20.2953257],[85.8302704,20.2948006],[85.8302977,20.2946521],[85.83071,20.29463],[85.83135,20.29465],[85.8314219,20.2946583],[85.8314764,20.2946974],[85.8315037,20.2947357],[85.8315253,20.2948185],[85.8315283,20.2949088],[85.8315292,20.2949888]]}},{"type":"Feature","properties":{"highway":"residential","name":null,"surface":null,"lanes":null,"web_layer_source":"F:/datasets/layers/all_highway.geojson"},"geometry":{"type":"LineString","coordinates":[[85.8377336,20.2815539],[85.8377069,20.281253],[85.8376829,20.281026],[85.8376346,20.2805396],[85.8375649,20.2800732],[85.8375602,20.2800224],[85.8375004,20.2795428],[85.8374858,20.2794445],[85.8374054,20.2788927],[85.8373873,20.2786973]]}},{"type":"Feature","properties":{"highway":"residential","name":null,"surface":null,"lanes":null,"web_layer_source":"F:/datasets/layers/all_highway.geojson"},"geometry":{"type":"LineString","coordinates":[[85.8153627,20.2763678],[85.8139471,20.2754828]]}},{"type":"Feature","properties":{"highway":"residential","name":null,"surface":null,"lanes":null,"web_layer_source":"F:/datasets/layers/all_highway.geojson"},"geometry":{"type":"LineString","coordinates":[[85.8340968,20.2926896],[85.83432,20.29271],[85.8347362,20.2927759]]}},{"type":"Feature","properties":{"highway":"residential","name":null,"surface":"asphalt","lanes":null,"web_layer_source":"F:/datasets/layers/all_highway.geojson"},"geometry":{"type":"LineString","coordinates":[[85.8476138,20.2929316],[85.8466558,20.2930035],[85.8452781,20.2932443],[85.845265,20.2933865]]}},{"type":"Feature","properties":{"highway":"residential","name":null,"surface":null,"lanes":null,"web_layer_source":"F:/datasets/layers/all_highway.geojson"},"geometry":{"type":"LineString","coordinates":[[85.8370274,20.2816298],[85.8369706,20.2811151],[85.8369061,20.2806324],[85.8368456,20.2803339],[85.8368053,20.2801016],[85.8367516,20.2795468],[85.8366503,20.2787512]]}},{"type":"Feature","properties":{"highway":"residential","name":null,"surface":null,"lanes":null,"web_layer_source":"F:/datasets/layers/all_highway.geojson"},"geometry":{"type":"LineString","coordinates":[[85.8137221,20.2769543],[85.8131203,20.2763003]]}},{"type":"Feature","properties":{"highway":"residential","name":null,"surface":null,"lanes":null,"web_layer_source":"F:/datasets/layers/all_highway.geojson"},"geometry":{"type":"LineString","coordinates":[[85.8338132,20.2928308],[85.8340717,20.2928562]]}},{"type":"Feature","properties":{"highway":"residential","name":null,"surface":null,"lanes":null,"web_layer_source":"F:/datasets/layers/all_highway.geojson"},"geometry":{"type":"LineString","coordinates":[[85.8222678,20.2697427],[85.8222575,20.2698215],[85.8222296,20.269893]]}},{"type":"Feature","properties":{"highway":"tertiary","name":null,"surface":null,"lanes":null,"web_layer_source":"F:/datasets/layers/all_highway.geojson"},"geometry":{"type":"LineString","coordinates":[[85.8090199,20.3085151],[85.809209,20.30847],[85.8106787,20.3083423],[85.8125679,20.3081693],[85.8130842,20.3081288],[85.8132032,20.3081203],[85.8139032,20.3080536],[85.8151961,20.3079533],[85.8153035,20.3079478],[85.8161394,20.3078832],[85.8184145,20.3076749],[85.818817,20.3076375],[85.8190264,20.3076261],[85.8191941,20.3076251],[85.8193559,20.3076511],[85.8201813,20.3079128],[85.8203033,20.3079584]]}},{"type":"Feature","properties":{"highway":"residential","name":null,"surface":null,"lanes":null,"web_layer_source":"F:/datasets/layers/all_highway.geojson"},"geometry":{"type":"LineString","coordinates":[[85.8197621,20.2692312],[85.8200005,20.2691113],[85.8201207,20.2690753]]}},{"type":"Feature","properties":{"highway":"residential","name":null,"surface":null,"lanes":null,"web_layer_source":"F:/datasets/layers/all_highway.geojson"},"geometry":{"type":"LineString","coordinates":[[85.8518271,20.2944939],[85.8521667,20.294493],[85.8522806,20.2944873],[85.8523523,20.2944606],[85.8524032,20.2944188],[85.8524544,20.2943659],[85.8525063,20.2942512],[85.8525857,20.2940154],[85.8530229,20.2927768],[85.8524635,20.2926541]]}},{"type":"Feature","properties":{"highway":"residential","name":null,"surface":null,"lanes":null,"web_layer_source":"F:/datasets/layers/all_highway.geojson"},"geometry":{"type":"LineString","coordinates":[[85.8346178,20.2936373],[85.83397,20.29353]]}},{"type":"Feature","properties":{"highway":"residential","name":null,"surface":null,"lanes":null,"web_layer_source":"F:/datasets/layers/all_highway.geojson"},"geometry":{"type":"LineString","coordinates":[[85.8323137,20.2957838],[85.8322932,20.295245],[85.8323014,20.2952035],[85.8323216,20.2951673],[85.8323746,20.2951357],[85.8328456,20.2949366],[85.83314,20.29482],[85.8332041,20.2948088],[85.8333393,20.2948207],[85.833523,20.2948626]]}},{"type":"Feature","properties":{"highway":"residential","name":"Unit 9 internal road","surface":null,"lanes":null,"web_layer_source":"F:/datasets/layers/all_highway.geojson"},"geometry":{"type":"LineString","coordinates":[[85.8352295,20.281796],[85.83529,20.2817962],[85.8362985,20.2817053],[85.836578,20.2816786],[85.8367432,20.2816578],[85.8370274,20.2816298],[85.8374433,20.2815823],[85.8377336,20.2815539],[85.8384943,20.2814733],[85.8394853,20.2813523],[85.8397025,20.2813289],[85.8409153,20.2811864],[85.8421714,20.2810473],[85.8423257,20.2810258],[85.8438924,20.28087]]}},{"type":"Feature","properties":{"highway":"residential","name":null,"surface":null,"lanes":null,"web_layer_source":"F:/datasets/layers/all_highway.geojson"},"geometry":{"type":"LineString","coordinates":[[85.8131251,20.2774455],[85.8124824,20.2768526]]}},{"type":"Feature","properties":{"highway":"residential","name":null,"surface":null,"lanes":null,"web_layer_source":"F:/datasets/layers/all_highway.geojson"},"geometry":{"type":"LineString","coordinates":[[85.8363895,20.2938457],[85.8367,20.29389],[85.8372583,20.2939598]]}},{"type":"Feature","properties":{"highway":"tertiary","name":null,"surface":null,"lanes":null,"web_layer_source":"F:/datasets/layers/all_highway.geojson"},"geometry":{"type":"LineString","coordinates":[[85.8178934,20.2971255],[85.8179234,20.2972019]]}},{"type":"Feature","properties":{"highway":"residential","name":null,"surface":null,"lanes":null,"web_layer_source":"F:/datasets/layers/all_highway.geojson"},"geometry":{"type":"LineString","coordinates":[[85.8100868,20.2807174],[85.8110901,20.2798414],[85.8119992,20.2790476]]}},{"type":"Feature","properties":{"highway":"residential","name":null,"surface":null,"lanes":null,"web_layer_source":"F:/datasets/layers/all_highway.geojson"},"geometry":{"type":"LineString","coordinates":[[85.827952,20.2664816],[85.8291595,20.2656472]]}},{"type":"Feature","properties":{"highway":"residential","name":null,"surface":null,"lanes":null,"web_layer_source":"F:/datasets/layers/all_highway.geojson"},"geometry":{"type":"LineString","coordinates":[[85.8505876,20.2945533],[85.8504171,20.2934599]]}},{"type":"Feature","properties":{"highway":"residential","name":null,"surface":null,"lanes":null,"web_layer_source":"F:/datasets/layers/all_highway.geojson"},"geometry":{"type":"LineString","coordinates":[[85.8340192,20.2914356],[85.8345091,20.291512],[85.8345347,20.2915084],[85.8345544,20.2914965],[85.834569,20.2914792],[85.8345791,20.2914453],[85.8346213,20.2911358],[85.8346168,20.2911074],[85.8346098,20.2910895],[85.8345934,20.2910757],[85.8345689,20.2910672],[85.8340695,20.29099]]}},{"type":"Feature","properties":{"highway":"residential","name":null,"surface":null,"lanes":null,"web_layer_source":"F:/datasets/layers/all_highway.geojson"},"geometry":{"type":"LineString","coordinates":[[85.8288463,20.2956586],[85.8287848,20.2952029]]}},{"type":"Feature","properties":{"highway":"residential","name":null,"surface":null,"lanes":null,"web_layer_source":"F:/datasets/layers/all_highway.geojson"},"geometry":{"type":"LineString","coordinates":[[85.8262216,20.2642807],[85.827397,20.2634028]]}},{"type":"Feature","properties":{"highway":"residential","name":null,"surface":"asphalt","lanes":null,"web_layer_source":"F:/datasets/layers/all_highway.geojson"},"geometry":{"type":"LineString","coordinates":[[85.8478338,20.2946868],[85.8477574,20.294038],[85.847687,20.2935619]]}},{"type":"Feature","properties":{"highway":"residential","name":null,"surface":null,"lanes":null,"web_layer_source":"F:/datasets/layers/all_highway.geojson"},"geometry":{"type":"LineString","coordinates":[[85.8121315,20.279181],[85.8131467,20.2782592]]}},{"type":"Feature","properties":{"highway":"residential","name":null,"surface":null,"lanes":null,"web_layer_source":"F:/datasets/layers/all_highway.geojson"},"geometry":{"type":"LineString","coordinates":[[85.8350082,20.2907982],[85.8360295,20.2908899]]}},{"type":"Feature","properties":{"highway":"residential","name":null,"surface":null,"lanes":null,"web_layer_source":"F:/datasets/layers/all_highway.geojson"},"geometry":{"type":"LineString","coordinates":[[85.8285257,20.2672113],[85.827952,20.2664816],[85.8276598,20.26611],[85.827261,20.2656026],[85.8268207,20.2650427],[85.8263292,20.2644174],[85.8262216,20.2642807],[85.8260345,20.2640426],[85.8256727,20.2635825],[85.8253243,20.2631393],[85.8249568,20.2626718],[85.8245982,20.2622157],[85.8241745,20.2616768],[85.8236601,20.2610225]]}},{"type":"Feature","properties":{"highway":"residential","name":null,"surface":null,"lanes":null,"web_layer_source":"F:/datasets/layers/all_highway.geojson"},"geometry":{"type":"LineString","coordinates":[[85.8284096,20.2959205],[85.8283317,20.2952365]]}},{"type":"Feature","properties":{"highway":"residential","name":null,"surface":"asphalt","lanes":null,"web_layer_source":"F:/datasets/layers/all_highway.geojson"},"geometry":{"type":"LineString","coordinates":[[85.8467783,20.2948171],[85.8466874,20.2941414]]}},{"type":"Feature","properties":{"highway":"residential","name":null,"surface":null,"lanes":null,"web_layer_source":"F:/datasets/layers/all_highway.geojson"},"geometry":{"type":"LineString","coordinates":[[85.8118797,20.2789271],[85.812916,20.2780231]]}},{"type":"Feature","properties":{"highway":"residential","name":null,"surface":null,"lanes":null,"web_layer_source":"F:/datasets/layers/all_highway.geojson"},"geometry":{"type":"LineString","coordinates":[[85.8349405,20.291273],[85.8359591,20.2913385]]}},{"type":"Feature","properties":{"highway":"tertiary","name":"Jail Road","surface":null,"lanes":"2","web_layer_source":"F:/datasets/layers/all_highway.geojson"},"geometry":{"type":"LineString","coordinates":[[85.85792,20.27407],[85.857887,20.2736399],[85.8578525,20.2731907],[85.8578055,20.272946],[85.8577689,20.2727559],[85.8576993,20.2722893],[85.8575726,20.2718212],[85.857511,20.2717079],[85.8574192,20.271539],[85.8572551,20.2712718],[85.856732,20.2707815],[85.8565794,20.2706547],[85.8561686,20.2703492],[85.8557452,20.2700243],[85.8550517,20.2695585],[85.8542836,20.2690425],[85.853716,20.2689698],[85.8535797,20.2689613],[85.8532508,20.2689843],[85.8527935,20.2690066],[85.8523959,20.2691049],[85.8521771,20.2691581],[85.85203,20.2691938],[85.8519585,20.2692112],[85.8517406,20.2692943],[85.8514825,20.2693565],[85.8511774,20.2693973],[85.850899,20.2694232],[85.850639,20.2694339],[85.8503971,20.2694232],[85.8501467,20.269384],[85.8499054,20.2693385],[85.8498771,20.2693332],[85.8495551,20.2692478],[85.8492452,20.2690786],[85.8489654,20.2688125],[85.8487542,20.2686042],[85.8485473,20.2684138]]}},{"type":"Feature","properties":{"highway":"residential","name":null,"surface":null,"lanes":null,"web_layer_source":"F:/datasets/layers/all_highway.geojson"},"geometry":{"type":"LineString","coordinates":[[85.82923,20.2951942],[85.8287848,20.2952029],[85.8283317,20.2952365],[85.8277548,20.2953348],[85.82741,20.2954025]]}},{"type":"Feature","properties":{"highway":"residential","name":null,"surface":"asphalt","lanes":null,"web_layer_source":"F:/datasets/layers/all_highway.geojson"},"geometry":{"type":"LineString","coordinates":[[85.8465699,20.2948428],[85.8464962,20.2941616]]}},{"type":"Feature","properties":{"highway":"residential","name":null,"surface":null,"lanes":null,"web_layer_source":"F:/datasets/layers/all_highway.geojson"},"geometry":{"type":"LineString","coordinates":[[85.837408,20.2557697],[85.8376447,20.2555434],[85.8377488,20.2555672]]}},{"type":"Feature","properties":{"highway":"residential","name":null,"surface":null,"lanes":null,"web_layer_source":"F:/datasets/layers/all_highway.geojson"},"geometry":{"type":"LineString","coordinates":[[85.8126898,20.2797318],[85.8121315,20.279181],[85.8119992,20.2790476],[85.8118797,20.2789271],[85.811681,20.2787277]]}},{"type":"Feature","properties":{"highway":"residential","name":null,"surface":null,"lanes":null,"web_layer_source":"F:/datasets/layers/all_highway.geojson"},"geometry":{"type":"LineString","coordinates":[[85.834887,20.2916796],[85.8358876,20.2917938]]}},{"type":"Feature","properties":{"highway":"residential","name":null,"surface":null,"lanes":null,"web_layer_source":"F:/datasets/layers/all_highway.geojson"},"geometry":{"type":"LineString","coordinates":[[85.83024,20.29589],[85.8302239,20.2953257]]}},{"type":"Feature","properties":{"highway":"residential","name":null,"surface":"asphalt","lanes":null,"web_layer_source":"F:/datasets/layers/all_highway.geojson"},"geometry":{"type":"LineString","coordinates":[[85.8457894,20.2942461],[85.8464962,20.2941616],[85.8466874,20.2941414],[85.8471544,20.294087]]}},{"type":"Feature","properties":{"highway":"residential","name":null,"surface":null,"lanes":null,"web_layer_source":"F:/datasets/layers/all_highway.geojson"},"geometry":{"type":"LineString","coordinates":[[85.8094602,20.2813625],[85.8099861,20.2808815]]}},{"type":"Feature","properties":{"highway":"residential","name":null,"surface":null,"lanes":null,"web_layer_source":"F:/datasets/layers/all_highway.geojson"},"geometry":{"type":"LineString","coordinates":[[85.8371303,20.2554198],[85.83732,20.25508]]}},{"type":"Feature","properties":{"highway":"residential","name":null,"surface":null,"lanes":null,"web_layer_source":"F:/datasets/layers/all_highway.geojson"},"geometry":{"type":"LineString","coordinates":[[85.82979,20.29619],[85.82972,20.29527]]}},{"type":"Feature","properties":{"highway":"residential","name":null,"surface":null,"lanes":null,"web_layer_source":"F:/datasets/layers/all_highway.geojson"},"geometry":{"type":"LineString","coordinates":[[85.8376284,20.2914747],[85.8385578,20.2915924]]}},{"type":"Feature","properties":{"highway":"residential","name":null,"surface":"asphalt","lanes":null,"web_layer_source":"F:/datasets/layers/all_highway.geojson"},"geometry":{"type":"LineString","coordinates":[[85.8472336,20.2947552],[85.8471544,20.294087],[85.8470895,20.2936439]]}},{"type":"Feature","properties":{"highway":"residential","name":null,"surface":null,"lanes":null,"web_layer_source":"F:/datasets/layers/all_highway.geojson"},"geometry":{"type":"LineString","coordinates":[[85.8092125,20.2798578],[85.8094681,20.2796244],[85.8101811,20.278939]]}},{"type":"Feature","properties":{"highway":"residential","name":null,"surface":null,"lanes":null,"web_layer_source":"F:/datasets/layers/all_highway.geojson"},"geometry":{"type":"LineString","coordinates":[[85.8370627,20.2573529],[85.8374824,20.2570665]]}},{"type":"Feature","properties":{"highway":"residential","name":null,"surface":null,"lanes":null,"web_layer_source":"F:/datasets/layers/all_highway.geojson"},"geometry":{"type":"LineString","coordinates":[[85.8273481,20.2956002],[85.8284096,20.2959205],[85.828811,20.2960002],[85.82927,20.29611]]}},{"type":"Feature","properties":{"highway":"residential","name":null,"surface":null,"lanes":null,"web_layer_source":"F:/datasets/layers/all_highway.geojson"},"geometry":{"type":"LineString","coordinates":[[85.8372324,20.2910455],[85.8376791,20.2910862]]}},{"type":"Feature","properties":{"highway":"residential","name":null,"surface":"asphalt","lanes":null,"web_layer_source":"F:/datasets/layers/all_highway.geojson"},"geometry":{"type":"LineString","coordinates":[[85.8458301,20.2949427],[85.8457894,20.2942461],[85.8457507,20.2938314]]}},{"type":"Feature","properties":{"highway":"secondary","name":"Madhusudan Marg","surface":"asphalt","lanes":null,"web_layer_source":"F:/datasets/layers/all_highway.geojson"},"geometry":{"type":"LineString","coordinates":[[85.8351042,20.2789186],[85.8364767,20.2787715],[85.8366503,20.2787512],[85.8373873,20.2786973],[85.8378352,20.278637],[85.8385806,20.2785593],[85.8391586,20.2784973],[85.8401148,20.2783961],[85.840319,20.2783713],[85.8412779,20.2782546],[85.8415681,20.2782278],[85.8417473,20.2782066],[85.8420169,20.2781687],[85.8426074,20.2781127],[85.8434262,20.2780415],[85.8435781,20.2780362]]}},{"type":"Feature","properties":{"highway":"residential","name":null,"surface":null,"lanes":null,"web_layer_source":"F:/datasets/layers/all_highway.geojson"},"geometry":{"type":"LineString","coordinates":[[85.8098142,20.2804494],[85.8100827,20.2801791],[85.8107943,20.2795456],[85.811681,20.2787277],[85.8126927,20.2777944]]}},{"type":"Feature","properties":{"highway":"residential","name":null,"surface":null,"lanes":null,"web_layer_source":"F:/datasets/layers/all_highway.geojson"},"geometry":{"type":"LineString","coordinates":[[85.8367457,20.2568472],[85.8371194,20.2565729]]}},{"type":"Feature","properties":{"highway":"residential","name":null,"surface":"asphalt","lanes":null,"web_layer_source":"F:/datasets/layers/all_highway.geojson"},"geometry":{"type":"LineString","coordinates":[[85.8285508,20.286068],[85.8285855,20.286059],[85.8286389,20.286047],[85.8288968,20.2859979],[85.8290897,20.2859881],[85.8293268,20.285974],[85.8295034,20.2859805],[85.8296625,20.2859936],[85.8298066,20.2860328],[85.8299272,20.2860507],[85.8303413,20.2861093],[85.8306568,20.286174],[85.8309755,20.2862264],[85.831383,20.2862912],[85.8317413,20.2863374],[85.831991,20.2863744],[85.8323032,20.2863929],[85.8326286,20.2864083],[85.8328356,20.2864268],[85.8333417,20.2864885],[85.8336835,20.2865069],[85.8338248,20.28651],[85.8341744,20.2865179]]}},{"type":"Feature","properties":{"highway":"residential","name":null,"surface":null,"lanes":null,"web_layer_source":"F:/datasets/layers/all_highway.geojson"},"geometry":{"type":"LineString","coordinates":[[85.8311955,20.2958123],[85.83116,20.2954]]}},{"type":"Feature","properties":{"highway":"residential","name":null,"surface":null,"lanes":null,"web_layer_source":"F:/datasets/layers/all_highway.geojson"},"geometry":{"type":"LineString","coordinates":[[85.8401587,20.2454966],[85.84009,20.24461]]}},{"type":"Feature","properties":{"highway":"residential","name":null,"surface":null,"lanes":null,"web_layer_source":"F:/datasets/layers/all_highway.geojson"},"geometry":{"type":"LineString","coordinates":[[85.8371534,20.2917786],[85.8375694,20.2918344]]}},{"type":"Feature","properties":{"highway":"residential","name":null,"surface":"asphalt","lanes":null,"web_layer_source":"F:/datasets/layers/all_highway.geojson"},"geometry":{"type":"LineString","coordinates":[[85.8421823,20.2952393],[85.8431188,20.2951634],[85.8443796,20.2950711],[85.8450502,20.2950142]]}},{"type":"Feature","properties":{"highway":"residential","name":null,"surface":null,"lanes":null,"web_layer_source":"F:/datasets/layers/all_highway.geojson"},"geometry":{"type":"LineString","coordinates":[[85.83945,20.24557],[85.8393563,20.2452029],[85.83921,20.24463]]}},{"type":"Feature","properties":{"highway":"residential","name":null,"surface":null,"lanes":null,"web_layer_source":"F:/datasets/layers/all_highway.geojson"},"geometry":{"type":"LineString","coordinates":[[85.8365143,20.2563919],[85.8368102,20.2561751]]}},{"type":"Feature","properties":{"highway":"residential","name":null,"surface":null,"lanes":null,"web_layer_source":"F:/datasets/layers/all_highway.geojson"},"geometry":{"type":"LineString","coordinates":[[85.831668,20.2958145],[85.831646,20.2954028]]}},{"type":"Feature","properties":{"highway":"residential","name":null,"surface":null,"lanes":null,"web_layer_source":"F:/datasets/layers/all_highway.geojson"},"geometry":{"type":"LineString","coordinates":[[85.8375694,20.2918344],[85.8385022,20.291964]]}},{"type":"Feature","properties":{"highway":"residential","name":null,"surface":null,"lanes":null,"web_layer_source":"F:/datasets/layers/all_highway.geojson"},"geometry":{"type":"LineString","coordinates":[[85.8379857,20.2465159],[85.83856,20.24645]]}},{"type":"Feature","properties":{"highway":"residential","name":null,"surface":null,"lanes":null,"web_layer_source":"F:/datasets/layers/all_highway.geojson"},"geometry":{"type":"LineString","coordinates":[[85.8108287,20.2814591],[85.8101911,20.28082],[85.8100868,20.2807174],[85.8098142,20.2804494],[85.8097931,20.2804287],[85.8092125,20.2798578],[85.8089543,20.2796028]]}},{"type":"Feature","properties":{"highway":"residential","name":null,"surface":null,"lanes":null,"web_layer_source":"F:/datasets/layers/all_highway.geojson"},"geometry":{"type":"LineString","coordinates":[[85.8376791,20.2910862],[85.8386094,20.2911986]]}},{"type":"Feature","properties":{"highway":"residential","name":null,"surface":null,"lanes":null,"web_layer_source":"F:/datasets/layers/all_highway.geojson"},"geometry":{"type":"LineString","coordinates":[[85.836131,20.255995],[85.8364644,20.2557395]]}},{"type":"Feature","properties":{"highway":"residential","name":null,"surface":"asphalt","lanes":"2","web_layer_source":"F:/datasets/layers/all_highway.geojson"},"geometry":{"type":"LineString","coordinates":[[85.8431188,20.2951634],[85.8430786,20.2955995],[85.8430769,20.2956793],[85.8430802,20.2957344],[85.843104,20.2957763],[85.8431547,20.2958037],[85.8432395,20.2958057],[85.8449673,20.2956678],[85.8449594,20.2958517]]}},{"type":"Feature","properties":{"highway":"residential","name":null,"surface":null,"lanes":null,"web_layer_source":"F:/datasets/layers/all_highway.geojson"},"geometry":{"type":"LineString","coordinates":[[85.8092746,20.2793031],[85.808907,20.2789372],[85.8088592,20.2788887],[85.8085237,20.2785488],[85.8081216,20.2781502],[85.8076143,20.2776387]]}},{"type":"Feature","properties":{"highway":"residential","name":null,"surface":null,"lanes":null,"web_layer_source":"F:/datasets/layers/all_highway.geojson"},"geometry":{"type":"LineString","coordinates":[[85.83927,20.24602],[85.83919,20.24561]]}},{"type":"Feature","properties":{"highway":"residential","name":null,"surface":null,"lanes":null,"web_layer_source":"F:/datasets/layers/all_highway.geojson"},"geometry":{"type":"LineString","coordinates":[[85.8386415,20.2909701],[85.8395902,20.2910915]]}},{"type":"Feature","properties":{"highway":"residential","name":null,"surface":null,"lanes":null,"web_layer_source":"F:/datasets/layers/all_highway.geojson"},"geometry":{"type":"LineString","coordinates":[[85.8169929,20.258187],[85.8175617,20.2578239],[85.8182162,20.2574085],[85.8190334,20.256837],[85.8198388,20.256281],[85.8202307,20.2560239],[85.8206727,20.2556724],[85.8211788,20.255223]]}},{"type":"Feature","properties":{"highway":"residential","name":null,"surface":null,"lanes":null,"web_layer_source":"F:/datasets/layers/all_highway.geojson"},"geometry":{"type":"LineString","coordinates":[[85.8392536,20.2588435],[85.8396346,20.2585533]]}},{"type":"Feature","properties":{"highway":"residential","name":null,"surface":null,"lanes":null,"web_layer_source":"F:/datasets/layers/all_highway.geojson"},"geometry":{"type":"LineString","coordinates":[[85.8333936,20.2957936],[85.8333286,20.2957832],[85.8330786,20.2957412],[85.8328939,20.295726],[85.8327292,20.2957136],[85.8325661,20.2957209],[85.8324231,20.2957516],[85.8323137,20.2957838]]}},{"type":"Feature","properties":{"highway":"residential","name":null,"surface":null,"lanes":null,"web_layer_source":"F:/datasets/layers/all_highway.geojson"},"geometry":{"type":"LineString","coordinates":[[85.831728,20.2964845],[85.8323544,20.2964282],[85.8323449,20.2962779],[85.8323137,20.2957838],[85.831668,20.2958145]]}},{"type":"Feature","properties":{"highway":"residential","name":null,"surface":"asphalt","lanes":null,"web_layer_source":"F:/datasets/layers/all_highway.geojson"},"geometry":{"type":"LineString","coordinates":[[85.8449673,20.2956678],[85.8450502,20.2950142]]}},{"type":"Feature","properties":{"highway":"residential","name":null,"surface":null,"lanes":null,"web_layer_source":"F:/datasets/layers/all_highway.geojson"},"geometry":{"type":"LineString","coordinates":[[85.8378848,20.2457723],[85.838411,20.2457139],[85.8390301,20.2456313],[85.83919,20.24561],[85.83945,20.24557],[85.8397066,20.2455312]]}},{"type":"Feature","properties":{"highway":"residential","name":null,"surface":null,"lanes":null,"web_layer_source":"F:/datasets/layers/all_highway.geojson"},"geometry":{"type":"LineString","coordinates":[[85.8076199,20.2794956],[85.8080963,20.2789979],[85.8085237,20.2785488],[85.808836,20.2782216],[85.8093817,20.2776499],[85.8098108,20.2772004],[85.8106658,20.2763046]]}},{"type":"Feature","properties":{"highway":"residential","name":null,"surface":null,"lanes":null,"web_layer_source":"F:/datasets/layers/all_highway.geojson"},"geometry":{"type":"LineString","coordinates":[[85.8385022,20.291964],[85.8394294,20.2920828]]}},{"type":"Feature","properties":{"highway":"residential","name":null,"surface":"asphalt","lanes":null,"web_layer_source":"F:/datasets/layers/all_highway.geojson"},"geometry":{"type":"LineString","coordinates":[[85.8478338,20.2946868],[85.8478899,20.2954016],[85.8449673,20.2956678]]}},{"type":"Feature","properties":{"highway":"residential","name":null,"surface":null,"lanes":null,"web_layer_source":"F:/datasets/layers/all_highway.geojson"},"geometry":{"type":"LineString","coordinates":[[85.8390257,20.258569],[85.8392536,20.2588435],[85.8395319,20.2592061]]}},{"type":"Feature","properties":{"highway":"residential","name":null,"surface":null,"lanes":null,"web_layer_source":"F:/datasets/layers/all_highway.geojson"},"geometry":{"type":"LineString","coordinates":[[85.8100506,20.2788095],[85.8103305,20.2785618],[85.8104185,20.2784839],[85.8104393,20.2784655],[85.8109689,20.2779968],[85.8117961,20.2772646],[85.8119994,20.2770847]]}},{"type":"Feature","properties":{"highway":"residential","name":null,"surface":null,"lanes":null,"web_layer_source":"F:/datasets/layers/all_highway.geojson"},"geometry":{"type":"LineString","coordinates":[[85.8385578,20.2915924],[85.8394854,20.2917181]]}},{"type":"Feature","properties":{"highway":"residential","name":null,"surface":null,"lanes":null,"web_layer_source":"F:/datasets/layers/all_highway.geojson"},"geometry":{"type":"LineString","coordinates":[[85.83116,20.2954],[85.8313083,20.2951402],[85.831378,20.2950712],[85.8315292,20.2949888],[85.83191,20.29484],[85.83236,20.2949]]}},{"type":"Feature","properties":{"highway":"residential","name":null,"surface":"asphalt","lanes":null,"web_layer_source":"F:/datasets/layers/all_highway.geojson"},"geometry":{"type":"LineString","coordinates":[[85.8479093,20.2955681],[85.8478899,20.2954016]]}},{"type":"Feature","properties":{"highway":"residential","name":null,"surface":null,"lanes":null,"web_layer_source":"F:/datasets/layers/all_highway.geojson"},"geometry":{"type":"LineString","coordinates":[[85.8393228,20.2470263],[85.8392126,20.2460665],[85.83927,20.24602],[85.839822,20.2459547]]}},{"type":"Feature","properties":{"highway":"residential","name":null,"surface":null,"lanes":null,"web_layer_source":"F:/datasets/layers/all_highway.geojson"},"geometry":{"type":"LineString","coordinates":[[85.8387846,20.2587297],[85.8390257,20.258569],[85.8393728,20.2583264]]}},{"type":"Feature","properties":{"highway":"residential","name":null,"surface":"asphalt","lanes":null,"web_layer_source":"F:/datasets/layers/all_highway.geojson"},"geometry":{"type":"LineString","coordinates":[[85.8424621,20.2930895],[85.84339,20.29319],[85.8437587,20.2932299],[85.8446017,20.293321],[85.8446956,20.2933297],[85.845265,20.2933865],[85.8452068,20.2938915]]}},{"type":"Feature","properties":{"highway":"residential","name":null,"surface":null,"lanes":null,"web_layer_source":"F:/datasets/layers/all_highway.geojson"},"geometry":{"type":"LineString","coordinates":[[85.8386012,20.2912576],[85.8395413,20.2913931]]}},{"type":"Feature","properties":{"highway":"tertiary","name":null,"surface":null,"lanes":null,"web_layer_source":"F:/datasets/layers/all_highway.geojson"},"geometry":{"type":"LineString","coordinates":[[85.8005835,20.2889554],[85.8005941,20.2890555],[85.8006039,20.2891798],[85.8006169,20.2893826],[85.8006181,20.2896051],[85.8005727,20.2902364],[85.8005662,20.2906933],[85.8005596,20.2911591],[85.8005314,20.2921914],[85.8005286,20.2923896],[85.8005261,20.2925732],[85.800501,20.2929466],[85.8005249,20.2930134],[85.8006015,20.29307],[85.8007341,20.293088],[85.8008282,20.2930948],[85.8014059,20.2931363],[85.8028242,20.2932534],[85.803434,20.2933037],[85.8041184,20.2933665],[85.8042763,20.2933777]]}},{"type":"Feature","properties":{"highway":"residential","name":null,"surface":null,"lanes":null,"web_layer_source":"F:/datasets/layers/all_highway.geojson"},"geometry":{"type":"LineString","coordinates":[[85.83063,20.29537],[85.83116,20.2954],[85.831646,20.2954028]]}},{"type":"Feature","properties":{"highway":"residential","name":null,"surface":"asphalt","lanes":null,"web_layer_source":"F:/datasets/layers/all_highway.geojson"},"geometry":{"type":"LineString","coordinates":[[85.8431188,20.2951634],[85.8431932,20.294389],[85.843292,20.2937874],[85.84339,20.29319]]}},{"type":"Feature","properties":{"highway":"residential","name":null,"surface":null,"lanes":null,"web_layer_source":"F:/datasets/layers/all_highway.geojson"},"geometry":{"type":"LineString","coordinates":[[85.8399809,20.2469812],[85.8399105,20.246461],[85.839822,20.2459547],[85.8397066,20.2455312]]}},{"type":"Feature","properties":{"highway":"residential","name":null,"surface":null,"lanes":null,"web_layer_source":"F:/datasets/layers/all_highway.geojson"},"geometry":{"type":"LineString","coordinates":[[85.8126927,20.2777944],[85.8131251,20.2774455],[85.8137221,20.2769543],[85.8143482,20.276407]]}},{"type":"Feature","properties":{"highway":"residential","name":null,"surface":null,"lanes":null,"web_layer_source":"F:/datasets/layers/all_highway.geojson"},"geometry":{"type":"LineString","coordinates":[[85.8360779,20.2548978],[85.8364396,20.2551172]]}},{"type":"Feature","properties":{"highway":"residential","name":null,"surface":null,"lanes":null,"web_layer_source":"F:/datasets/layers/all_highway.geojson"},"geometry":{"type":"LineString","coordinates":[[85.8387357,20.2902981],[85.8397194,20.2904272]]}},{"type":"Feature","properties":{"highway":"residential","name":null,"surface":null,"lanes":null,"web_layer_source":"F:/datasets/layers/all_highway.geojson"},"geometry":{"type":"LineString","coordinates":[[85.8380666,20.2471124],[85.8384115,20.2470888],[85.8391223,20.24704],[85.8393228,20.2470263],[85.8399809,20.2469812],[85.840804,20.2469169],[85.8411646,20.2469],[85.8412507,20.2468942]]}},{"type":"Feature","properties":{"highway":"residential","name":null,"surface":null,"lanes":null,"web_layer_source":"F:/datasets/layers/all_highway.geojson"},"geometry":{"type":"LineString","coordinates":[[85.8131467,20.2782592],[85.8139487,20.2776149],[85.8149579,20.2767224]]}},{"type":"Feature","properties":{"highway":"tertiary","name":null,"surface":null,"lanes":null,"web_layer_source":"F:/datasets/layers/all_highway.geojson"},"geometry":{"type":"LineString","coordinates":[[85.8515775,20.2864781],[85.8518383,20.2865066],[85.8527729,20.2866391],[85.8531271,20.2866876],[85.8535352,20.2867413],[85.8535766,20.2867491],[85.8540297,20.2868031],[85.8540741,20.2868087],[85.85464,20.28688],[85.8550587,20.2869622],[85.8559659,20.2871738],[85.8561031,20.2871921],[85.8561423,20.2871973],[85.8564893,20.287177],[85.8574285,20.2871332]]}},{"type":"Feature","properties":{"highway":"residential","name":null,"surface":null,"lanes":null,"web_layer_source":"F:/datasets/layers/all_highway.geojson"},"geometry":{"type":"LineString","coordinates":[[85.82923,20.2951942],[85.8293738,20.2952197],[85.82972,20.29527],[85.8302239,20.2953257],[85.83063,20.29537],[85.8306815,20.2958064]]}},{"type":"Feature","properties":{"highway":"residential","name":null,"surface":"asphalt","lanes":null,"web_layer_source":"F:/datasets/layers/all_highway.geojson"},"geometry":{"type":"LineString","coordinates":[[85.8443796,20.2950711],[85.8444438,20.2944824],[85.84453,20.29394],[85.8446017,20.293321]]}},{"type":"Feature","properties":{"highway":"residential","name":null,"surface":null,"lanes":null,"web_layer_source":"F:/datasets/layers/all_highway.geojson"},"geometry":{"type":"LineString","coordinates":[[85.8400035,20.2588934],[85.8396346,20.2585533],[85.8393728,20.2583264],[85.8390511,20.2578906],[85.8387546,20.2574879],[85.8383986,20.2570639],[85.8380832,20.25665],[85.8379865,20.2565152],[85.8378837,20.2563771],[85.8377213,20.2561661],[85.837408,20.2557697],[85.8371303,20.2554198],[85.8370346,20.2552998],[85.8367086,20.2549133]]}},{"type":"Feature","properties":{"highway":"residential","name":null,"surface":null,"lanes":null,"web_layer_source":"F:/datasets/layers/all_highway.geojson"},"geometry":{"type":"LineString","coordinates":[[85.8117915,20.2768718],[85.8132091,20.2756453]]}},{"type":"Feature","properties":{"highway":"residential","name":null,"surface":null,"lanes":null,"web_layer_source":"F:/datasets/layers/all_highway.geojson"},"geometry":{"type":"LineString","coordinates":[[85.8393289,20.2927103],[85.8394294,20.2920828],[85.8394854,20.2917181],[85.8395413,20.2913931],[85.8395902,20.2910915],[85.8396534,20.2907679],[85.8397194,20.2904272],[85.839747,20.2901607],[85.8397438,20.2900869],[85.8397121,20.290031]]}},{"type":"Feature","properties":{"highway":"residential","name":null,"surface":null,"lanes":null,"web_layer_source":"F:/datasets/layers/all_highway.geojson"},"geometry":{"type":"LineString","coordinates":[[85.8312295,20.2964947],[85.8311955,20.2958123]]}},{"type":"Feature","properties":{"highway":"residential","name":null,"surface":"asphalt","lanes":null,"web_layer_source":"F:/datasets/layers/all_highway.geojson"},"geometry":{"type":"LineString","coordinates":[[85.843292,20.2937874],[85.84453,20.29394]]}},{"type":"Feature","properties":{"highway":"residential","name":null,"surface":null,"lanes":null,"web_layer_source":"F:/datasets/layers/all_highway.geojson"},"geometry":{"type":"LineString","coordinates":[[85.8120965,20.2771841],[85.8124824,20.2768526],[85.8131203,20.2763003],[85.8136015,20.2758795]]}},{"type":"Feature","properties":{"highway":"residential","name":null,"surface":null,"lanes":null,"web_layer_source":"F:/datasets/layers/all_highway.geojson"},"geometry":{"type":"LineString","coordinates":[[85.82949,20.29617],[85.82979,20.29619],[85.83069,20.29623]]}},{"type":"Feature","properties":{"highway":"residential","name":null,"surface":"asphalt","lanes":null,"web_layer_source":"F:/datasets/layers/all_highway.geojson"},"geometry":{"type":"LineString","coordinates":[[85.8431932,20.294389],[85.8444438,20.2944824]]}},{"type":"Feature","properties":{"highway":"residential","name":null,"surface":null,"lanes":null,"web_layer_source":"F:/datasets/layers/all_highway.geojson"},"geometry":{"type":"LineString","coordinates":[[85.83992,20.24798],[85.84009,20.24798]]}},{"type":"Feature","properties":{"highway":"residential","name":null,"surface":null,"lanes":null,"web_layer_source":"F:/datasets/layers/all_highway.geojson"},"geometry":{"type":"LineString","coordinates":[[85.83037,20.2563],[85.8300828,20.2557551]]}},{"type":"Feature","properties":{"highway":"residential","name":null,"surface":null,"lanes":null,"web_layer_source":"F:/datasets/layers/all_highway.geojson"},"geometry":{"type":"LineString","coordinates":[[85.8367146,20.28978],[85.8374173,20.2898665]]}},{"type":"Feature","properties":{"highway":"residential","name":null,"surface":null,"lanes":null,"web_layer_source":"F:/datasets/layers/all_highway.geojson"},"geometry":{"type":"LineString","coordinates":[[85.8149579,20.2767224],[85.8153627,20.2763678],[85.8157651,20.2760155],[85.8162137,20.2755945],[85.8167131,20.275172]]}},{"type":"Feature","properties":{"highway":"residential","name":null,"surface":"asphalt","lanes":null,"web_layer_source":"F:/datasets/layers/all_highway.geojson"},"geometry":{"type":"LineString","coordinates":[[85.8332403,20.2966665],[85.8328583,20.2966975],[85.8317911,20.2967842],[85.83172,20.29679],[85.83052,20.29679],[85.82985,20.29673],[85.82953,20.29671],[85.82915,20.29664],[85.82837,20.29647],[85.8274394,20.2961459],[85.8273554,20.2961166],[85.8268515,20.2959417],[85.8268062,20.2959258],[85.8266126,20.295858],[85.8266792,20.2956422],[85.8266698,20.295588],[85.8266442,20.2955261],[85.8265764,20.2953909],[85.8265716,20.2953416],[85.8265926,20.2953049],[85.8266311,20.2952827],[85.8271138,20.2951336]]}},{"type":"Feature","properties":{"highway":"residential","name":null,"surface":null,"lanes":null,"web_layer_source":"F:/datasets/layers/all_highway.geojson"},"geometry":{"type":"LineString","coordinates":[[85.83912,20.24744],[85.8411862,20.2473129]]}},{"type":"Feature","properties":{"highway":"residential","name":null,"surface":null,"lanes":null,"web_layer_source":"F:/datasets/layers/all_highway.geojson"},"geometry":{"type":"LineString","coordinates":[[85.8115083,20.2765819],[85.8128183,20.2754121]]}},{"type":"Feature","properties":{"highway":"residential","name":null,"surface":null,"lanes":null,"web_layer_source":"F:/datasets/layers/all_highway.geojson"},"geometry":{"type":"LineString","coordinates":[[85.8305481,20.2554263],[85.8304998,20.2553653],[85.83043,20.25531],[85.8302862,20.2552686],[85.8301354,20.2552527],[85.8299831,20.2552628],[85.8298975,20.2552827]]}},{"type":"Feature","properties":{"highway":"residential","name":null,"surface":null,"lanes":null,"web_layer_source":"F:/datasets/layers/all_highway.geojson"},"geometry":{"type":"LineString","coordinates":[[85.8367484,20.2894311],[85.8374556,20.2895452]]}},{"type":"Feature","properties":{"highway":"residential","name":null,"surface":null,"lanes":null,"web_layer_source":"F:/datasets/layers/all_highway.geojson"},"geometry":{"type":"LineString","coordinates":[[85.8105283,20.2762778],[85.811912,20.2748711]]}},{"type":"Feature","properties":{"highway":"residential","name":null,"surface":null,"lanes":null,"web_layer_source":"F:/datasets/layers/all_highway.geojson"},"geometry":{"type":"LineString","coordinates":[[85.8359636,20.2551206],[85.836155,20.2553272],[85.8364644,20.2557395],[85.8368102,20.2561751],[85.8371194,20.2565729],[85.8374824,20.2570665],[85.8378169,20.257476],[85.8381477,20.2579039],[85.8383544,20.2581667],[85.8384722,20.2583127],[85.8387846,20.2587297],[85.8392934,20.2593818]]}},{"type":"Feature","properties":{"highway":"residential","name":null,"surface":null,"lanes":null,"web_layer_source":"F:/datasets/layers/all_highway.geojson"},"geometry":{"type":"LineString","coordinates":[[85.8366854,20.2900816],[85.8373771,20.2902039]]}},{"type":"Feature","properties":{"highway":"tertiary","name":null,"surface":null,"lanes":null,"web_layer_source":"F:/datasets/layers/all_highway.geojson"},"geometry":{"type":"LineString","coordinates":[[85.8075632,20.2851878],[85.8076037,20.2851242],[85.807673,20.2850486]]}},{"type":"Feature","properties":{"highway":"residential","name":null,"surface":null,"lanes":null,"web_layer_source":"F:/datasets/layers/all_highway.geojson"},"geometry":{"type":"LineString","coordinates":[[85.83946,20.24815],[85.8399237,20.2481225]]}},{"type":"Feature","properties":{"highway":"residential","name":null,"surface":null,"lanes":null,"web_layer_source":"F:/datasets/layers/all_highway.geojson"},"geometry":{"type":"LineString","coordinates":[[85.811912,20.2748711],[85.8121304,20.2746369],[85.8130194,20.2736944],[85.8134157,20.273253]]}},{"type":"Feature","properties":{"highway":"residential","name":null,"surface":null,"lanes":null,"web_layer_source":"F:/datasets/layers/all_highway.geojson"},"geometry":{"type":"LineString","coordinates":[[85.8136015,20.2758795],[85.8139471,20.2754828],[85.8142971,20.2751172]]}},{"type":"Feature","properties":{"highway":"residential","name":null,"surface":null,"lanes":null,"web_layer_source":"F:/datasets/layers/all_highway.geojson"},"geometry":{"type":"LineString","coordinates":[[85.82859,20.25654],[85.8267737,20.2571952]]}},{"type":"Feature","properties":{"highway":"residential","name":null,"surface":null,"lanes":null,"web_layer_source":"F:/datasets/layers/all_highway.geojson"},"geometry":{"type":"LineString","coordinates":[[85.8366406,20.2905448],[85.8366854,20.2900816],[85.8367146,20.28978],[85.8367484,20.2894311],[85.8368105,20.2887839]]}},{"type":"Feature","properties":{"highway":"residential","name":null,"surface":null,"lanes":null,"web_layer_source":"F:/datasets/layers/all_highway.geojson"},"geometry":{"type":"LineString","coordinates":[[85.8399178,20.248378],[85.8399237,20.2481225],[85.83992,20.24798],[85.83992,20.24776],[85.83906,20.2478]]}},{"type":"Feature","properties":{"highway":"residential","name":null,"surface":null,"lanes":null,"web_layer_source":"F:/datasets/layers/all_highway.geojson"},"geometry":{"type":"LineString","coordinates":[[85.8113905,20.2745657],[85.8129131,20.2729605]]}},{"type":"Feature","properties":{"highway":"tertiary","name":"Mother Teresa Marg","surface":null,"lanes":null,"web_layer_source":"F:/datasets/layers/all_highway.geojson"},"geometry":{"type":"LineString","coordinates":[[85.843726,20.2789689],[85.8438809,20.2789647]]}},{"type":"Feature","properties":{"highway":"residential","name":null,"surface":null,"lanes":null,"web_layer_source":"F:/datasets/layers/all_highway.geojson"},"geometry":{"type":"LineString","coordinates":[[85.8298975,20.2552827],[85.828324,20.2558163]]}},{"type":"Feature","properties":{"highway":"residential","name":null,"surface":null,"lanes":null,"web_layer_source":"F:/datasets/layers/all_highway.geojson"},"geometry":{"type":"LineString","coordinates":[[85.806701,20.2785944],[85.807198,20.2780743],[85.8073397,20.277926],[85.8076143,20.2776387],[85.8078711,20.2773701],[85.8088334,20.2763632],[85.8088959,20.2762977],[85.8091192,20.276064],[85.8096336,20.2754942],[85.8101711,20.2749634],[85.8105899,20.2745252],[85.8108584,20.2742442],[85.8123775,20.2726488]]}},{"type":"Feature","properties":{"highway":"residential","name":null,"surface":null,"lanes":null,"web_layer_source":"F:/datasets/layers/all_highway.geojson"},"geometry":{"type":"LineString","coordinates":[[85.837487,20.2892817],[85.8388564,20.2894369]]}},{"type":"Feature","properties":{"highway":"residential","name":null,"surface":null,"lanes":null,"web_layer_source":"F:/datasets/layers/all_highway.geojson"},"geometry":{"type":"LineString","coordinates":[[85.8378837,20.2563771],[85.8387428,20.2548585]]}},{"type":"Feature","properties":{"highway":"residential","name":null,"surface":null,"lanes":null,"web_layer_source":"F:/datasets/layers/all_highway.geojson"},"geometry":{"type":"LineString","coordinates":[[85.8295397,20.2968505],[85.82953,20.29671],[85.82949,20.29617],[85.82927,20.29611],[85.82923,20.2951942]]}},{"type":"Feature","properties":{"highway":"residential","name":null,"surface":null,"lanes":null,"web_layer_source":"F:/datasets/layers/all_highway.geojson"},"geometry":{"type":"LineString","coordinates":[[85.8300828,20.2557551],[85.8298975,20.2552827]]}},{"type":"Feature","properties":{"highway":"residential","name":null,"surface":null,"lanes":null,"web_layer_source":"F:/datasets/layers/all_highway.geojson"},"geometry":{"type":"LineString","coordinates":[[85.83946,20.24838],[85.83946,20.24815],[85.83906,20.24815]]}},{"type":"Feature","properties":{"highway":"residential","name":null,"surface":null,"lanes":null,"web_layer_source":"F:/datasets/layers/all_highway.geojson"},"geometry":{"type":"LineString","coordinates":[[85.8381477,20.2579039],[85.8387546,20.2574879]]}},{"type":"Feature","properties":{"highway":"residential","name":null,"surface":null,"lanes":null,"web_layer_source":"F:/datasets/layers/all_highway.geojson"},"geometry":{"type":"LineString","coordinates":[[85.83172,20.29679],[85.831728,20.2964845],[85.8317008,20.296181],[85.831668,20.2958145],[85.8311955,20.2958123],[85.8306815,20.2958064],[85.83069,20.29623],[85.83071,20.29647]]}},{"type":"Feature","properties":{"highway":"residential","name":null,"surface":null,"lanes":null,"web_layer_source":"F:/datasets/layers/all_highway.geojson"},"geometry":{"type":"LineString","coordinates":[[85.8251228,20.256662],[85.8247717,20.2562338]]}},{"type":"Feature","properties":{"highway":"residential","name":null,"surface":null,"lanes":null,"web_layer_source":"F:/datasets/layers/all_highway.geojson"},"geometry":{"type":"LineString","coordinates":[[85.8118227,20.2805314],[85.8116558,20.2803749],[85.8110901,20.2798414],[85.8107943,20.2795456],[85.810493,20.2792475],[85.8103188,20.2790752],[85.8101811,20.278939],[85.8100506,20.2788095],[85.8099644,20.2786575]]}},{"type":"Feature","properties":{"highway":"residential","name":null,"surface":null,"lanes":null,"web_layer_source":"F:/datasets/layers/all_highway.geojson"},"geometry":{"type":"LineString","coordinates":[[85.8374333,20.2897323],[85.8384186,20.2898538],[85.8387915,20.2898998]]}},{"type":"Feature","properties":{"highway":"residential","name":null,"surface":null,"lanes":null,"web_layer_source":"F:/datasets/layers/all_highway.geojson"},"geometry":{"type":"LineString","coordinates":[[85.8378169,20.257476],[85.8383986,20.2570639]]}},{"type":"Feature","properties":{"highway":"residential","name":null,"surface":null,"lanes":null,"web_layer_source":"F:/datasets/layers/all_highway.geojson"},"geometry":{"type":"LineString","coordinates":[[85.8374824,20.2570665],[85.8380832,20.25665]]}},{"type":"Feature","properties":{"highway":"residential","name":null,"surface":null,"lanes":null,"web_layer_source":"F:/datasets/layers/all_highway.geojson"},"geometry":{"type":"LineString","coordinates":[[85.8321716,20.2849469],[85.832195,20.2849758],[85.8322256,20.2849978],[85.8322685,20.2850034],[85.8327501,20.2849999],[85.8329316,20.2849966],[85.8331177,20.2849622],[85.8332852,20.2849256],[85.8334748,20.2848912],[85.8336346,20.2848669],[85.8349583,20.2847928],[85.8350138,20.2847975]]}},{"type":"Feature","properties":{"highway":"residential","name":null,"surface":null,"lanes":null,"web_layer_source":"F:/datasets/layers/all_highway.geojson"},"geometry":{"type":"LineString","coordinates":[[85.83856,20.24774],[85.83906,20.24772]]}},{"type":"Feature","properties":{"highway":"residential","name":null,"surface":null,"lanes":null,"web_layer_source":"F:/datasets/layers/all_highway.geojson"},"geometry":{"type":"LineString","coordinates":[[85.8137178,20.2788451],[85.8136469,20.2787629],[85.8131467,20.2782592],[85.812916,20.2780231],[85.8126927,20.2777944],[85.8120965,20.2771841],[85.8119994,20.2770847],[85.8117915,20.2768718],[85.8115083,20.2765819]]}},{"type":"Feature","properties":{"highway":"residential","name":null,"surface":null,"lanes":null,"web_layer_source":"F:/datasets/layers/all_highway.geojson"},"geometry":{"type":"LineString","coordinates":[[85.8373865,20.2901251],[85.8383757,20.2902519],[85.8387357,20.2902981]]}},{"type":"Feature","properties":{"highway":"residential","name":null,"surface":null,"lanes":null,"web_layer_source":"F:/datasets/layers/all_highway.geojson"},"geometry":{"type":"LineString","coordinates":[[85.8371194,20.2565729],[85.8377213,20.2561661]]}},{"type":"Feature","properties":{"highway":"residential","name":null,"surface":null,"lanes":null,"web_layer_source":"F:/datasets/layers/all_highway.geojson"},"geometry":{"type":"LineString","coordinates":[[85.8368102,20.2561751],[85.8371211,20.2559345],[85.837408,20.2557697]]}},{"type":"Feature","properties":{"highway":"residential","name":null,"surface":null,"lanes":null,"web_layer_source":"F:/datasets/layers/all_highway.geojson"},"geometry":{"type":"LineString","coordinates":[[85.837287,20.2906048],[85.8373771,20.2902039],[85.8373865,20.2901251],[85.8374173,20.2898665],[85.8374333,20.2897323],[85.8374556,20.2895452],[85.837487,20.2892817],[85.8375355,20.2888708]]}},{"type":"Feature","properties":{"highway":"residential","name":null,"surface":null,"lanes":null,"web_layer_source":"F:/datasets/layers/all_highway.geojson"},"geometry":{"type":"LineString","coordinates":[[85.8364644,20.2557395],[85.8370346,20.2552998]]}},{"type":"Feature","properties":{"highway":"residential","name":null,"surface":null,"lanes":null,"web_layer_source":"F:/datasets/layers/all_highway.geojson"},"geometry":{"type":"LineString","coordinates":[[85.8280256,20.255021],[85.828324,20.2558163],[85.82859,20.25654],[85.8286827,20.2566832]]}},{"type":"Feature","properties":{"highway":"residential","name":null,"surface":null,"lanes":null,"web_layer_source":"F:/datasets/layers/all_highway.geojson"},"geometry":{"type":"LineString","coordinates":[[85.83841,20.2475],[85.8384115,20.2470888]]}},{"type":"Feature","properties":{"highway":"residential","name":null,"surface":null,"lanes":null,"web_layer_source":"F:/datasets/layers/all_highway.geojson"},"geometry":{"type":"LineString","coordinates":[[85.8156965,20.2771384],[85.8149579,20.2767224],[85.8143482,20.276407],[85.8136015,20.2758795],[85.8132091,20.2756453],[85.8128183,20.2754121],[85.8123993,20.2751622],[85.811912,20.2748711],[85.8113905,20.2745657],[85.8108584,20.2742442]]}},{"type":"Feature","properties":{"highway":"residential","name":null,"surface":null,"lanes":null,"web_layer_source":"F:/datasets/layers/all_highway.geojson"},"geometry":{"type":"LineString","coordinates":[[85.836155,20.2553272],[85.8364396,20.2551172],[85.8367086,20.2549133]]}},{"type":"Feature","properties":{"highway":"residential","name":null,"surface":null,"lanes":null,"web_layer_source":"F:/datasets/layers/all_highway.geojson"},"geometry":{"type":"LineString","coordinates":[[85.8321543,20.2838967],[85.8321512,20.2841059],[85.8321531,20.2841644]]}},{"type":"Feature","properties":{"highway":"residential","name":null,"surface":null,"lanes":null,"web_layer_source":"F:/datasets/layers/all_highway.geojson"},"geometry":{"type":"LineString","coordinates":[[85.81281,20.2802599],[85.8138944,20.2793444]]}},{"type":"Feature","properties":{"highway":"residential","name":null,"surface":null,"lanes":null,"web_layer_source":"F:/datasets/layers/all_highway.geojson"},"geometry":{"type":"LineString","coordinates":[[85.8363403,20.25361],[85.8360955,20.2538],[85.835927,20.2539857],[85.8357526,20.25429],[85.8355842,20.25458],[85.8355369,20.2547783],[85.8354885,20.2549663],[85.835824,20.2553382],[85.8359636,20.2551206],[85.8360779,20.2548978],[85.8364533,20.254255],[85.8366725,20.2538854]]}},{"type":"Feature","properties":{"highway":"residential","name":null,"surface":null,"lanes":null,"web_layer_source":"F:/datasets/layers/all_highway.geojson"},"geometry":{"type":"LineString","coordinates":[[85.8313671,20.2548522],[85.8305481,20.2554263],[85.8300828,20.2557551],[85.8286827,20.2566832],[85.8271305,20.2577886]]}},{"type":"Feature","properties":{"highway":"residential","name":null,"surface":null,"lanes":null,"web_layer_source":"F:/datasets/layers/all_highway.geojson"},"geometry":{"type":"LineString","coordinates":[[85.8352364,20.2892622],[85.8362177,20.2893688]]}},{"type":"Feature","properties":{"highway":"residential","name":null,"surface":null,"lanes":null,"web_layer_source":"F:/datasets/layers/all_highway.geojson"},"geometry":{"type":"LineString","coordinates":[[85.82792,20.28368],[85.8296,20.28413],[85.8298344,20.2841543],[85.8298621,20.2841572],[85.8307812,20.2842833]]}},{"type":"Feature","properties":{"highway":"residential","name":null,"surface":null,"lanes":null,"web_layer_source":"F:/datasets/layers/all_highway.geojson"},"geometry":{"type":"LineString","coordinates":[[85.8161409,20.2823071],[85.8152494,20.2823632],[85.8151145,20.2823678],[85.8150012,20.2823998],[85.8147478,20.2824708],[85.8143915,20.2826192],[85.8139993,20.2823162],[85.81389,20.28222],[85.8138536,20.2821887],[85.8134956,20.2818808],[85.8132167,20.2816418],[85.8131186,20.2815566],[85.8136152,20.2811012],[85.8142242,20.2806266],[85.8140301,20.2799911],[85.8131801,20.2807141]]}},{"type":"Feature","properties":{"highway":"residential","name":null,"surface":null,"lanes":null,"web_layer_source":"F:/datasets/layers/all_highway.geojson"},"geometry":{"type":"LineString","coordinates":[[85.8274513,20.2582981],[85.8271305,20.2577886],[85.8267737,20.2571952],[85.826321,20.2565028],[85.8258399,20.2557388]]}},{"type":"Feature","properties":{"highway":"residential","name":null,"surface":null,"lanes":null,"web_layer_source":"F:/datasets/layers/all_highway.geojson"},"geometry":{"type":"LineString","coordinates":[[85.8351778,20.2896462],[85.8361737,20.2897713]]}},{"type":"Feature","properties":{"highway":"residential","name":null,"surface":null,"lanes":null,"web_layer_source":"F:/datasets/layers/all_highway.geojson"},"geometry":{"type":"LineString","coordinates":[[85.8406,20.24879],[85.8406,20.24845]]}},{"type":"Feature","properties":{"highway":"residential","name":null,"surface":null,"lanes":null,"web_layer_source":"F:/datasets/layers/all_highway.geojson"},"geometry":{"type":"LineString","coordinates":[[85.8400035,20.2588934],[85.8411988,20.2580313]]}},{"type":"Feature","properties":{"highway":"residential","name":null,"surface":null,"lanes":null,"web_layer_source":"F:/datasets/layers/all_highway.geojson"},"geometry":{"type":"LineString","coordinates":[[85.8269738,20.2834741],[85.82792,20.28368],[85.82794,20.28297]]}},{"type":"Feature","properties":{"highway":"residential","name":null,"surface":null,"lanes":null,"web_layer_source":"F:/datasets/layers/all_highway.geojson"},"geometry":{"type":"LineString","coordinates":[[85.8351389,20.2899012],[85.8361478,20.2900088]]}},{"type":"Feature","properties":{"highway":"residential","name":null,"surface":null,"lanes":null,"web_layer_source":"F:/datasets/layers/all_highway.geojson"},"geometry":{"type":"LineString","coordinates":[[85.8392635,20.2597483],[85.8390977,20.2595213],[85.8392934,20.2593818],[85.8395319,20.2592061],[85.8400035,20.2588934]]}},{"type":"Feature","properties":{"highway":"residential","name":null,"surface":null,"lanes":null,"web_layer_source":"F:/datasets/layers/all_highway.geojson"},"geometry":{"type":"LineString","coordinates":[[85.8336918,20.293654],[85.8332361,20.2935891],[85.8299403,20.2931199],[85.8292267,20.2930201],[85.82844,20.29291]]}},{"type":"Feature","properties":{"highway":"residential","name":null,"surface":null,"lanes":null,"web_layer_source":"F:/datasets/layers/all_highway.geojson"},"geometry":{"type":"LineString","coordinates":[[85.8397,20.24838],[85.8399178,20.248378],[85.8399874,20.2484319],[85.8406,20.24845],[85.8411862,20.24847]]}},{"type":"Feature","properties":{"highway":"residential","name":null,"surface":null,"lanes":null,"web_layer_source":"F:/datasets/layers/all_highway.geojson"},"geometry":{"type":"LineString","coordinates":[[85.81181,20.28196],[85.8123829,20.2814391],[85.8126539,20.2811926],[85.8131801,20.2807141],[85.81281,20.2802599]]}},{"type":"Feature","properties":{"highway":"residential","name":null,"surface":null,"lanes":null,"web_layer_source":"F:/datasets/layers/all_highway.geojson"},"geometry":{"type":"LineString","coordinates":[[85.833332,20.2827581],[85.8334002,20.2833014],[85.8334357,20.2835743],[85.8334717,20.2838509]]}},{"type":"Feature","properties":{"highway":"residential","name":null,"surface":null,"lanes":null,"web_layer_source":"F:/datasets/layers/all_highway.geojson"},"geometry":{"type":"LineString","coordinates":[[85.8352731,20.2890218],[85.8362436,20.2891313]]}},{"type":"Feature","properties":{"highway":"residential","name":null,"surface":null,"lanes":null,"web_layer_source":"F:/datasets/layers/all_highway.geojson"},"geometry":{"type":"LineString","coordinates":[[85.83966,20.24877],[85.8397,20.24838],[85.83946,20.24838],[85.83906,20.24838],[85.83906,20.24815],[85.83906,20.24806]]}},{"type":"Feature","properties":{"highway":"residential","name":null,"surface":null,"lanes":null,"web_layer_source":"F:/datasets/layers/all_highway.geojson"},"geometry":{"type":"LineString","coordinates":[[85.8143915,20.2826192],[85.8141574,20.2827598],[85.8139292,20.2828723],[85.813914,20.2828911],[85.8134327,20.283279],[85.813412,20.2832593],[85.8133565,20.2832067],[85.8133005,20.2831622],[85.8132218,20.283089],[85.8130958,20.2829934],[85.8130507,20.2829507],[85.8128522,20.282811],[85.8127159,20.2827169],[85.8122556,20.2823323],[85.812144,20.282239],[85.81181,20.28196],[85.8116651,20.2818352],[85.8110574,20.2813349],[85.8110003,20.2812798]]}},{"type":"Feature","properties":{"highway":"residential","name":null,"surface":null,"lanes":null,"web_layer_source":"F:/datasets/layers/all_highway.geojson"},"geometry":{"type":"LineString","coordinates":[[85.8168499,20.2833652],[85.8166055,20.2832546],[85.8165508,20.2832185],[85.8165084,20.2831708],[85.8161409,20.2823071],[85.8161119,20.2822035],[85.8160824,20.2820744],[85.8160328,20.2817767],[85.8160274,20.2815631],[85.8160527,20.2813465],[85.8160557,20.2812273],[85.8160219,20.28112],[85.8158896,20.2807428],[85.8158111,20.280519],[85.8157798,20.280419],[85.8156268,20.2799304],[85.8154592,20.2792978],[85.8153061,20.2787199],[85.8153006,20.2785936],[85.8152794,20.2784739],[85.8152404,20.2782245],[85.8150904,20.2777813]]}},{"type":"Feature","properties":{"highway":"residential","name":null,"surface":null,"lanes":null,"web_layer_source":"F:/datasets/layers/all_highway.geojson"},"geometry":{"type":"LineString","coordinates":[[85.8360927,20.290487],[85.8361478,20.2900088],[85.8361737,20.2897713],[85.8362177,20.2893688],[85.8362436,20.2891313],[85.8362884,20.2887213]]}},{"type":"Feature","properties":{"highway":"service","name":null,"surface":null,"lanes":null,"web_layer_source":"F:/datasets/layers/all_highway.geojson"},"geometry":{"type":"LineString","coordinates":[[85.8299914,20.307599],[85.8305262,20.3075615]]}},{"type":"Feature","properties":{"highway":"residential","name":null,"surface":null,"lanes":null,"web_layer_source":"F:/datasets/layers/all_highway.geojson"},"geometry":{"type":"LineString","coordinates":[[85.8321153,20.2833428],[85.8334002,20.2833014],[85.8351463,20.2832163],[85.8352018,20.2832272]]}},{"type":"Feature","properties":{"highway":"residential","name":null,"surface":null,"lanes":null,"web_layer_source":"F:/datasets/layers/all_highway.geojson"},"geometry":{"type":"LineString","coordinates":[[85.8321347,20.2836963],[85.8321543,20.2838967],[85.8334717,20.2838509],[85.8351067,20.283755],[85.8351641,20.2837648]]}},{"type":"Feature","properties":{"highway":"residential","name":null,"surface":null,"lanes":null,"web_layer_source":"F:/datasets/layers/all_highway.geojson"},"geometry":{"type":"LineString","coordinates":[[85.83494,20.28902],[85.8350541,20.2885494]]}},{"type":"Feature","properties":{"highway":"residential","name":null,"surface":null,"lanes":null,"web_layer_source":"F:/datasets/layers/all_highway.geojson"},"geometry":{"type":"LineString","coordinates":[[85.830904,20.2830259],[85.8321046,20.283154]]}},{"type":"Feature","properties":{"highway":"residential","name":null,"surface":null,"lanes":null,"web_layer_source":"F:/datasets/layers/all_highway.geojson"},"geometry":{"type":"LineString","coordinates":[[85.83861,20.24868],[85.83908,20.24868]]}},{"type":"Feature","properties":{"highway":"service","name":null,"surface":null,"lanes":null,"web_layer_source":"F:/datasets/layers/all_highway.geojson"},"geometry":{"type":"LineString","coordinates":[[85.8324581,20.3067521],[85.8324805,20.3071953],[85.8325229,20.3077988],[85.8325734,20.3085164]]}},{"type":"Feature","properties":{"highway":"residential","name":null,"surface":null,"lanes":null,"web_layer_source":"F:/datasets/layers/all_highway.geojson"},"geometry":{"type":"LineString","coordinates":[[85.8343421,20.2889535],[85.83494,20.28902],[85.8352657,20.2890708]]}},{"type":"Feature","properties":{"highway":"service","name":null,"surface":"asphalt","lanes":null,"web_layer_source":"F:/datasets/layers/all_highway.geojson"},"geometry":{"type":"LineString","coordinates":[[85.8249184,20.2878977],[85.8251534,20.2878827]]}},{"type":"Feature","properties":{"highway":"residential","name":null,"surface":null,"lanes":null,"web_layer_source":"F:/datasets/layers/all_highway.geojson"},"geometry":{"type":"LineString","coordinates":[[85.8309134,20.2828466],[85.830904,20.2830259],[85.8308468,20.2832755],[85.830792,20.2835366]]}},{"type":"Feature","properties":{"highway":"residential","name":null,"surface":null,"lanes":null,"web_layer_source":"F:/datasets/layers/all_highway.geojson"},"geometry":{"type":"LineString","coordinates":[[85.8380827,20.2484497],[85.83854,20.24825],[85.83861,20.24868],[85.8386102,20.2495207]]}},{"type":"Feature","properties":{"highway":"residential","name":null,"surface":null,"lanes":null,"web_layer_source":"F:/datasets/layers/all_highway.geojson"},"geometry":{"type":"LineString","coordinates":[[85.8342704,20.2894919],[85.83487,20.28956]]}},{"type":"Feature","properties":{"highway":"service","name":null,"surface":null,"lanes":null,"web_layer_source":"F:/datasets/layers/all_highway.geojson"},"geometry":{"type":"LineString","coordinates":[[85.8297524,20.3084422],[85.8306016,20.3084615],[85.8308636,20.3084698],[85.8311711,20.3084795],[85.8315428,20.3084913],[85.8325734,20.3085164],[85.8334733,20.3084675],[85.8336458,20.3084581]]}},{"type":"Feature","properties":{"highway":"service","name":null,"surface":null,"lanes":null,"web_layer_source":"F:/datasets/layers/all_highway.geojson"},"geometry":{"type":"LineString","coordinates":[[85.8243329,20.286864],[85.82438,20.28681],[85.8246,20.28643]]}},{"type":"Feature","properties":{"highway":"residential","name":null,"surface":null,"lanes":null,"web_layer_source":"F:/datasets/layers/all_highway.geojson"},"geometry":{"type":"LineString","coordinates":[[85.8352094,20.28704],[85.8355666,20.2871002]]}},{"type":"Feature","properties":{"highway":"residential","name":null,"surface":null,"lanes":null,"web_layer_source":"F:/datasets/layers/all_highway.geojson"},"geometry":{"type":"LineString","coordinates":[[85.8286645,20.2829566],[85.82947,20.28325],[85.830792,20.2835366],[85.8313866,20.2836164],[85.8321347,20.2836963],[85.8321304,20.2836223],[85.8321185,20.2834173],[85.8321153,20.2833428],[85.8321147,20.2833312],[85.8321046,20.283154],[85.8320977,20.2828]]}},{"type":"Feature","properties":{"highway":"service","name":null,"surface":null,"lanes":null,"web_layer_source":"F:/datasets/layers/all_highway.geojson"},"geometry":{"type":"LineString","coordinates":[[85.8408386,20.2500825],[85.840838,20.2500713],[85.8408085,20.2491469]]}},{"type":"Feature","properties":{"highway":"residential","name":null,"surface":null,"lanes":null,"web_layer_source":"F:/datasets/layers/all_highway.geojson"},"geometry":{"type":"LineString","coordinates":[[85.8211076,20.3065075],[85.8218588,20.3066777],[85.8224132,20.3068032],[85.8225395,20.3068318],[85.8225803,20.3068558],[85.8225887,20.3068871],[85.8225785,20.3069206],[85.8224682,20.3071008],[85.822228,20.3074747],[85.8221666,20.3075982],[85.8221263,20.3076947],[85.8220715,20.3080119],[85.8220179,20.3083229],[85.8219415,20.3089724]]}},{"type":"Feature","properties":{"highway":"service","name":null,"surface":"asphalt","lanes":null,"web_layer_source":"F:/datasets/layers/all_highway.geojson"},"geometry":{"type":"LineString","coordinates":[[85.8247416,20.2891956],[85.824642,20.2890793],[85.8245336,20.2889382]]}},{"type":"Feature","properties":{"highway":"residential","name":null,"surface":null,"lanes":null,"web_layer_source":"F:/datasets/layers/all_highway.geojson"},"geometry":{"type":"LineString","coordinates":[[85.8349849,20.287437],[85.8355046,20.2875061]]}},{"type":"Feature","properties":{"highway":"residential","name":null,"surface":null,"lanes":null,"web_layer_source":"F:/datasets/layers/all_highway.geojson"},"geometry":{"type":"LineString","coordinates":[[85.83977,20.24941],[85.83998,20.24941]]}},{"type":"Feature","properties":{"highway":"tertiary","name":null,"surface":null,"lanes":null,"web_layer_source":"F:/datasets/layers/all_highway.geojson"},"geometry":{"type":"LineString","coordinates":[[85.8221066,20.3045197],[85.8237152,20.3048081],[85.8237568,20.3048132],[85.8239572,20.3048376],[85.8253706,20.3051229],[85.8254582,20.305147],[85.8254999,20.305165],[85.8255207,20.3051992],[85.8255311,20.3052414],[85.8255345,20.3052777],[85.8255305,20.3053428],[85.8255168,20.3053989],[85.8254604,20.305587],[85.8253154,20.306013],[85.8251954,20.3063252],[85.8250815,20.3066493],[85.8250349,20.3067643],[85.8250221,20.3068215],[85.8250277,20.3068752],[85.8250537,20.3069078],[85.8251066,20.3069358],[85.8251972,20.3069446],[85.8253537,20.3069574],[85.8255063,20.3069686],[85.8258198,20.3069772],[85.8259993,20.3069767],[85.8262134,20.3069555],[85.826488,20.3069364],[85.8265288,20.3069376],[85.8265565,20.306952],[85.8265635,20.3069872],[85.8264752,20.3073345],[85.8263328,20.3078862],[85.8262315,20.3082461],[85.8261479,20.3085429],[85.8260408,20.3089233]]}},{"type":"Feature","properties":{"highway":"tertiary","name":"From Fire Station to SUM Hospital / Bharatpur","surface":null,"lanes":null,"web_layer_source":"F:/datasets/layers/all_highway.geojson"},"geometry":{"type":"LineString","coordinates":[[85.7952059,20.2868302],[85.7953683,20.28631],[85.7956811,20.285562],[85.7958842,20.2850419],[85.7959609,20.2848681],[85.79604,20.28471],[85.7962612,20.2842746],[85.7963976,20.2839977],[85.7966385,20.283568],[85.7969571,20.2829701],[85.79734,20.28231],[85.79756,20.28194],[85.79812,20.28102],[85.798608,20.2803395],[85.7988841,20.2800129]]}},{"type":"Feature","properties":{"highway":"residential","name":null,"surface":null,"lanes":null,"web_layer_source":"F:/datasets/layers/all_highway.geojson"},"geometry":{"type":"LineString","coordinates":[[85.8330695,20.2821478],[85.8330812,20.282763]]}},{"type":"Feature","properties":{"highway":"service","name":null,"surface":null,"lanes":null,"web_layer_source":"F:/datasets/layers/all_highway.geojson"},"geometry":{"type":"LineString","coordinates":[[85.79863,20.2878371],[85.7989661,20.2874164],[85.799421,20.2867313],[85.7995326,20.2865631],[85.7997308,20.2862646],[85.7998618,20.2860672],[85.7999339,20.2859586]]}},{"type":"Feature","properties":{"highway":"service","name":null,"surface":"asphalt","lanes":null,"web_layer_source":"F:/datasets/layers/all_highway.geojson"},"geometry":{"type":"LineString","coordinates":[[85.82271,20.28653],[85.82299,20.28688],[85.8231176,20.2870318]]}},{"type":"Feature","properties":{"highway":"residential","name":null,"surface":null,"lanes":null,"web_layer_source":"F:/datasets/layers/all_highway.geojson"},"geometry":{"type":"LineString","coordinates":[[85.8349596,20.2876018],[85.8354808,20.2876621]]}},{"type":"Feature","properties":{"highway":"residential","name":null,"surface":null,"lanes":null,"web_layer_source":"F:/datasets/layers/all_highway.geojson"},"geometry":{"type":"LineString","coordinates":[[85.8399804,20.250089],[85.83998,20.24941],[85.83998,20.24901]]}},{"type":"Feature","properties":{"highway":"residential","name":null,"surface":null,"lanes":null,"web_layer_source":"F:/datasets/layers/all_highway.geojson"},"geometry":{"type":"LineString","coordinates":[[85.8228623,20.3020106],[85.8245135,20.3025811],[85.8255269,20.3029103],[85.8256219,20.302964],[85.8256518,20.3030099],[85.825649,20.303095],[85.8252411,20.3041409],[85.8252199,20.3042183],[85.8252256,20.30428],[85.8252704,20.3043176],[85.8265219,20.3048592],[85.8275214,20.3052994],[85.8283775,20.3056803],[85.8284611,20.3057432],[85.8284948,20.3058321],[85.8284819,20.3061077]]}},{"type":"Feature","properties":{"highway":"residential","name":null,"surface":null,"lanes":null,"web_layer_source":"F:/datasets/layers/all_highway.geojson"},"geometry":{"type":"LineString","coordinates":[[85.8335195,20.28213],[85.833548,20.2827475]]}},{"type":"Feature","properties":{"highway":"residential","name":null,"surface":null,"lanes":null,"web_layer_source":"F:/datasets/layers/all_highway.geojson"},"geometry":{"type":"LineString","coordinates":[[85.8227382,20.2897699],[85.8227825,20.2896705]]}},{"type":"Feature","properties":{"highway":"residential","name":null,"surface":null,"lanes":null,"web_layer_source":"F:/datasets/layers/all_highway.geojson"},"geometry":{"type":"LineString","coordinates":[[85.8351524,20.2880477],[85.8352313,20.2880503],[85.8354185,20.28807]]}},{"type":"Feature","properties":{"highway":"residential","name":null,"surface":null,"lanes":null,"web_layer_source":"F:/datasets/layers/all_highway.geojson"},"geometry":{"type":"LineString","coordinates":[[85.8389794,20.2494371],[85.8390232,20.2489476]]}},{"type":"Feature","properties":{"highway":"residential","name":null,"surface":null,"lanes":null,"web_layer_source":"F:/datasets/layers/all_highway.geojson"},"geometry":{"type":"LineString","coordinates":[[85.831588,20.2822127],[85.83161,20.2828135]]}},{"type":"Feature","properties":{"highway":"service","name":null,"surface":"asphalt","lanes":null,"web_layer_source":"F:/datasets/layers/all_highway.geojson"},"geometry":{"type":"LineString","coordinates":[[85.8213509,20.287979],[85.822601,20.288],[85.82279,20.2880023],[85.8228363,20.2882714],[85.8229054,20.2884962],[85.8230101,20.2886917],[85.8231322,20.2888559],[85.8232785,20.2890023],[85.8234882,20.2891132],[85.8237812,20.2891779],[85.8240653,20.289176],[85.8242654,20.2891042],[85.8243888,20.2890338],[85.8245336,20.2889382],[85.8246829,20.2887691],[85.8248038,20.2885256],[85.8248842,20.288274],[85.8249091,20.2880677],[85.8249184,20.2878977],[85.824893,20.2877166],[85.8248394,20.2874869],[85.8247361,20.2872691],[85.8245777,20.2870584],[85.8243329,20.286864],[85.8241306,20.2867829],[85.8239328,20.2867494],[85.8237289,20.2867444],[85.8235104,20.286786],[85.8232783,20.2869004],[85.8231176,20.2870318],[85.8229669,20.2872109],[85.8228803,20.2874068],[85.8228065,20.2877015],[85.82279,20.2880023]]}},{"type":"Feature","properties":{"highway":"service","name":null,"surface":null,"lanes":null,"web_layer_source":"F:/datasets/layers/all_highway.geojson"},"geometry":{"type":"LineString","coordinates":[[85.8320603,20.2972469],[85.8315096,20.2987987],[85.8328651,20.2986996]]}},{"type":"Feature","properties":{"highway":"residential","name":null,"surface":null,"lanes":null,"web_layer_source":"F:/datasets/layers/all_highway.geojson"},"geometry":{"type":"LineString","coordinates":[[85.8350541,20.2885494],[85.8351291,20.2881665],[85.8351524,20.2880477],[85.8349588,20.2880313],[85.8349258,20.2880144],[85.834909,20.2879782],[85.8349055,20.2879304],[85.8349116,20.2878756],[85.8349596,20.2876018],[85.8349849,20.287437],[85.8350433,20.2870134]]}},{"type":"Feature","properties":{"highway":"residential","name":null,"surface":null,"lanes":null,"web_layer_source":"F:/datasets/layers/all_highway.geojson"},"geometry":{"type":"LineString","coordinates":[[85.8320862,20.2821924],[85.8320977,20.2828]]}},{"type":"Feature","properties":{"highway":"residential","name":null,"surface":null,"lanes":null,"web_layer_source":"F:/datasets/layers/all_highway.geojson"},"geometry":{"type":"LineString","coordinates":[[85.8362825,20.2487517],[85.8368334,20.2487103],[85.8374704,20.2486641],[85.8380847,20.2486196]]}},{"type":"Feature","properties":{"highway":"service","name":null,"surface":"asphalt","lanes":null,"web_layer_source":"F:/datasets/layers/all_highway.geojson"},"geometry":{"type":"LineString","coordinates":[[85.8211064,20.2901865],[85.8227382,20.2897699],[85.8242656,20.2893953],[85.82477,20.28926],[85.8251328,20.2891559],[85.8251898,20.2891342],[85.8252395,20.289108],[85.8252756,20.2890807],[85.8253278,20.2890533],[85.8253699,20.2890408],[85.8254167,20.2890312],[85.8254986,20.2890244],[85.8258749,20.2890528],[85.8261827,20.2890761]]}},{"type":"Feature","properties":{"highway":"tertiary","name":"MCL Road","surface":"asphalt","lanes":"2","web_layer_source":"F:/datasets/layers/all_highway.geojson"},"geometry":{"type":"LineString","coordinates":[[85.827221,20.3143759],[85.8272663,20.3162581],[85.8272838,20.3169313],[85.8273059,20.3177754],[85.8273184,20.3182564],[85.8273459,20.3193083],[85.8273288,20.3197567],[85.8273196,20.3202888]]}},{"type":"Feature","properties":{"highway":"residential","name":null,"surface":null,"lanes":null,"web_layer_source":"F:/datasets/layers/all_highway.geojson"},"geometry":{"type":"LineString","coordinates":[[85.8326303,20.2821673],[85.8326434,20.2827786]]}},{"type":"Feature","properties":{"highway":"residential","name":null,"surface":null,"lanes":null,"web_layer_source":"F:/datasets/layers/all_highway.geojson"},"geometry":{"type":"LineString","coordinates":[[85.8352596,20.2865491],[85.8352094,20.28704],[85.8350433,20.2870134],[85.8346608,20.2869932]]}},{"type":"Feature","properties":{"highway":"residential","name":null,"surface":null,"lanes":null,"web_layer_source":"F:/datasets/layers/all_highway.geojson"},"geometry":{"type":"LineString","coordinates":[[85.83571,20.28761],[85.8358,20.2871171]]}},{"type":"Feature","properties":{"highway":"residential","name":null,"surface":null,"lanes":null,"web_layer_source":"F:/datasets/layers/all_highway.geojson"},"geometry":{"type":"LineString","coordinates":[[85.8312396,20.282227],[85.831588,20.2822127],[85.8320862,20.2821924],[85.8323557,20.2821778]]}},{"type":"Feature","properties":{"highway":"residential","name":null,"surface":null,"lanes":null,"web_layer_source":"F:/datasets/layers/all_highway.geojson"},"geometry":{"type":"LineString","coordinates":[[85.8367719,20.2477194],[85.8374298,20.2476493]]}},{"type":"Feature","properties":{"highway":"residential","name":"Akhandalamani Temple road","surface":null,"lanes":null,"web_layer_source":"F:/datasets/layers/all_highway.geojson"},"geometry":{"type":"LineString","coordinates":[[85.8213525,20.2860495],[85.8216029,20.2859876],[85.8216696,20.2859737],[85.8217444,20.2859582],[85.8223874,20.2858265],[85.823596,20.2855938],[85.8239496,20.2854829],[85.8243687,20.2854329],[85.8246925,20.2854303],[85.8249399,20.2854393],[85.8263015,20.2855407],[85.82666,20.28557],[85.8266781,20.2855713]]}},{"type":"Feature","properties":{"highway":"residential","name":null,"surface":null,"lanes":null,"web_layer_source":"F:/datasets/layers/all_highway.geojson"},"geometry":{"type":"LineString","coordinates":[[85.8358,20.2871171],[85.8358829,20.2865892]]}},{"type":"Feature","properties":{"highway":"residential","name":null,"surface":null,"lanes":null,"web_layer_source":"F:/datasets/layers/all_highway.geojson"},"geometry":{"type":"LineString","coordinates":[[85.8355666,20.2871002],[85.8358,20.2871171],[85.8366531,20.2871835]]}},{"type":"Feature","properties":{"highway":"residential","name":null,"surface":null,"lanes":null,"web_layer_source":"F:/datasets/layers/all_highway.geojson"},"geometry":{"type":"LineString","coordinates":[[85.8475823,20.2508865],[85.8477147,20.251333],[85.8479391,20.2520894],[85.8481501,20.2527572],[85.8483717,20.2534584],[85.8486112,20.2542366]]}},{"type":"Feature","properties":{"highway":"residential","name":null,"surface":null,"lanes":null,"web_layer_source":"F:/datasets/layers/all_highway.geojson"},"geometry":{"type":"LineString","coordinates":[[85.8374472,20.2471438],[85.837431,20.2466979],[85.83739,20.2466]]}},{"type":"Feature","properties":{"highway":"residential","name":null,"surface":null,"lanes":null,"web_layer_source":"F:/datasets/layers/all_highway.geojson"},"geometry":{"type":"LineString","coordinates":[[85.835492,20.2875889],[85.83571,20.28761],[85.8366103,20.2876907]]}},{"type":"Feature","properties":{"highway":"residential","name":null,"surface":null,"lanes":null,"web_layer_source":"F:/datasets/layers/all_highway.geojson"},"geometry":{"type":"LineString","coordinates":[[85.8312791,20.28283],[85.8312477,20.2824005],[85.8312396,20.282227],[85.831238,20.2821856],[85.831219,20.2817655]]}},{"type":"Feature","properties":{"highway":"residential","name":null,"surface":null,"lanes":null,"web_layer_source":"F:/datasets/layers/all_highway.geojson"},"geometry":{"type":"LineString","coordinates":[[85.8380969,20.2496369],[85.8380847,20.2486196],[85.8380827,20.2484497],[85.8380666,20.2471124]]}},{"type":"Feature","properties":{"highway":"residential","name":null,"surface":null,"lanes":null,"web_layer_source":"F:/datasets/layers/all_highway.geojson"},"geometry":{"type":"LineString","coordinates":[[85.8466794,20.2511245],[85.8471872,20.2517132],[85.8474052,20.2520207],[85.8476461,20.2523]]}},{"type":"Feature","properties":{"highway":"residential","name":null,"surface":null,"lanes":null,"web_layer_source":"F:/datasets/layers/all_highway.geojson"},"geometry":{"type":"LineString","coordinates":[[85.8375124,20.2497691],[85.8374704,20.2486641],[85.8374298,20.2476493],[85.8374472,20.2471438]]}},{"type":"Feature","properties":{"highway":"residential","name":null,"surface":null,"lanes":null,"web_layer_source":"F:/datasets/layers/all_highway.geojson"},"geometry":{"type":"LineString","coordinates":[[85.8194772,20.2809916],[85.8194761,20.2811097],[85.8195088,20.2819335],[85.819541,20.2821549],[85.8195609,20.282198],[85.8195847,20.2822364],[85.819616,20.2822647],[85.8196491,20.2822864],[85.8198149,20.2823829],[85.8200087,20.2824623],[85.8201046,20.2824762],[85.8202023,20.2824846],[85.8203035,20.2824906],[85.8204851,20.2825273],[85.8207927,20.2826138],[85.8210135,20.2826787],[85.8213542,20.2827688],[85.8214775,20.2827622],[85.8217657,20.2827455],[85.8222855,20.2826951],[85.8226002,20.2826557],[85.8232508,20.2825885],[85.8232665,20.2821923],[85.8232702,20.281808],[85.8232753,20.2814903],[85.823285,20.2811625],[85.8233335,20.2808339]]}},{"type":"Feature","properties":{"highway":"residential","name":null,"surface":null,"lanes":null,"web_layer_source":"F:/datasets/layers/all_highway.geojson"},"geometry":{"type":"LineString","coordinates":[[85.83751,20.28729],[85.8375831,20.2868165]]}},{"type":"Feature","properties":{"highway":"residential","name":null,"surface":null,"lanes":null,"web_layer_source":"F:/datasets/layers/all_highway.geojson"},"geometry":{"type":"LineString","coordinates":[[85.8303615,20.2818054],[85.8303903,20.2822159],[85.8303979,20.2824058],[85.8304189,20.2828583]]}},{"type":"Feature","properties":{"highway":"residential","name":null,"surface":null,"lanes":null,"web_layer_source":"F:/datasets/layers/all_highway.geojson"},"geometry":{"type":"LineString","coordinates":[[85.8369066,20.2499091],[85.8375124,20.2497691],[85.8380969,20.2496369],[85.8386102,20.2495207],[85.8389794,20.2494371]]}},{"type":"Feature","properties":{"highway":"residential","name":null,"surface":null,"lanes":null,"web_layer_source":"F:/datasets/layers/all_highway.geojson"},"geometry":{"type":"LineString","coordinates":[[85.83713,20.28724],[85.8372075,20.2867708]]}},{"type":"Feature","properties":{"highway":"residential","name":null,"surface":null,"lanes":null,"web_layer_source":"F:/datasets/layers/all_highway.geojson"},"geometry":{"type":"LineString","coordinates":[[85.84552,20.25094],[85.84608,20.25158]]}},{"type":"Feature","properties":{"highway":"residential","name":null,"surface":null,"lanes":null,"web_layer_source":"F:/datasets/layers/all_highway.geojson"},"geometry":{"type":"LineString","coordinates":[[85.8200229,20.2757612],[85.8200841,20.2762972],[85.820154,20.2769828],[85.8201855,20.2772922],[85.8202274,20.2777028],[85.8202632,20.2780511],[85.8202821,20.2782386],[85.8203356,20.2787636],[85.8204266,20.2796562],[85.8204552,20.2799365],[85.82048,20.28018],[85.8194772,20.2809916],[85.8191862,20.2811888],[85.8190019,20.2814099],[85.8187939,20.2815665],[85.8186996,20.2816502],[85.8185838,20.2817532],[85.818508,20.2818116],[85.8184323,20.2818524],[85.8182778,20.2819103],[85.8181696,20.2819762],[85.8180801,20.2820563],[85.8179748,20.282175],[85.8179081,20.2822228],[85.8178563,20.2822425],[85.8177794,20.2822509],[85.8176537,20.2822453],[85.8175334,20.2822792],[85.8174656,20.2823219],[85.8173675,20.2824109],[85.8172056,20.2825995],[85.8170887,20.2827635],[85.8169007,20.2831251],[85.816868,20.2832067],[85.8168499,20.2833652],[85.8168348,20.2835727],[85.8167202,20.2844076],[85.8167033,20.2844518],[85.8166778,20.2844868],[85.8166318,20.2845093],[85.8160517,20.2846604],[85.8162523,20.2850783],[85.8165461,20.2857295],[85.8166463,20.2859356],[85.8168517,20.2863783],[85.81702,20.28684]]}},{"type":"Feature","properties":{"highway":"residential","name":null,"surface":null,"lanes":null,"web_layer_source":"F:/datasets/layers/all_highway.geojson"},"geometry":{"type":"LineString","coordinates":[[85.8366531,20.2871835],[85.83713,20.28724],[85.83751,20.28729],[85.8379698,20.2873478]]}},{"type":"Feature","properties":{"highway":"residential","name":null,"surface":null,"lanes":null,"web_layer_source":"F:/datasets/layers/all_highway.geojson"},"geometry":{"type":"LineString","coordinates":[[85.8309784,20.2811895],[85.8310002,20.2817757]]}},{"type":"Feature","properties":{"highway":"residential","name":null,"surface":null,"lanes":null,"web_layer_source":"F:/datasets/layers/all_highway.geojson"},"geometry":{"type":"LineString","coordinates":[[85.83693,20.25029],[85.8369066,20.2499091],[85.8368334,20.2487103],[85.8367719,20.2477194],[85.8367417,20.2472186]]}},{"type":"Feature","properties":{"highway":"residential","name":null,"surface":null,"lanes":null,"web_layer_source":"F:/datasets/layers/all_highway.geojson"},"geometry":{"type":"LineString","coordinates":[[85.8366181,20.2875688],[85.8379193,20.2877399]]}},{"type":"Feature","properties":{"highway":"tertiary","name":null,"surface":null,"lanes":null,"web_layer_source":"F:/datasets/layers/all_highway.geojson"},"geometry":{"type":"LineString","coordinates":[[85.8444616,20.2527132],[85.8445318,20.2527208],[85.84608,20.25158],[85.8466794,20.2511245]]}},{"type":"Feature","properties":{"highway":"residential","name":null,"surface":null,"lanes":null,"web_layer_source":"F:/datasets/layers/all_highway.geojson"},"geometry":{"type":"LineString","coordinates":[[85.8303609,20.2812206],[85.8303615,20.2818054]]}},{"type":"Feature","properties":{"highway":"residential","name":null,"surface":null,"lanes":null,"web_layer_source":"F:/datasets/layers/all_highway.geojson"},"geometry":{"type":"LineString","coordinates":[[85.8307542,20.281199],[85.8307937,20.2817893]]}},{"type":"Feature","properties":{"highway":"residential","name":null,"surface":null,"lanes":null,"web_layer_source":"F:/datasets/layers/all_highway.geojson"},"geometry":{"type":"LineString","coordinates":[[85.8361878,20.2472647],[85.8367417,20.2472186],[85.8374472,20.2471438],[85.8380666,20.2471124]]}},{"type":"Feature","properties":{"highway":"residential","name":null,"surface":null,"lanes":null,"web_layer_source":"F:/datasets/layers/all_highway.geojson"},"geometry":{"type":"LineString","coordinates":[[85.8445014,20.251773],[85.84552,20.25094],[85.8456096,20.250872],[85.84635,20.25031]]}},{"type":"Feature","properties":{"highway":"residential","name":null,"surface":null,"lanes":null,"web_layer_source":"F:/datasets/layers/all_highway.geojson"},"geometry":{"type":"LineString","coordinates":[[85.8365826,20.287846],[85.8378899,20.2879689]]}},{"type":"Feature","properties":{"highway":"residential","name":null,"surface":null,"lanes":null,"web_layer_source":"F:/datasets/layers/all_highway.geojson"},"geometry":{"type":"LineString","coordinates":[[85.8313529,20.2811734],[85.8313871,20.2817538]]}},{"type":"Feature","properties":{"highway":"residential","name":null,"surface":null,"lanes":null,"web_layer_source":"F:/datasets/layers/all_highway.geojson"},"geometry":{"type":"LineString","coordinates":[[85.8391466,20.2529478],[85.839699,20.2529023],[85.8397184,20.2530877],[85.8403484,20.2530646],[85.8403739,20.2531792],[85.8410818,20.2531651]]}},{"type":"Feature","properties":{"highway":"residential","name":null,"surface":null,"lanes":null,"web_layer_source":"F:/datasets/layers/all_highway.geojson"},"geometry":{"type":"LineString","coordinates":[[85.8450462,20.253326],[85.8471872,20.2517132]]}},{"type":"Feature","properties":{"highway":"residential","name":null,"surface":null,"lanes":null,"web_layer_source":"F:/datasets/layers/all_highway.geojson"},"geometry":{"type":"LineString","coordinates":[[85.8317989,20.2811617],[85.8318001,20.2811906],[85.8318259,20.2817305]]}},{"type":"Feature","properties":{"highway":"residential","name":null,"surface":null,"lanes":null,"web_layer_source":"F:/datasets/layers/all_highway.geojson"},"geometry":{"type":"LineString","coordinates":[[85.8365147,20.2882539],[85.8378319,20.2884191]]}},{"type":"Feature","properties":{"highway":"residential","name":null,"surface":null,"lanes":null,"web_layer_source":"F:/datasets/layers/all_highway.geojson"},"geometry":{"type":"LineString","coordinates":[[85.8455272,20.2539],[85.8476461,20.2523],[85.8479391,20.2520894]]}},{"type":"Feature","properties":{"highway":"residential","name":null,"surface":null,"lanes":null,"web_layer_source":"F:/datasets/layers/all_highway.geojson"},"geometry":{"type":"LineString","coordinates":[[85.8460116,20.258491],[85.8458376,20.2582726],[85.8457669,20.258184],[85.8456322,20.258015],[85.8455302,20.257887],[85.8454808,20.257825],[85.8452914,20.2575873],[85.8449076,20.2570837],[85.8448642,20.2570308]]}},{"type":"Feature","properties":{"highway":"residential","name":null,"surface":null,"lanes":null,"web_layer_source":"F:/datasets/layers/all_highway.geojson"},"geometry":{"type":"LineString","coordinates":[[85.8299109,20.281819],[85.8303615,20.2818054],[85.8307937,20.2817893],[85.8310002,20.2817757],[85.831219,20.2817655],[85.8313871,20.2817538],[85.8318259,20.2817305],[85.8323358,20.281721]]}},{"type":"Feature","properties":{"highway":"residential","name":null,"surface":null,"lanes":null,"web_layer_source":"F:/datasets/layers/all_highway.geojson"},"geometry":{"type":"LineString","coordinates":[[85.8459632,20.2544203],[85.8470553,20.2536138],[85.8481501,20.2527572]]}},{"type":"Feature","properties":{"highway":"residential","name":null,"surface":null,"lanes":null,"web_layer_source":"F:/datasets/layers/all_highway.geojson"},"geometry":{"type":"LineString","coordinates":[[85.8390884,20.2877815],[85.8412122,20.2880562]]}},{"type":"Feature","properties":{"highway":"residential","name":null,"surface":null,"lanes":null,"web_layer_source":"F:/datasets/layers/all_highway.geojson"},"geometry":{"type":"LineString","coordinates":[[85.8390951,20.2521178],[85.8391123,20.2518971]]}},{"type":"Feature","properties":{"highway":"residential","name":null,"surface":null,"lanes":null,"web_layer_source":"F:/datasets/layers/all_highway.geojson"},"geometry":{"type":"LineString","coordinates":[[85.8464147,20.2549592],[85.8483717,20.2534584]]}},{"type":"Feature","properties":{"highway":"residential","name":null,"surface":null,"lanes":null,"web_layer_source":"F:/datasets/layers/all_highway.geojson"},"geometry":{"type":"LineString","coordinates":[[85.833401,20.2821356],[85.8333815,20.2816781],[85.8336144,20.2816676],[85.8336402,20.2821234]]}},{"type":"Feature","properties":{"highway":"residential","name":null,"surface":null,"lanes":null,"web_layer_source":"F:/datasets/layers/all_highway.geojson"},"geometry":{"type":"LineString","coordinates":[[85.81717,20.26403],[85.817615,20.263857]]}},{"type":"Feature","properties":{"highway":"residential","name":null,"surface":null,"lanes":null,"web_layer_source":"F:/datasets/layers/all_highway.geojson"},"geometry":{"type":"LineString","coordinates":[[85.8390242,20.2882392],[85.8411573,20.2885032]]}},{"type":"Feature","properties":{"highway":"residential","name":null,"surface":null,"lanes":null,"web_layer_source":"F:/datasets/layers/all_highway.geojson"},"geometry":{"type":"LineString","coordinates":[[85.8396372,20.251124],[85.8411601,20.2510547]]}},{"type":"Feature","properties":{"highway":"residential","name":null,"surface":null,"lanes":null,"web_layer_source":"F:/datasets/layers/all_highway.geojson"},"geometry":{"type":"LineString","coordinates":[[85.817,20.26366],[85.81685,20.26332],[85.8172917,20.2631786]]}},{"type":"Feature","properties":{"highway":"service","name":null,"surface":null,"lanes":null,"web_layer_source":"F:/datasets/layers/all_highway.geojson"},"geometry":{"type":"LineString","coordinates":[[85.8287883,20.2697759],[85.8288384,20.2697468],[85.8288572,20.2697359],[85.8286285,20.2694133],[85.828563,20.2693203],[85.8285572,20.269295],[85.8285646,20.2692724],[85.8291026,20.2689462],[85.8291312,20.2689501],[85.8291565,20.2689688],[85.8291672,20.2689864],[85.8291863,20.2690179],[85.8294547,20.2694242],[85.8296651,20.2697404],[85.8296952,20.2697645],[85.8297258,20.2697645],[85.82975,20.26976],[85.8298783,20.2696888],[85.8302623,20.2694754],[85.8304028,20.2693974],[85.8313588,20.2688663]]}},{"type":"Feature","properties":{"highway":"residential","name":null,"surface":null,"lanes":null,"web_layer_source":"F:/datasets/layers/all_highway.geojson"},"geometry":{"type":"LineString","coordinates":[[85.8445318,20.2527208],[85.8450462,20.253326],[85.8452725,20.253596],[85.8453034,20.2536329],[85.8455272,20.2539],[85.8458443,20.2542797],[85.8459632,20.2544203],[85.8464147,20.2549592],[85.8468852,20.255492]]}},{"type":"Feature","properties":{"highway":"residential","name":null,"surface":null,"lanes":null,"web_layer_source":"F:/datasets/layers/all_highway.geojson"},"geometry":{"type":"LineString","coordinates":[[85.8390047,20.2501364],[85.8395314,20.2500987],[85.8399804,20.250089],[85.8408,20.2500828],[85.8408386,20.2500825],[85.8411755,20.25008]]}},{"type":"Feature","properties":{"highway":"residential","name":null,"surface":null,"lanes":null,"web_layer_source":"F:/datasets/layers/all_highway.geojson"},"geometry":{"type":"LineString","coordinates":[[85.8389804,20.288552],[85.840044,20.2887059],[85.8411172,20.2888297]]}},{"type":"Feature","properties":{"highway":"residential","name":null,"surface":null,"lanes":null,"web_layer_source":"F:/datasets/layers/all_highway.geojson"},"geometry":{"type":"LineString","coordinates":[[85.8443491,20.2550063],[85.84466,20.25503],[85.8457724,20.2563413]]}},{"type":"Feature","properties":{"highway":"residential","name":null,"surface":null,"lanes":null,"web_layer_source":"F:/datasets/layers/all_highway.geojson"},"geometry":{"type":"LineString","coordinates":[[85.8327949,20.2821573],[85.8327815,20.2817072],[85.8330135,20.2816957],[85.833023,20.2821473]]}},{"type":"Feature","properties":{"highway":"residential","name":null,"surface":null,"lanes":null,"web_layer_source":"F:/datasets/layers/all_highway.geojson"},"geometry":{"type":"LineString","coordinates":[[85.8173,20.26422],[85.81717,20.26403],[85.817,20.26366],[85.8174406,20.263491]]}},{"type":"Feature","properties":{"highway":"service","name":null,"surface":null,"lanes":null,"web_layer_source":"F:/datasets/layers/all_highway.geojson"},"geometry":{"type":"LineString","coordinates":[[85.8313351,20.2708779],[85.8313187,20.2707516],[85.8312884,20.2706297],[85.8312265,20.2704868],[85.8311577,20.2703899],[85.8310826,20.2703247],[85.8310053,20.270279],[85.8309278,20.2702569],[85.830834,20.270239],[85.830665,20.270239]]}},{"type":"Feature","properties":{"highway":"residential","name":null,"surface":null,"lanes":null,"web_layer_source":"F:/datasets/layers/all_highway.geojson"},"geometry":{"type":"LineString","coordinates":[[85.8445656,20.2502586],[85.84635,20.25031]]}},{"type":"Feature","properties":{"highway":"residential","name":null,"surface":null,"lanes":null,"web_layer_source":"F:/datasets/layers/all_highway.geojson"},"geometry":{"type":"LineString","coordinates":[[85.8396862,20.2520014],[85.8396372,20.251124],[85.8395813,20.2505818],[85.8395314,20.2500987]]}},{"type":"Feature","properties":{"highway":"residential","name":null,"surface":null,"lanes":null,"web_layer_source":"F:/datasets/layers/all_highway.geojson"},"geometry":{"type":"LineString","coordinates":[[85.8391302,20.2874834],[85.8412486,20.2877598]]}},{"type":"Feature","properties":{"highway":"residential","name":null,"surface":null,"lanes":null,"web_layer_source":"F:/datasets/layers/all_highway.geojson"},"geometry":{"type":"LineString","coordinates":[[85.8164,20.26548],[85.8181225,20.2649216]]}},{"type":"Feature","properties":{"highway":"residential","name":null,"surface":null,"lanes":null,"web_layer_source":"F:/datasets/layers/all_highway.geojson"},"geometry":{"type":"LineString","coordinates":[[85.844595,20.2495624],[85.8468,20.24967]]}},{"type":"Feature","properties":{"highway":"residential","name":null,"surface":null,"lanes":null,"web_layer_source":"F:/datasets/layers/all_highway.geojson"},"geometry":{"type":"LineString","coordinates":[[85.8385364,20.2547356],[85.8386629,20.2545984],[85.8389482,20.254326],[85.8391443,20.2541294],[85.8391677,20.2541052],[85.8392795,20.253882],[85.8393075,20.2538218],[85.8393684,20.2536311],[85.8392164,20.2531883],[85.8392028,20.2531415],[85.8391466,20.2529478],[85.8391203,20.2528192],[85.8390839,20.2523932],[85.8390951,20.2521178]]}},{"type":"Feature","properties":{"highway":"residential","name":null,"surface":null,"lanes":null,"web_layer_source":"F:/datasets/layers/all_highway.geojson"},"geometry":{"type":"LineString","coordinates":[[85.8323098,20.2811482],[85.8323358,20.281721],[85.8323557,20.2821778]]}},{"type":"Feature","properties":{"highway":"residential","name":null,"surface":null,"lanes":null,"web_layer_source":"F:/datasets/layers/all_highway.geojson"},"geometry":{"type":"LineString","coordinates":[[85.81606,20.26508],[85.8167946,20.264845],[85.8179151,20.2644866]]}},{"type":"Feature","properties":{"highway":"residential","name":null,"surface":null,"lanes":null,"web_layer_source":"F:/datasets/layers/all_highway.geojson"},"geometry":{"type":"LineString","coordinates":[[85.8446348,20.2486232],[85.8463042,20.2487001],[85.84659,20.248714],[85.846918,20.2486915]]}},{"type":"Feature","properties":{"highway":"residential","name":null,"surface":null,"lanes":null,"web_layer_source":"F:/datasets/layers/all_highway.geojson"},"geometry":{"type":"LineString","coordinates":[[85.8340445,20.2809921],[85.8340431,20.2810827]]}},{"type":"Feature","properties":{"highway":"residential","name":null,"surface":null,"lanes":null,"web_layer_source":"F:/datasets/layers/all_highway.geojson"},"geometry":{"type":"LineString","coordinates":[[85.81666,20.26589],[85.8164,20.26548],[85.81606,20.26508],[85.81565,20.26454],[85.81642,20.26435],[85.81655,20.26448],[85.8173,20.26422],[85.8177126,20.2640617]]}},{"type":"Feature","properties":{"highway":"residential","name":null,"surface":null,"lanes":null,"web_layer_source":"F:/datasets/layers/all_highway.geojson"},"geometry":{"type":"LineString","coordinates":[[85.8456146,20.24614],[85.8456699,20.2465725]]}},{"type":"Feature","properties":{"highway":"service","name":null,"surface":null,"lanes":null,"web_layer_source":"F:/datasets/layers/all_highway.geojson"},"geometry":{"type":"LineString","coordinates":[[85.8314215,20.2709136],[85.8313351,20.2708779],[85.8311244,20.2708453],[85.8310239,20.2708166],[85.8309467,20.270779],[85.830858,20.2707111],[85.8307926,20.2706475],[85.830746,20.2705728],[85.83069,20.2704279],[85.830665,20.270239],[85.83052,20.27012]]}},{"type":"Feature","properties":{"highway":"residential","name":null,"surface":null,"lanes":null,"web_layer_source":"F:/datasets/layers/all_highway.geojson"},"geometry":{"type":"LineString","coordinates":[[85.82938,20.28233],[85.8296556,20.2828942]]}},{"type":"Feature","properties":{"highway":"residential","name":null,"surface":null,"lanes":null,"web_layer_source":"F:/datasets/layers/all_highway.geojson"},"geometry":{"type":"LineString","coordinates":[[85.8457322,20.2447628],[85.8460077,20.24609]]}},{"type":"Feature","properties":{"highway":"service","name":null,"surface":null,"lanes":null,"web_layer_source":"F:/datasets/layers/all_highway.geojson"},"geometry":{"type":"LineString","coordinates":[[85.8412792,20.2881639],[85.8412002,20.2881536]]}},{"type":"Feature","properties":{"highway":"residential","name":null,"surface":null,"lanes":null,"web_layer_source":"F:/datasets/layers/all_highway.geojson"},"geometry":{"type":"LineString","coordinates":[[85.8148222,20.2677174],[85.8157472,20.2670855]]}},{"type":"Feature","properties":{"highway":"residential","name":null,"surface":null,"lanes":null,"web_layer_source":"F:/datasets/layers/all_highway.geojson"},"geometry":{"type":"LineString","coordinates":[[85.84459,20.2461842],[85.8456146,20.24614],[85.8460077,20.24609],[85.84614,20.24611],[85.84665,20.24778],[85.84655,20.24782],[85.8464062,20.2478136],[85.8457509,20.2477845],[85.8452527,20.2477623],[85.8446724,20.2477365]]}},{"type":"Feature","properties":{"highway":"residential","name":null,"surface":null,"lanes":null,"web_layer_source":"F:/datasets/layers/all_highway.geojson"},"geometry":{"type":"LineString","coordinates":[[85.8290157,20.2823545],[85.8290281,20.2829277]]}},{"type":"Feature","properties":{"highway":"residential","name":null,"surface":null,"lanes":null,"web_layer_source":"F:/datasets/layers/all_highway.geojson"},"geometry":{"type":"LineString","coordinates":[[85.8379081,20.2533324],[85.8380455,20.2531272],[85.8381418,20.2530479],[85.8382502,20.2529792],[85.8384168,20.2529518],[85.8385525,20.2529997]]}},{"type":"Feature","properties":{"highway":"residential","name":null,"surface":null,"lanes":null,"web_layer_source":"F:/datasets/layers/all_highway.geojson"},"geometry":{"type":"LineString","coordinates":[[85.8379698,20.2873478],[85.8391302,20.2874834]]}},{"type":"Feature","properties":{"highway":"tertiary","name":"Kalpana Road","surface":null,"lanes":null,"web_layer_source":"F:/datasets/layers/all_highway.geojson"},"geometry":{"type":"LineString","coordinates":[[85.8477646,20.2548548],[85.8477031,20.2548695],[85.8468852,20.255492],[85.8463243,20.2559154],[85.8457724,20.2563413],[85.8448642,20.2570308],[85.8439158,20.257749],[85.842952,20.2584915],[85.8422795,20.2590251]]}},{"type":"Feature","properties":{"highway":"service","name":null,"surface":null,"lanes":null,"web_layer_source":"F:/datasets/layers/all_highway.geojson"},"geometry":{"type":"LineString","coordinates":[[85.8303386,20.2702922],[85.8303507,20.2702811],[85.83052,20.27012],[85.8305724,20.2700745],[85.8315815,20.2691982]]}},{"type":"Feature","properties":{"highway":"residential","name":null,"surface":null,"lanes":null,"web_layer_source":"F:/datasets/layers/all_highway.geojson"},"geometry":{"type":"LineString","coordinates":[[85.8379027,20.2878689],[85.8390552,20.2880181]]}},{"type":"Feature","properties":{"highway":"residential","name":"Unit 7 internal road","surface":null,"lanes":null,"web_layer_source":"F:/datasets/layers/all_highway.geojson"},"geometry":{"type":"LineString","coordinates":[[85.815089,20.268145],[85.8160529,20.2675321]]}},{"type":"Feature","properties":{"highway":"residential","name":null,"surface":null,"lanes":null,"web_layer_source":"F:/datasets/layers/all_highway.geojson"},"geometry":{"type":"LineString","coordinates":[[85.8289648,20.2812829],[85.8289994,20.2820411],[85.8294026,20.2820433],[85.8293725,20.2812611]]}},{"type":"Feature","properties":{"highway":"residential","name":null,"surface":null,"lanes":null,"web_layer_source":"F:/datasets/layers/all_highway.geojson"},"geometry":{"type":"LineString","coordinates":[[85.8452173,20.2448453],[85.845303,20.2455185],[85.845324,20.2456823]]}},{"type":"Feature","properties":{"highway":"service","name":null,"surface":null,"lanes":null,"web_layer_source":"F:/datasets/layers/all_highway.geojson"},"geometry":{"type":"LineString","coordinates":[[85.8311725,20.2711388],[85.8314215,20.2709136],[85.8321544,20.270253]]}},{"type":"Feature","properties":{"highway":"residential","name":null,"surface":null,"lanes":null,"web_layer_source":"F:/datasets/layers/all_highway.geojson"},"geometry":{"type":"LineString","coordinates":[[85.8378319,20.2884191],[85.8389804,20.288552]]}},{"type":"Feature","properties":{"highway":"residential","name":null,"surface":null,"lanes":null,"web_layer_source":"F:/datasets/layers/all_highway.geojson"},"geometry":{"type":"LineString","coordinates":[[85.8150056,20.2680126],[85.8148222,20.2677174],[85.8147649,20.2676398],[85.8144995,20.2672548]]}},{"type":"Feature","properties":{"highway":"residential","name":null,"surface":null,"lanes":null,"web_layer_source":"F:/datasets/layers/all_highway.geojson"},"geometry":{"type":"LineString","coordinates":[[85.8354109,20.2881197],[85.8365147,20.2882539]]}},{"type":"Feature","properties":{"highway":"residential","name":null,"surface":null,"lanes":null,"web_layer_source":"F:/datasets/layers/all_highway.geojson"},"geometry":{"type":"LineString","coordinates":[[85.828571,20.2820299],[85.8289994,20.2820411],[85.8290157,20.2823545],[85.82938,20.28233],[85.8294026,20.2820433],[85.8299079,20.2820813]]}},{"type":"Feature","properties":{"highway":"residential","name":null,"surface":null,"lanes":null,"web_layer_source":"F:/datasets/layers/all_highway.geojson"},"geometry":{"type":"LineString","coordinates":[[85.84176,20.24686],[85.8417186,20.24636]]}},{"type":"Feature","properties":{"highway":"residential","name":null,"surface":null,"lanes":null,"web_layer_source":"F:/datasets/layers/all_highway.geojson"},"geometry":{"type":"LineString","coordinates":[[85.837456,20.2542435],[85.837752,20.2536598],[85.8379081,20.2533324],[85.8372714,20.253032],[85.8372638,20.252311]]}},{"type":"Feature","properties":{"highway":"residential","name":null,"surface":null,"lanes":null,"web_layer_source":"F:/datasets/layers/all_highway.geojson"},"geometry":{"type":"LineString","coordinates":[[85.82741,20.26967],[85.82709,20.26918],[85.82805,20.26866]]}},{"type":"Feature","properties":{"highway":"residential","name":null,"surface":null,"lanes":null,"web_layer_source":"F:/datasets/layers/all_highway.geojson"},"geometry":{"type":"LineString","coordinates":[[85.8377701,20.2888989],[85.8378319,20.2884191],[85.8378899,20.2879689],[85.8379027,20.2878689],[85.8379193,20.2877399],[85.8379698,20.2873478],[85.8380263,20.2868867]]}},{"type":"Feature","properties":{"highway":"residential","name":null,"surface":null,"lanes":null,"web_layer_source":"F:/datasets/layers/all_highway.geojson"},"geometry":{"type":"LineString","coordinates":[[85.8298914,20.2812459],[85.8299109,20.281819],[85.8299079,20.2820813],[85.82985,20.2822],[85.82987,20.28289]]}},{"type":"Feature","properties":{"highway":"residential","name":null,"surface":null,"lanes":null,"web_layer_source":"F:/datasets/layers/all_highway.geojson"},"geometry":{"type":"LineString","coordinates":[[85.8412285,20.2463898],[85.8417186,20.24636],[85.84253,20.2463]]}},{"type":"Feature","properties":{"highway":"residential","name":null,"surface":null,"lanes":null,"web_layer_source":"F:/datasets/layers/all_highway.geojson"},"geometry":{"type":"LineString","coordinates":[[85.81305,20.26873],[85.8147649,20.2676398]]}},{"type":"Feature","properties":{"highway":"residential","name":null,"surface":null,"lanes":null,"web_layer_source":"F:/datasets/layers/all_highway.geojson"},"geometry":{"type":"LineString","coordinates":[[85.8364204,20.2887371],[85.8365147,20.2882539],[85.8365826,20.287846],[85.8366103,20.2876907],[85.8366181,20.2875688],[85.8366531,20.2871835],[85.836732,20.28669]]}},{"type":"Feature","properties":{"highway":"residential","name":null,"surface":null,"lanes":null,"web_layer_source":"F:/datasets/layers/all_highway.geojson"},"geometry":{"type":"LineString","coordinates":[[85.8363908,20.2525209],[85.8372638,20.252311],[85.8375052,20.2522507],[85.8391123,20.2518971],[85.8390541,20.2509233],[85.8390047,20.2501364],[85.838961,20.2497623],[85.83753,20.25014],[85.83693,20.25029],[85.8363923,20.2503818]]}},{"type":"Feature","properties":{"highway":"residential","name":null,"surface":null,"lanes":null,"web_layer_source":"F:/datasets/layers/all_highway.geojson"},"geometry":{"type":"LineString","coordinates":[[85.8281832,20.2820681],[85.82818,20.2825]]}},{"type":"Feature","properties":{"highway":"residential","name":null,"surface":null,"lanes":null,"web_layer_source":"F:/datasets/layers/all_highway.geojson"},"geometry":{"type":"LineString","coordinates":[[85.8411997,20.2454158],[85.84236,20.24531],[85.84247,20.24581],[85.84253,20.2463],[85.8426,20.24679]]}},{"type":"Feature","properties":{"highway":"residential","name":null,"surface":null,"lanes":null,"web_layer_source":"F:/datasets/layers/all_highway.geojson"},"geometry":{"type":"LineString","coordinates":[[85.81273,20.26836],[85.8144995,20.2672548],[85.8154537,20.2666568]]}},{"type":"Feature","properties":{"highway":"residential","name":null,"surface":null,"lanes":null,"web_layer_source":"F:/datasets/layers/all_highway.geojson"},"geometry":{"type":"LineString","coordinates":[[85.82595,20.27149],[85.82548,20.2705]]}},{"type":"Feature","properties":{"highway":"residential","name":null,"surface":null,"lanes":null,"web_layer_source":"F:/datasets/layers/all_highway.geojson"},"geometry":{"type":"LineString","coordinates":[[85.8374637,20.2924859],[85.8375694,20.2918344],[85.8376284,20.2914747],[85.8376791,20.2910862],[85.837762,20.2906604]]}},{"type":"Feature","properties":{"highway":"residential","name":null,"surface":null,"lanes":null,"web_layer_source":"F:/datasets/layers/all_highway.geojson"},"geometry":{"type":"LineString","coordinates":[[85.8370551,20.2924368],[85.8371534,20.2917786],[85.8372324,20.2910455],[85.837287,20.2906048]]}},{"type":"Feature","properties":{"highway":"residential","name":null,"surface":null,"lanes":null,"web_layer_source":"F:/datasets/layers/all_highway.geojson"},"geometry":{"type":"LineString","coordinates":[[85.82773,20.2820826],[85.82773,20.28254]]}},{"type":"Feature","properties":{"highway":"residential","name":null,"surface":null,"lanes":null,"web_layer_source":"F:/datasets/layers/all_highway.geojson"},"geometry":{"type":"LineString","coordinates":[[85.81369,20.26879],[85.8150056,20.2680126],[85.815089,20.268145],[85.8152319,20.268665]]}},{"type":"Feature","properties":{"highway":"residential","name":null,"surface":null,"lanes":null,"web_layer_source":"F:/datasets/layers/all_highway.geojson"},"geometry":{"type":"LineString","coordinates":[[85.8323158,20.2557969],[85.8323745,20.2557221],[85.8324041,20.2557008],[85.8327843,20.2554285],[85.8329361,20.2553198]]}},{"type":"Feature","properties":{"highway":"residential","name":null,"surface":null,"lanes":null,"web_layer_source":"F:/datasets/layers/all_highway.geojson"},"geometry":{"type":"LineString","coordinates":[[85.82595,20.27149],[85.8263662,20.2712361],[85.8264334,20.2711951],[85.82715,20.27076],[85.8274153,20.2705972],[85.8287883,20.2697759]]}},{"type":"Feature","properties":{"highway":"residential","name":null,"surface":null,"lanes":null,"web_layer_source":"F:/datasets/layers/all_highway.geojson"},"geometry":{"type":"LineString","coordinates":[[85.8358105,20.292287],[85.8358876,20.2917938],[85.8359591,20.2913385],[85.8360295,20.2908899],[85.8360927,20.290487]]}},{"type":"Feature","properties":{"highway":"residential","name":null,"surface":null,"lanes":null,"web_layer_source":"F:/datasets/layers/all_highway.geojson"},"geometry":{"type":"LineString","coordinates":[[85.84234,20.24682],[85.84236,20.247654]]}},{"type":"Feature","properties":{"highway":"residential","name":null,"surface":null,"lanes":null,"web_layer_source":"F:/datasets/layers/all_highway.geojson"},"geometry":{"type":"LineString","coordinates":[[85.8371881,20.294463],[85.8372583,20.2939598],[85.8372761,20.293832],[85.8373333,20.2934216],[85.8373937,20.2929876],[85.8374637,20.2924859]]}},{"type":"Feature","properties":{"highway":"residential","name":null,"surface":null,"lanes":null,"web_layer_source":"F:/datasets/layers/all_highway.geojson"},"geometry":{"type":"LineString","coordinates":[[85.8332854,20.2571191],[85.8335952,20.2569048],[85.8339629,20.2566339]]}},{"type":"Feature","properties":{"highway":"residential","name":null,"surface":null,"lanes":null,"web_layer_source":"F:/datasets/layers/all_highway.geojson"},"geometry":{"type":"LineString","coordinates":[[85.8273143,20.2820942],[85.8273277,20.2825376]]}},{"type":"Feature","properties":{"highway":"residential","name":null,"surface":null,"lanes":null,"web_layer_source":"F:/datasets/layers/all_highway.geojson"},"geometry":{"type":"LineString","coordinates":[[85.8119307,20.2688309],[85.81273,20.26836],[85.81286,20.26857],[85.81305,20.26873],[85.81324,20.26879],[85.81344,20.26881],[85.81369,20.26879],[85.8139634,20.2687801],[85.814912,20.2687025],[85.8152319,20.268665]]}},{"type":"Feature","properties":{"highway":"residential","name":null,"surface":null,"lanes":null,"web_layer_source":"F:/datasets/layers/all_highway.geojson"},"geometry":{"type":"LineString","coordinates":[[85.8279491,20.2722584],[85.82715,20.27076]]}},{"type":"Feature","properties":{"highway":"residential","name":null,"surface":null,"lanes":null,"web_layer_source":"F:/datasets/layers/all_highway.geojson"},"geometry":{"type":"LineString","coordinates":[[85.8363086,20.2943492],[85.8363895,20.2938457],[85.8364679,20.2933583],[85.8365402,20.2929086],[85.8366252,20.292385]]}},{"type":"Feature","properties":{"highway":"residential","name":null,"surface":null,"lanes":null,"web_layer_source":"F:/datasets/layers/all_highway.geojson"},"geometry":{"type":"LineString","coordinates":[[85.8412507,20.2468942],[85.84176,20.24686],[85.84234,20.24682],[85.8426,20.24679],[85.84292,20.24679],[85.8429348,20.2469475],[85.8430014,20.2476546]]}},{"type":"Feature","properties":{"highway":"residential","name":null,"surface":null,"lanes":null,"web_layer_source":"F:/datasets/layers/all_highway.geojson"},"geometry":{"type":"LineString","coordinates":[[85.8336085,20.257527],[85.8339718,20.2573061],[85.8343062,20.2570735]]}},{"type":"Feature","properties":{"highway":"residential","name":null,"surface":null,"lanes":null,"web_layer_source":"F:/datasets/layers/all_highway.geojson"},"geometry":{"type":"LineString","coordinates":[[85.8266036,20.2728437],[85.82595,20.27149],[85.82492,20.27214]]}},{"type":"Feature","properties":{"highway":"residential","name":null,"surface":null,"lanes":null,"web_layer_source":"F:/datasets/layers/all_highway.geojson"},"geometry":{"type":"LineString","coordinates":[[85.8353914,20.2942305],[85.8354642,20.2937419],[85.8354894,20.2935725],[85.8355404,20.2932301],[85.8355821,20.2929503],[85.8356035,20.2928065],[85.8356833,20.2922717]]}},{"type":"Feature","properties":{"highway":"residential","name":null,"surface":null,"lanes":null,"web_layer_source":"F:/datasets/layers/all_highway.geojson"},"geometry":{"type":"LineString","coordinates":[[85.8269912,20.2820969],[85.8273143,20.2820942],[85.82773,20.2820826],[85.8281832,20.2820681],[85.828571,20.2820299]]}},{"type":"Feature","properties":{"highway":"residential","name":null,"surface":null,"lanes":null,"web_layer_source":"F:/datasets/layers/all_highway.geojson"},"geometry":{"type":"LineString","coordinates":[[85.8324902,20.2560606],[85.8325709,20.2560025],[85.8331555,20.2555961]]}},{"type":"Feature","properties":{"highway":"residential","name":null,"surface":null,"lanes":null,"web_layer_source":"F:/datasets/layers/all_highway.geojson"},"geometry":{"type":"LineString","coordinates":[[85.8345512,20.2941218],[85.8346178,20.2936373],[85.8346387,20.293485],[85.834721,20.2928865],[85.8347362,20.2927759],[85.8348199,20.2921679],[85.834887,20.2916796],[85.8349405,20.291273],[85.8349584,20.2911373],[85.8350082,20.2907982],[85.8350654,20.2903822]]}},{"type":"Feature","properties":{"highway":"residential","name":null,"surface":null,"lanes":null,"web_layer_source":"F:/datasets/layers/all_highway.geojson"},"geometry":{"type":"LineString","coordinates":[[85.8285298,20.2812916],[85.828571,20.2820299],[85.8286645,20.2829566]]}},{"type":"Feature","properties":{"highway":"residential","name":null,"surface":null,"lanes":null,"web_layer_source":"F:/datasets/layers/all_highway.geojson"},"geometry":{"type":"LineString","coordinates":[[85.84357,20.24954],[85.8435624,20.2501102]]}},{"type":"Feature","properties":{"highway":"residential","name":null,"surface":null,"lanes":null,"web_layer_source":"F:/datasets/layers/all_highway.geojson"},"geometry":{"type":"LineString","coordinates":[[85.8329061,20.2565974],[85.8329813,20.2565408],[85.8335657,20.25614]]}},{"type":"Feature","properties":{"highway":"residential","name":null,"surface":null,"lanes":null,"web_layer_source":"F:/datasets/layers/all_highway.geojson"},"geometry":{"type":"LineString","coordinates":[[85.8269481,20.2830306],[85.82794,20.28297],[85.8286645,20.2829566],[85.8290281,20.2829277],[85.8296556,20.2828942],[85.82987,20.28289],[85.8304189,20.2828583],[85.8309134,20.2828466],[85.8312791,20.28283],[85.83161,20.2828135],[85.8320977,20.2828],[85.8326434,20.2827786],[85.8330812,20.282763],[85.833332,20.2827581],[85.833548,20.2827475],[85.8341767,20.2827162],[85.8352214,20.2825848]]}},{"type":"Feature","properties":{"highway":"residential","name":null,"surface":null,"lanes":null,"web_layer_source":"F:/datasets/layers/all_highway.geojson"},"geometry":{"type":"LineString","coordinates":[[85.8153333,20.2695348],[85.8152319,20.268665]]}},{"type":"Feature","properties":{"highway":"residential","name":null,"surface":null,"lanes":null,"web_layer_source":"F:/datasets/layers/all_highway.geojson"},"geometry":{"type":"LineString","coordinates":[[85.8340488,20.258079],[85.8341664,20.2580014],[85.8347031,20.2575782]]}},{"type":"Feature","properties":{"highway":"residential","name":null,"surface":null,"lanes":null,"web_layer_source":"F:/datasets/layers/all_highway.geojson"},"geometry":{"type":"LineString","coordinates":[[85.8318365,20.2802342],[85.831843,20.2806978]]}},{"type":"Feature","properties":{"highway":"residential","name":null,"surface":null,"lanes":null,"web_layer_source":"F:/datasets/layers/all_highway.geojson"},"geometry":{"type":"LineString","coordinates":[[85.8429983,20.2485502],[85.8446348,20.2486232]]}},{"type":"Feature","properties":{"highway":"residential","name":null,"surface":null,"lanes":null,"web_layer_source":"F:/datasets/layers/all_highway.geojson"},"geometry":{"type":"LineString","coordinates":[[85.82799,20.27353],[85.82672,20.2728]]}},{"type":"Feature","properties":{"highway":"residential","name":null,"surface":null,"lanes":null,"web_layer_source":"F:/datasets/layers/all_highway.geojson"},"geometry":{"type":"LineString","coordinates":[[85.84106,20.2892934],[85.8411172,20.2888297],[85.8411573,20.2885032],[85.8412002,20.2881536],[85.8412122,20.2880562],[85.8412486,20.2877598],[85.8413057,20.2872929]]}},{"type":"Feature","properties":{"highway":"residential","name":null,"surface":null,"lanes":null,"web_layer_source":"F:/datasets/layers/all_highway.geojson"},"geometry":{"type":"LineString","coordinates":[[85.83584,20.25984],[85.8362407,20.2595764]]}},{"type":"Feature","properties":{"highway":"residential","name":null,"surface":null,"lanes":null,"web_layer_source":"F:/datasets/layers/all_highway.geojson"},"geometry":{"type":"LineString","coordinates":[[85.842995,20.2495202],[85.84357,20.24954],[85.844595,20.2495624]]}},{"type":"Feature","properties":{"highway":"residential","name":null,"surface":null,"lanes":null,"web_layer_source":"F:/datasets/layers/all_highway.geojson"},"geometry":{"type":"LineString","coordinates":[[85.8154537,20.2666568],[85.81666,20.26589],[85.8170543,20.2656967]]}},{"type":"Feature","properties":{"highway":"residential","name":null,"surface":null,"lanes":null,"web_layer_source":"F:/datasets/layers/all_highway.geojson"},"geometry":{"type":"LineString","coordinates":[[85.82889,20.27323],[85.8282188,20.2721474]]}},{"type":"Feature","properties":{"highway":"residential","name":null,"surface":null,"lanes":null,"web_layer_source":"F:/datasets/layers/all_highway.geojson"},"geometry":{"type":"LineString","coordinates":[[85.8381115,20.2945296],[85.838187,20.294115],[85.8382138,20.2939461],[85.8382664,20.2936458],[85.8382789,20.2935573],[85.8383204,20.2932591],[85.8383425,20.2930999],[85.8383663,20.2929314],[85.8384131,20.2926001],[85.8385022,20.291964],[85.8385578,20.2915924],[85.8386012,20.2912576],[85.8386094,20.2911986],[85.8386415,20.2909701],[85.8386717,20.2907541],[85.8386887,20.2906334],[85.8387357,20.2902981],[85.8387915,20.2898998],[85.8388564,20.2894369],[85.8389126,20.2890359],[85.8389804,20.288552],[85.8390242,20.2882392],[85.8390552,20.2880181],[85.8390884,20.2877815],[85.8391302,20.2874834],[85.8391437,20.2870272]]}},{"type":"Feature","properties":{"highway":"residential","name":null,"surface":null,"lanes":null,"web_layer_source":"F:/datasets/layers/all_highway.geojson"},"geometry":{"type":"LineString","coordinates":[[85.8108121,20.2670091],[85.8105891,20.2663864],[85.8105059,20.2659967],[85.8104194,20.2655918],[85.8102914,20.2650364],[85.8102703,20.2649214],[85.8099614,20.2634066],[85.809718,20.2627403],[85.8093347,20.261691],[85.8090694,20.2609437]]}},{"type":"Feature","properties":{"highway":"residential","name":null,"surface":null,"lanes":null,"web_layer_source":"F:/datasets/layers/all_highway.geojson"},"geometry":{"type":"LineString","coordinates":[[85.84204,20.2476537],[85.84202,20.24817]]}},{"type":"Feature","properties":{"highway":"residential","name":null,"surface":null,"lanes":null,"web_layer_source":"F:/datasets/layers/all_highway.geojson"},"geometry":{"type":"LineString","coordinates":[[85.83565,20.25958],[85.836033,20.2593223]]}},{"type":"Feature","properties":{"highway":"residential","name":null,"surface":null,"lanes":null,"web_layer_source":"F:/datasets/layers/all_highway.geojson"},"geometry":{"type":"LineString","coordinates":[[85.8158773,20.2672755],[85.8173769,20.266378]]}},{"type":"Feature","properties":{"highway":"residential","name":null,"surface":null,"lanes":null,"web_layer_source":"F:/datasets/layers/all_highway.geojson"},"geometry":{"type":"LineString","coordinates":[[85.8326819,20.2808146],[85.8326784,20.2806627],[85.8326408,20.2801995]]}},{"type":"Feature","properties":{"highway":"residential","name":null,"surface":null,"lanes":null,"web_layer_source":"F:/datasets/layers/all_highway.geojson"},"geometry":{"type":"LineString","coordinates":[[85.8277597,20.2748216],[85.8273349,20.2737648]]}},{"type":"Feature","properties":{"highway":"residential","name":null,"surface":"asphalt","lanes":null,"web_layer_source":"F:/datasets/layers/all_highway.geojson"},"geometry":{"type":"LineString","coordinates":[[85.8336512,20.294],[85.8339333,20.2940416],[85.8340279,20.2940539],[85.8345512,20.2941218],[85.8353914,20.2942305],[85.8363086,20.2943492],[85.8366479,20.2943895],[85.8371098,20.2944552],[85.8371881,20.294463],[85.8379111,20.2945151],[85.8381115,20.2945296],[85.8392204,20.2946315],[85.8397806,20.2946841],[85.8403469,20.2948036],[85.8406591,20.2948512],[85.8407177,20.2948591],[85.8420543,20.2950392]]}},{"type":"Feature","properties":{"highway":"residential","name":null,"surface":null,"lanes":null,"web_layer_source":"F:/datasets/layers/all_highway.geojson"},"geometry":{"type":"LineString","coordinates":[[85.8412807,20.24817],[85.84202,20.24817],[85.8422168,20.24817],[85.8429995,20.2481702]]}},{"type":"Feature","properties":{"highway":"residential","name":null,"surface":null,"lanes":null,"web_layer_source":"F:/datasets/layers/all_highway.geojson"},"geometry":{"type":"LineString","coordinates":[[85.8350346,20.2594503],[85.8352386,20.2593183],[85.8357418,20.2589587]]}},{"type":"Feature","properties":{"highway":"residential","name":null,"surface":null,"lanes":null,"web_layer_source":"F:/datasets/layers/all_highway.geojson"},"geometry":{"type":"LineString","coordinates":[[85.8161985,20.2677447],[85.8178307,20.2673364]]}},{"type":"Feature","properties":{"highway":"residential","name":null,"surface":null,"lanes":null,"web_layer_source":"F:/datasets/layers/all_highway.geojson"},"geometry":{"type":"LineString","coordinates":[[85.8341747,20.2902754],[85.8350654,20.2903822],[85.8360927,20.290487],[85.8366406,20.2905448],[85.837287,20.2906048],[85.837762,20.2906604],[85.8383274,20.2907186],[85.8386717,20.2907541]]}},{"type":"Feature","properties":{"highway":"residential","name":null,"surface":null,"lanes":null,"web_layer_source":"F:/datasets/layers/all_highway.geojson"},"geometry":{"type":"LineString","coordinates":[[85.8430014,20.2476546],[85.8429995,20.2481702],[85.8429983,20.2485502],[85.8429979,20.2486642],[85.842995,20.2495202],[85.8429927,20.250103]]}},{"type":"Feature","properties":{"highway":"residential","name":null,"surface":null,"lanes":null,"web_layer_source":"F:/datasets/layers/all_highway.geojson"},"geometry":{"type":"LineString","coordinates":[[85.8357197,20.2603201],[85.8358876,20.2601817],[85.8364347,20.2598342]]}},{"type":"Feature","properties":{"highway":"residential","name":null,"surface":null,"lanes":null,"web_layer_source":"F:/datasets/layers/all_highway.geojson"},"geometry":{"type":"LineString","coordinates":[[85.8261773,20.2741626],[85.8273349,20.2737648],[85.82799,20.27353],[85.82889,20.27323],[85.8301804,20.2727818],[85.8302218,20.2726869],[85.8301466,20.272458],[85.8301681,20.2722651],[85.8301106,20.2721443],[85.8296991,20.2712809],[85.829545,20.2711715]]}},{"type":"Feature","properties":{"highway":"residential","name":null,"surface":"asphalt","lanes":null,"web_layer_source":"F:/datasets/layers/all_highway.geojson"},"geometry":{"type":"LineString","coordinates":[[85.8344096,20.288464],[85.8350541,20.2885494],[85.8353365,20.2886071],[85.8362884,20.2887213],[85.8364204,20.2887371],[85.8368105,20.2887839],[85.8375355,20.2888708],[85.8377701,20.2888989],[85.8389126,20.2890359],[85.84106,20.2892934],[85.842543,20.2894713],[85.8427533,20.2894965]]}},{"type":"Feature","properties":{"highway":"residential","name":null,"surface":null,"lanes":null,"web_layer_source":"F:/datasets/layers/all_highway.geojson"},"geometry":{"type":"LineString","coordinates":[[85.8329091,20.262668],[85.8336511,20.2636725]]}},{"type":"Feature","properties":{"highway":"residential","name":null,"surface":null,"lanes":null,"web_layer_source":"F:/datasets/layers/all_highway.geojson"},"geometry":{"type":"LineString","coordinates":[[85.8296436,20.2796523],[85.8309019,20.2795998],[85.8328448,20.2795159]]}},{"type":"Feature","properties":{"highway":"residential","name":null,"surface":null,"lanes":null,"web_layer_source":"F:/datasets/layers/all_highway.geojson"},"geometry":{"type":"LineString","coordinates":[[85.8412804,20.247653],[85.84204,20.2476537],[85.84236,20.247654],[85.8430014,20.2476546],[85.8446681,20.2476561]]}},{"type":"Feature","properties":{"highway":"residential","name":null,"surface":null,"lanes":null,"web_layer_source":"F:/datasets/layers/all_highway.geojson"},"geometry":{"type":"LineString","coordinates":[[85.8154537,20.2666568],[85.8157472,20.2670855],[85.8158773,20.2672755],[85.8160529,20.2675321],[85.8161985,20.2677447],[85.8166266,20.2683701]]}},{"type":"Feature","properties":{"highway":"residential","name":null,"surface":null,"lanes":null,"web_layer_source":"F:/datasets/layers/all_highway.geojson"},"geometry":{"type":"LineString","coordinates":[[85.8360493,20.2607444],[85.8362052,20.2606],[85.8367216,20.2602072]]}},{"type":"Feature","properties":{"highway":"residential","name":null,"surface":null,"lanes":null,"web_layer_source":"F:/datasets/layers/all_highway.geojson"},"geometry":{"type":"LineString","coordinates":[[85.8266012,20.2752293],[85.8261773,20.2741626],[85.826012,20.27422],[85.8251214,20.2745296]]}},{"type":"Feature","properties":{"highway":"residential","name":null,"surface":null,"lanes":null,"web_layer_source":"F:/datasets/layers/all_highway.geojson"},"geometry":{"type":"LineString","coordinates":[[85.8429946,20.2505617],[85.8435461,20.250559],[85.8445514,20.250593]]}},{"type":"Feature","properties":{"highway":"residential","name":null,"surface":null,"lanes":null,"web_layer_source":"F:/datasets/layers/all_highway.geojson"},"geometry":{"type":"LineString","coordinates":[[85.8323457,20.2630565],[85.83313,20.2640269]]}},{"type":"Feature","properties":{"highway":"residential","name":null,"surface":null,"lanes":null,"web_layer_source":"F:/datasets/layers/all_highway.geojson"},"geometry":{"type":"LineString","coordinates":[[85.8174619,20.2665575],[85.8186871,20.2661062]]}},{"type":"Feature","properties":{"highway":"residential","name":null,"surface":null,"lanes":null,"web_layer_source":"F:/datasets/layers/all_highway.geojson"},"geometry":{"type":"LineString","coordinates":[[85.8368065,20.2611182],[85.8371785,20.2608058]]}},{"type":"Feature","properties":{"highway":"residential","name":null,"surface":null,"lanes":null,"web_layer_source":"F:/datasets/layers/all_highway.geojson"},"geometry":{"type":"LineString","coordinates":[[85.8430073,20.2510441],[85.84352,20.25104],[85.8445311,20.2510723]]}},{"type":"Feature","properties":{"highway":"residential","name":null,"surface":null,"lanes":null,"web_layer_source":"F:/datasets/layers/all_highway.geojson"},"geometry":{"type":"LineString","coordinates":[[85.8282203,20.2688959],[85.83056,20.2675]]}},{"type":"Feature","properties":{"highway":"residential","name":"Road No 36","surface":null,"lanes":null,"web_layer_source":"F:/datasets/layers/all_highway.geojson"},"geometry":{"type":"LineString","coordinates":[[85.8304462,20.2649586],[85.83161,20.26411]]}},{"type":"Feature","properties":{"highway":"residential","name":null,"surface":null,"lanes":null,"web_layer_source":"F:/datasets/layers/all_highway.geojson"},"geometry":{"type":"LineString","coordinates":[[85.8295939,20.2792271],[85.8308891,20.2791883],[85.8324032,20.2791493],[85.8328054,20.2791314]]}},{"type":"Feature","properties":{"highway":"tertiary","name":"DAV - Power House Road","surface":null,"lanes":null,"web_layer_source":"F:/datasets/layers/all_highway.geojson"},"geometry":{"type":"LineString","coordinates":[[85.8177926,20.2758697],[85.8178807,20.27592],[85.81819,20.2760966],[85.8185332,20.2762913],[85.8186821,20.2763075],[85.8188389,20.2762832],[85.81907,20.2761887],[85.8197894,20.2758586],[85.8200229,20.2757612],[85.8215574,20.2750943],[85.8225733,20.2746647],[85.8242545,20.2739543],[85.8244279,20.2738848],[85.8246399,20.2738073]]}},{"type":"Feature","properties":{"highway":"residential","name":null,"surface":null,"lanes":null,"web_layer_source":"F:/datasets/layers/all_highway.geojson"},"geometry":{"type":"LineString","coordinates":[[85.8177295,20.2671227],[85.8182,20.2669]]}},{"type":"Feature","properties":{"highway":"residential","name":null,"surface":null,"lanes":null,"web_layer_source":"F:/datasets/layers/all_highway.geojson"},"geometry":{"type":"LineString","coordinates":[[85.8435624,20.2501102],[85.8435461,20.250559],[85.84352,20.25104]]}},{"type":"Feature","properties":{"highway":"residential","name":null,"surface":null,"lanes":null,"web_layer_source":"F:/datasets/layers/all_highway.geojson"},"geometry":{"type":"LineString","coordinates":[[85.8313128,20.2637612],[85.83161,20.26411],[85.8321061,20.2647142]]}},{"type":"Feature","properties":{"highway":"residential","name":null,"surface":null,"lanes":null,"web_layer_source":"F:/datasets/layers/all_highway.geojson"},"geometry":{"type":"LineString","coordinates":[[85.8312375,20.2785735],[85.831244,20.2780926]]}},{"type":"Feature","properties":{"highway":"residential","name":null,"surface":null,"lanes":null,"web_layer_source":"F:/datasets/layers/all_highway.geojson"},"geometry":{"type":"LineString","coordinates":[[85.8429927,20.250103],[85.8429946,20.2505617],[85.8430073,20.2510441],[85.8430141,20.2514984]]}},{"type":"Feature","properties":{"highway":"residential","name":null,"surface":null,"lanes":null,"web_layer_source":"F:/datasets/layers/all_highway.geojson"},"geometry":{"type":"LineString","coordinates":[[85.8172527,20.2661156],[85.8177603,20.2659217],[85.8178145,20.265896],[85.8178289,20.2658673],[85.8178217,20.2658234],[85.8176995,20.2655472]]}},{"type":"Feature","properties":{"highway":"residential","name":null,"surface":null,"lanes":null,"web_layer_source":"F:/datasets/layers/all_highway.geojson"},"geometry":{"type":"LineString","coordinates":[[85.8371785,20.2608058],[85.8381151,20.2600592]]}},{"type":"Feature","properties":{"highway":"residential","name":null,"surface":null,"lanes":null,"web_layer_source":"F:/datasets/layers/all_highway.geojson"},"geometry":{"type":"LineString","coordinates":[[85.8408828,20.2767204],[85.84024,20.27681],[85.8400425,20.2757]]}},{"type":"Feature","properties":{"highway":"residential","name":null,"surface":null,"lanes":null,"web_layer_source":"F:/datasets/layers/all_highway.geojson"},"geometry":{"type":"LineString","coordinates":[[85.8323125,20.2767508],[85.8327615,20.2767378],[85.832793,20.2772689],[85.8323271,20.277289]]}},{"type":"Feature","properties":{"highway":"residential","name":null,"surface":null,"lanes":null,"web_layer_source":"F:/datasets/layers/all_highway.geojson"},"geometry":{"type":"LineString","coordinates":[[85.8429979,20.2486642],[85.842417,20.2486633]]}},{"type":"Feature","properties":{"highway":"residential","name":null,"surface":null,"lanes":null,"web_layer_source":"F:/datasets/layers/all_highway.geojson"},"geometry":{"type":"LineString","coordinates":[[85.8367216,20.2602072],[85.8377269,20.2595847]]}},{"type":"Feature","properties":{"highway":"residential","name":null,"surface":null,"lanes":null,"web_layer_source":"F:/datasets/layers/all_highway.geojson"},"geometry":{"type":"LineString","coordinates":[[85.8180403,20.267779],[85.8193046,20.2674016]]}},{"type":"Feature","properties":{"highway":"residential","name":null,"surface":null,"lanes":null,"web_layer_source":"F:/datasets/layers/all_highway.geojson"},"geometry":{"type":"LineString","coordinates":[[85.84024,20.27681],[85.839633,20.276879],[85.8395794,20.2768257],[85.8395431,20.2767435],[85.8394086,20.27581]]}},{"type":"Feature","properties":{"highway":"residential","name":null,"surface":null,"lanes":null,"web_layer_source":"F:/datasets/layers/all_highway.geojson"},"geometry":{"type":"LineString","coordinates":[[85.8314185,20.2630866],[85.833123,20.2618777]]}},{"type":"Feature","properties":{"highway":"residential","name":null,"surface":null,"lanes":null,"web_layer_source":"F:/datasets/layers/all_highway.geojson"},"geometry":{"type":"LineString","coordinates":[[85.836033,20.2593223],[85.8370524,20.2585756]]}},{"type":"Feature","properties":{"highway":"residential","name":null,"surface":null,"lanes":null,"web_layer_source":"F:/datasets/layers/all_highway.geojson"},"geometry":{"type":"LineString","coordinates":[[85.8411755,20.25008],[85.8412658,20.2500811],[85.8420186,20.2500907],[85.8429927,20.250103],[85.8435624,20.2501102],[85.8445713,20.250123]]}},{"type":"Feature","properties":{"highway":"residential","name":null,"surface":null,"lanes":null,"web_layer_source":"F:/datasets/layers/all_highway.geojson"},"geometry":{"type":"LineString","coordinates":[[85.8423179,20.2514868],[85.8422776,20.2521733]]}},{"type":"Feature","properties":{"highway":"residential","name":null,"surface":null,"lanes":null,"web_layer_source":"F:/datasets/layers/all_highway.geojson"},"geometry":{"type":"LineString","coordinates":[[85.8357418,20.2589587],[85.8368217,20.2582072]]}},{"type":"Feature","properties":{"highway":"unclassified","name":null,"surface":null,"lanes":null,"web_layer_source":"F:/datasets/layers/all_highway.geojson"},"geometry":{"type":"LineString","coordinates":[[85.8421398,20.2753307],[85.8417296,20.2738356],[85.8414511,20.2728139]]}},{"type":"Feature","properties":{"highway":"residential","name":null,"surface":null,"lanes":null,"web_layer_source":"F:/datasets/layers/all_highway.geojson"},"geometry":{"type":"LineString","coordinates":[[85.8311481,20.2627071],[85.8328381,20.2614937]]}},{"type":"Feature","properties":{"highway":"residential","name":null,"surface":null,"lanes":null,"web_layer_source":"F:/datasets/layers/all_highway.geojson"},"geometry":{"type":"LineString","coordinates":[[85.8322974,20.2763459],[85.8323125,20.2767508],[85.8323187,20.2770504],[85.8323271,20.277289],[85.8323688,20.2780666],[85.8323912,20.2785319]]}},{"type":"Feature","properties":{"highway":"residential","name":null,"surface":null,"lanes":null,"web_layer_source":"F:/datasets/layers/all_highway.geojson"},"geometry":{"type":"LineString","coordinates":[[85.8354059,20.2584969],[85.8365071,20.2577485]]}},{"type":"Feature","properties":{"highway":"residential","name":null,"surface":null,"lanes":null,"web_layer_source":"F:/datasets/layers/all_highway.geojson"},"geometry":{"type":"LineString","coordinates":[[85.844512,20.2515234],[85.8430141,20.2514984],[85.8423179,20.2514868],[85.8419929,20.2514814],[85.8412498,20.251469]]}},{"type":"Feature","properties":{"highway":"unclassified","name":null,"surface":null,"lanes":null,"web_layer_source":"F:/datasets/layers/all_highway.geojson"},"geometry":{"type":"LineString","coordinates":[[85.8413937,20.27546],[85.8406759,20.2730381]]}},{"type":"Feature","properties":{"highway":"residential","name":null,"surface":null,"lanes":null,"web_layer_source":"F:/datasets/layers/all_highway.geojson"},"geometry":{"type":"LineString","coordinates":[[85.8325262,20.2611229],[85.8328381,20.2614937],[85.833123,20.2618777],[85.8334423,20.2623083]]}},{"type":"Feature","properties":{"highway":"residential","name":null,"surface":null,"lanes":null,"web_layer_source":"F:/datasets/layers/all_highway.geojson"},"geometry":{"type":"LineString","coordinates":[[85.8432146,20.2521744],[85.8431597,20.2533969],[85.8444349,20.2533428]]}},{"type":"Feature","properties":{"highway":"residential","name":null,"surface":null,"lanes":null,"web_layer_source":"F:/datasets/layers/all_highway.geojson"},"geometry":{"type":"LineString","coordinates":[[85.8536582,20.2815282],[85.8530645,20.2816815],[85.8525901,20.2818124],[85.8521135,20.2819706],[85.8517547,20.2820631],[85.8515095,20.2821008],[85.851275,20.2821123],[85.851256,20.2821135],[85.8510254,20.2821283]]}},{"type":"Feature","properties":{"highway":"residential","name":null,"surface":null,"lanes":null,"web_layer_source":"F:/datasets/layers/all_highway.geojson"},"geometry":{"type":"LineString","coordinates":[[85.8350734,20.2580421],[85.8361674,20.2572732]]}},{"type":"Feature","properties":{"highway":"residential","name":null,"surface":null,"lanes":null,"web_layer_source":"F:/datasets/layers/all_highway.geojson"},"geometry":{"type":"LineString","coordinates":[[85.8391991,20.2758355],[85.8394086,20.27581],[85.8397339,20.2757515],[85.8400425,20.2757],[85.8401896,20.2756713],[85.84067,20.27559],[85.8410014,20.2755349],[85.8413937,20.27546],[85.8421398,20.2753307],[85.8428016,20.2751991],[85.8431174,20.2751383]]}},{"type":"Feature","properties":{"highway":"residential","name":null,"surface":null,"lanes":null,"web_layer_source":"F:/datasets/layers/all_highway.geojson"},"geometry":{"type":"LineString","coordinates":[[85.834205,20.2624408],[85.8354782,20.2615944]]}},{"type":"Feature","properties":{"highway":"residential","name":null,"surface":null,"lanes":null,"web_layer_source":"F:/datasets/layers/all_highway.geojson"},"geometry":{"type":"LineString","coordinates":[[85.8412184,20.2521611],[85.8422776,20.2521733],[85.8432146,20.2521744],[85.844484,20.2521831]]}},{"type":"Feature","properties":{"highway":"residential","name":null,"surface":null,"lanes":null,"web_layer_source":"F:/datasets/layers/all_highway.geojson"},"geometry":{"type":"LineString","coordinates":[[85.8505885,20.2822337],[85.849778,20.2824839]]}},{"type":"Feature","properties":{"highway":"residential","name":null,"surface":null,"lanes":null,"web_layer_source":"F:/datasets/layers/all_highway.geojson"},"geometry":{"type":"LineString","coordinates":[[85.832527,20.2762367],[85.83292,20.2763546],[85.833158,20.276451],[85.8334498,20.2766065]]}},{"type":"Feature","properties":{"highway":"residential","name":null,"surface":null,"lanes":null,"web_layer_source":"F:/datasets/layers/all_highway.geojson"},"geometry":{"type":"LineString","coordinates":[[85.8427135,20.2555237],[85.8433932,20.2555268],[85.8443284,20.255566]]}},{"type":"Feature","properties":{"highway":"residential","name":null,"surface":null,"lanes":null,"web_layer_source":"F:/datasets/layers/all_highway.geojson"},"geometry":{"type":"LineString","coordinates":[[85.8347031,20.2575782],[85.8358476,20.2568119]]}},{"type":"Feature","properties":{"highway":"unclassified","name":null,"surface":null,"lanes":null,"web_layer_source":"F:/datasets/layers/all_highway.geojson"},"geometry":{"type":"LineString","coordinates":[[85.8391991,20.2758355],[85.8390691,20.2752633],[85.8389479,20.2747234],[85.8387615,20.2741691],[85.8385918,20.2736409]]}},{"type":"Feature","properties":{"highway":"residential","name":null,"surface":null,"lanes":null,"web_layer_source":"F:/datasets/layers/all_highway.geojson"},"geometry":{"type":"LineString","coordinates":[[85.8314185,20.2630866],[85.8317365,20.2634902],[85.8323457,20.2630565],[85.8329091,20.262668],[85.8334423,20.2623083],[85.8338787,20.2620021]]}},{"type":"Feature","properties":{"highway":"residential","name":null,"surface":null,"lanes":null,"web_layer_source":"F:/datasets/layers/all_highway.geojson"},"geometry":{"type":"LineString","coordinates":[[85.8440472,20.2565996],[85.8437537,20.2562302]]}},{"type":"Feature","properties":{"highway":"residential","name":null,"surface":null,"lanes":null,"web_layer_source":"F:/datasets/layers/all_highway.geojson"},"geometry":{"type":"LineString","coordinates":[[85.8481814,20.2822843],[85.8480902,20.2820143]]}},{"type":"Feature","properties":{"highway":"residential","name":null,"surface":null,"lanes":null,"web_layer_source":"F:/datasets/layers/all_highway.geojson"},"geometry":{"type":"LineString","coordinates":[[85.8344132,20.2572012],[85.8355622,20.2564036]]}},{"type":"Feature","properties":{"highway":"residential","name":null,"surface":null,"lanes":null,"web_layer_source":"F:/datasets/layers/all_highway.geojson"},"geometry":{"type":"LineString","coordinates":[[85.8335969,20.261637],[85.8348242,20.2607689]]}},{"type":"Feature","properties":{"highway":"residential","name":null,"surface":null,"lanes":null,"web_layer_source":"F:/datasets/layers/all_highway.geojson"},"geometry":{"type":"LineString","coordinates":[[85.8341365,20.2568537],[85.8352988,20.2560283]]}},{"type":"Feature","properties":{"highway":"residential","name":null,"surface":null,"lanes":null,"web_layer_source":"F:/datasets/layers/all_highway.geojson"},"geometry":{"type":"LineString","coordinates":[[85.8284684,20.2782587],[85.8294383,20.2782446]]}},{"type":"Feature","properties":{"highway":"residential","name":null,"surface":null,"lanes":null,"web_layer_source":"F:/datasets/layers/all_highway.geojson"},"geometry":{"type":"LineString","coordinates":[[85.849778,20.2824839],[85.8485506,20.2827772],[85.8477031,20.2830339],[85.8473705,20.2831632]]}},{"type":"Feature","properties":{"highway":"residential","name":null,"surface":null,"lanes":null,"web_layer_source":"F:/datasets/layers/all_highway.geojson"},"geometry":{"type":"LineString","coordinates":[[85.8339988,20.2566823],[85.8351515,20.2558185]]}},{"type":"Feature","properties":{"highway":"residential","name":null,"surface":null,"lanes":null,"web_layer_source":"F:/datasets/layers/all_highway.geojson"},"geometry":{"type":"LineString","coordinates":[[85.8410097,20.2773434],[85.8408828,20.2767204],[85.84067,20.27559]]}},{"type":"Feature","properties":{"highway":"residential","name":null,"surface":null,"lanes":null,"web_layer_source":"F:/datasets/layers/all_highway.geojson"},"geometry":{"type":"LineString","coordinates":[[85.8332875,20.2612365],[85.8345098,20.2603586]]}},{"type":"Feature","properties":{"highway":"residential","name":null,"surface":null,"lanes":null,"web_layer_source":"F:/datasets/layers/all_highway.geojson"},"geometry":{"type":"LineString","coordinates":[[85.8284516,20.2778316],[85.8284684,20.2782587],[85.8284768,20.2786123]]}},{"type":"Feature","properties":{"highway":"residential","name":null,"surface":null,"lanes":null,"web_layer_source":"F:/datasets/layers/all_highway.geojson"},"geometry":{"type":"LineString","coordinates":[[85.84165,20.27729],[85.8413937,20.27546]]}},{"type":"Feature","properties":{"highway":"residential","name":null,"surface":null,"lanes":null,"web_layer_source":"F:/datasets/layers/all_highway.geojson"},"geometry":{"type":"LineString","coordinates":[[85.84273,20.25497],[85.8443491,20.2550063]]}},{"type":"Feature","properties":{"highway":"residential","name":null,"surface":null,"lanes":null,"web_layer_source":"F:/datasets/layers/all_highway.geojson"},"geometry":{"type":"LineString","coordinates":[[85.8450509,20.2817894],[85.8439844,20.2816921]]}},{"type":"Feature","properties":{"highway":"residential","name":null,"surface":null,"lanes":null,"web_layer_source":"F:/datasets/layers/all_highway.geojson"},"geometry":{"type":"LineString","coordinates":[[85.8338687,20.2565134],[85.8350325,20.2556684]]}},{"type":"Feature","properties":{"highway":"residential","name":null,"surface":null,"lanes":null,"web_layer_source":"F:/datasets/layers/all_highway.geojson"},"geometry":{"type":"LineString","coordinates":[[85.8329679,20.2608262],[85.8332875,20.2612365],[85.8335969,20.261637],[85.8338787,20.2620021]]}},{"type":"Feature","properties":{"highway":"residential","name":null,"surface":null,"lanes":null,"web_layer_source":"F:/datasets/layers/all_highway.geojson"},"geometry":{"type":"LineString","coordinates":[[85.8424794,20.2772046],[85.8422424,20.2759081],[85.8421848,20.2755254],[85.8421398,20.2753307]]}},{"type":"Feature","properties":{"highway":"residential","name":null,"surface":null,"lanes":null,"web_layer_source":"F:/datasets/layers/all_highway.geojson"},"geometry":{"type":"LineString","coordinates":[[85.82876,20.27918],[85.8287231,20.278602]]}},{"type":"Feature","properties":{"highway":"residential","name":null,"surface":null,"lanes":null,"web_layer_source":"F:/datasets/layers/all_highway.geojson"},"geometry":{"type":"LineString","coordinates":[[85.8427321,20.2545049],[85.84273,20.25497],[85.8427218,20.2552439],[85.8427135,20.2555237],[85.8426896,20.2562627],[85.8426694,20.25673],[85.8427117,20.2569418],[85.8427142,20.2571226],[85.8427131,20.257257],[85.8428013,20.2573821],[85.8429101,20.2575332],[85.8433993,20.2571345],[85.8435489,20.2570079],[85.8440472,20.2565996],[85.8442866,20.2563588]]}},{"type":"Feature","properties":{"highway":"residential","name":null,"surface":null,"lanes":null,"web_layer_source":"F:/datasets/layers/all_highway.geojson"},"geometry":{"type":"LineString","coordinates":[[85.8462267,20.2819226],[85.8460932,20.2812474]]}},{"type":"Feature","properties":{"highway":"residential","name":null,"surface":null,"lanes":null,"web_layer_source":"F:/datasets/layers/all_highway.geojson"},"geometry":{"type":"LineString","coordinates":[[85.8317365,20.2634902],[85.8324884,20.2644548]]}},{"type":"Feature","properties":{"highway":"residential","name":null,"surface":null,"lanes":null,"web_layer_source":"F:/datasets/layers/all_highway.geojson"},"geometry":{"type":"LineString","coordinates":[[85.8335657,20.25614],[85.8339188,20.2558761],[85.8347331,20.2552647]]}},{"type":"Feature","properties":{"highway":"residential","name":null,"surface":null,"lanes":null,"web_layer_source":"F:/datasets/layers/all_highway.geojson"},"geometry":{"type":"LineString","coordinates":[[85.8425869,20.2780432],[85.8424794,20.2772046]]}},{"type":"Feature","properties":{"highway":"residential","name":null,"surface":null,"lanes":null,"web_layer_source":"F:/datasets/layers/all_highway.geojson"},"geometry":{"type":"LineString","coordinates":[[85.8307999,20.262327],[85.8308371,20.2623011],[85.8325262,20.2611229],[85.8329679,20.2608262],[85.8341873,20.2599663]]}},{"type":"Feature","properties":{"highway":"residential","name":null,"surface":null,"lanes":null,"web_layer_source":"F:/datasets/layers/all_highway.geojson"},"geometry":{"type":"LineString","coordinates":[[85.84131,20.27731],[85.84165,20.27729],[85.8419401,20.2772649],[85.8424794,20.2772046],[85.84344,20.27707]]}},{"type":"Feature","properties":{"highway":"residential","name":null,"surface":null,"lanes":null,"web_layer_source":"F:/datasets/layers/all_highway.geojson"},"geometry":{"type":"LineString","coordinates":[[85.8277494,20.2808465],[85.8286501,20.280815],[85.8296654,20.2807569],[85.8309936,20.2807222],[85.831843,20.2806978],[85.8326784,20.2806627]]}},{"type":"Feature","properties":{"highway":"residential","name":null,"surface":null,"lanes":null,"web_layer_source":"F:/datasets/layers/all_highway.geojson"},"geometry":{"type":"LineString","coordinates":[[85.8450917,20.2805648],[85.8450894,20.2813596],[85.8450509,20.2817894],[85.8449959,20.2823524],[85.8449463,20.2829407]]}},{"type":"Feature","properties":{"highway":"residential","name":null,"surface":null,"lanes":null,"web_layer_source":"F:/datasets/layers/all_highway.geojson"},"geometry":{"type":"LineString","coordinates":[[85.8302586,20.2543014],[85.8309262,20.2536124],[85.8314845,20.2530579],[85.8315824,20.2529659],[85.8316024,20.2529474],[85.8316648,20.2528897],[85.831728,20.2528312],[85.8319207,20.2527342],[85.83217,20.25265],[85.83238,20.2525868],[85.8325739,20.2524913],[85.83275,20.25278],[85.833449,20.2536073],[85.833628,20.2538387],[85.8347331,20.2552647],[85.8350325,20.2556684],[85.8351515,20.2558185]]}},{"type":"Feature","properties":{"highway":"residential","name":null,"surface":null,"lanes":null,"web_layer_source":"F:/datasets/layers/all_highway.geojson"},"geometry":{"type":"LineString","coordinates":[[85.8292383,20.2634367],[85.8295973,20.2635924],[85.8298065,20.2636933],[85.83005,20.2637843],[85.8302623,20.2638363],[85.830422,20.2638548],[85.8306199,20.2638472],[85.830851,20.2638268],[85.8310804,20.2638043],[85.8313128,20.2637612]]}},{"type":"Feature","properties":{"highway":"residential","name":null,"surface":null,"lanes":null,"web_layer_source":"F:/datasets/layers/all_highway.geojson"},"geometry":{"type":"LineString","coordinates":[[85.8389934,20.2775871],[85.838684,20.2759388]]}},{"type":"Feature","properties":{"highway":"tertiary","name":"Gopabandhu - Governor House Road","surface":null,"lanes":null,"web_layer_source":"F:/datasets/layers/all_highway.geojson"},"geometry":{"type":"LineString","coordinates":[[85.8134551,20.2697939],[85.8136952,20.2697686],[85.8143293,20.269715],[85.8153826,20.2696086],[85.815622,20.2695632],[85.8164381,20.2694086],[85.816954,20.2692947],[85.8179763,20.2690708],[85.818406,20.2690449],[85.8185577,20.2690513],[85.8185965,20.269053],[85.819113,20.2691249],[85.81964,20.26924],[85.8202861,20.2694656],[85.8215069,20.2699828],[85.821612,20.2700104],[85.8217764,20.2700424]]}},{"type":"Feature","properties":{"highway":"residential","name":null,"surface":null,"lanes":null,"web_layer_source":"F:/datasets/layers/all_highway.geojson"},"geometry":{"type":"LineString","coordinates":[[85.8461093,20.2830521],[85.8461827,20.2824888],[85.8462267,20.2819226]]}},{"type":"Feature","properties":{"highway":"residential","name":null,"surface":null,"lanes":null,"web_layer_source":"F:/datasets/layers/all_highway.geojson"},"geometry":{"type":"LineString","coordinates":[[85.8299164,20.2771838],[85.8296314,20.2776044],[85.8295452,20.2778822],[85.8295204,20.2781578],[85.8295268,20.2782424],[85.8295573,20.2785644],[85.8295533,20.2786213]]}},{"type":"Feature","properties":{"highway":"residential","name":null,"surface":null,"lanes":null,"web_layer_source":"F:/datasets/layers/all_highway.geojson"},"geometry":{"type":"LineString","coordinates":[[85.8409153,20.2544773],[85.8410224,20.2544948],[85.8412545,20.2545162],[85.8427321,20.2545049],[85.8443849,20.2545217]]}},{"type":"Feature","properties":{"highway":"residential","name":null,"surface":null,"lanes":null,"web_layer_source":"F:/datasets/layers/all_highway.geojson"},"geometry":{"type":"LineString","coordinates":[[85.8322515,20.2544488],[85.833449,20.2536073]]}},{"type":"Feature","properties":{"highway":"residential","name":null,"surface":null,"lanes":null,"web_layer_source":"F:/datasets/layers/all_highway.geojson"},"geometry":{"type":"LineString","coordinates":[[85.83841,20.27765],[85.8381787,20.2760288]]}},{"type":"Feature","properties":{"highway":"residential","name":null,"surface":null,"lanes":null,"web_layer_source":"F:/datasets/layers/all_highway.geojson"},"geometry":{"type":"LineString","coordinates":[[85.8460923,20.2873198],[85.84633,20.28733],[85.84655,20.28731],[85.8469225,20.2872132],[85.84725,20.28701],[85.84749,20.28677],[85.84762,20.28658],[85.84775,20.28621],[85.84777,20.28602]]}},{"type":"Feature","properties":{"highway":"residential","name":null,"surface":null,"lanes":null,"web_layer_source":"F:/datasets/layers/all_highway.geojson"},"geometry":{"type":"LineString","coordinates":[[85.8472789,20.2825769],[85.8461827,20.2824888],[85.8449959,20.2823524]]}},{"type":"Feature","properties":{"highway":"residential","name":null,"surface":null,"lanes":null,"web_layer_source":"F:/datasets/layers/all_highway.geojson"},"geometry":{"type":"LineString","coordinates":[[85.8314507,20.254798],[85.8320979,20.2543031]]}},{"type":"Feature","properties":{"highway":"residential","name":null,"surface":null,"lanes":null,"web_layer_source":"F:/datasets/layers/all_highway.geojson"},"geometry":{"type":"LineString","coordinates":[[85.8344302,20.2755904],[85.8357625,20.2752012]]}},{"type":"Feature","properties":{"highway":"residential","name":null,"surface":null,"lanes":null,"web_layer_source":"F:/datasets/layers/all_highway.geojson"},"geometry":{"type":"LineString","coordinates":[[85.8473705,20.2831632],[85.8461093,20.2830521],[85.8456827,20.2830242],[85.8449463,20.2829407],[85.8438501,20.2828152]]}},{"type":"Feature","properties":{"highway":"residential","name":null,"surface":null,"lanes":null,"web_layer_source":"F:/datasets/layers/all_highway.geojson"},"geometry":{"type":"LineString","coordinates":[[85.8298059,20.2625381],[85.8299335,20.262659],[85.8300904,20.2627567],[85.8302374,20.2628248],[85.8303781,20.2628584],[85.8305199,20.2628755],[85.8306816,20.262869],[85.8308471,20.2628349],[85.8310003,20.2627823],[85.8311481,20.2627071]]}},{"type":"Feature","properties":{"highway":"residential","name":null,"surface":null,"lanes":null,"web_layer_source":"F:/datasets/layers/all_highway.geojson"},"geometry":{"type":"LineString","coordinates":[[85.8450917,20.2805648],[85.8439959,20.2806612]]}},{"type":"Feature","properties":{"highway":"residential","name":null,"surface":null,"lanes":null,"web_layer_source":"F:/datasets/layers/all_highway.geojson"},"geometry":{"type":"LineString","coordinates":[[85.8316024,20.2529474],[85.8317701,20.2537435],[85.8320979,20.2543031],[85.8322515,20.2544488],[85.8324348,20.2546684]]}},{"type":"Feature","properties":{"highway":"residential","name":null,"surface":"asphalt","lanes":null,"web_layer_source":"F:/datasets/layers/all_highway.geojson"},"geometry":{"type":"LineString","coordinates":[[85.8347386,20.276856],[85.8352343,20.2767461],[85.8360911,20.2765513]]}},{"type":"Feature","properties":{"highway":"residential","name":null,"surface":null,"lanes":null,"web_layer_source":"F:/datasets/layers/all_highway.geojson"},"geometry":{"type":"LineString","coordinates":[[85.8452783,20.2805454],[85.8451242,20.2789001]]}},{"type":"Feature","properties":{"highway":"unclassified","name":null,"surface":null,"lanes":null,"web_layer_source":"F:/datasets/layers/all_highway.geojson"},"geometry":{"type":"LineString","coordinates":[[85.8377207,20.2766537],[85.8376267,20.2761256],[85.83751,20.27561],[85.8373908,20.2751018],[85.8372489,20.2745998],[85.8370928,20.2740745]]}},{"type":"Feature","properties":{"highway":"residential","name":null,"surface":null,"lanes":null,"web_layer_source":"F:/datasets/layers/all_highway.geojson"},"geometry":{"type":"LineString","coordinates":[[85.8276908,20.2798488],[85.8286516,20.27982],[85.8296417,20.2797839]]}},{"type":"Feature","properties":{"highway":"residential","name":null,"surface":null,"lanes":null,"web_layer_source":"F:/datasets/layers/all_highway.geojson"},"geometry":{"type":"LineString","coordinates":[[85.8538771,20.287801],[85.8544963,20.2878746]]}},{"type":"Feature","properties":{"highway":"residential","name":null,"surface":null,"lanes":null,"web_layer_source":"F:/datasets/layers/all_highway.geojson"},"geometry":{"type":"LineString","coordinates":[[85.847781,20.2801723],[85.846777,20.27971],[85.8460995,20.2793828],[85.8451242,20.2789001],[85.8451166,20.2788257]]}},{"type":"Feature","properties":{"highway":"residential","name":null,"surface":null,"lanes":null,"web_layer_source":"F:/datasets/layers/all_highway.geojson"},"geometry":{"type":"LineString","coordinates":[[85.8271285,20.2775119],[85.8292485,20.2767295]]}},{"type":"Feature","properties":{"highway":"residential","name":null,"surface":null,"lanes":null,"web_layer_source":"F:/datasets/layers/all_highway.geojson"},"geometry":{"type":"LineString","coordinates":[[85.8471742,20.2820246],[85.8462267,20.2819226],[85.8450509,20.2817894]]}},{"type":"Feature","properties":{"highway":"residential","name":null,"surface":null,"lanes":null,"web_layer_source":"F:/datasets/layers/all_highway.geojson"},"geometry":{"type":"LineString","coordinates":[[85.8539517,20.2873129],[85.8545262,20.2873769]]}},{"type":"Feature","properties":{"highway":"residential","name":null,"surface":null,"lanes":null,"web_layer_source":"F:/datasets/layers/all_highway.geojson"},"geometry":{"type":"LineString","coordinates":[[85.8301554,20.2645936],[85.8313128,20.2637612],[85.8317365,20.2634902]]}},{"type":"Feature","properties":{"highway":"residential","name":null,"surface":null,"lanes":null,"web_layer_source":"F:/datasets/layers/all_highway.geojson"},"geometry":{"type":"LineString","coordinates":[[85.8361971,20.276933],[85.8366286,20.2768545],[85.837157,20.2767573],[85.8377207,20.2766537],[85.8379241,20.27771],[85.8381435,20.2776829],[85.83841,20.27765],[85.8387114,20.2776175],[85.8389934,20.2775871],[85.8393195,20.2775456],[85.8397081,20.277499],[85.8401292,20.2774485],[85.8410097,20.2773434],[85.84131,20.27731],[85.8413792,20.2778445]]}},{"type":"Feature","properties":{"highway":"residential","name":null,"surface":null,"lanes":null,"web_layer_source":"F:/datasets/layers/all_highway.geojson"},"geometry":{"type":"LineString","coordinates":[[85.8269629,20.2769151],[85.8290116,20.276197]]}},{"type":"Feature","properties":{"highway":"residential","name":null,"surface":null,"lanes":null,"web_layer_source":"F:/datasets/layers/all_highway.geojson"},"geometry":{"type":"LineString","coordinates":[[85.8471909,20.2821203],[85.8471742,20.2820246],[85.8471118,20.2815666],[85.8470288,20.2811369]]}},{"type":"Feature","properties":{"highway":"residential","name":null,"surface":null,"lanes":null,"web_layer_source":"F:/datasets/layers/all_highway.geojson"},"geometry":{"type":"LineString","coordinates":[[85.8538202,20.2882117],[85.8544327,20.2882767]]}},{"type":"Feature","properties":{"highway":"residential","name":null,"surface":null,"lanes":null,"web_layer_source":"F:/datasets/layers/all_highway.geojson"},"geometry":{"type":"LineString","coordinates":[[85.8360664,20.2764379],[85.8365339,20.2763562],[85.8370549,20.2762463],[85.8376267,20.2761256],[85.8378661,20.2760836],[85.8381787,20.2760288],[85.8384041,20.2759887],[85.838684,20.2759388],[85.8390416,20.2758656],[85.8391991,20.2758355]]}},{"type":"Feature","properties":{"highway":"residential","name":null,"surface":null,"lanes":null,"web_layer_source":"F:/datasets/layers/all_highway.geojson"},"geometry":{"type":"LineString","coordinates":[[85.8267801,20.2763027],[85.8269629,20.2769151],[85.8271285,20.2775119],[85.8272657,20.2781592]]}},{"type":"Feature","properties":{"highway":"residential","name":null,"surface":null,"lanes":null,"web_layer_source":"F:/datasets/layers/all_highway.geojson"},"geometry":{"type":"LineString","coordinates":[[85.8537518,20.2886202],[85.8543592,20.2886946]]}},{"type":"Feature","properties":{"highway":"residential","name":null,"surface":null,"lanes":null,"web_layer_source":"F:/datasets/layers/all_highway.geojson"},"geometry":{"type":"LineString","coordinates":[[85.8339988,20.2566823],[85.8341365,20.2568537],[85.8343062,20.2570735],[85.8344132,20.2572012],[85.8347031,20.2575782],[85.8350734,20.2580421],[85.8352331,20.2582718],[85.8354059,20.2584969],[85.8355657,20.2587057],[85.8357418,20.2589587],[85.836033,20.2593223],[85.8361806,20.2594975],[85.8362407,20.2595764],[85.836319,20.2596821],[85.8364347,20.2598342],[85.8365799,20.260023],[85.8367216,20.2602072],[85.8369317,20.2604796],[85.8371785,20.2608058],[85.837295,20.2609324]]}},{"type":"Feature","properties":{"highway":"residential","name":null,"surface":null,"lanes":null,"web_layer_source":"F:/datasets/layers/all_highway.geojson"},"geometry":{"type":"LineString","coordinates":[[85.8359426,20.275966],[85.83751,20.27561],[85.8378378,20.2755371],[85.838252,20.275445],[85.8390691,20.2752633]]}},{"type":"Feature","properties":{"highway":"residential","name":null,"surface":null,"lanes":null,"web_layer_source":"F:/datasets/layers/all_highway.geojson"},"geometry":{"type":"LineString","coordinates":[[85.8279853,20.258857],[85.8283338,20.2592908]]}},{"type":"Feature","properties":{"highway":"residential","name":null,"surface":null,"lanes":null,"web_layer_source":"F:/datasets/layers/all_highway.geojson"},"geometry":{"type":"LineString","coordinates":[[85.7952735,20.2784412],[85.7939669,20.2767882]]}},{"type":"Feature","properties":{"highway":"residential","name":null,"surface":null,"lanes":null,"web_layer_source":"F:/datasets/layers/all_highway.geojson"},"geometry":{"type":"LineString","coordinates":[[85.8358221,20.27549],[85.8373908,20.2751018],[85.8376979,20.2750272],[85.8381416,20.2749193],[85.8384552,20.2748431],[85.8389479,20.2747234]]}},{"type":"Feature","properties":{"highway":"residential","name":null,"surface":null,"lanes":null,"web_layer_source":"F:/datasets/layers/all_highway.geojson"},"geometry":{"type":"LineString","coordinates":[[85.8306108,20.2763163],[85.8307216,20.2766296]]}},{"type":"Feature","properties":{"highway":"residential","name":null,"surface":null,"lanes":null,"web_layer_source":"F:/datasets/layers/all_highway.geojson"},"geometry":{"type":"LineString","coordinates":[[85.8536936,20.2890005],[85.85425,20.28909]]}},{"type":"Feature","properties":{"highway":"residential","name":null,"surface":null,"lanes":null,"web_layer_source":"F:/datasets/layers/all_highway.geojson"},"geometry":{"type":"LineString","coordinates":[[85.7957855,20.2780152],[85.7944957,20.2765352]]}},{"type":"Feature","properties":{"highway":"residential","name":null,"surface":null,"lanes":null,"web_layer_source":"F:/datasets/layers/all_highway.geojson"},"geometry":{"type":"LineString","coordinates":[[85.8485158,20.2814116],[85.8471118,20.2815666]]}},{"type":"Feature","properties":{"highway":"residential","name":null,"surface":null,"lanes":null,"web_layer_source":"F:/datasets/layers/all_highway.geojson"},"geometry":{"type":"LineString","coordinates":[[85.8357194,20.2749924],[85.8372489,20.2745998],[85.8382984,20.274301],[85.8387615,20.2741691]]}},{"type":"Feature","properties":{"highway":"residential","name":null,"surface":null,"lanes":null,"web_layer_source":"F:/datasets/layers/all_highway.geojson"},"geometry":{"type":"LineString","coordinates":[[85.8291305,20.2764643],[85.8297933,20.2762324]]}},{"type":"Feature","properties":{"highway":"residential","name":null,"surface":null,"lanes":null,"web_layer_source":"F:/datasets/layers/all_highway.geojson"},"geometry":{"type":"LineString","coordinates":[[85.8533343,20.2883966],[85.8537783,20.2884471]]}},{"type":"Feature","properties":{"highway":"residential","name":null,"surface":"asphalt","lanes":null,"web_layer_source":"F:/datasets/layers/all_highway.geojson"},"geometry":{"type":"LineString","coordinates":[[85.8348297,20.2772602],[85.8358801,20.2770071],[85.8361971,20.276933]]}},{"type":"Feature","properties":{"highway":"residential","name":null,"surface":null,"lanes":null,"web_layer_source":"F:/datasets/layers/all_highway.geojson"},"geometry":{"type":"LineString","coordinates":[[85.8322161,20.2584845],[85.8320085,20.2589786]]}},{"type":"Feature","properties":{"highway":"residential","name":null,"surface":null,"lanes":null,"web_layer_source":"F:/datasets/layers/all_highway.geojson"},"geometry":{"type":"LineString","coordinates":[[85.8345401,20.276232],[85.8346105,20.2762139],[85.8350664,20.2760826],[85.8358951,20.275844]]}},{"type":"Feature","properties":{"highway":"residential","name":null,"surface":null,"lanes":null,"web_layer_source":"F:/datasets/layers/all_highway.geojson"},"geometry":{"type":"LineString","coordinates":[[85.7929671,20.280676],[85.7926575,20.280778],[85.7924492,20.2807975],[85.792379,20.2808041]]}},{"type":"Feature","properties":{"highway":"residential","name":null,"surface":null,"lanes":null,"web_layer_source":"F:/datasets/layers/all_highway.geojson"},"geometry":{"type":"LineString","coordinates":[[85.853223,20.28918],[85.8536603,20.2892187]]}},{"type":"Feature","properties":{"highway":"residential","name":null,"surface":null,"lanes":null,"web_layer_source":"F:/datasets/layers/all_highway.geojson"},"geometry":{"type":"LineString","coordinates":[[85.8509105,20.2816702],[85.8511243,20.2811783],[85.8513636,20.2806786],[85.851406,20.2806047],[85.8514415,20.280509],[85.8514571,20.280444],[85.8514748,20.2802849],[85.8514613,20.2801811],[85.8514484,20.2800762],[85.8514128,20.2796383]]}},{"type":"Feature","properties":{"highway":"residential","name":null,"surface":"asphalt","lanes":null,"web_layer_source":"F:/datasets/layers/all_highway.geojson"},"geometry":{"type":"LineString","coordinates":[[85.8348969,20.277962],[85.8349496,20.2779581],[85.8360373,20.2778547],[85.8363008,20.2778103]]}},{"type":"Feature","properties":{"highway":"residential","name":null,"surface":null,"lanes":null,"web_layer_source":"F:/datasets/layers/all_highway.geojson"},"geometry":{"type":"LineString","coordinates":[[85.8310902,20.2596891],[85.8313067,20.2587704],[85.8314053,20.2582393]]}},{"type":"Feature","properties":{"highway":"residential","name":null,"surface":null,"lanes":null,"web_layer_source":"F:/datasets/layers/all_highway.geojson"},"geometry":{"type":"LineString","coordinates":[[85.7929141,20.2813763],[85.7929341,20.2818527]]}},{"type":"Feature","properties":{"highway":"residential","name":null,"surface":null,"lanes":null,"web_layer_source":"F:/datasets/layers/all_highway.geojson"},"geometry":{"type":"LineString","coordinates":[[85.8315556,20.2598006],[85.8318756,20.2589405]]}},{"type":"Feature","properties":{"highway":"residential","name":null,"surface":null,"lanes":null,"web_layer_source":"F:/datasets/layers/all_highway.geojson"},"geometry":{"type":"LineString","coordinates":[[85.8530065,20.2902641],[85.8533038,20.290307],[85.8534651,20.2903289],[85.853877,20.2904105]]}},{"type":"Feature","properties":{"highway":"residential","name":null,"surface":null,"lanes":null,"web_layer_source":"F:/datasets/layers/all_highway.geojson"},"geometry":{"type":"LineString","coordinates":[[85.84009,20.27126],[85.8404887,20.2711149],[85.8408717,20.2709756]]}},{"type":"Feature","properties":{"highway":"residential","name":null,"surface":null,"lanes":null,"web_layer_source":"F:/datasets/layers/all_highway.geojson"},"geometry":{"type":"LineString","coordinates":[[85.7934946,20.2813572],[85.7929141,20.2813763],[85.79239,20.28141]]}},{"type":"Feature","properties":{"highway":"residential","name":null,"surface":null,"lanes":null,"web_layer_source":"F:/datasets/layers/all_highway.geojson"},"geometry":{"type":"LineString","coordinates":[[85.8327095,20.2587145],[85.8324315,20.2591555],[85.831956,20.2599691]]}},{"type":"Feature","properties":{"highway":"residential","name":null,"surface":null,"lanes":null,"web_layer_source":"F:/datasets/layers/all_highway.geojson"},"geometry":{"type":"LineString","coordinates":[[85.8292763,20.2767912],[85.8299393,20.2765378],[85.8306108,20.2763163],[85.8312073,20.2760871]]}},{"type":"Feature","properties":{"highway":"residential","name":null,"surface":null,"lanes":null,"web_layer_source":"F:/datasets/layers/all_highway.geojson"},"geometry":{"type":"LineString","coordinates":[[85.8509105,20.2816702],[85.8507281,20.2817479],[85.8499295,20.2820629],[85.849842,20.2820739],[85.8497729,20.28206],[85.849726,20.2820429],[85.8496553,20.2820174],[85.8495484,20.2819749],[85.8493491,20.281933],[85.849144,20.2819155],[85.8490037,20.2819135],[85.8486996,20.2819362],[85.8480902,20.2820143],[85.8471909,20.2821203]]}},{"type":"Feature","properties":{"highway":"residential","name":null,"surface":null,"lanes":null,"web_layer_source":"F:/datasets/layers/all_highway.geojson"},"geometry":{"type":"LineString","coordinates":[[85.8514128,20.2796383],[85.8509402,20.2797152],[85.8504647,20.2797799],[85.8500423,20.2798457],[85.8495671,20.279914],[85.8494883,20.2795653],[85.8492043,20.2782168]]}},{"type":"Feature","properties":{"highway":"residential","name":null,"surface":null,"lanes":null,"web_layer_source":"F:/datasets/layers/all_highway.geojson"},"geometry":{"type":"LineString","coordinates":[[85.8351514,20.27312],[85.8365967,20.2725969],[85.837557,20.2722224],[85.8380293,20.2720382],[85.8385872,20.2718232],[85.8394,20.27151],[85.8397674,20.2713769],[85.84009,20.27126]]}},{"type":"Feature","properties":{"highway":"residential","name":null,"surface":null,"lanes":null,"web_layer_source":"F:/datasets/layers/all_highway.geojson"},"geometry":{"type":"LineString","coordinates":[[85.8297199,20.2759891],[85.8303827,20.2757363],[85.8309718,20.2755147]]}},{"type":"Feature","properties":{"highway":"residential","name":null,"surface":null,"lanes":null,"web_layer_source":"F:/datasets/layers/all_highway.geojson"},"geometry":{"type":"LineString","coordinates":[[85.7953683,20.28631],[85.7950884,20.285827],[85.7948066,20.2853408],[85.7945444,20.2848884],[85.7943149,20.2844924],[85.7940483,20.2840325],[85.793697,20.2834263],[85.793546,20.2831375],[85.7933971,20.2829089],[85.7930762,20.2823552]]}},{"type":"Feature","properties":{"highway":"residential","name":null,"surface":null,"lanes":null,"web_layer_source":"F:/datasets/layers/all_highway.geojson"},"geometry":{"type":"LineString","coordinates":[[85.8534826,20.2872916],[85.8531122,20.2872411],[85.8527162,20.2871867]]}},{"type":"Feature","properties":{"highway":"residential","name":null,"surface":null,"lanes":null,"web_layer_source":"F:/datasets/layers/all_highway.geojson"},"geometry":{"type":"LineString","coordinates":[[85.8527358,20.279355],[85.851893,20.2795591],[85.8516309,20.2796038],[85.8514128,20.2796383]]}},{"type":"Feature","properties":{"highway":"residential","name":null,"surface":null,"lanes":null,"web_layer_source":"F:/datasets/layers/all_highway.geojson"},"geometry":{"type":"LineString","coordinates":[[85.8295127,20.2755348],[85.8296163,20.2758039],[85.8297199,20.2759891]]}},{"type":"Feature","properties":{"highway":"residential","name":null,"surface":null,"lanes":null,"web_layer_source":"F:/datasets/layers/all_highway.geojson"},"geometry":{"type":"LineString","coordinates":[[85.853764,20.281786],[85.8536582,20.2815282],[85.8535764,20.2812907],[85.8533569,20.2807123]]}},{"type":"Feature","properties":{"highway":"residential","name":null,"surface":null,"lanes":null,"web_layer_source":"F:/datasets/layers/all_highway.geojson"},"geometry":{"type":"LineString","coordinates":[[85.8353148,20.2735654],[85.8367633,20.2730756],[85.8376833,20.2727545],[85.8382216,20.2725666],[85.8396223,20.2720649],[85.8399759,20.2719476],[85.8403,20.27184],[85.8406964,20.2717085],[85.8410954,20.2715762]]}},{"type":"Feature","properties":{"highway":"residential","name":null,"surface":null,"lanes":null,"web_layer_source":"F:/datasets/layers/all_highway.geojson"},"geometry":{"type":"LineString","coordinates":[[85.8526177,20.288011],[85.8526732,20.2875233],[85.8526966,20.2873156],[85.8527162,20.2871867],[85.8527848,20.2866723]]}},{"type":"Feature","properties":{"highway":"trunk","name":"Jaydev Vihar Flyover","surface":null,"lanes":null,"web_layer_source":"F:/datasets/layers/all_highway.geojson"},"geometry":{"type":"LineString","coordinates":[[85.8245453,20.2952148],[85.8249465,20.2954576],[85.825362,20.2957046],[85.8257032,20.2958928],[85.8261358,20.2960876],[85.8266986,20.2963387],[85.8272003,20.2965412],[85.8277046,20.2966993],[85.8281386,20.2968289],[85.8285125,20.2969213]]}},{"type":"Feature","properties":{"highway":"residential","name":null,"surface":null,"lanes":null,"web_layer_source":"F:/datasets/layers/all_highway.geojson"},"geometry":{"type":"LineString","coordinates":[[85.8300753,20.2581782],[85.8301068,20.2584749],[85.8301317,20.2587287]]}},{"type":"Feature","properties":{"highway":"residential","name":null,"surface":null,"lanes":null,"web_layer_source":"F:/datasets/layers/all_highway.geojson"},"geometry":{"type":"LineString","coordinates":[[85.8313417,20.2764252],[85.8307216,20.2766296],[85.830604,20.2767553],[85.8301145,20.2769201],[85.8299455,20.2769138],[85.829802,20.2769503],[85.8294964,20.2770551]]}},{"type":"Feature","properties":{"highway":"residential","name":null,"surface":null,"lanes":null,"web_layer_source":"F:/datasets/layers/all_highway.geojson"},"geometry":{"type":"LineString","coordinates":[[85.851743,20.2871909],[85.8526966,20.2873156]]}},{"type":"Feature","properties":{"highway":"residential","name":null,"surface":null,"lanes":null,"web_layer_source":"F:/datasets/layers/all_highway.geojson"},"geometry":{"type":"LineString","coordinates":[[85.8289532,20.2584303],[85.8291312,20.2589157],[85.8294305,20.2597795]]}},{"type":"Feature","properties":{"highway":"residential","name":null,"surface":null,"lanes":null,"web_layer_source":"F:/datasets/layers/all_highway.geojson"},"geometry":{"type":"LineString","coordinates":[[85.8288524,20.2758219],[85.8290081,20.2757628],[85.8290014,20.2757125],[85.8291771,20.2756433],[85.8295127,20.2755348],[85.8307934,20.2750891]]}},{"type":"Feature","properties":{"highway":"residential","name":null,"surface":null,"lanes":null,"web_layer_source":"F:/datasets/layers/all_highway.geojson"},"geometry":{"type":"LineString","coordinates":[[85.7936889,20.2816013],[85.7933417,20.2821762],[85.7930762,20.2823552]]}},{"type":"Feature","properties":{"highway":"residential","name":null,"surface":null,"lanes":null,"web_layer_source":"F:/datasets/layers/all_highway.geojson"},"geometry":{"type":"LineString","coordinates":[[85.8539988,20.2868287],[85.8539517,20.2873129],[85.8538771,20.287801],[85.8538202,20.2882117],[85.8537783,20.2884471],[85.8537518,20.2886202],[85.8536936,20.2890005],[85.8536603,20.2892187],[85.8534651,20.2903289]]}},{"type":"Feature","properties":{"highway":"residential","name":null,"surface":null,"lanes":null,"web_layer_source":"F:/datasets/layers/all_highway.geojson"},"geometry":{"type":"LineString","coordinates":[[85.8354782,20.2740434],[85.8369437,20.2735707],[85.8378248,20.2732794],[85.8384024,20.2730884],[85.8398077,20.2726426]]}},{"type":"Feature","properties":{"highway":"residential","name":null,"surface":null,"lanes":null,"web_layer_source":"F:/datasets/layers/all_highway.geojson"},"geometry":{"type":"LineString","coordinates":[[85.8286017,20.2591359],[85.829026,20.2599763]]}},{"type":"Feature","properties":{"highway":"residential","name":null,"surface":null,"lanes":null,"web_layer_source":"F:/datasets/layers/all_highway.geojson"},"geometry":{"type":"LineString","coordinates":[[85.8307286,20.2749284],[85.8307934,20.2750891],[85.8309718,20.2755147],[85.8312073,20.2760871],[85.8313417,20.2764252],[85.8314374,20.2766648]]}},{"type":"Feature","properties":{"highway":"residential","name":null,"surface":null,"lanes":null,"web_layer_source":"F:/datasets/layers/all_highway.geojson"},"geometry":{"type":"LineString","coordinates":[[85.7939726,20.2819682],[85.7933971,20.2829089]]}},{"type":"Feature","properties":{"highway":"residential","name":null,"surface":null,"lanes":null,"web_layer_source":"F:/datasets/layers/all_highway.geojson"},"geometry":{"type":"LineString","coordinates":[[85.8530229,20.2927768],[85.8532381,20.2920078]]}},{"type":"Feature","properties":{"highway":"service","name":null,"surface":null,"lanes":null,"web_layer_source":"F:/datasets/layers/all_highway.geojson"},"geometry":{"type":"LineString","coordinates":[[85.8196094,20.2713917],[85.8194238,20.2718346],[85.81917,20.27244],[85.8189094,20.2728037],[85.8188956,20.2728503],[85.8189692,20.2731799],[85.8191395,20.2738702],[85.8191524,20.2739225]]}},{"type":"Feature","properties":{"highway":"residential","name":null,"surface":null,"lanes":null,"web_layer_source":"F:/datasets/layers/all_highway.geojson"},"geometry":{"type":"LineString","coordinates":[[85.7946958,20.2840062],[85.793697,20.2834263]]}},{"type":"Feature","properties":{"highway":"trunk","name":"Acharya vihar Flyover","surface":"asphalt","lanes":"2","web_layer_source":"F:/datasets/layers/all_highway.geojson"},"geometry":{"type":"LineString","coordinates":[[85.8399515,20.2964977],[85.8404666,20.2964606],[85.8419185,20.2963574],[85.8420866,20.2963441],[85.8432996,20.2962288],[85.8448181,20.2960857],[85.8467495,20.2959386],[85.8472833,20.2958933]]}},{"type":"Feature","properties":{"highway":"residential","name":null,"surface":null,"lanes":null,"web_layer_source":"F:/datasets/layers/all_highway.geojson"},"geometry":{"type":"LineString","coordinates":[[85.8295696,20.2582612],[85.8296748,20.2587906],[85.8298422,20.2596772]]}},{"type":"Feature","properties":{"highway":"residential","name":null,"surface":null,"lanes":null,"web_layer_source":"F:/datasets/layers/all_highway.geojson"},"geometry":{"type":"LineString","coordinates":[[85.828965,20.2760851],[85.8290116,20.276197],[85.8291305,20.2764643],[85.8292485,20.2767295],[85.8292763,20.2767912],[85.8294873,20.2773371]]}},{"type":"Feature","properties":{"highway":"tertiary","name":"Udyan Marg","surface":null,"lanes":null,"web_layer_source":"F:/datasets/layers/all_highway.geojson"},"geometry":{"type":"LineString","coordinates":[[85.8317285,20.2552445],[85.8315945,20.2553714],[85.8314451,20.2554742],[85.83037,20.2563],[85.8290384,20.2572226],[85.8282024,20.2578018],[85.8274513,20.2582981],[85.8272287,20.2584564],[85.8250891,20.2599778],[85.824965,20.260066],[85.8248432,20.2601509]]}},{"type":"Feature","properties":{"highway":"residential","name":null,"surface":null,"lanes":null,"web_layer_source":"F:/datasets/layers/all_highway.geojson"},"geometry":{"type":"LineString","coordinates":[[85.8524635,20.2926541],[85.8526344,20.2918485]]}},{"type":"Feature","properties":{"highway":"residential","name":null,"surface":null,"lanes":null,"web_layer_source":"F:/datasets/layers/all_highway.geojson"},"geometry":{"type":"LineString","coordinates":[[85.8349766,20.2726224],[85.8364014,20.2720637],[85.8368521,20.2718847],[85.8373424,20.2716901],[85.8378255,20.2714982],[85.8383614,20.2712868],[85.83919,20.27096]]}},{"type":"Feature","properties":{"highway":"residential","name":null,"surface":null,"lanes":null,"web_layer_source":"F:/datasets/layers/all_highway.geojson"},"geometry":{"type":"LineString","coordinates":[[85.8323207,20.2753802],[85.8324455,20.2756995]]}},{"type":"Feature","properties":{"highway":"residential","name":null,"surface":null,"lanes":null,"web_layer_source":"F:/datasets/layers/all_highway.geojson"},"geometry":{"type":"LineString","coordinates":[[85.8520824,20.288511],[85.853298,20.2886437]]}},{"type":"Feature","properties":{"highway":"service","name":null,"surface":null,"lanes":null,"web_layer_source":"F:/datasets/layers/all_highway.geojson"},"geometry":{"type":"LineString","coordinates":[[85.8212611,20.2706778],[85.8212548,20.2706557],[85.8211967,20.2704521],[85.8211257,20.2702034],[85.8212057,20.2701895],[85.8216273,20.2701077],[85.8217717,20.2701022]]}},{"type":"Feature","properties":{"highway":"residential","name":null,"surface":null,"lanes":null,"web_layer_source":"F:/datasets/layers/all_highway.geojson"},"geometry":{"type":"LineString","coordinates":[[85.8283444,20.258658],[85.8286017,20.2591359]]}},{"type":"Feature","properties":{"highway":"residential","name":null,"surface":null,"lanes":null,"web_layer_source":"F:/datasets/layers/all_highway.geojson"},"geometry":{"type":"LineString","coordinates":[[85.8317488,20.2759709],[85.8324455,20.2756995],[85.8326767,20.2761198]]}},{"type":"Feature","properties":{"highway":"residential","name":null,"surface":null,"lanes":null,"web_layer_source":"F:/datasets/layers/all_highway.geojson"},"geometry":{"type":"LineString","coordinates":[[85.7947692,20.2842826],[85.7945444,20.2848884]]}},{"type":"Feature","properties":{"highway":"residential","name":null,"surface":null,"lanes":null,"web_layer_source":"F:/datasets/layers/all_highway.geojson"},"geometry":{"type":"LineString","coordinates":[[85.8348107,20.2722047],[85.8350395,20.2721023],[85.8362129,20.2715771],[85.8366536,20.2713862],[85.8376117,20.2709711],[85.83895,20.27038],[85.8393291,20.2702261],[85.83964,20.2701],[85.840039,20.269936],[85.84037,20.2698]]}},{"type":"Feature","properties":{"highway":"residential","name":null,"surface":null,"lanes":null,"web_layer_source":"F:/datasets/layers/all_highway.geojson"},"geometry":{"type":"LineString","coordinates":[[85.8520054,20.2890479],[85.853223,20.28918]]}},{"type":"Feature","properties":{"highway":"residential","name":null,"surface":null,"lanes":null,"web_layer_source":"F:/datasets/layers/all_highway.geojson"},"geometry":{"type":"LineString","coordinates":[[85.8214695,20.2714101],[85.8212611,20.2706778],[85.8222835,20.2704437]]}},{"type":"Feature","properties":{"highway":"residential","name":null,"surface":null,"lanes":null,"web_layer_source":"F:/datasets/layers/all_highway.geojson"},"geometry":{"type":"LineString","coordinates":[[85.8332428,20.2590525],[85.8329023,20.2594709]]}},{"type":"Feature","properties":{"highway":"residential","name":null,"surface":null,"lanes":null,"web_layer_source":"F:/datasets/layers/all_highway.geojson"},"geometry":{"type":"LineString","coordinates":[[85.8316156,20.2756501],[85.8323207,20.2753802],[85.8330294,20.2751364]]}},{"type":"Feature","properties":{"highway":"tertiary","name":null,"surface":"asphalt","lanes":null,"web_layer_source":"F:/datasets/layers/all_highway.geojson"},"geometry":{"type":"LineString","coordinates":[[85.8339214,20.2920586],[85.834187,20.2920917],[85.834416,20.2921193],[85.8348199,20.2921679],[85.8356833,20.2922717],[85.8358105,20.292287],[85.8366252,20.292385],[85.8370551,20.2924368],[85.8374637,20.2924859],[85.8384131,20.2926001],[85.8393289,20.2927103],[85.8395539,20.2927385],[85.8400644,20.292797],[85.8410097,20.2929125],[85.8413987,20.2929593],[85.8423036,20.2930678]]}},{"type":"Feature","properties":{"highway":"residential","name":null,"surface":null,"lanes":null,"web_layer_source":"F:/datasets/layers/all_highway.geojson"},"geometry":{"type":"LineString","coordinates":[[85.7949501,20.2843827],[85.7947692,20.2842826],[85.7945854,20.2841809]]}},{"type":"Feature","properties":{"highway":"residential","name":null,"surface":null,"lanes":null,"web_layer_source":"F:/datasets/layers/all_highway.geojson"},"geometry":{"type":"LineString","coordinates":[[85.8519272,20.289564],[85.8527468,20.2896577],[85.8531423,20.2897024]]}},{"type":"Feature","properties":{"highway":"residential","name":null,"surface":null,"lanes":null,"web_layer_source":"F:/datasets/layers/all_highway.geojson"},"geometry":{"type":"LineString","coordinates":[[85.821602,20.2719701],[85.8214695,20.2714101],[85.82277,20.271]]}},{"type":"Feature","properties":{"highway":"residential","name":null,"surface":null,"lanes":null,"web_layer_source":"F:/datasets/layers/all_highway.geojson"},"geometry":{"type":"LineString","coordinates":[[85.8280678,20.2594912],[85.8283338,20.2592908],[85.8286017,20.2591359],[85.8291312,20.2589157],[85.8296748,20.2587906],[85.8301317,20.2587287],[85.8302992,20.2587183]]}},{"type":"Feature","properties":{"highway":"residential","name":null,"surface":null,"lanes":null,"web_layer_source":"F:/datasets/layers/all_highway.geojson"},"geometry":{"type":"LineString","coordinates":[[85.8314413,20.2752202],[85.832869,20.2746882]]}},{"type":"Feature","properties":{"highway":"residential","name":null,"surface":null,"lanes":null,"web_layer_source":"F:/datasets/layers/all_highway.geojson"},"geometry":{"type":"LineString","coordinates":[[85.82183,20.27317],[85.821602,20.2719701],[85.8232288,20.2715811]]}},{"type":"Feature","properties":{"highway":"residential","name":null,"surface":null,"lanes":null,"web_layer_source":"F:/datasets/layers/all_highway.geojson"},"geometry":{"type":"LineString","coordinates":[[85.8518965,20.2901196],[85.8526772,20.2902149],[85.8530065,20.2902641]]}},{"type":"Feature","properties":{"highway":"residential","name":null,"surface":null,"lanes":null,"web_layer_source":"F:/datasets/layers/all_highway.geojson"},"geometry":{"type":"LineString","coordinates":[[85.7955136,20.2847004],[85.7951365,20.2844935],[85.7949501,20.2843827]]}},{"type":"Feature","properties":{"highway":"residential","name":null,"surface":null,"lanes":null,"web_layer_source":"F:/datasets/layers/all_highway.geojson"},"geometry":{"type":"LineString","coordinates":[[85.823085,20.2725378],[85.8236069,20.2732931]]}},{"type":"Feature","properties":{"highway":"unclassified","name":null,"surface":null,"lanes":null,"web_layer_source":"F:/datasets/layers/all_highway.geojson"},"geometry":{"type":"LineString","coordinates":[[85.8414511,20.2728139],[85.8410954,20.2715762],[85.8408717,20.2709756],[85.8404325,20.2699464],[85.84037,20.2698],[85.8400604,20.2690366],[85.8400143,20.268923]]}},{"type":"Feature","properties":{"highway":"residential","name":null,"surface":null,"lanes":null,"web_layer_source":"F:/datasets/layers/all_highway.geojson"},"geometry":{"type":"LineString","coordinates":[[85.8312482,20.2747419],[85.8314413,20.2752202],[85.8316156,20.2756501],[85.8317488,20.2759709],[85.8319478,20.2764694]]}},{"type":"Feature","properties":{"highway":"residential","name":null,"surface":null,"lanes":null,"web_layer_source":"F:/datasets/layers/all_highway.geojson"},"geometry":{"type":"LineString","coordinates":[[85.851828,20.290657],[85.8528847,20.2907898]]}},{"type":"Feature","properties":{"highway":"residential","name":"Unit 1 market road","surface":null,"lanes":null,"web_layer_source":"F:/datasets/layers/all_highway.geojson"},"geometry":{"type":"LineString","coordinates":[[85.8286101,20.2602232],[85.829026,20.2599763],[85.829107,20.2599295],[85.8292304,20.2598643],[85.8294305,20.2597795],[85.82966,20.2597131],[85.8298422,20.2596772],[85.8299549,20.2596542],[85.8301434,20.2596335],[85.8303391,20.2596203],[85.8305294,20.259619],[85.8307756,20.2596358],[85.8310902,20.2596891],[85.8315556,20.2598006],[85.8317055,20.2598645],[85.831956,20.2599691],[85.8323405,20.2601929],[85.8324857,20.2603169],[85.8325213,20.2603477],[85.832689,20.2605008],[85.8327065,20.2605168],[85.8329679,20.2608262]]}},{"type":"Feature","properties":{"highway":"residential","name":null,"surface":null,"lanes":null,"web_layer_source":"F:/datasets/layers/all_highway.geojson"},"geometry":{"type":"LineString","coordinates":[[85.79604,20.28471],[85.7956033,20.2845179]]}},{"type":"Feature","properties":{"highway":"unclassified","name":null,"surface":null,"lanes":null,"web_layer_source":"F:/datasets/layers/all_highway.geojson"},"geometry":{"type":"LineString","coordinates":[[85.8406759,20.2730381],[85.8403,20.27184],[85.84009,20.27126],[85.83964,20.2701]]}},{"type":"Feature","properties":{"highway":"residential","name":null,"surface":null,"lanes":null,"web_layer_source":"F:/datasets/layers/all_highway.geojson"},"geometry":{"type":"LineString","coordinates":[[85.8227333,20.2727075],[85.8232585,20.2734987]]}},{"type":"Feature","properties":{"highway":"unclassified","name":null,"surface":null,"lanes":null,"web_layer_source":"F:/datasets/layers/all_highway.geojson"},"geometry":{"type":"LineString","coordinates":[[85.8399828,20.2732386],[85.8398077,20.2726426],[85.8397206,20.2723713],[85.8396223,20.2720649],[85.8394,20.27151],[85.8392964,20.2712388],[85.83919,20.27096],[85.83895,20.27038],[85.8386776,20.2696669],[85.8385823,20.2694996]]}},{"type":"Feature","properties":{"highway":"residential","name":null,"surface":null,"lanes":null,"web_layer_source":"F:/datasets/layers/all_highway.geojson"},"geometry":{"type":"LineString","coordinates":[[85.8517591,20.2911971],[85.852758,20.2913263]]}},{"type":"Feature","properties":{"highway":"residential","name":null,"surface":"asphalt","lanes":null,"web_layer_source":"F:/datasets/layers/all_highway.geojson"},"geometry":{"type":"LineString","coordinates":[[85.8339258,20.279524],[85.8347695,20.2794365],[85.8350793,20.279387],[85.83515,20.2793858]]}},{"type":"Feature","properties":{"highway":"unclassified","name":null,"surface":null,"lanes":null,"web_layer_source":"F:/datasets/layers/all_highway.geojson"},"geometry":{"type":"LineString","coordinates":[[85.8385918,20.2736409],[85.8384024,20.2730884],[85.8383103,20.2728226],[85.8382216,20.2725666],[85.8381224,20.2722939],[85.8380293,20.2720382],[85.8379267,20.2717663],[85.8378255,20.2714982],[85.8376117,20.2709711]]}},{"type":"Feature","properties":{"highway":"residential","name":null,"surface":null,"lanes":null,"web_layer_source":"F:/datasets/layers/all_highway.geojson"},"geometry":{"type":"LineString","coordinates":[[85.8220412,20.27358],[85.82273,20.27323],[85.82303,20.27364]]}},{"type":"Feature","properties":{"highway":"unclassified","name":null,"surface":null,"lanes":null,"web_layer_source":"F:/datasets/layers/all_highway.geojson"},"geometry":{"type":"LineString","coordinates":[[85.8370928,20.2740745],[85.8369437,20.2735707],[85.8367633,20.2730756],[85.8366792,20.272834],[85.8365967,20.2725969],[85.8364014,20.2720637],[85.8362129,20.2715771],[85.8359153,20.2708604],[85.8358445,20.27069]]}},{"type":"Feature","properties":{"highway":"residential","name":null,"surface":null,"lanes":null,"web_layer_source":"F:/datasets/layers/all_highway.geojson"},"geometry":{"type":"LineString","coordinates":[[85.7955278,20.2835188],[85.795172,20.2840582],[85.7949501,20.2843827]]}},{"type":"Feature","properties":{"highway":"residential","name":null,"surface":null,"lanes":null,"web_layer_source":"F:/datasets/layers/all_highway.geojson"},"geometry":{"type":"LineString","coordinates":[[85.833879,20.2790492],[85.8347038,20.278883]]}},{"type":"Feature","properties":{"highway":"residential","name":null,"surface":null,"lanes":null,"web_layer_source":"F:/datasets/layers/all_highway.geojson"},"geometry":{"type":"LineString","coordinates":[[85.8526344,20.2918485],[85.852758,20.2913263],[85.8528847,20.2907898],[85.8530065,20.2902641]]}},{"type":"Feature","properties":{"highway":"residential","name":null,"surface":null,"lanes":null,"web_layer_source":"F:/datasets/layers/all_highway.geojson"},"geometry":{"type":"LineString","coordinates":[[85.8337015,20.2731155],[85.834466,20.2727966],[85.8349079,20.2726458],[85.8349766,20.2726224]]}},{"type":"Feature","properties":{"highway":"unclassified","name":null,"surface":null,"lanes":null,"web_layer_source":"F:/datasets/layers/all_highway.geojson"},"geometry":{"type":"LineString","coordinates":[[85.8356139,20.2745022],[85.8356014,20.2744599],[85.8354782,20.2740434],[85.8354123,20.2738506],[85.8353148,20.2735654],[85.8351514,20.27312],[85.8349766,20.2726224],[85.8348107,20.2722047]]}},{"type":"Feature","properties":{"highway":"residential","name":null,"surface":null,"lanes":null,"web_layer_source":"F:/datasets/layers/all_highway.geojson"},"geometry":{"type":"LineString","coordinates":[[85.7960072,20.2837689],[85.7955278,20.2835188],[85.7951352,20.2833108]]}},{"type":"Feature","properties":{"highway":"residential","name":null,"surface":null,"lanes":null,"web_layer_source":"F:/datasets/layers/all_highway.geojson"},"geometry":{"type":"LineString","coordinates":[[85.8520276,20.2918048],[85.8526344,20.2918485],[85.8529022,20.2919179],[85.8532381,20.2920078],[85.8535315,20.291456],[85.8537989,20.2907334],[85.853877,20.2904105],[85.8539522,20.2901158],[85.8540785,20.2896582],[85.8542076,20.2892304],[85.85425,20.28909],[85.8543592,20.2886946]]}},{"type":"Feature","properties":{"highway":"tertiary","name":"Aurobindo Marg","surface":null,"lanes":null,"web_layer_source":"F:/datasets/layers/all_highway.geojson"},"geometry":{"type":"LineString","coordinates":[[85.8342275,20.2749032],[85.8356139,20.2745022],[85.8370928,20.2740745],[85.8385918,20.2736409],[85.8399828,20.2732386],[85.8403739,20.2731254],[85.8406759,20.2730381],[85.8411054,20.2729139],[85.8414511,20.2728139],[85.8418117,20.2727096],[85.8423214,20.2725621],[85.8424269,20.2725316]]}},{"type":"Feature","properties":{"highway":"residential","name":null,"surface":null,"lanes":null,"web_layer_source":"F:/datasets/layers/all_highway.geojson"},"geometry":{"type":"LineString","coordinates":[[85.8338573,20.2788475],[85.8346752,20.2787137]]}},{"type":"Feature","properties":{"highway":"residential","name":null,"surface":null,"lanes":null,"web_layer_source":"F:/datasets/layers/all_highway.geojson"},"geometry":{"type":"LineString","coordinates":[[85.8223206,20.2740929],[85.82297,20.27379],[85.82303,20.27364],[85.8232585,20.2734987],[85.8236069,20.2732931],[85.8241768,20.2729805]]}},{"type":"Feature","properties":{"highway":"residential","name":null,"surface":null,"lanes":null,"web_layer_source":"F:/datasets/layers/all_highway.geojson"},"geometry":{"type":"LineString","coordinates":[[85.796418,20.2775411],[85.7958833,20.2779426],[85.7957855,20.2780152],[85.7952735,20.2784412],[85.7947782,20.2788307],[85.7943086,20.2792],[85.7935376,20.2798062],[85.79283,20.2803627],[85.7927547,20.2804219]]}},{"type":"Feature","properties":{"highway":"trunk","name":null,"surface":null,"lanes":null,"web_layer_source":"F:/datasets/layers/all_highway.geojson"},"geometry":{"type":"LineString","coordinates":[[85.7911507,20.2642271],[85.7911945,20.2643458],[85.7912261,20.2644315],[85.7914434,20.2650533],[85.7916522,20.2657058],[85.7918378,20.2662473],[85.7919744,20.2666457],[85.7924456,20.2680204],[85.7932351,20.2702614],[85.7933972,20.270727],[85.7934853,20.2709516]]}},{"type":"Feature","properties":{"highway":"residential","name":null,"surface":null,"lanes":null,"web_layer_source":"F:/datasets/layers/all_highway.geojson"},"geometry":{"type":"LineString","coordinates":[[85.8274946,20.2786179],[85.8284768,20.2786123],[85.8287231,20.278602],[85.8294506,20.278567]]}},{"type":"Feature","properties":{"highway":"residential","name":null,"surface":null,"lanes":null,"web_layer_source":"F:/datasets/layers/all_highway.geojson"},"geometry":{"type":"LineString","coordinates":[[85.8197619,20.2742275],[85.82015,20.27407],[85.82028,20.27443]]}},{"type":"Feature","properties":{"highway":"residential","name":null,"surface":null,"lanes":null,"web_layer_source":"F:/datasets/layers/all_highway.geojson"},"geometry":{"type":"LineString","coordinates":[[85.828147,20.2587421],[85.8283444,20.258658],[85.8285586,20.2585448],[85.8287381,20.2584775],[85.8289532,20.2584303],[85.8295696,20.2582612],[85.8300753,20.2581782],[85.8303365,20.2581629],[85.8304397,20.2581568],[85.8306785,20.2581638],[85.8309078,20.2581819],[85.8314053,20.2582393],[85.8317509,20.2583398],[85.8318709,20.2583767],[85.8322161,20.2584845],[85.8324391,20.2585738],[85.8327095,20.2587145],[85.8332428,20.2590525],[85.8337859,20.2594206]]}},{"type":"Feature","properties":{"highway":"residential","name":null,"surface":null,"lanes":null,"web_layer_source":"F:/datasets/layers/all_highway.geojson"},"geometry":{"type":"LineString","coordinates":[[85.7937888,20.2830309],[85.7941777,20.283242],[85.7945546,20.283434],[85.7949314,20.2836333]]}},{"type":"Feature","properties":{"highway":"residential","name":null,"surface":"asphalt","lanes":null,"web_layer_source":"F:/datasets/layers/all_highway.geojson"},"geometry":{"type":"LineString","coordinates":[[85.8338007,20.2784629],[85.8346466,20.2784757],[85.8349741,20.2784857]]}},{"type":"Feature","properties":{"highway":"residential","name":null,"surface":null,"lanes":null,"web_layer_source":"F:/datasets/layers/all_highway.geojson"},"geometry":{"type":"LineString","coordinates":[[85.7946026,20.2825494],[85.7941777,20.283242]]}},{"type":"Feature","properties":{"highway":"residential","name":null,"surface":null,"lanes":null,"web_layer_source":"F:/datasets/layers/all_highway.geojson"},"geometry":{"type":"LineString","coordinates":[[85.8259346,20.2765876],[85.8267801,20.2763027],[85.8287596,20.2756049],[85.83013,20.27512],[85.8307286,20.2749284],[85.8312482,20.2747419],[85.8327084,20.2741953],[85.8323623,20.2731763]]}},{"type":"Feature","properties":{"highway":"residential","name":null,"surface":null,"lanes":null,"web_layer_source":"F:/datasets/layers/all_highway.geojson"},"geometry":{"type":"LineString","coordinates":[[85.8490867,20.2881225],[85.8491669,20.2875918],[85.8492475,20.2870409]]}},{"type":"Feature","properties":{"highway":"residential","name":null,"surface":null,"lanes":null,"web_layer_source":"F:/datasets/layers/all_highway.geojson"},"geometry":{"type":"LineString","coordinates":[[85.8198931,20.2745826],[85.82028,20.27443]]}},{"type":"Feature","properties":{"highway":"residential","name":null,"surface":null,"lanes":null,"web_layer_source":"F:/datasets/layers/all_highway.geojson"},"geometry":{"type":"LineString","coordinates":[[85.7949835,20.282735],[85.7945546,20.283434]]}},{"type":"Feature","properties":{"highway":"residential","name":null,"surface":null,"lanes":null,"web_layer_source":"F:/datasets/layers/all_highway.geojson"},"geometry":{"type":"LineString","coordinates":[[85.8192853,20.2743925],[85.8197619,20.2742275]]}},{"type":"Feature","properties":{"highway":"residential","name":null,"surface":null,"lanes":null,"web_layer_source":"F:/datasets/layers/all_highway.geojson"},"geometry":{"type":"LineString","coordinates":[[85.7953844,20.2829163],[85.7951352,20.2833108],[85.7949314,20.2836333],[85.7946958,20.2840062],[85.7945854,20.2841809]]}},{"type":"Feature","properties":{"highway":"residential","name":null,"surface":null,"lanes":null,"web_layer_source":"F:/datasets/layers/all_highway.geojson"},"geometry":{"type":"LineString","coordinates":[[85.8189105,20.2756157],[85.8195962,20.2753513]]}},{"type":"Feature","properties":{"highway":"residential","name":null,"surface":null,"lanes":null,"web_layer_source":"F:/datasets/layers/all_highway.geojson"},"geometry":{"type":"LineString","coordinates":[[85.8273267,20.2593286],[85.8282599,20.2604847]]}},{"type":"Feature","properties":{"highway":"residential","name":null,"surface":null,"lanes":null,"web_layer_source":"F:/datasets/layers/all_highway.geojson"},"geometry":{"type":"LineString","coordinates":[[85.7942869,20.280514],[85.7942229,20.2804802],[85.79414,20.2804686],[85.7940043,20.2805561],[85.7939368,20.2805924],[85.7938617,20.2805236],[85.7936403,20.2803206]]}},{"type":"Feature","properties":{"highway":"trunk","name":"Rasulgarh Flyover","surface":"asphalt","lanes":null,"web_layer_source":"F:/datasets/layers/all_highway.geojson"},"geometry":{"type":"LineString","coordinates":[[85.8620704,20.2993776],[85.8623477,20.299651],[85.8627228,20.3000228],[85.8635903,20.3009042]]}},{"type":"Feature","properties":{"highway":"residential","name":null,"surface":null,"lanes":null,"web_layer_source":"F:/datasets/layers/all_highway.geojson"},"geometry":{"type":"LineString","coordinates":[[85.819796,20.2757873],[85.8195962,20.2753513],[85.8195032,20.27514],[85.8200178,20.2748976],[85.8198931,20.2745826],[85.8197619,20.2742275],[85.8196012,20.2738075]]}},{"type":"Feature","properties":{"highway":"residential","name":null,"surface":null,"lanes":null,"web_layer_source":"F:/datasets/layers/all_highway.geojson"},"geometry":{"type":"LineString","coordinates":[[85.8269079,20.2596269],[85.8278461,20.2607723]]}},{"type":"Feature","properties":{"highway":"residential","name":null,"surface":null,"lanes":null,"web_layer_source":"F:/datasets/layers/all_highway.geojson"},"geometry":{"type":"LineString","coordinates":[[85.850107,20.2893554],[85.8501687,20.2888253],[85.8502336,20.2882798],[85.8503144,20.2877312],[85.8503942,20.2871897],[85.8504368,20.286901],[85.850518,20.2863499]]}},{"type":"Feature","properties":{"highway":"residential","name":null,"surface":null,"lanes":null,"web_layer_source":"F:/datasets/layers/all_highway.geojson"},"geometry":{"type":"LineString","coordinates":[[85.7944636,20.2803254],[85.7942869,20.280514],[85.7942888,20.2806666],[85.7941514,20.2807972],[85.7937571,20.281172]]}},{"type":"Feature","properties":{"highway":"residential","name":null,"surface":null,"lanes":null,"web_layer_source":"F:/datasets/layers/all_highway.geojson"},"geometry":{"type":"LineString","coordinates":[[85.8286581,20.2800223],[85.8286516,20.27982]]}},{"type":"Feature","properties":{"highway":"residential","name":null,"surface":null,"lanes":null,"web_layer_source":"F:/datasets/layers/all_highway.geojson"},"geometry":{"type":"LineString","coordinates":[[85.8274032,20.2610998],[85.8278461,20.2607723],[85.8282599,20.2604847],[85.8286101,20.2602232]]}},{"type":"Feature","properties":{"highway":"residential","name":null,"surface":null,"lanes":null,"web_layer_source":"F:/datasets/layers/all_highway.geojson"},"geometry":{"type":"LineString","coordinates":[[85.82183,20.27317],[85.8220412,20.27358],[85.8223206,20.2740929],[85.8225312,20.2746191]]}},{"type":"Feature","properties":{"highway":"residential","name":null,"surface":null,"lanes":null,"web_layer_source":"F:/datasets/layers/all_highway.geojson"},"geometry":{"type":"LineString","coordinates":[[85.81279,20.27106],[85.8130806,20.2713091],[85.8134289,20.2716078]]}},{"type":"Feature","properties":{"highway":"residential","name":null,"surface":null,"lanes":null,"web_layer_source":"F:/datasets/layers/all_highway.geojson"},"geometry":{"type":"LineString","coordinates":[[85.8286619,20.2809941],[85.8286501,20.280815]]}},{"type":"Feature","properties":{"highway":"residential","name":null,"surface":null,"lanes":null,"web_layer_source":"F:/datasets/layers/all_highway.geojson"},"geometry":{"type":"LineString","coordinates":[[85.8484147,20.2880873],[85.8490867,20.2881225],[85.8502336,20.2882798],[85.8513508,20.2884204],[85.8520824,20.288511]]}},{"type":"Feature","properties":{"highway":"residential","name":null,"surface":null,"lanes":null,"web_layer_source":"F:/datasets/layers/all_highway.geojson"},"geometry":{"type":"LineString","coordinates":[[85.8191524,20.2739225],[85.8196012,20.2738075],[85.8200335,20.2736838],[85.8207099,20.2734903],[85.82183,20.27317],[85.8227333,20.2727075],[85.823085,20.2725378],[85.8237389,20.2722926]]}},{"type":"Feature","properties":{"highway":"residential","name":null,"surface":null,"lanes":null,"web_layer_source":"F:/datasets/layers/all_highway.geojson"},"geometry":{"type":"LineString","coordinates":[[85.81228,20.27158],[85.8125734,20.2718046],[85.8129438,20.272091]]}},{"type":"Feature","properties":{"highway":"residential","name":null,"surface":"asphalt","lanes":null,"web_layer_source":"F:/datasets/layers/all_highway.geojson"},"geometry":{"type":"LineString","coordinates":[[85.8277239,20.2614936],[85.8289485,20.2606345]]}},{"type":"Feature","properties":{"highway":"residential","name":null,"surface":null,"lanes":null,"web_layer_source":"F:/datasets/layers/all_highway.geojson"},"geometry":{"type":"LineString","coordinates":[[85.7952186,20.2804431],[85.7944276,20.2797022]]}},{"type":"Feature","properties":{"highway":"residential","name":null,"surface":null,"lanes":null,"web_layer_source":"F:/datasets/layers/all_highway.geojson"},"geometry":{"type":"LineString","coordinates":[[85.7949325,20.2807067],[85.7944636,20.2803254],[85.794087,20.2799716]]}},{"type":"Feature","properties":{"highway":"residential","name":null,"surface":null,"lanes":null,"web_layer_source":"F:/datasets/layers/all_highway.geojson"},"geometry":{"type":"LineString","coordinates":[[85.8276473,20.2792552],[85.82876,20.27918],[85.829584,20.2791455]]}},{"type":"Feature","properties":{"highway":"residential","name":null,"surface":null,"lanes":null,"web_layer_source":"F:/datasets/layers/all_highway.geojson"},"geometry":{"type":"LineString","coordinates":[[85.8490312,20.2886858],[85.8501687,20.2888253],[85.8512853,20.2889416],[85.8520054,20.2890479]]}},{"type":"Feature","properties":{"highway":"service","name":null,"surface":null,"lanes":null,"web_layer_source":"F:/datasets/layers/all_highway.geojson"},"geometry":{"type":"LineString","coordinates":[[85.8180207,20.27276],[85.81814,20.27334]]}},{"type":"Feature","properties":{"highway":"residential","name":null,"surface":"asphalt","lanes":null,"web_layer_source":"F:/datasets/layers/all_highway.geojson"},"geometry":{"type":"LineString","coordinates":[[85.8280536,20.2618951],[85.8292411,20.2610002]]}},{"type":"Feature","properties":{"highway":"residential","name":null,"surface":null,"lanes":null,"web_layer_source":"F:/datasets/layers/all_highway.geojson"},"geometry":{"type":"LineString","coordinates":[[85.8503829,20.2899661],[85.8504149,20.2893911]]}},{"type":"Feature","properties":{"highway":"residential","name":null,"surface":null,"lanes":null,"web_layer_source":"F:/datasets/layers/all_highway.geojson"},"geometry":{"type":"LineString","coordinates":[[85.8350654,20.2903822],[85.8351389,20.2899012],[85.8351778,20.2896462],[85.8352364,20.2892622],[85.8352657,20.2890708],[85.8352731,20.2890218],[85.8353365,20.2886071],[85.8354109,20.2881197],[85.8354185,20.28807],[85.8354808,20.2876621],[85.835492,20.2875889],[85.8355046,20.2875061],[85.8355666,20.2871002],[85.8356528,20.2865852]]}},{"type":"Feature","properties":{"highway":"residential","name":null,"surface":null,"lanes":null,"web_layer_source":"F:/datasets/layers/all_highway.geojson"},"geometry":{"type":"LineString","coordinates":[[85.7929606,20.2786027],[85.7927499,20.2787601],[85.7927538,20.2788626],[85.7928397,20.279181],[85.7929177,20.2794591],[85.7929602,20.2795453],[85.7930426,20.2796421],[85.7931429,20.2797011],[85.7933352,20.2798141],[85.7935376,20.2798062],[85.7938772,20.2801345]]}},{"type":"Feature","properties":{"highway":"residential","name":null,"surface":null,"lanes":null,"web_layer_source":"F:/datasets/layers/all_highway.geojson"},"geometry":{"type":"LineString","coordinates":[[85.8295533,20.2786213],[85.8295561,20.2786697],[85.829584,20.2791455],[85.8295939,20.2792271],[85.8296436,20.2796523],[85.8296417,20.2797839],[85.8296575,20.2799907],[85.8296672,20.2803056],[85.8296654,20.2807569],[85.829671,20.2809598],[85.8296728,20.2810254],[85.8296775,20.281149]]}},{"type":"Feature","properties":{"highway":"residential","name":null,"surface":null,"lanes":null,"web_layer_source":"F:/datasets/layers/all_highway.geojson"},"geometry":{"type":"LineString","coordinates":[[85.8181147,20.2742472],[85.81814,20.27394]]}},{"type":"Feature","properties":{"highway":"residential","name":null,"surface":"asphalt","lanes":"2","web_layer_source":"F:/datasets/layers/all_highway.geojson"},"geometry":{"type":"LineString","coordinates":[[85.8272657,20.2781592],[85.8273192,20.278376],[85.8273825,20.2786431],[85.8274904,20.2792573],[85.8274992,20.2793426],[85.8275103,20.2794336],[85.8275613,20.279851],[85.827576,20.2800309]]}},{"type":"Feature","properties":{"highway":"residential","name":null,"surface":null,"lanes":null,"web_layer_source":"F:/datasets/layers/all_highway.geojson"},"geometry":{"type":"LineString","coordinates":[[85.8518271,20.2944939],[85.8522548,20.2933928]]}},{"type":"Feature","properties":{"highway":"residential","name":"Road no 28","surface":"asphalt","lanes":null,"web_layer_source":"F:/datasets/layers/all_highway.geojson"},"geometry":{"type":"LineString","coordinates":[[85.8283589,20.2622889],[85.8295648,20.261397]]}},{"type":"Feature","properties":{"highway":"residential","name":null,"surface":null,"lanes":null,"web_layer_source":"F:/datasets/layers/all_highway.geojson"},"geometry":{"type":"LineString","coordinates":[[85.8496343,20.2893042],[85.850107,20.2893554],[85.8504149,20.2893911],[85.8519272,20.289564]]}},{"type":"Feature","properties":{"highway":"residential","name":null,"surface":null,"lanes":null,"web_layer_source":"F:/datasets/layers/all_highway.geojson"},"geometry":{"type":"LineString","coordinates":[[85.795067,20.2791999],[85.7947782,20.2788307]]}},{"type":"Feature","properties":{"highway":"residential","name":null,"surface":null,"lanes":null,"web_layer_source":"F:/datasets/layers/all_highway.geojson"},"geometry":{"type":"LineString","coordinates":[[85.827576,20.2800309],[85.8275865,20.2801556],[85.8276044,20.280405],[85.8276422,20.2808499],[85.8276624,20.2810898],[85.8276705,20.2812161]]}},{"type":"Feature","properties":{"highway":"residential","name":null,"surface":null,"lanes":null,"web_layer_source":"F:/datasets/layers/all_highway.geojson"},"geometry":{"type":"LineString","coordinates":[[85.8164603,20.2742636],[85.8164626,20.2742161],[85.8164826,20.2737995],[85.81651,20.27321]]}},{"type":"Feature","properties":{"highway":"residential","name":null,"surface":null,"lanes":null,"web_layer_source":"F:/datasets/layers/all_highway.geojson"},"geometry":{"type":"LineString","coordinates":[[85.8502584,20.2899671],[85.8503829,20.2899661],[85.8518965,20.2901196]]}},{"type":"Feature","properties":{"highway":"residential","name":null,"surface":null,"lanes":null,"web_layer_source":"F:/datasets/layers/all_highway.geojson"},"geometry":{"type":"LineString","coordinates":[[85.8482746,20.2912391],[85.8496028,20.291417],[85.8500193,20.2914562]]}},{"type":"Feature","properties":{"highway":"residential","name":"Road No 29","surface":"asphalt","lanes":null,"web_layer_source":"F:/datasets/layers/all_highway.geojson"},"geometry":{"type":"LineString","coordinates":[[85.8287077,20.2627129],[85.8298971,20.2618181]]}},{"type":"Feature","properties":{"highway":"residential","name":null,"surface":null,"lanes":null,"web_layer_source":"F:/datasets/layers/all_highway.geojson"},"geometry":{"type":"LineString","coordinates":[[85.7952746,20.2823884],[85.7950693,20.2827738]]}},{"type":"Feature","properties":{"highway":"residential","name":null,"surface":null,"lanes":null,"web_layer_source":"F:/datasets/layers/all_highway.geojson"},"geometry":{"type":"LineString","coordinates":[[85.8327916,20.2786123],[85.8328054,20.2791314],[85.8328448,20.2795159],[85.8328578,20.2798547],[85.8328715,20.2801852]]}},{"type":"Feature","properties":{"highway":"residential","name":null,"surface":null,"lanes":null,"web_layer_source":"F:/datasets/layers/all_highway.geojson"},"geometry":{"type":"LineString","coordinates":[[85.8508672,20.2905714],[85.851828,20.290657]]}},{"type":"Feature","properties":{"highway":"residential","name":null,"surface":null,"lanes":null,"web_layer_source":"F:/datasets/layers/all_highway.geojson"},"geometry":{"type":"LineString","coordinates":[[85.8150648,20.2730796],[85.81651,20.27321],[85.81814,20.27334]]}},{"type":"Feature","properties":{"highway":"residential","name":null,"surface":null,"lanes":null,"web_layer_source":"F:/datasets/layers/all_highway.geojson"},"geometry":{"type":"LineString","coordinates":[[85.8533038,20.290307],[85.8532147,20.2908107],[85.8530428,20.2913774],[85.8529022,20.2919179]]}},{"type":"Feature","properties":{"highway":"residential","name":null,"surface":null,"lanes":null,"web_layer_source":"F:/datasets/layers/all_highway.geojson"},"geometry":{"type":"LineString","coordinates":[[85.8277406,20.2590285],[85.8280678,20.2594912],[85.8286101,20.2602232],[85.8289485,20.2606345],[85.8292411,20.2610002],[85.8295648,20.261397],[85.8298971,20.2618181],[85.830204,20.2622438]]}},{"type":"Feature","properties":{"highway":"residential","name":null,"surface":null,"lanes":null,"web_layer_source":"F:/datasets/layers/all_highway.geojson"},"geometry":{"type":"LineString","coordinates":[[85.7945157,20.2819627],[85.7943359,20.2817637]]}},{"type":"Feature","properties":{"highway":"residential","name":null,"surface":null,"lanes":null,"web_layer_source":"F:/datasets/layers/all_highway.geojson"},"geometry":{"type":"LineString","coordinates":[[85.8517269,20.2914498],[85.8517591,20.2911971],[85.851828,20.290657],[85.8518965,20.2901196],[85.8519272,20.289564],[85.8520054,20.2890479],[85.8520824,20.288511],[85.8521721,20.2879586]]}},{"type":"Feature","properties":{"highway":"residential","name":null,"surface":null,"lanes":null,"web_layer_source":"F:/datasets/layers/all_highway.geojson"},"geometry":{"type":"LineString","coordinates":[[85.8472347,20.2889982],[85.8473111,20.2885482]]}},{"type":"Feature","properties":{"highway":"residential","name":"Unit 4 market road","surface":"asphalt","lanes":null,"web_layer_source":"F:/datasets/layers/all_highway.geojson"},"geometry":{"type":"LineString","coordinates":[[85.8327084,20.2741953],[85.832869,20.2746882],[85.8330294,20.2751364],[85.8334498,20.2766065],[85.8335845,20.2771478],[85.8338007,20.2784629],[85.8338573,20.2788475],[85.833879,20.2790492],[85.8339258,20.279524],[85.8339623,20.2801446]]}},{"type":"Feature","properties":{"highway":"residential","name":null,"surface":null,"lanes":null,"web_layer_source":"F:/datasets/layers/all_highway.geojson"},"geometry":{"type":"LineString","coordinates":[[85.8150126,20.2736825],[85.8164826,20.2737995],[85.81814,20.27394],[85.81829,20.27394]]}},{"type":"Feature","properties":{"highway":"residential","name":null,"surface":null,"lanes":null,"web_layer_source":"F:/datasets/layers/all_highway.geojson"},"geometry":{"type":"LineString","coordinates":[[85.8472347,20.2889982],[85.8484964,20.2891426]]}},{"type":"Feature","properties":{"highway":"residential","name":null,"surface":null,"lanes":null,"web_layer_source":"F:/datasets/layers/all_highway.geojson"},"geometry":{"type":"LineString","coordinates":[[85.8290823,20.2653736],[85.8301554,20.2645936]]}},{"type":"Feature","properties":{"highway":"residential","name":null,"surface":null,"lanes":null,"web_layer_source":"F:/datasets/layers/all_highway.geojson"},"geometry":{"type":"LineString","coordinates":[[85.8274836,20.2632938],[85.8285337,20.2625396]]}},{"type":"Feature","properties":{"highway":"residential","name":null,"surface":null,"lanes":null,"web_layer_source":"F:/datasets/layers/all_highway.geojson"},"geometry":{"type":"LineString","coordinates":[[85.8339623,20.2801446],[85.8340418,20.2808932],[85.8340445,20.2809921]]}},{"type":"Feature","properties":{"highway":"residential","name":null,"surface":null,"lanes":null,"web_layer_source":"F:/datasets/layers/all_highway.geojson"},"geometry":{"type":"LineString","coordinates":[[85.8412665,20.2593455],[85.8409216,20.2595961],[85.8410816,20.2597973]]}},{"type":"Feature","properties":{"highway":"residential","name":null,"surface":null,"lanes":null,"web_layer_source":"F:/datasets/layers/all_highway.geojson"},"geometry":{"type":"LineString","coordinates":[[85.8164549,20.2746846],[85.8187034,20.2748277]]}},{"type":"Feature","properties":{"highway":"residential","name":null,"surface":null,"lanes":null,"web_layer_source":"F:/datasets/layers/all_highway.geojson"},"geometry":{"type":"LineString","coordinates":[[85.8264544,20.259948],[85.8274032,20.2610998],[85.8277239,20.2614936],[85.8280536,20.2618951],[85.8283589,20.2622889],[85.8285337,20.2625396],[85.8287077,20.2627129],[85.829012,20.2631025],[85.8292383,20.2634367],[85.8301554,20.2645936],[85.8304462,20.2649586],[85.8309153,20.2655472]]}},{"type":"Feature","properties":{"highway":"tertiary","name":null,"surface":null,"lanes":null,"web_layer_source":"F:/datasets/layers/all_highway.geojson"},"geometry":{"type":"LineString","coordinates":[[85.8572378,20.2953736],[85.8572127,20.295494],[85.8571702,20.295629],[85.8571358,20.2957023],[85.8570896,20.2957934],[85.8570263,20.2958806],[85.8568937,20.2960444]]}},{"type":"Feature","properties":{"highway":"residential","name":null,"surface":null,"lanes":null,"web_layer_source":"F:/datasets/layers/all_highway.geojson"},"geometry":{"type":"LineString","coordinates":[[85.848236,20.2874873],[85.8491669,20.2875918],[85.8503144,20.2877312],[85.8516714,20.2879012],[85.8521721,20.2879586],[85.8526177,20.288011],[85.853379,20.2880927]]}},{"type":"Feature","properties":{"highway":"residential","name":null,"surface":null,"lanes":null,"web_layer_source":"F:/datasets/layers/all_highway.geojson"},"geometry":{"type":"LineString","coordinates":[[85.8476063,20.291724],[85.8477016,20.2911708]]}},{"type":"Feature","properties":{"highway":"residential","name":null,"surface":null,"lanes":null,"web_layer_source":"F:/datasets/layers/all_highway.geojson"},"geometry":{"type":"LineString","coordinates":[[85.8492475,20.2870409],[85.8503942,20.2871897],[85.8517312,20.2873639]]}},{"type":"Feature","properties":{"highway":"residential","name":null,"surface":null,"lanes":null,"web_layer_source":"F:/datasets/layers/all_highway.geojson"},"geometry":{"type":"LineString","coordinates":[[85.8164425,20.2750145],[85.8164549,20.2746846],[85.8164603,20.2742636]]}},{"type":"Feature","properties":{"highway":"residential","name":null,"surface":null,"lanes":null,"web_layer_source":"F:/datasets/layers/all_highway.geojson"},"geometry":{"type":"LineString","coordinates":[[85.8416647,20.259381],[85.8410816,20.2597973],[85.8404496,20.2602342]]}},{"type":"Feature","properties":{"highway":"residential","name":null,"surface":null,"lanes":null,"web_layer_source":"F:/datasets/layers/all_highway.geojson"},"geometry":{"type":"LineString","coordinates":[[85.8149808,20.2741638],[85.8164603,20.2742636],[85.8181052,20.274378],[85.8186167,20.2744136]]}},{"type":"Feature","properties":{"highway":"residential","name":null,"surface":null,"lanes":null,"web_layer_source":"F:/datasets/layers/all_highway.geojson"},"geometry":{"type":"LineString","coordinates":[[85.8254126,20.2606554],[85.8264544,20.259948],[85.8269079,20.2596269],[85.8273267,20.2593286],[85.8277406,20.2590285],[85.8279853,20.258857],[85.828147,20.2587421],[85.8286654,20.2583638],[85.8314491,20.25642]]}},{"type":"Feature","properties":{"highway":"residential","name":null,"surface":null,"lanes":null,"web_layer_source":"F:/datasets/layers/all_highway.geojson"},"geometry":{"type":"LineString","coordinates":[[85.7953481,20.2816366],[85.7950637,20.2814628]]}},{"type":"Feature","properties":{"highway":"service","name":null,"surface":null,"lanes":null,"web_layer_source":"F:/datasets/layers/all_highway.geojson"},"geometry":{"type":"LineString","coordinates":[[85.8153196,20.2701415],[85.8160873,20.2702291],[85.8161829,20.2702242],[85.8162501,20.2701959],[85.8164478,20.2700855],[85.816608,20.2700219],[85.8167498,20.2699872],[85.8168453,20.2700017],[85.8169747,20.2700537],[85.817329,20.2702184],[85.8174307,20.2702705],[85.8174831,20.2703051],[85.8175385,20.2703745],[85.8176155,20.2705046],[85.8177295,20.2707791],[85.8177886,20.2709761]]}},{"type":"Feature","properties":{"highway":"residential","name":null,"surface":null,"lanes":null,"web_layer_source":"F:/datasets/layers/all_highway.geojson"},"geometry":{"type":"LineString","coordinates":[[85.8487956,20.289606],[85.8488565,20.2896939],[85.8490592,20.2900185],[85.849178,20.2902293],[85.8492965,20.2903796],[85.8496356,20.2908681],[85.8497713,20.2910669],[85.8500193,20.2914562],[85.8501225,20.2916162]]}},{"type":"Feature","properties":{"highway":"residential","name":null,"surface":null,"lanes":null,"web_layer_source":"F:/datasets/layers/all_highway.geojson"},"geometry":{"type":"LineString","coordinates":[[85.8327034,20.2580308],[85.8329616,20.2578503],[85.8332676,20.2576388]]}},{"type":"Feature","properties":{"highway":"residential","name":null,"surface":null,"lanes":null,"web_layer_source":"F:/datasets/layers/all_highway.geojson"},"geometry":{"type":"LineString","coordinates":[[85.8416091,20.2605261],[85.8418246,20.2608271],[85.8420292,20.2611191]]}},{"type":"Feature","properties":{"highway":"residential","name":null,"surface":null,"lanes":null,"web_layer_source":"F:/datasets/layers/all_highway.geojson"},"geometry":{"type":"LineString","coordinates":[[85.8492931,20.2867566],[85.8504289,20.2869046],[85.8504368,20.286901],[85.8517507,20.2870779]]}},{"type":"Feature","properties":{"highway":"residential","name":null,"surface":null,"lanes":null,"web_layer_source":"F:/datasets/layers/all_highway.geojson"},"geometry":{"type":"LineString","coordinates":[[85.7957931,20.2821137],[85.7956333,20.282049],[85.79548,20.2819754]]}},{"type":"Feature","properties":{"highway":"residential","name":null,"surface":null,"lanes":null,"web_layer_source":"F:/datasets/layers/all_highway.geojson"},"geometry":{"type":"LineString","coordinates":[[85.8152692,20.2707222],[85.815842,20.2707717]]}},{"type":"Feature","properties":{"highway":"residential","name":null,"surface":null,"lanes":null,"web_layer_source":"F:/datasets/layers/all_highway.geojson"},"geometry":{"type":"LineString","coordinates":[[85.8463451,20.2910326],[85.8469606,20.2910829],[85.8477016,20.2911708],[85.8482746,20.2912391]]}},{"type":"Feature","properties":{"highway":"residential","name":null,"surface":null,"lanes":null,"web_layer_source":"F:/datasets/layers/all_highway.geojson"},"geometry":{"type":"LineString","coordinates":[[85.8339469,20.2596292],[85.8342245,20.2594311],[85.8344984,20.2591975]]}},{"type":"Feature","properties":{"highway":"residential","name":null,"surface":null,"lanes":null,"web_layer_source":"F:/datasets/layers/all_highway.geojson"},"geometry":{"type":"LineString","coordinates":[[85.8481501,20.2878308],[85.848236,20.2874873],[85.8482742,20.2869145],[85.8483059,20.2866321],[85.8483092,20.2866023],[85.8483355,20.2863687]]}},{"type":"Feature","properties":{"highway":"residential","name":null,"surface":"asphalt","lanes":null,"web_layer_source":"F:/datasets/layers/all_highway.geojson"},"geometry":{"type":"LineString","coordinates":[[85.8461909,20.2921168],[85.8462589,20.2915684],[85.8463451,20.2910326]]}},{"type":"Feature","properties":{"highway":"residential","name":null,"surface":null,"lanes":null,"web_layer_source":"F:/datasets/layers/all_highway.geojson"},"geometry":{"type":"LineString","coordinates":[[85.8422209,20.2601161],[85.8416091,20.2605261],[85.8409818,20.2609609]]}},{"type":"Feature","properties":{"highway":"residential","name":null,"surface":"asphalt","lanes":null,"web_layer_source":"F:/datasets/layers/all_highway.geojson"},"geometry":{"type":"LineString","coordinates":[[85.845601,20.29095],[85.8456766,20.2903915],[85.845738,20.2898531],[85.8458258,20.289289],[85.8458869,20.288838],[85.8459478,20.2883881],[85.8460208,20.2878484],[85.8460923,20.2873198],[85.846156,20.2868491],[85.8462143,20.2864188],[85.8462924,20.2858603]]}},{"type":"Feature","properties":{"highway":"residential","name":null,"surface":null,"lanes":null,"web_layer_source":"F:/datasets/layers/all_highway.geojson"},"geometry":{"type":"LineString","coordinates":[[85.8321676,20.2558788],[85.8320294,20.2559829],[85.8314491,20.25642]]}},{"type":"Feature","properties":{"highway":"residential","name":null,"surface":null,"lanes":null,"web_layer_source":"F:/datasets/layers/all_highway.geojson"},"geometry":{"type":"LineString","coordinates":[[85.7956932,20.2815597],[85.79548,20.2819754],[85.7953823,20.2821668]]}},{"type":"Feature","properties":{"highway":"residential","name":null,"surface":null,"lanes":null,"web_layer_source":"F:/datasets/layers/all_highway.geojson"},"geometry":{"type":"LineString","coordinates":[[85.8152094,20.2714122],[85.81567,20.27147]]}},{"type":"Feature","properties":{"highway":"residential","name":null,"surface":null,"lanes":null,"web_layer_source":"F:/datasets/layers/all_highway.geojson"},"geometry":{"type":"LineString","coordinates":[[85.8450894,20.2813596],[85.8460932,20.2812474],[85.8470288,20.2811369]]}},{"type":"Feature","properties":{"highway":"service","name":null,"surface":null,"lanes":null,"web_layer_source":"F:/datasets/layers/all_highway.geojson"},"geometry":{"type":"LineString","coordinates":[[85.8502002,20.2915534],[85.8510446,20.2908976],[85.8511226,20.2908371]]}},{"type":"Feature","properties":{"highway":"residential","name":null,"surface":null,"lanes":null,"web_layer_source":"F:/datasets/layers/all_highway.geojson"},"geometry":{"type":"LineString","coordinates":[[85.8415334,20.2592183],[85.8416647,20.259381],[85.8419263,20.2597413],[85.8422209,20.2601161],[85.8426663,20.2606994]]}},{"type":"Feature","properties":{"highway":"residential","name":null,"surface":null,"lanes":null,"web_layer_source":"F:/datasets/layers/all_highway.geojson"},"geometry":{"type":"LineString","coordinates":[[85.80983,20.27235],[85.80947,20.27201]]}},{"type":"Feature","properties":{"highway":"residential","name":null,"surface":null,"lanes":null,"web_layer_source":"F:/datasets/layers/all_highway.geojson"},"geometry":{"type":"LineString","coordinates":[[85.7952626,20.2812813],[85.7950637,20.2814628],[85.7946646,20.2818269],[85.7945157,20.2819627]]}},{"type":"Feature","properties":{"highway":"tertiary","name":null,"surface":null,"lanes":null,"web_layer_source":"F:/datasets/layers/all_highway.geojson"},"geometry":{"type":"LineString","coordinates":[[85.8509284,20.3025849],[85.8507951,20.3029427],[85.8506419,20.3036228],[85.8504273,20.3048778],[85.8502868,20.3058197],[85.8501676,20.3062893],[85.8500222,20.3067746],[85.8499191,20.3070364],[85.8498651,20.307175],[85.8494283,20.3082649],[85.8491342,20.3090999],[85.84893,20.3096],[85.84852,20.31106],[85.8482266,20.3123053],[85.84807,20.31297],[85.8477,20.31585],[85.84769,20.31681],[85.84762,20.31767],[85.84756,20.31782],[85.8473,20.31846],[85.84698,20.31906],[85.84665,20.32001],[85.84659,20.32018],[85.84642,20.32097],[85.84608,20.32226],[85.84601,20.32237]]}},{"type":"Feature","properties":{"highway":"residential","name":null,"surface":null,"lanes":null,"web_layer_source":"F:/datasets/layers/all_highway.geojson"},"geometry":{"type":"LineString","coordinates":[[85.81447,20.27209],[85.8151486,20.2721129]]}},{"type":"Feature","properties":{"highway":"residential","name":null,"surface":null,"lanes":null,"web_layer_source":"F:/datasets/layers/all_highway.geojson"},"geometry":{"type":"LineString","coordinates":[[85.8492965,20.2903796],[85.850128,20.2898181]]}},{"type":"Feature","properties":{"highway":"residential","name":null,"surface":null,"lanes":null,"web_layer_source":"F:/datasets/layers/all_highway.geojson"},"geometry":{"type":"LineString","coordinates":[[85.8409883,20.2589229],[85.8412665,20.2593455],[85.8414499,20.2592353],[85.8415334,20.2592183],[85.8417486,20.2590712]]}},{"type":"Feature","properties":{"highway":"residential","name":null,"surface":null,"lanes":null,"web_layer_source":"F:/datasets/layers/all_highway.geojson"},"geometry":{"type":"LineString","coordinates":[[85.81015,20.27201],[85.8097443,20.2717857]]}},{"type":"Feature","properties":{"highway":"residential","name":null,"surface":null,"lanes":null,"web_layer_source":"F:/datasets/layers/all_highway.geojson"},"geometry":{"type":"LineString","coordinates":[[85.81451,20.27153],[85.8151948,20.2715811]]}},{"type":"Feature","properties":{"highway":"residential","name":null,"surface":null,"lanes":null,"web_layer_source":"F:/datasets/layers/all_highway.geojson"},"geometry":{"type":"LineString","coordinates":[[85.8497713,20.2910669],[85.8501548,20.2907624],[85.8506667,20.2903628]]}},{"type":"Feature","properties":{"highway":"residential","name":null,"surface":null,"lanes":null,"web_layer_source":"F:/datasets/layers/all_highway.geojson"},"geometry":{"type":"LineString","coordinates":[[85.840273,20.2608943],[85.8407044,20.2605669],[85.8413235,20.2601355],[85.8419263,20.2597413],[85.8423198,20.2594678],[85.8424701,20.2593625]]}},{"type":"Feature","properties":{"highway":"residential","name":null,"surface":null,"lanes":null,"web_layer_source":"F:/datasets/layers/all_highway.geojson"},"geometry":{"type":"LineString","coordinates":[[85.7954992,20.2814348],[85.7953481,20.2816366],[85.7951311,20.2820502]]}},{"type":"Feature","properties":{"highway":"residential","name":null,"surface":null,"lanes":null,"web_layer_source":"F:/datasets/layers/all_highway.geojson"},"geometry":{"type":"LineString","coordinates":[[85.8150032,20.2739198],[85.8150126,20.2736825],[85.8150648,20.2730796],[85.8151486,20.2721129],[85.8151948,20.2715811],[85.8152094,20.2714122],[85.8152692,20.2707222],[85.8153196,20.2701415],[85.8153543,20.269856]]}},{"type":"Feature","properties":{"highway":"residential","name":null,"surface":null,"lanes":null,"web_layer_source":"F:/datasets/layers/all_highway.geojson"},"geometry":{"type":"LineString","coordinates":[[85.8081113,20.2716449],[85.8083687,20.2713567]]}},{"type":"Feature","properties":{"highway":"residential","name":null,"surface":null,"lanes":null,"web_layer_source":"F:/datasets/layers/all_highway.geojson"},"geometry":{"type":"LineString","coordinates":[[85.8488565,20.2896939],[85.8494589,20.2892559],[85.8495345,20.2892018]]}},{"type":"Feature","properties":{"highway":"residential","name":null,"surface":null,"lanes":null,"web_layer_source":"F:/datasets/layers/all_highway.geojson"},"geometry":{"type":"LineString","coordinates":[[85.8442754,20.2618786],[85.8440011,20.2621717],[85.8437948,20.2623695],[85.8435848,20.2625139],[85.8433931,20.2626527],[85.8431367,20.2627817],[85.8428651,20.2628992],[85.8424762,20.2630781],[85.8422106,20.2631895],[85.8421387,20.2632756]]}},{"type":"Feature","properties":{"highway":"secondary","name":"Mahatma Gandhi Marg","surface":null,"lanes":null,"web_layer_source":"F:/datasets/layers/all_highway.geojson"},"geometry":{"type":"LineString","coordinates":[[85.8385823,20.2694996],[85.8358445,20.27069],[85.8343851,20.2712981],[85.8341977,20.2713769],[85.8336983,20.271587]]}},{"type":"Feature","properties":{"highway":"residential","name":null,"surface":null,"lanes":null,"web_layer_source":"F:/datasets/layers/all_highway.geojson"},"geometry":{"type":"LineString","coordinates":[[85.81095,20.27087],[85.8111828,20.270636],[85.8119063,20.2699089],[85.8124225,20.26939]]}},{"type":"Feature","properties":{"highway":"residential","name":null,"surface":null,"lanes":null,"web_layer_source":"F:/datasets/layers/all_highway.geojson"},"geometry":{"type":"LineString","coordinates":[[85.8084372,20.2719997],[85.808762,20.2715977]]}},{"type":"Feature","properties":{"highway":"residential","name":null,"surface":null,"lanes":null,"web_layer_source":"F:/datasets/layers/all_highway.geojson"},"geometry":{"type":"LineString","coordinates":[[85.7959938,20.2817484],[85.7957931,20.2821137],[85.7956876,20.2823085]]}},{"type":"Feature","properties":{"highway":"residential","name":null,"surface":null,"lanes":null,"web_layer_source":"F:/datasets/layers/all_highway.geojson"},"geometry":{"type":"LineString","coordinates":[[85.848177,20.2886199],[85.8486512,20.2882962]]}},{"type":"Feature","properties":{"highway":"residential","name":null,"surface":null,"lanes":null,"web_layer_source":"F:/datasets/layers/all_highway.geojson"},"geometry":{"type":"LineString","coordinates":[[85.8084125,20.2703413],[85.8105,20.26827],[85.81095,20.26866],[85.8108002,20.2688039],[85.8089,20.270625]]}},{"type":"Feature","properties":{"highway":"residential","name":null,"surface":null,"lanes":null,"web_layer_source":"F:/datasets/layers/all_highway.geojson"},"geometry":{"type":"LineString","coordinates":[[85.80919,20.27186],[85.808762,20.2715977],[85.8083687,20.2713567],[85.8071743,20.2706248]]}},{"type":"Feature","properties":{"highway":"residential","name":null,"surface":null,"lanes":null,"web_layer_source":"F:/datasets/layers/all_highway.geojson"},"geometry":{"type":"LineString","coordinates":[[85.7959328,20.2824226],[85.7956876,20.2823085],[85.7953823,20.2821668],[85.7951311,20.2820502],[85.7946646,20.2818269]]}},{"type":"Feature","properties":{"highway":"residential","name":null,"surface":null,"lanes":null,"web_layer_source":"F:/datasets/layers/all_highway.geojson"},"geometry":{"type":"LineString","coordinates":[[85.8477081,20.287348],[85.8481501,20.2878308],[85.8484147,20.2880873],[85.8486512,20.2882962],[85.8490312,20.2886858],[85.8495345,20.2892018],[85.8496343,20.2893042],[85.8498245,20.289501],[85.850128,20.2898181],[85.8502584,20.2899671],[85.8506667,20.2903628],[85.8508672,20.2905714],[85.8511226,20.2908371],[85.8517269,20.2914498],[85.8520276,20.2918048]]}},{"type":"Feature","properties":{"highway":"residential","name":null,"surface":null,"lanes":null,"web_layer_source":"F:/datasets/layers/all_highway.geojson"},"geometry":{"type":"LineString","coordinates":[[85.80951,20.27098],[85.8100334,20.2704702],[85.8100901,20.2704259],[85.81015,20.2704146],[85.8102111,20.270437],[85.81095,20.27087],[85.8111414,20.2709934]]}},{"type":"Feature","properties":{"highway":"secondary","name":"Gopabandhu Marg","surface":null,"lanes":null,"web_layer_source":"F:/datasets/layers/all_highway.geojson"},"geometry":{"type":"LineString","coordinates":[[85.8262749,20.2753342],[85.8261737,20.2753415],[85.8255703,20.2755447],[85.8254527,20.27558]]}},{"type":"Feature","properties":{"highway":"primary","name":"Raj Bhavan Square","surface":null,"lanes":null,"web_layer_source":"F:/datasets/layers/all_highway.geojson"},"geometry":{"type":"LineString","coordinates":[[85.8217764,20.2700424],[85.8217717,20.2701022],[85.8218023,20.270181],[85.8218305,20.270216],[85.8218772,20.2702624],[85.8219201,20.2702972],[85.8219814,20.2703291],[85.822086,20.2703517]]}},{"type":"Feature","properties":{"highway":"tertiary","name":null,"surface":null,"lanes":null,"web_layer_source":"F:/datasets/layers/all_highway.geojson"},"geometry":{"type":"LineString","coordinates":[[85.826009,20.2556624],[85.8258399,20.2557388],[85.8255094,20.2558578],[85.8251975,20.2559942],[85.8251583,20.2560163],[85.8247717,20.2562338],[85.8243384,20.2564832],[85.8231126,20.2572589],[85.8231006,20.2572665]]}},{"type":"Feature","properties":{"highway":"service","name":null,"surface":null,"lanes":null,"web_layer_source":"F:/datasets/layers/all_highway.geojson"},"geometry":{"type":"LineString","coordinates":[[85.8053711,20.2891326],[85.8050653,20.2889542],[85.8049242,20.2888719],[85.8048565,20.2888332],[85.8047031,20.2887455],[85.8036426,20.2881393],[85.8031406,20.2878523],[85.8027162,20.2876097],[85.8020375,20.2872218],[85.8005498,20.2863285],[85.7999339,20.2859586],[85.7994732,20.2856917],[85.7985499,20.2851569],[85.7982129,20.2849617],[85.7980739,20.2848879],[85.7971781,20.2844121],[85.7967898,20.2842059],[85.7967494,20.2841845],[85.7965574,20.2840825],[85.7963976,20.2839977]]}},{"type":"Feature","properties":{"highway":"tertiary","name":"Azad Marg","surface":null,"lanes":null,"web_layer_source":"F:/datasets/layers/all_highway.geojson"},"geometry":{"type":"LineString","coordinates":[[85.8038438,20.2757541],[85.8039063,20.2756908],[85.8039971,20.2755662],[85.8040335,20.2754989],[85.8040692,20.2754328],[85.8042529,20.2750703],[85.8045724,20.2743502],[85.8048893,20.2736099],[85.80497,20.2734385],[85.8051185,20.2731176],[85.8054003,20.2725987],[85.8054355,20.2725494],[85.8057171,20.2721553],[85.8060144,20.2717652],[85.8062137,20.2714939],[85.806459,20.2711846],[85.8065917,20.2710312],[85.8068376,20.2708031]]}},{"type":"Feature","properties":{"highway":"tertiary","name":null,"surface":null,"lanes":null,"web_layer_source":"F:/datasets/layers/all_highway.geojson"},"geometry":{"type":"LineString","coordinates":[[85.8102207,20.2820945],[85.8094602,20.2813625],[85.8083136,20.2802025],[85.8079886,20.2798757],[85.8076199,20.2794956],[85.8072076,20.2790988],[85.8071,20.2789982],[85.806701,20.2785944],[85.8056649,20.2774992],[85.8055298,20.2773753],[85.805073,20.2769244],[85.8047609,20.2765999],[85.8043836,20.2762476],[85.8038438,20.2757541]]}},{"type":"Feature","properties":{"highway":"tertiary","name":"Harihar Singh Place","surface":"asphalt","lanes":null,"web_layer_source":"F:/datasets/layers/all_highway.geojson"},"geometry":{"type":"LineString","coordinates":[[85.8113374,20.2373083],[85.811413,20.2373548],[85.8115139,20.2374094],[85.8115944,20.2374594],[85.8117847,20.2375852],[85.8122903,20.2379311],[85.8136511,20.238895],[85.81387,20.23905],[85.8140759,20.239182],[85.8142111,20.2392465],[85.8144297,20.2392897],[85.8146328,20.2392928],[85.8148836,20.2392435],[85.8150501,20.2391922],[85.8151765,20.2391616],[85.8153096,20.2391428],[85.815444,20.2391366],[85.8156499,20.2391722],[85.8158593,20.2392235],[85.8159997,20.2392666],[85.8161805,20.2392791],[85.8163503,20.2392391],[85.8165167,20.2391446],[85.8165808,20.2390943],[85.816846,20.2388858],[85.8171725,20.2386728],[85.8173453,20.2385485],[85.817516,20.2384395],[85.8175996,20.2383861],[85.8177966,20.2382602],[85.8179414,20.2381677],[85.8183886,20.2379176],[85.8186665,20.2377541],[85.8187763,20.2376859],[85.8188408,20.2376466],[85.8190974,20.2374722],[85.8191576,20.2374396],[85.819248,20.2374266],[85.8194088,20.2374475],[85.8198473,20.2376013],[85.8200853,20.2377181],[85.8203756,20.2378783],[85.8204214,20.2379075],[85.82168,20.23871],[85.8218163,20.2388148],[85.8219335,20.2389125],[85.8221281,20.2391204],[85.8225462,20.2395493],[85.82292,20.23999],[85.82337,20.24055],[85.82406,20.24135],[85.82434,20.24315],[85.82438,20.2433],[85.82445,20.24345],[85.8245872,20.2436116],[85.8249,20.24398],[85.8249284,20.2440195],[85.8249477,20.2440464],[85.8251782,20.2443668],[85.8254418,20.2447333],[85.8256786,20.2450625],[85.8258705,20.2453163],[85.8259282,20.2453926],[85.8263166,20.2459375]]}},{"type":"Feature","properties":{"highway":"tertiary","name":null,"surface":null,"lanes":null,"web_layer_source":"F:/datasets/layers/all_highway.geojson"},"geometry":{"type":"LineString","coordinates":[[85.8246989,20.2523824],[85.8247877,20.2526564],[85.8248075,20.252701],[85.8248526,20.2528027],[85.8249007,20.2529043],[85.8251147,20.2533667],[85.8254971,20.2541865]]}},{"type":"Feature","properties":{"highway":"tertiary","name":"Sachivalaya Marg","surface":"asphalt","lanes":null,"web_layer_source":"F:/datasets/layers/all_highway.geojson"},"geometry":{"type":"LineString","coordinates":[[85.8334232,20.2727434],[85.8335022,20.2729316],[85.8335959,20.273161],[85.833899,20.2739922],[85.8339112,20.2740257],[85.8339286,20.2740733],[85.8342719,20.2752483],[85.8344369,20.2758144],[85.8345401,20.276232],[85.8346581,20.2767327],[85.8347709,20.2772575],[85.8348459,20.2776475],[85.8348969,20.277962],[85.8349741,20.2784857],[85.8350141,20.2787498],[85.8350292,20.2788602]]}},{"type":"Feature","properties":{"highway":"tertiary","name":"Sachivalaya Marg","surface":"asphalt","lanes":"3","web_layer_source":"F:/datasets/layers/all_highway.geojson"},"geometry":{"type":"LineString","coordinates":[[85.8298897,20.2665874],[85.8299873,20.2667229],[85.8303698,20.2672408],[85.83056,20.2675],[85.83086,20.26793],[85.8309519,20.2680587],[85.83121,20.26842],[85.83146,20.26881],[85.83153,20.26892],[85.83166,20.26913],[85.8322288,20.2701859],[85.83262,20.27091],[85.8326457,20.2709634],[85.8327756,20.2712941],[85.833037,20.2718006],[85.833085,20.2718969],[85.8333327,20.2725034],[85.8333613,20.2725792],[85.8334232,20.2727434]]}},{"type":"Feature","properties":{"highway":"tertiary","name":null,"surface":null,"lanes":null,"web_layer_source":"F:/datasets/layers/all_highway.geojson"},"geometry":{"type":"LineString","coordinates":[[85.8200657,20.2538799],[85.8211788,20.255223],[85.8215861,20.2557352],[85.8222203,20.2566738],[85.8226865,20.2573639],[85.8227458,20.2574516]]}},{"type":"Feature","properties":{"highway":"secondary","name":null,"surface":null,"lanes":null,"web_layer_source":"F:/datasets/layers/all_highway.geojson"},"geometry":{"type":"LineString","coordinates":[[85.8203358,20.3147498],[85.8221322,20.3146503],[85.8230575,20.3146018],[85.8251631,20.3144946],[85.8257325,20.3144654],[85.827221,20.3143759],[85.8273335,20.3143594],[85.8277329,20.3141951],[85.8284808,20.3138624],[85.828833,20.3137004],[85.8296296,20.3133379],[85.829955,20.313204],[85.8301423,20.3131267],[85.8304722,20.3129906],[85.8312276,20.3127399],[85.8319488,20.3125065],[85.8333554,20.3120654],[85.8336654,20.3119682],[85.8339975,20.3118466]]}},{"type":"Feature","properties":{"highway":"tertiary_link","name":null,"surface":null,"lanes":null,"web_layer_source":"F:/datasets/layers/all_highway.geojson"},"geometry":{"type":"LineString","coordinates":[[85.8099384,20.3117252],[85.8102092,20.3116965],[85.8114666,20.3115283],[85.8117015,20.3114905]]}},{"type":"Feature","properties":{"highway":"primary","name":null,"surface":null,"lanes":null,"web_layer_source":"F:/datasets/layers/all_highway.geojson"},"geometry":{"type":"LineString","coordinates":[[85.8577892,20.2950049],[85.8577228,20.2948773],[85.8576966,20.2948342],[85.8576407,20.2947298],[85.8575817,20.294621],[85.8575146,20.2944866],[85.8574414,20.2943159],[85.8573717,20.2940142],[85.8573385,20.2937673],[85.857315,20.2934925],[85.8573174,20.2931684],[85.8573203,20.2927637],[85.8573316,20.2924096],[85.8573386,20.292247],[85.8573478,20.2920357],[85.8573828,20.2913918],[85.8574082,20.291076],[85.8574369,20.2906564],[85.8574487,20.2899826],[85.8574635,20.2896601],[85.8574755,20.2894135],[85.8575018,20.2884475],[85.8575037,20.2883765],[85.8575177,20.2881273],[85.8575353,20.2876796],[85.857561,20.2873346],[85.8575718,20.2869723],[85.8575711,20.286403],[85.8575642,20.28576],[85.857564,20.2856664],[85.8575637,20.2855711],[85.8575436,20.2853432],[85.8574607,20.2850773],[85.8573748,20.2848385],[85.8572898,20.2846188],[85.8571348,20.2842325],[85.856919,20.2837378]]}},{"type":"Feature","properties":{"highway":"trunk","name":null,"surface":"asphalt","lanes":"3","web_layer_source":"F:/datasets/layers/all_highway.geojson"},"geometry":{"type":"LineString","coordinates":[[85.8808784,20.3193147],[85.8813154,20.319722]]}},{"type":"Feature","properties":{"highway":"trunk","name":null,"surface":"asphalt","lanes":"3","web_layer_source":"F:/datasets/layers/all_highway.geojson"},"geometry":{"type":"LineString","coordinates":[[85.881409,20.3196328],[85.8809678,20.319202]]}},{"type":"Feature","properties":{"highway":"trunk","name":null,"surface":null,"lanes":"3","web_layer_source":"F:/datasets/layers/all_highway.geojson"},"geometry":{"type":"LineString","coordinates":[[85.8852557,20.3464391],[85.8857,20.3475012],[85.885833,20.3478191],[85.8859697,20.3480881],[85.8860018,20.3481455],[85.8860954,20.3483039],[85.8862569,20.34851],[85.8864317,20.3487043],[85.8866763,20.3489497],[85.8875622,20.3496957],[85.8881654,20.3502174],[85.8884503,20.3504638],[85.888545,20.3505586],[85.8887305,20.3507443],[85.8888916,20.350956],[85.8890529,20.3511946],[85.8891659,20.3514421],[85.8892961,20.3517875],[85.8893602,20.3521053],[85.8893896,20.352395],[85.8893846,20.352585],[85.889383,20.3527006],[85.8893514,20.352909],[85.889321,20.3531096],[85.8892132,20.3539485],[85.8891755,20.3542419],[85.8890123,20.3555043],[85.8889763,20.3561409],[85.8889757,20.3567407],[85.8889996,20.3572691],[85.8890182,20.3576287],[85.8890741,20.3580252]]}},{"type":"Feature","properties":{"highway":"trunk","name":null,"surface":null,"lanes":null,"web_layer_source":"F:/datasets/layers/all_highway.geojson"},"geometry":{"type":"LineString","coordinates":[[85.7906447,20.2624965],[85.7904168,20.2618299],[85.7898166,20.2606158],[85.789123,20.259378],[85.7890624,20.2592697],[85.7886626,20.2584998],[85.7886245,20.2584321],[85.7885165,20.2582401],[85.7878338,20.2570342],[85.7871764,20.2558453],[85.7860099,20.2537132],[85.7859381,20.253584]]}},{"type":"Feature","properties":{"highway":"trunk","name":"Flyover","surface":null,"lanes":null,"web_layer_source":"F:/datasets/layers/all_highway.geojson"},"geometry":{"type":"LineString","coordinates":[[85.8178104,20.2909576],[85.8167604,20.2903066],[85.8166513,20.2902406],[85.8155206,20.2895566],[85.8147002,20.2890619],[85.8131002,20.288066],[85.812258,20.2875566],[85.8099642,20.2861814],[85.8088187,20.2854774],[85.808224,20.28514],[85.8080823,20.2850549],[85.807854,20.2848984],[85.8077558,20.2848396],[85.807525,20.2847008],[85.8066228,20.2841702],[85.8033233,20.282188],[85.8000552,20.2802163],[85.7995793,20.2799254],[85.7988939,20.2794852],[85.7983751,20.2791127],[85.7980914,20.2788991],[85.7977355,20.2785735],[85.7974086,20.2782622],[85.797111,20.2779607],[85.7970388,20.2778824],[85.7968428,20.27767],[85.7967976,20.2776146],[85.7966121,20.2773869],[85.7963091,20.2770005],[85.7960496,20.2766319],[85.7958196,20.2762854],[85.7956312,20.2759566],[85.7955094,20.2757564]]}},{"type":"Feature","properties":{"highway":"trunk","name":"Jaydev Vihar Flyover","surface":null,"lanes":"3","web_layer_source":"F:/datasets/layers/all_highway.geojson"},"geometry":{"type":"LineString","coordinates":[[85.825016,20.2953555],[85.8245926,20.2951034],[85.824381,20.2949738],[85.823723,20.2945475],[85.8223154,20.2936674]]}},{"type":"Feature","properties":{"highway":"tertiary","name":null,"surface":null,"lanes":null,"web_layer_source":"F:/datasets/layers/all_highway.geojson"},"geometry":{"type":"LineString","coordinates":[[85.8571444,20.2949723],[85.8570088,20.2949535],[85.8565843,20.2949352],[85.8563446,20.2949413],[85.8560858,20.2949575],[85.8559939,20.2949633],[85.8535261,20.29516],[85.8530112,20.2952292],[85.8528234,20.2952669],[85.8526701,20.2953291]]}},{"type":"Feature","properties":{"highway":"trunk","name":"Bhubaneswar Puri Highway","surface":null,"lanes":null,"web_layer_source":"F:/datasets/layers/all_highway.geojson"},"geometry":{"type":"LineString","coordinates":[[85.853031,20.2122073],[85.8524863,20.2111198],[85.8522508,20.2106414],[85.8521509,20.210433],[85.8520753,20.2102753],[85.8520416,20.2102133]]}},{"type":"Feature","properties":{"highway":"primary","name":null,"surface":null,"lanes":null,"web_layer_source":"F:/datasets/layers/all_highway.geojson"},"geometry":{"type":"LineString","coordinates":[[85.8573439,20.2943263],[85.8573612,20.2943854],[85.8574173,20.2946268],[85.8574247,20.2946858],[85.8574314,20.2947851],[85.8574274,20.2948656],[85.8574163,20.2949594]]}},{"type":"Feature","properties":{"highway":"tertiary","name":null,"surface":null,"lanes":null,"web_layer_source":"F:/datasets/layers/all_highway.geojson"},"geometry":{"type":"LineString","coordinates":[[85.8568937,20.2960444],[85.8570666,20.2958915],[85.8571429,20.295824],[85.8572087,20.295767],[85.8572762,20.2957158],[85.8573789,20.2956516],[85.8575176,20.295581]]}},{"type":"Feature","properties":{"highway":"secondary","name":null,"surface":null,"lanes":null,"web_layer_source":"F:/datasets/layers/all_highway.geojson"},"geometry":{"type":"LineString","coordinates":[[85.8618795,20.2022571],[85.8605952,20.202056],[85.8602964,20.2019766],[85.8601408,20.201889],[85.8600323,20.2017667],[85.8599987,20.2016676],[85.8599836,20.2015122],[85.8600082,20.2012804],[85.8601519,20.2005072],[85.8602349,20.2000469],[85.8602626,20.1997574],[85.8602509,20.1995183],[85.8602072,20.1992877],[85.8601362,20.1988814],[85.8600978,20.1986117],[85.8600489,20.1983273],[85.8600189,20.1981074],[85.8600027,20.1979279],[85.8599678,20.1976615],[85.8599585,20.1975693]]}},{"type":"Feature","properties":{"highway":"secondary","name":null,"surface":null,"lanes":null,"web_layer_source":"F:/datasets/layers/all_highway.geojson"},"geometry":{"type":"LineString","coordinates":[[85.8659589,20.2027504],[85.864535,20.2026142],[85.8618795,20.2022571]]}},{"type":"Feature","properties":{"highway":"trunk","name":"Bhubaneswar Puri Highway","surface":null,"lanes":null,"web_layer_source":"F:/datasets/layers/all_highway.geojson"},"geometry":{"type":"LineString","coordinates":[[85.8520416,20.2102133],[85.8508352,20.2078358]]}},{"type":"Feature","properties":{"highway":"residential","name":"Jagamara-Baramunda Road","surface":null,"lanes":null,"web_layer_source":"F:/datasets/layers/all_highway.geojson"},"geometry":{"type":"LineString","coordinates":[[85.7960963,20.2595818],[85.7962303,20.2597587],[85.7963651,20.2599236],[85.796438,20.2600817],[85.7964439,20.2601157],[85.7964756,20.2602972],[85.7965103,20.2606047],[85.7965015,20.2606963],[85.7964854,20.2608639],[85.7964039,20.2612567],[85.7963699,20.2614206],[85.7963393,20.2616928],[85.7963758,20.2618996],[85.7964108,20.2620034],[85.7964489,20.2620494],[85.7964996,20.2620851],[85.7967376,20.2621019],[85.7968894,20.2620859],[85.7970526,20.2620469],[85.797282,20.2619923],[85.7973789,20.2620263],[85.7975534,20.2621736],[85.7977167,20.2623761]]}},{"type":"Feature","properties":{"highway":"secondary","name":null,"surface":null,"lanes":null,"web_layer_source":"F:/datasets/layers/all_highway.geojson"},"geometry":{"type":"LineString","coordinates":[[85.8111465,20.2372779],[85.8110949,20.2373351],[85.8107305,20.2378226],[85.8104633,20.2383339],[85.8103684,20.2385441],[85.8102326,20.2388448],[85.8098273,20.2397723],[85.8097664,20.2399894],[85.8097374,20.2401733],[85.809731,20.2404277],[85.8097796,20.240758],[85.809839,20.2411775],[85.8099539,20.2420284],[85.8099979,20.2423214],[85.8100071,20.2424378],[85.8100194,20.2425938],[85.8100291,20.2431515],[85.8100384,20.2436487],[85.8100603,20.244271],[85.8100608,20.2443682],[85.8100802,20.2446727],[85.8100866,20.2447958],[85.810132,20.2451878],[85.81018,20.245472],[85.8102374,20.2460118],[85.8102551,20.2461782],[85.8102899,20.2465214],[85.8103533,20.2470965],[85.8103734,20.247596],[85.8103654,20.2476891],[85.8103437,20.2477966],[85.8101345,20.2484329],[85.8100528,20.2487269],[85.8099933,20.2489091],[85.8097388,20.2496888],[85.8094216,20.2506605],[85.8092628,20.2511469],[85.8091824,20.2513617],[85.8091182,20.2514336],[85.8090363,20.2514839],[85.8088633,20.2515745],[85.8085147,20.2517683],[85.8079856,20.2520372],[85.8078095,20.2521393],[85.8071254,20.2524819],[85.8070675,20.2525109],[85.8069621,20.2525687]]}},{"type":"Feature","properties":{"highway":"footway","name":null,"surface":null,"lanes":null,"web_layer_source":"F:/datasets/layers/all_highway.geojson"},"geometry":{"type":"LineString","coordinates":[[85.8437267,20.2656317],[85.8435444,20.2657585],[85.8433686,20.2658875],[85.843192,20.2660172]]}},{"type":"Feature","properties":{"highway":"steps","name":null,"surface":null,"lanes":null,"web_layer_source":"F:/datasets/layers/all_highway.geojson"},"geometry":{"type":"LineString","coordinates":[[85.8432763,20.2657712],[85.8433686,20.2658875]]}},{"type":"Feature","properties":{"highway":"steps","name":null,"surface":null,"lanes":null,"web_layer_source":"F:/datasets/layers/all_highway.geojson"},"geometry":{"type":"LineString","coordinates":[[85.843454,20.2656476],[85.8435444,20.2657585]]}},{"type":"Feature","properties":{"highway":"service","name":null,"surface":null,"lanes":null,"web_layer_source":"F:/datasets/layers/all_highway.geojson"},"geometry":{"type":"LineString","coordinates":[[85.8418056,20.2673142],[85.841683,20.267095],[85.8422184,20.266771],[85.8422609,20.26672],[85.8422632,20.2666584],[85.8422213,20.2664807],[85.8421948,20.2664053],[85.8421724,20.2663828],[85.8421456,20.2663666]]}},{"type":"Feature","properties":{"highway":"footway","name":null,"surface":null,"lanes":null,"web_layer_source":"F:/datasets/layers/all_highway.geojson"},"geometry":{"type":"LineString","coordinates":[[85.8446829,20.2672422],[85.8445109,20.2673601],[85.8443112,20.2674959],[85.8442862,20.267513]]}},{"type":"Feature","properties":{"highway":"steps","name":null,"surface":null,"lanes":null,"web_layer_source":"F:/datasets/layers/all_highway.geojson"},"geometry":{"type":"LineString","coordinates":[[85.8431231,20.2659236],[85.843192,20.2660172]]}},{"type":"Feature","properties":{"highway":"residential","name":null,"surface":null,"lanes":null,"web_layer_source":"F:/datasets/layers/all_highway.geojson"},"geometry":{"type":"LineString","coordinates":[[85.8452725,20.253596],[85.8443912,20.2543729]]}},{"type":"Feature","properties":{"highway":"steps","name":null,"surface":null,"lanes":null,"web_layer_source":"F:/datasets/layers/all_highway.geojson"},"geometry":{"type":"LineString","coordinates":[[85.8445732,20.2670943],[85.8446829,20.2672422]]}},{"type":"Feature","properties":{"highway":"steps","name":null,"surface":null,"lanes":null,"web_layer_source":"F:/datasets/layers/all_highway.geojson"},"geometry":{"type":"LineString","coordinates":[[85.8441956,20.2673905],[85.8442862,20.267513]]}},{"type":"Feature","properties":{"highway":"secondary","name":"Mahatma Gandhi Marg","surface":null,"lanes":null,"web_layer_source":"F:/datasets/layers/all_highway.geojson"},"geometry":{"type":"LineString","coordinates":[[85.8385823,20.2694996],[85.838906,20.2693458]]}},{"type":"Feature","properties":{"highway":"residential","name":null,"surface":"asphalt","lanes":null,"web_layer_source":"F:/datasets/layers/all_highway.geojson"},"geometry":{"type":"LineString","coordinates":[[85.8431047,20.266592],[85.8426511,20.2668442],[85.8418056,20.2673142],[85.841696,20.2673751],[85.8407913,20.2679063]]}},{"type":"Feature","properties":{"highway":"residential","name":null,"surface":null,"lanes":null,"web_layer_source":"F:/datasets/layers/all_highway.geojson"},"geometry":{"type":"LineString","coordinates":[[85.8360247,20.2623291],[85.8361951,20.2625491],[85.8364624,20.2628942],[85.83668,20.26319],[85.83683,20.2634],[85.83719,20.26394],[85.83751,20.26445],[85.83784,20.26493],[85.83809,20.26538],[85.83831,20.2657],[85.83854,20.26609],[85.83882,20.26662],[85.8389683,20.2668605],[85.83919,20.26722],[85.8393916,20.2676672],[85.83951,20.26793],[85.8396572,20.2682355],[85.8398287,20.2685981],[85.8399513,20.2688551]]}},{"type":"Feature","properties":{"highway":"residential","name":null,"surface":null,"lanes":null,"web_layer_source":"F:/datasets/layers/all_highway.geojson"},"geometry":{"type":"LineString","coordinates":[[85.8411776,20.2642753],[85.8404948,20.2646044],[85.8398787,20.2649067],[85.8393225,20.2651771]]}},{"type":"Feature","properties":{"highway":"residential","name":null,"surface":null,"lanes":null,"web_layer_source":"F:/datasets/layers/all_highway.geojson"},"geometry":{"type":"LineString","coordinates":[[85.8386429,20.262941],[85.8381182,20.2633044]]}},{"type":"Feature","properties":{"highway":"residential","name":null,"surface":null,"lanes":null,"web_layer_source":"F:/datasets/layers/all_highway.geojson"},"geometry":{"type":"LineString","coordinates":[[85.8240814,20.2646927],[85.8226589,20.2654586],[85.8210727,20.2660224]]}},{"type":"Feature","properties":{"highway":"residential","name":null,"surface":null,"lanes":null,"web_layer_source":"F:/datasets/layers/all_highway.geojson"},"geometry":{"type":"LineString","coordinates":[[85.8391964,20.263732],[85.839058,20.2635054],[85.8389224,20.2632836],[85.83875,20.2630584],[85.8386429,20.262941],[85.8385868,20.2628378],[85.8384335,20.262645],[85.8381108,20.2622455],[85.8380571,20.2621533],[85.8377894,20.2618372],[85.8375086,20.2614303],[85.83741,20.2613079]]}},{"type":"Feature","properties":{"highway":"residential","name":null,"surface":null,"lanes":null,"web_layer_source":"F:/datasets/layers/all_highway.geojson"},"geometry":{"type":"LineString","coordinates":[[85.8415245,20.2651423],[85.8414849,20.2651607],[85.8410958,20.2653762],[85.8409638,20.2654331],[85.8403913,20.265767],[85.8398337,20.2660732]]}},{"type":"Feature","properties":{"highway":"residential","name":null,"surface":null,"lanes":null,"web_layer_source":"F:/datasets/layers/all_highway.geojson"},"geometry":{"type":"LineString","coordinates":[[85.8210575,20.2611728],[85.8209752,20.261258],[85.8209618,20.2612938],[85.8209685,20.2613527],[85.8213522,20.2618516],[85.8214015,20.2618685],[85.8214804,20.2618337],[85.8218178,20.2615867],[85.8224004,20.2611956],[85.8238703,20.2602193],[85.8245099,20.2597266]]}},{"type":"Feature","properties":{"highway":"residential","name":null,"surface":"asphalt","lanes":null,"web_layer_source":"F:/datasets/layers/all_highway.geojson"},"geometry":{"type":"LineString","coordinates":[[85.8412215,20.2647536],[85.8406931,20.26498],[85.8401116,20.2653032]]}},{"type":"Feature","properties":{"highway":"residential","name":null,"surface":"asphalt","lanes":null,"web_layer_source":"F:/datasets/layers/all_highway.geojson"},"geometry":{"type":"LineString","coordinates":[[85.830204,20.2622438],[85.8298059,20.2625381],[85.829012,20.2631025]]}},{"type":"Feature","properties":{"highway":"residential","name":null,"surface":"asphalt","lanes":null,"web_layer_source":"F:/datasets/layers/all_highway.geojson"},"geometry":{"type":"LineString","coordinates":[[85.8215733,20.2631645],[85.8213132,20.2626324],[85.820035,20.2611813]]}},{"type":"Feature","properties":{"highway":"residential","name":null,"surface":null,"lanes":null,"web_layer_source":"F:/datasets/layers/all_highway.geojson"},"geometry":{"type":"LineString","coordinates":[[85.8387744,20.261048],[85.8384293,20.2612912],[85.8377894,20.2618372],[85.8373147,20.2621728]]}},{"type":"Feature","properties":{"highway":"residential","name":null,"surface":null,"lanes":null,"web_layer_source":"F:/datasets/layers/all_highway.geojson"},"geometry":{"type":"LineString","coordinates":[[85.8387875,20.2617426],[85.8381108,20.2622455]]}},{"type":"Feature","properties":{"highway":"primary","name":"Raj Path","surface":null,"lanes":null,"web_layer_source":"F:/datasets/layers/all_highway.geojson"},"geometry":{"type":"LineString","coordinates":[[85.8299778,20.2665254],[85.8301527,20.2664075]]}},{"type":"Feature","properties":{"highway":"residential","name":null,"surface":null,"lanes":null,"web_layer_source":"F:/datasets/layers/all_highway.geojson"},"geometry":{"type":"LineString","coordinates":[[85.8391964,20.263732],[85.8393158,20.2639669],[85.8393496,20.2640163],[85.8396245,20.2645266],[85.8398787,20.2649067],[85.8401116,20.2653032],[85.8403913,20.265767]]}},{"type":"Feature","properties":{"highway":"primary","name":"Raj Path","surface":null,"lanes":null,"web_layer_source":"F:/datasets/layers/all_highway.geojson"},"geometry":{"type":"LineString","coordinates":[[85.8412502,20.258371],[85.84114,20.25845],[85.84002,20.25924],[85.8392635,20.2597483],[85.8391834,20.2598022]]}},{"type":"Feature","properties":{"highway":"residential","name":null,"surface":null,"lanes":null,"web_layer_source":"F:/datasets/layers/all_highway.geojson"},"geometry":{"type":"LineString","coordinates":[[85.8256727,20.2635825],[85.8240166,20.2645937]]}},{"type":"Feature","properties":{"highway":"residential","name":null,"surface":null,"lanes":null,"web_layer_source":"F:/datasets/layers/all_highway.geojson"},"geometry":{"type":"LineString","coordinates":[[85.8431047,20.266592],[85.8425727,20.2659306],[85.8421147,20.2653172],[85.8418826,20.2650225],[85.8418067,20.2649481],[85.8415487,20.2646882],[85.8411776,20.2642753],[85.8409195,20.2639003],[85.8406138,20.2635033],[85.8400113,20.2628149]]}},{"type":"Feature","properties":{"highway":"residential","name":null,"surface":null,"lanes":null,"web_layer_source":"F:/datasets/layers/all_highway.geojson"},"geometry":{"type":"LineString","coordinates":[[85.8400226,20.2637508],[85.8402773,20.2642041],[85.8404948,20.2646044],[85.8406931,20.26498],[85.8409638,20.2654331]]}},{"type":"Feature","properties":{"highway":"residential","name":null,"surface":null,"lanes":null,"web_layer_source":"F:/datasets/layers/all_highway.geojson"},"geometry":{"type":"LineString","coordinates":[[85.8393158,20.2639669],[85.8387387,20.2642294]]}},{"type":"Feature","properties":{"highway":"residential","name":null,"surface":null,"lanes":null,"web_layer_source":"F:/datasets/layers/all_highway.geojson"},"geometry":{"type":"LineString","coordinates":[[85.8384293,20.2612912],[85.8387875,20.2617426],[85.8390152,20.262009],[85.8391451,20.2621682],[85.8392838,20.26234],[85.8394657,20.2625653],[85.8396041,20.2627305],[85.8397625,20.2626177],[85.8398222,20.2625771],[85.8398727,20.2625458],[85.839951,20.2624973],[85.8400169,20.2624467]]}},{"type":"Feature","properties":{"highway":"residential","name":null,"surface":null,"lanes":null,"web_layer_source":"F:/datasets/layers/all_highway.geojson"},"geometry":{"type":"LineString","coordinates":[[85.8375474,20.2625039],[85.8380571,20.2621533]]}},{"type":"Feature","properties":{"highway":"residential","name":null,"surface":null,"lanes":null,"web_layer_source":"F:/datasets/layers/all_highway.geojson"},"geometry":{"type":"LineString","coordinates":[[85.8409195,20.2639003],[85.8402773,20.2642041],[85.8396245,20.2645266]]}},{"type":"Feature","properties":{"highway":"secondary","name":null,"surface":"asphalt","lanes":null,"web_layer_source":"F:/datasets/layers/all_highway.geojson"},"geometry":{"type":"LineString","coordinates":[[85.8362975,20.2527072],[85.8362326,20.2526789],[85.8361731,20.2526742],[85.8360802,20.252694],[85.8359534,20.2527176],[85.8358819,20.252737],[85.8357905,20.2527619]]}},{"type":"Feature","properties":{"highway":"secondary","name":"Vivekananda Marg","surface":null,"lanes":"2","web_layer_source":"F:/datasets/layers/all_highway.geojson"},"geometry":{"type":"LineString","coordinates":[[85.8363768,20.252601],[85.8363908,20.2525209],[85.8364153,20.2517458],[85.8364188,20.2516512],[85.8364091,20.2509052],[85.8364064,20.250821],[85.8363923,20.2503818],[85.8363673,20.2501074],[85.8363512,20.2497499],[85.8363131,20.2491965],[85.8362825,20.2487517],[85.8361878,20.2472647],[85.8361694,20.2469055],[85.8361387,20.2463047],[85.8361101,20.2457044],[85.8360726,20.2454266],[85.8360534,20.2453305],[85.8360371,20.2453053]]}},{"type":"Feature","properties":{"highway":"residential","name":null,"surface":null,"lanes":null,"web_layer_source":"F:/datasets/layers/all_highway.geojson"},"geometry":{"type":"LineString","coordinates":[[85.8360465,20.2452834],[85.8357627,20.244442],[85.8354308,20.2444169],[85.8351764,20.2443435],[85.8350912,20.2442896],[85.8349942,20.2442281],[85.8347944,20.2440506],[85.8345599,20.2437053],[85.834089,20.243224],[85.833735,20.2426703],[85.833574,20.2424187],[85.8330832,20.2423036],[85.8326513,20.242318],[85.8323033,20.242262]]}},{"type":"Feature","properties":{"highway":"trunk","name":"Cuttack Puri Bypass North Square Flyover","surface":"asphalt","lanes":"2","web_layer_source":"F:/datasets/layers/all_highway.geojson"},"geometry":{"type":"LineString","coordinates":[[85.8731467,20.3096912],[85.8726945,20.3093264],[85.8725202,20.3092019],[85.8720696,20.3088598],[85.8714814,20.3083636],[85.8713774,20.3082671],[85.8709291,20.3078549],[85.8704549,20.3073946]]}},{"type":"Feature","properties":{"highway":"tertiary","name":null,"surface":"asphalt","lanes":null,"web_layer_source":"F:/datasets/layers/all_highway.geojson"},"geometry":{"type":"LineString","coordinates":[[85.8741764,20.3113754],[85.8760043,20.3132541],[85.8776785,20.3149002]]}},{"type":"Feature","properties":{"highway":"trunk","name":"Kuakhai River Bridge","surface":"asphalt","lanes":null,"web_layer_source":"F:/datasets/layers/all_highway.geojson"},"geometry":{"type":"LineString","coordinates":[[85.8745085,20.3111341],[85.8776345,20.3142987],[85.8778465,20.3145068],[85.877943,20.314609]]}},{"type":"Feature","properties":{"highway":"trunk","name":null,"surface":"asphalt","lanes":null,"web_layer_source":"F:/datasets/layers/all_highway.geojson"},"geometry":{"type":"LineString","coordinates":[[85.8782245,20.3152634],[85.8784604,20.3153885],[85.8786989,20.3155554],[85.8788058,20.3158107],[85.8789743,20.3161605],[85.8790259,20.3163569],[85.8790734,20.316603],[85.879104,20.3167126],[85.8791582,20.3168523]]}},{"type":"Feature","properties":{"highway":"tertiary","name":"Rath Road","surface":"asphalt","lanes":"2","web_layer_source":"F:/datasets/layers/all_highway.geojson"},"geometry":{"type":"LineString","coordinates":[[85.8343314,20.2374674],[85.8341361,20.2370507],[85.834097,20.2369031],[85.8340875,20.2367449],[85.8341207,20.2365418],[85.8341498,20.2364431],[85.8342035,20.2362836],[85.8342733,20.2360843],[85.8342928,20.2359393],[85.8343042,20.2358374],[85.8342953,20.2357431],[85.8342257,20.2355418],[85.8341117,20.2353546],[85.8340012,20.2352095],[85.8339804,20.2351821],[85.8337463,20.2349684],[85.83354,20.23478],[85.8333255,20.2346242],[85.8325904,20.2340904],[85.8322856,20.2339035],[85.831936,20.2336892],[85.8316797,20.2335356],[85.8313474,20.2333132],[85.8312039,20.2332172],[85.8309531,20.2330567],[85.8305967,20.2328113],[85.83052,20.23276],[85.8298384,20.2323811],[85.8296679,20.2322863],[85.8293209,20.2320933],[85.8288404,20.2318751],[85.8288082,20.2318519]]}},{"type":"Feature","properties":{"highway":"trunk","name":null,"surface":null,"lanes":null,"web_layer_source":"F:/datasets/layers/all_highway.geojson"},"geometry":{"type":"LineString","coordinates":[[85.8520576,20.295523],[85.8526085,20.2954767]]}},{"type":"Feature","properties":{"highway":"trunk","name":null,"surface":null,"lanes":null,"web_layer_source":"F:/datasets/layers/all_highway.geojson"},"geometry":{"type":"LineString","coordinates":[[85.8526085,20.2954767],[85.8529467,20.2954359]]}},{"type":"Feature","properties":{"highway":"trunk","name":null,"surface":null,"lanes":null,"web_layer_source":"F:/datasets/layers/all_highway.geojson"},"geometry":{"type":"LineString","coordinates":[[85.8526117,20.2953337],[85.8521773,20.2953678]]}},{"type":"Feature","properties":{"highway":"trunk","name":null,"surface":"asphalt","lanes":"3","web_layer_source":"F:/datasets/layers/all_highway.geojson"},"geometry":{"type":"LineString","coordinates":[[85.8521773,20.2953678],[85.8515193,20.2954149],[85.8493939,20.295582],[85.8488957,20.2956176],[85.8477584,20.2957249]]}},{"type":"Feature","properties":{"highway":"secondary","name":null,"surface":"asphalt","lanes":"1","web_layer_source":"F:/datasets/layers/all_highway.geojson"},"geometry":{"type":"LineString","coordinates":[[85.8332976,20.2963122],[85.8332403,20.2966665],[85.8332325,20.2967151],[85.8332278,20.2967577],[85.8332174,20.2968112]]}},{"type":"Feature","properties":{"highway":"trunk","name":"Acharya vihar Flyover","surface":"asphalt","lanes":"3","web_layer_source":"F:/datasets/layers/all_highway.geojson"},"geometry":{"type":"LineString","coordinates":[[85.8288892,20.2970011],[85.82891,20.2970053],[85.8291966,20.2970568],[85.8294551,20.297093],[85.8297427,20.2971289],[85.830021,20.2971536],[85.8304398,20.2971837],[85.8308107,20.2971931],[85.8311379,20.2971886],[85.8315914,20.2971767],[85.8320992,20.2971411],[85.8325918,20.297106],[85.8336596,20.2970163],[85.8353685,20.296863],[85.8364293,20.2967677],[85.8375925,20.2966831],[85.8387878,20.2965794],[85.8399515,20.2964977]]}},{"type":"Feature","properties":{"highway":"trunk","name":null,"surface":null,"lanes":null,"web_layer_source":"F:/datasets/layers/all_highway.geojson"},"geometry":{"type":"LineString","coordinates":[[85.7946084,20.2740834],[85.7946396,20.274189],[85.7946843,20.2743187],[85.7948362,20.2747034],[85.7949467,20.27493],[85.7950258,20.2750734],[85.7952254,20.2754472]]}},{"type":"Feature","properties":{"highway":"trunk","name":"Jaydev Vihar Flyover","surface":null,"lanes":null,"web_layer_source":"F:/datasets/layers/all_highway.geojson"},"geometry":{"type":"LineString","coordinates":[[85.8222417,20.2937597],[85.8243158,20.2950694],[85.8245453,20.2952148]]}},{"type":"Feature","properties":{"highway":"trunk","name":null,"surface":null,"lanes":null,"web_layer_source":"F:/datasets/layers/all_highway.geojson"},"geometry":{"type":"LineString","coordinates":[[85.7934853,20.2709516],[85.7941288,20.2727371],[85.7946084,20.2740834]]}},{"type":"Feature","properties":{"highway":"trunk","name":"NH16","surface":null,"lanes":null,"web_layer_source":"F:/datasets/layers/all_highway.geojson"},"geometry":{"type":"LineString","coordinates":[[85.8215353,20.2931673],[85.8208263,20.2927356],[85.819981,20.2922227],[85.8196211,20.292025],[85.8192233,20.2917775],[85.8190319,20.2916768],[85.8180092,20.2910786]]}},{"type":"Feature","properties":{"highway":"trunk","name":null,"surface":null,"lanes":null,"web_layer_source":"F:/datasets/layers/all_highway.geojson"},"geometry":{"type":"LineString","coordinates":[[85.7947093,20.2740506],[85.7942271,20.272702],[85.7935951,20.2708972]]}},{"type":"Feature","properties":{"highway":"trunk","name":null,"surface":null,"lanes":null,"web_layer_source":"F:/datasets/layers/all_highway.geojson"},"geometry":{"type":"LineString","coordinates":[[85.7935951,20.2708972],[85.7933629,20.270266],[85.7925524,20.2679918],[85.7917382,20.2656366],[85.7917274,20.2656056],[85.7912308,20.2641874]]}},{"type":"Feature","properties":{"highway":"trunk","name":"Jaydev Vihar Flyover","surface":null,"lanes":null,"web_layer_source":"F:/datasets/layers/all_highway.geojson"},"geometry":{"type":"LineString","coordinates":[[85.8285518,20.2968052],[85.8282169,20.2967268],[85.827247,20.2964343],[85.8267466,20.2962398],[85.826323,20.2960643],[85.8258168,20.2958215],[85.825454,20.2956196],[85.8252398,20.2954864],[85.825016,20.2953555]]}},{"type":"Feature","properties":{"highway":"tertiary","name":null,"surface":null,"lanes":"1","web_layer_source":"F:/datasets/layers/all_highway.geojson"},"geometry":{"type":"LineString","coordinates":[[85.7871803,20.2563468],[85.7878145,20.2575157],[85.7878778,20.2576276],[85.787989,20.2578226],[85.7881128,20.2580376],[85.78815,20.2581022],[85.7882848,20.2583906],[85.7883179,20.2584564],[85.7883782,20.2585651],[85.7884333,20.2586646],[85.7886611,20.2590754],[85.7887323,20.2592034],[85.7888451,20.2594022]]}},{"type":"Feature","properties":{"highway":"tertiary","name":null,"surface":null,"lanes":"1","web_layer_source":"F:/datasets/layers/all_highway.geojson"},"geometry":{"type":"LineString","coordinates":[[85.7916877,20.2662623],[85.7918075,20.2666166],[85.7919851,20.2671421],[85.7925371,20.2687271],[85.7932996,20.270933],[85.7933762,20.2711256],[85.7935793,20.2716123]]}},{"type":"Feature","properties":{"highway":"tertiary","name":null,"surface":null,"lanes":null,"web_layer_source":"F:/datasets/layers/all_highway.geojson"},"geometry":{"type":"LineString","coordinates":[[85.8295029,20.2968466],[85.8290535,20.2967753],[85.8289401,20.2967573],[85.8286275,20.2966799],[85.827936,20.2965084],[85.8273592,20.2963288],[85.827256,20.2962967],[85.8267274,20.296077],[85.826336,20.2959028],[85.8259274,20.2956964],[85.8258724,20.2956617],[85.8255159,20.2954365],[85.8253619,20.2953346]]}},{"type":"Feature","properties":{"highway":"tertiary","name":null,"surface":null,"lanes":null,"web_layer_source":"F:/datasets/layers/all_highway.geojson"},"geometry":{"type":"LineString","coordinates":[[85.8119141,20.2983376],[85.8119164,20.2982635]]}},{"type":"Feature","properties":{"highway":"tertiary","name":null,"surface":"asphalt","lanes":null,"web_layer_source":"F:/datasets/layers/all_highway.geojson"},"geometry":{"type":"LineString","coordinates":[[85.7771153,20.2444498],[85.7771055,20.2447335]]}},{"type":"Feature","properties":{"highway":"tertiary","name":null,"surface":null,"lanes":"1","web_layer_source":"F:/datasets/layers/all_highway.geojson"},"geometry":{"type":"LineString","coordinates":[[85.7826985,20.2472567],[85.7824505,20.2469253],[85.782377,20.2468735],[85.7822221,20.2466938],[85.7820804,20.2465293],[85.7818822,20.2463004],[85.7814744,20.24595],[85.7809732,20.2456026],[85.780712,20.2454287],[85.7805213,20.2453319],[85.7804518,20.2452903],[85.7801793,20.2451574],[85.7799882,20.2450642],[85.7796283,20.2449011],[85.7789542,20.2446722],[85.7784906,20.2445634],[85.7784229,20.2445507],[85.7776824,20.2444118],[85.7771569,20.2443456]]}},{"type":"Feature","properties":{"highway":"tertiary","name":null,"surface":null,"lanes":null,"web_layer_source":"F:/datasets/layers/all_highway.geojson"},"geometry":{"type":"LineString","coordinates":[[85.7771056,20.2448136],[85.7772687,20.2448203],[85.7779489,20.2448632],[85.7782646,20.2449198],[85.7784958,20.2449679],[85.7789309,20.2451036],[85.7796263,20.2453382],[85.7801967,20.2455957],[85.7802901,20.2456534],[85.7805013,20.245784],[85.7807151,20.2459162],[85.7810768,20.2461538],[85.7813474,20.2463886],[85.781464,20.2464897],[85.781621,20.2466259],[85.7819399,20.24697],[85.7820876,20.2471295],[85.7823218,20.247459],[85.7823717,20.2475293],[85.7825817,20.2478248],[85.7828592,20.2482827],[85.7833271,20.2491603],[85.7835659,20.249624],[85.7837315,20.2499186],[85.7839518,20.2502824],[85.7842611,20.2508851]]}},{"type":"Feature","properties":{"highway":"tertiary","name":null,"surface":null,"lanes":null,"web_layer_source":"F:/datasets/layers/all_highway.geojson"},"geometry":{"type":"LineString","coordinates":[[85.7846462,20.2656325],[85.7845414,20.2656172],[85.7830169,20.2654364],[85.7818667,20.2653417],[85.781091,20.2651655],[85.7807751,20.265066],[85.7796022,20.2646964],[85.7784632,20.2642878],[85.7782159,20.2641814],[85.7781394,20.2641167],[85.7781011,20.2640267],[85.7780891,20.2638825],[85.778172,20.2634364],[85.778347,20.2624943],[85.7787174,20.2603633],[85.7788935,20.2593498],[85.7791914,20.2576712],[85.7792964,20.257033],[85.7793701,20.2566523],[85.7793981,20.2565667],[85.7794274,20.2564771],[85.7795105,20.2562942],[85.7796554,20.2559755],[85.7800949,20.2551135],[85.7803321,20.2546617],[85.7804645,20.2544533],[85.7805563,20.254346],[85.7807389,20.2541326],[85.7810179,20.2538987],[85.7812999,20.2537774],[85.7814285,20.2537848],[85.7816707,20.2537393],[85.783251,20.253811],[85.7833657,20.2538201],[85.7835133,20.2538088],[85.7840178,20.2537974],[85.7841299,20.2537937],[85.7853668,20.2537621],[85.7857125,20.2537542]]}},{"type":"Feature","properties":{"highway":"tertiary","name":null,"surface":null,"lanes":null,"web_layer_source":"F:/datasets/layers/all_highway.geojson"},"geometry":{"type":"LineString","coordinates":[[85.8193481,20.2920543],[85.8194312,20.2922178],[85.8194936,20.2923015],[85.8196116,20.2924053],[85.8197632,20.2925053],[85.8201246,20.2927137],[85.8211166,20.2933258],[85.8220436,20.2938827],[85.8224319,20.294116],[85.8226638,20.2942545],[85.8231079,20.2945342],[85.8234946,20.2947735],[85.8240815,20.2951377],[85.8244504,20.2953703],[85.8245589,20.2954372],[85.8247124,20.2955303]]}},{"type":"Feature","properties":{"highway":"tertiary","name":null,"surface":null,"lanes":null,"web_layer_source":"F:/datasets/layers/all_highway.geojson"},"geometry":{"type":"LineString","coordinates":[[85.8253619,20.2953346],[85.8251811,20.2952151],[85.8249639,20.2950886]]}},{"type":"Feature","properties":{"highway":"residential","name":null,"surface":null,"lanes":null,"web_layer_source":"F:/datasets/layers/all_highway.geojson"},"geometry":{"type":"LineString","coordinates":[[85.7771056,20.2448136],[85.7774227,20.2451771],[85.7776157,20.2453749],[85.7782988,20.2454823],[85.7786659,20.24554],[85.7792496,20.2456318],[85.7795555,20.245669],[85.7800563,20.24573],[85.7801958,20.24572],[85.7802901,20.2456534]]}},{"type":"Feature","properties":{"highway":"tertiary","name":null,"surface":null,"lanes":null,"web_layer_source":"F:/datasets/layers/all_highway.geojson"},"geometry":{"type":"LineString","coordinates":[[85.7771153,20.2444498],[85.7771569,20.2443456]]}},{"type":"Feature","properties":{"highway":"primary_link","name":null,"surface":null,"lanes":"1","web_layer_source":"F:/datasets/layers/all_highway.geojson"},"geometry":{"type":"LineString","coordinates":[[85.8250486,20.2945268],[85.8249068,20.2946845],[85.824828,20.2947792],[85.8247472,20.2948342],[85.8246987,20.294855],[85.8245486,20.2948467]]}},{"type":"Feature","properties":{"highway":"tertiary","name":null,"surface":null,"lanes":null,"web_layer_source":"F:/datasets/layers/all_highway.geojson"},"geometry":{"type":"LineString","coordinates":[[85.8195935,20.2968803],[85.8197218,20.296853],[85.8204176,20.2966649],[85.8207481,20.2965746],[85.8211517,20.2964543],[85.8217355,20.2962772],[85.8219501,20.2962125],[85.8221935,20.296152],[85.8227529,20.2960128],[85.8231551,20.2959289],[85.8237217,20.2958106],[85.8240896,20.2957251],[85.8242381,20.2957096],[85.8243593,20.2957418],[85.8244401,20.2957968],[85.8244967,20.295865],[85.824527,20.2959389],[85.8245702,20.2960542]]}},{"type":"Feature","properties":{"highway":"tertiary","name":null,"surface":null,"lanes":null,"web_layer_source":"F:/datasets/layers/all_highway.geojson"},"geometry":{"type":"LineString","coordinates":[[85.8245486,20.2948467],[85.8239586,20.2945056],[85.8231484,20.2940205],[85.8229387,20.2938889],[85.8223969,20.2935733],[85.822096,20.2934002],[85.8219551,20.2933141]]}},{"type":"Feature","properties":{"highway":"primary_link","name":null,"surface":null,"lanes":"1","web_layer_source":"F:/datasets/layers/all_highway.geojson"},"geometry":{"type":"LineString","coordinates":[[85.8253619,20.2953346],[85.8252483,20.2951999],[85.8251919,20.2951104],[85.8251455,20.2950162],[85.8251275,20.2949171],[85.8251144,20.2948122],[85.8250984,20.2946905]]}},{"type":"Feature","properties":{"highway":"primary","name":"Lewis Road","surface":null,"lanes":null,"web_layer_source":"F:/datasets/layers/all_highway.geojson"},"geometry":{"type":"LineString","coordinates":[[85.8410959,20.2376218],[85.8410845,20.2379425]]}},{"type":"Feature","properties":{"highway":"primary","name":"Lewis Road","surface":null,"lanes":null,"web_layer_source":"F:/datasets/layers/all_highway.geojson"},"geometry":{"type":"LineString","coordinates":[[85.8534802,20.21424],[85.8534559,20.2142992],[85.8533712,20.2145584],[85.8532416,20.2149163],[85.8531882,20.2150418],[85.8531015,20.2152324],[85.853023,20.2153701],[85.8530031,20.2153989],[85.8527995,20.2156592],[85.852607,20.2158528],[85.8524566,20.2159806],[85.8519148,20.2164236],[85.8518153,20.216505],[85.8517699,20.2165421],[85.8517284,20.216576],[85.8516898,20.2166067],[85.8516212,20.2166611],[85.8511491,20.2170358],[85.85105,20.2171145]]}},{"type":"Feature","properties":{"highway":"primary","name":null,"surface":null,"lanes":null,"web_layer_source":"F:/datasets/layers/all_highway.geojson"},"geometry":{"type":"LineString","coordinates":[[85.8454559,20.2636072],[85.8456403,20.2637986]]}},{"type":"Feature","properties":{"highway":"primary","name":"Lewis Road","surface":null,"lanes":null,"web_layer_source":"F:/datasets/layers/all_highway.geojson"},"geometry":{"type":"LineString","coordinates":[[85.8410845,20.2379425],[85.8410854,20.2381157],[85.8410897,20.238894]]}},{"type":"Feature","properties":{"highway":"tertiary_link","name":null,"surface":null,"lanes":null,"web_layer_source":"F:/datasets/layers/all_highway.geojson"},"geometry":{"type":"LineString","coordinates":[[85.7598594,20.2672177],[85.7599272,20.2672269]]}},{"type":"Feature","properties":{"highway":"tertiary_link","name":null,"surface":null,"lanes":null,"web_layer_source":"F:/datasets/layers/all_highway.geojson"},"geometry":{"type":"LineString","coordinates":[[85.7590447,20.2701125],[85.759068,20.2700287]]}},{"type":"Feature","properties":{"highway":"tertiary","name":"Ghatikia Main Road","surface":null,"lanes":null,"web_layer_source":"F:/datasets/layers/all_highway.geojson"},"geometry":{"type":"LineString","coordinates":[[85.7590447,20.2701125],[85.7591493,20.2701325],[85.7593024,20.2701618],[85.761603,20.2707595],[85.7634615,20.2712553],[85.7634918,20.2712633],[85.7643211,20.2714829],[85.7644314,20.2715171],[85.7647211,20.2715899],[85.7647918,20.2716075],[85.765319,20.2717241],[85.7676135,20.2722315],[85.7678495,20.2722818],[85.7682878,20.2722753],[85.7691676,20.2723055],[85.7692422,20.2723154],[85.7695984,20.2723624],[85.7704245,20.2725133],[85.7707463,20.2725938],[85.7711648,20.2725938],[85.7727098,20.2724979],[85.7727848,20.2724932],[85.774362,20.2724127],[85.7745602,20.2723997],[85.774768,20.272386],[85.7748817,20.2723711],[85.7751022,20.2723422],[85.7752508,20.2723357],[85.7757031,20.2723825],[85.7770495,20.2724036],[85.7785017,20.2724263],[85.7809001,20.2723902],[85.7809659,20.2723558]]}},{"type":"Feature","properties":{"highway":"tertiary_link","name":null,"surface":null,"lanes":null,"web_layer_source":"F:/datasets/layers/all_highway.geojson"},"geometry":{"type":"LineString","coordinates":[[85.7598885,20.2673617],[85.7598217,20.2673453]]}},{"type":"Feature","properties":{"highway":"tertiary_link","name":null,"surface":null,"lanes":null,"web_layer_source":"F:/datasets/layers/all_highway.geojson"},"geometry":{"type":"LineString","coordinates":[[85.7591493,20.2701325],[85.759169,20.270048]]}},{"type":"Feature","properties":{"highway":"tertiary","name":"Kalinga Vihar Road","surface":null,"lanes":null,"web_layer_source":"F:/datasets/layers/all_highway.geojson"},"geometry":{"type":"LineString","coordinates":[[85.758654,20.2532186],[85.7586521,20.2532811],[85.7586486,20.2533458],[85.7586962,20.2534842],[85.758732,20.2536156],[85.7587926,20.2538378],[85.7589778,20.2545171],[85.7590811,20.2548961],[85.7591304,20.2551812],[85.7591737,20.2554319],[85.7591964,20.2555577],[85.7592558,20.2558863],[85.7593362,20.2562386],[85.7594193,20.2565157],[85.7596122,20.2571587],[85.7596618,20.2573241],[85.7599622,20.2583407],[85.760283,20.259622],[85.7606183,20.2609038],[85.7608184,20.261653],[85.760949,20.2621422],[85.7609654,20.2622007],[85.7609729,20.2622297],[85.7610449,20.2625529],[85.7610563,20.2626907],[85.7610405,20.26287],[85.7607202,20.264044],[85.7605218,20.2647687],[85.7603375,20.2654522],[85.7601731,20.266062],[85.760084,20.2663966],[85.7600702,20.2664485],[85.7599556,20.2668074],[85.7598594,20.2672177],[85.7598355,20.2672985],[85.7598217,20.2673453],[85.7596674,20.2678881],[85.7594542,20.2686385],[85.7592757,20.2692754],[85.759127,20.269806],[85.759068,20.2700287]]}},{"type":"Feature","properties":{"highway":"tertiary","name":"Ghatikia Main Road","surface":null,"lanes":null,"web_layer_source":"F:/datasets/layers/all_highway.geojson"},"geometry":{"type":"LineString","coordinates":[[85.7809659,20.2723558],[85.7809053,20.2723285],[85.779871,20.2723168],[85.7790209,20.272331],[85.7785514,20.2723389],[85.7785016,20.2723397],[85.7781706,20.2723383],[85.7770495,20.2723336],[85.775734,20.2723132],[85.7754972,20.2722956],[85.7752285,20.2722757],[85.7749817,20.2722796],[85.7749392,20.2722803],[85.7748663,20.2722878],[85.7747224,20.2723025],[85.7743562,20.2723263],[85.7732072,20.272385],[85.7731679,20.272387],[85.7730715,20.2723919],[85.7727793,20.2724068],[85.7727099,20.2724111],[85.7711617,20.2725073],[85.7707109,20.2725073],[85.7706013,20.2724794],[85.7703842,20.2724243],[85.7697067,20.2723095],[85.7692636,20.272233],[85.7687057,20.2722054],[85.768003,20.2721269],[85.7676947,20.2721594],[85.7663494,20.2718591],[85.7661604,20.2718207],[85.7653425,20.2716401],[85.764815,20.2715237],[85.7641828,20.2713563],[85.7635235,20.2711817],[85.7634864,20.2711719],[85.7593241,20.2700776],[85.759169,20.270048],[85.759068,20.2700287]]}},{"type":"Feature","properties":{"highway":"tertiary","name":"Kalinga Vihar Road","surface":null,"lanes":null,"web_layer_source":"F:/datasets/layers/all_highway.geojson"},"geometry":{"type":"LineString","coordinates":[[85.759169,20.270048],[85.7591939,20.2698221],[85.7592315,20.269688],[85.7593616,20.2692238],[85.7594772,20.2688112],[85.759521,20.268655],[85.7598885,20.2673617],[85.7599096,20.26729],[85.7599272,20.2672305],[85.7599272,20.2672269],[85.7600337,20.266827],[85.7601305,20.266464],[85.7602284,20.2660963],[85.7604048,20.2654667],[85.7605887,20.2647847],[85.7607871,20.2640601],[85.7611091,20.2628797],[85.7611206,20.2626596],[85.7611116,20.2625449],[85.7610739,20.262371],[85.7610402,20.2622158],[85.761033,20.2621872],[85.7610182,20.2621285],[85.7609056,20.261709],[85.7608105,20.2613544],[85.7606853,20.260888],[85.7603485,20.2596215],[85.7600496,20.2584076],[85.7600292,20.2583248],[85.7597284,20.2573067],[85.7596783,20.2571397],[85.7594033,20.256223],[85.7593236,20.2558741],[85.7592667,20.2555589],[85.7592418,20.2554213],[85.7591488,20.2548829],[85.7587637,20.2534701],[85.7587225,20.2533257],[85.758654,20.2532186]]}},{"type":"Feature","properties":{"highway":"tertiary","name":"Ghatikia Main Road","surface":null,"lanes":null,"web_layer_source":"F:/datasets/layers/all_highway.geojson"},"geometry":{"type":"LineString","coordinates":[[85.7809659,20.2723558],[85.7814548,20.2723707],[85.7814939,20.2723692],[85.7818589,20.2723908],[85.7820467,20.2724012],[85.7827243,20.2724275],[85.7837065,20.272492]]}},{"type":"Feature","properties":{"highway":"residential","name":null,"surface":null,"lanes":null,"web_layer_source":"F:/datasets/layers/all_highway.geojson"},"geometry":{"type":"LineString","coordinates":[[85.7531985,20.2652638],[85.7521089,20.2653886],[85.7519835,20.2654752],[85.7519703,20.2660509],[85.7519735,20.266088],[85.7519901,20.2662861],[85.7519999,20.266895],[85.7520033,20.2669732],[85.7519998,20.2672006],[85.7519987,20.2672679],[85.751994,20.2675737],[85.7519922,20.2676884],[85.7519901,20.2678212],[85.7520429,20.2681129],[85.7520666,20.2682436],[85.7529017,20.2684187],[85.7537785,20.2686289],[85.7546539,20.2688138],[85.7548696,20.2688594],[85.7553764,20.2689664],[85.7566997,20.2692459],[85.7573412,20.2693969],[85.7579493,20.26954],[85.7581134,20.2695786],[85.758917,20.2697589],[85.759127,20.269806],[85.7591939,20.2698221]]}},{"type":"Feature","properties":{"highway":"service","name":null,"surface":null,"lanes":null,"web_layer_source":"F:/datasets/layers/all_highway.geojson"},"geometry":{"type":"LineString","coordinates":[[85.7818735,20.2729563],[85.7818774,20.272804]]}},{"type":"Feature","properties":{"highway":"service","name":null,"surface":null,"lanes":null,"web_layer_source":"F:/datasets/layers/all_highway.geojson"},"geometry":{"type":"LineString","coordinates":[[85.7814531,20.2727953],[85.7818774,20.272804],[85.782159,20.2728099],[85.7827178,20.272819]]}},{"type":"Feature","properties":{"highway":"service","name":null,"surface":null,"lanes":null,"web_layer_source":"F:/datasets/layers/all_highway.geojson"},"geometry":{"type":"LineString","coordinates":[[85.7821659,20.2733161],[85.782159,20.2728099]]}},{"type":"Feature","properties":{"highway":"service","name":null,"surface":null,"lanes":null,"web_layer_source":"F:/datasets/layers/all_highway.geojson"},"geometry":{"type":"LineString","coordinates":[[85.7814524,20.2732532],[85.7814531,20.2727953],[85.7814548,20.2723707]]}},{"type":"Feature","properties":{"highway":"steps","name":null,"surface":null,"lanes":null,"web_layer_source":"F:/datasets/layers/all_highway.geojson"},"geometry":{"type":"LineString","coordinates":[[85.8434745,20.2660317],[85.8433686,20.2658875]]}},{"type":"Feature","properties":{"highway":"primary","name":null,"surface":null,"lanes":null,"web_layer_source":"F:/datasets/layers/all_highway.geojson"},"geometry":{"type":"LineString","coordinates":[[85.7847274,20.2658555],[85.784729,20.2657291]]}},{"type":"Feature","properties":{"highway":"service","name":null,"surface":null,"lanes":null,"web_layer_source":"F:/datasets/layers/all_highway.geojson"},"geometry":{"type":"LineString","coordinates":[[85.7811267,20.2807581],[85.7820608,20.2808687],[85.7822297,20.2808964]]}},{"type":"Feature","properties":{"highway":"tertiary_link","name":null,"surface":null,"lanes":null,"web_layer_source":"F:/datasets/layers/all_highway.geojson"},"geometry":{"type":"LineString","coordinates":[[85.7795105,20.2562942],[85.7794394,20.2562606]]}},{"type":"Feature","properties":{"highway":"secondary","name":null,"surface":null,"lanes":null,"web_layer_source":"F:/datasets/layers/all_highway.geojson"},"geometry":{"type":"LineString","coordinates":[[85.8017728,20.2547764],[85.8010085,20.255132],[85.8006853,20.2552975],[85.80031,20.25549],[85.800182,20.2555538],[85.8000541,20.2556175],[85.7999866,20.2556491],[85.7999187,20.255682],[85.7995041,20.2558408],[85.7990921,20.2559926],[85.7988373,20.2560736],[85.7986508,20.2561329],[85.7985511,20.2561577]]}},{"type":"Feature","properties":{"highway":"service","name":null,"surface":null,"lanes":null,"web_layer_source":"F:/datasets/layers/all_highway.geojson"},"geometry":{"type":"LineString","coordinates":[[85.7811267,20.2807581],[85.7798281,20.2805741],[85.7795179,20.2805301],[85.7791204,20.2804738]]}},{"type":"Feature","properties":{"highway":"tertiary","name":null,"surface":null,"lanes":null,"web_layer_source":"F:/datasets/layers/all_highway.geojson"},"geometry":{"type":"LineString","coordinates":[[85.7856718,20.2536531],[85.7855532,20.2536711],[85.7847591,20.2536957],[85.7836458,20.2537303],[85.7835133,20.2537342],[85.7833244,20.2537401],[85.7832563,20.2537366],[85.7816702,20.2536646],[85.7814321,20.2536765],[85.7812752,20.2537061],[85.7810034,20.2538229],[85.7809739,20.2538356],[85.780681,20.2540812],[85.7804946,20.254299],[85.7803991,20.2544106],[85.7802622,20.2546261],[85.7800234,20.2550809],[85.7798346,20.2554512],[85.779583,20.2559448],[85.7794394,20.2562606],[85.7793527,20.2564515],[85.7792928,20.2566347],[85.7792491,20.25686],[85.779218,20.2570206],[85.779113,20.2576594],[85.7790194,20.2581869],[85.7788248,20.2592829],[85.7788151,20.2593377],[85.7787625,20.2596401],[85.7786385,20.2603535],[85.7786241,20.2604364],[85.7786114,20.2605093],[85.7785732,20.2607294],[85.7784319,20.2615423],[85.7784003,20.2617244],[85.7782687,20.2624819],[85.7782338,20.2626699],[85.7781233,20.2632644],[85.7780933,20.263426],[85.7780091,20.2638789],[85.7780229,20.2640438],[85.7780724,20.2641604],[85.7781718,20.2642444],[85.7784324,20.2643566],[85.7785275,20.2643907],[85.7787155,20.2644581],[85.7795754,20.2647666],[85.781069,20.2652372],[85.7813117,20.2653063],[85.7818538,20.2654155],[85.7821677,20.2654413],[85.7827425,20.2654886],[85.7830084,20.2655105],[85.7836164,20.2655826],[85.7841794,20.2656494],[85.7845501,20.2657072],[85.7846381,20.265718]]}},{"type":"Feature","properties":{"highway":"service","name":null,"surface":null,"lanes":null,"web_layer_source":"F:/datasets/layers/all_highway.geojson"},"geometry":{"type":"LineString","coordinates":[[85.7822908,20.2737298],[85.7821915,20.2743244],[85.7820306,20.2752884],[85.7817114,20.277115],[85.781403,20.2789114],[85.7812461,20.2799599],[85.7811267,20.2807581],[85.7809226,20.2820665]]}},{"type":"Feature","properties":{"highway":"primary","name":"Khandagiri - Chandaka Road","surface":null,"lanes":null,"web_layer_source":"F:/datasets/layers/all_highway.geojson"},"geometry":{"type":"LineString","coordinates":[[85.7846381,20.265718],[85.784631,20.2659217],[85.7845723,20.266497],[85.7844758,20.2672212],[85.7843826,20.2679335],[85.7842977,20.2686526],[85.7842485,20.2689706]]}},{"type":"Feature","properties":{"highway":"service","name":null,"surface":null,"lanes":null,"web_layer_source":"F:/datasets/layers/all_highway.geojson"},"geometry":{"type":"LineString","coordinates":[[85.7766623,20.2817904],[85.780843,20.2823585],[85.7817792,20.282486],[85.7819538,20.2825098]]}},{"type":"Feature","properties":{"highway":"tertiary","name":null,"surface":null,"lanes":null,"web_layer_source":"F:/datasets/layers/all_highway.geojson"},"geometry":{"type":"LineString","coordinates":[[85.781251,20.2880101],[85.7815496,20.2880372],[85.7818157,20.2880613],[85.7826957,20.2880769],[85.7836184,20.2880542],[85.7845437,20.288009],[85.7848733,20.2879933],[85.7850212,20.2879863],[85.7854902,20.2879634],[85.787057,20.2878807],[85.7886472,20.2877873],[85.7889265,20.287771],[85.7897794,20.2877247],[85.7902059,20.287697],[85.7906184,20.2876597],[85.7908847,20.2876383],[85.7913082,20.2875687],[85.7914934,20.287536],[85.7916813,20.2874874],[85.791901,20.2874102],[85.792121,20.287307],[85.7925581,20.2870932],[85.7934647,20.2866378],[85.7936685,20.2865674],[85.7938807,20.2865264],[85.7941006,20.2865415],[85.7944088,20.2866076],[85.7949091,20.2867996],[85.7951755,20.2869045]]}},{"type":"Feature","properties":{"highway":"service","name":null,"surface":null,"lanes":null,"web_layer_source":"F:/datasets/layers/all_highway.geojson"},"geometry":{"type":"LineString","coordinates":[[85.7797759,20.2768253],[85.7807181,20.2769663],[85.7817114,20.277115],[85.7826262,20.2772326]]}},{"type":"Feature","properties":{"highway":"service","name":null,"surface":null,"lanes":null,"web_layer_source":"F:/datasets/layers/all_highway.geojson"},"geometry":{"type":"LineString","coordinates":[[85.7829534,20.2753959],[85.7820306,20.2752884],[85.7810514,20.2751403],[85.7807181,20.2769663]]}},{"type":"Feature","properties":{"highway":"service","name":null,"surface":null,"lanes":null,"web_layer_source":"F:/datasets/layers/all_highway.geojson"},"geometry":{"type":"LineString","coordinates":[[85.7791204,20.2804738],[85.779441,20.2786893],[85.7797759,20.2768253],[85.7798608,20.276353]]}},{"type":"Feature","properties":{"highway":"service","name":null,"surface":null,"lanes":null,"web_layer_source":"F:/datasets/layers/all_highway.geojson"},"geometry":{"type":"LineString","coordinates":[[85.7862771,20.2841159],[85.7853513,20.2840759],[85.7842741,20.2840603],[85.7839934,20.2840476],[85.7817911,20.2839482]]}},{"type":"Feature","properties":{"highway":"service","name":null,"surface":null,"lanes":null,"web_layer_source":"F:/datasets/layers/all_highway.geojson"},"geometry":{"type":"LineString","coordinates":[[85.7750029,20.27832],[85.7745014,20.2782898],[85.7746113,20.2768582],[85.7746596,20.2768053]]}},{"type":"Feature","properties":{"highway":"service","name":null,"surface":null,"lanes":null,"web_layer_source":"F:/datasets/layers/all_highway.geojson"},"geometry":{"type":"LineString","coordinates":[[85.7769068,20.2731461],[85.7769117,20.2731825],[85.7769296,20.2732152],[85.7769483,20.273234],[85.7769823,20.2732531],[85.7770258,20.2732603],[85.7770658,20.273253],[85.7770978,20.2732359],[85.7771251,20.2732069],[85.7771409,20.2731646],[85.777139,20.2731256],[85.7771235,20.2730907],[85.7770961,20.2730624],[85.7770611,20.2730452],[85.7770323,20.2730399],[85.7769927,20.2730434],[85.7769544,20.2730608],[85.7769261,20.2730887],[85.7769104,20.2731223],[85.7769068,20.2731461]]}},{"type":"Feature","properties":{"highway":"service","name":null,"surface":null,"lanes":null,"web_layer_source":"F:/datasets/layers/all_highway.geojson"},"geometry":{"type":"LineString","coordinates":[[85.7770146,20.2782797],[85.7782833,20.278252]]}},{"type":"Feature","properties":{"highway":"service","name":null,"surface":null,"lanes":null,"web_layer_source":"F:/datasets/layers/all_highway.geojson"},"geometry":{"type":"LineString","coordinates":[[85.7764629,20.2755143],[85.7764696,20.2759827],[85.776468,20.2760082],[85.7764548,20.2762194],[85.7764226,20.2763559],[85.7763784,20.276577],[85.7763235,20.2767142],[85.776277,20.2768079],[85.7761705,20.2768981],[85.7760651,20.2769488]]}},{"type":"Feature","properties":{"highway":"service","name":null,"surface":null,"lanes":null,"web_layer_source":"F:/datasets/layers/all_highway.geojson"},"geometry":{"type":"LineString","coordinates":[[85.7785005,20.2756706],[85.7781094,20.2756468],[85.7776744,20.2756203],[85.7775616,20.2756049],[85.7772882,20.2755675],[85.777079,20.2755675],[85.777022,20.2756202],[85.7769663,20.2756782],[85.7768605,20.275806],[85.7767822,20.2758984],[85.7766632,20.2760329],[85.7765827,20.2761334],[85.7764548,20.2762194]]}},{"type":"Feature","properties":{"highway":"service","name":null,"surface":null,"lanes":null,"web_layer_source":"F:/datasets/layers/all_highway.geojson"},"geometry":{"type":"LineString","coordinates":[[85.777079,20.2755675],[85.7766766,20.2755297],[85.7764629,20.2755143]]}},{"type":"Feature","properties":{"highway":"service","name":null,"surface":null,"lanes":null,"web_layer_source":"F:/datasets/layers/all_highway.geojson"},"geometry":{"type":"LineString","coordinates":[[85.7760651,20.2769488],[85.774732,20.2768481],[85.7746596,20.2768053],[85.7746301,20.2767575],[85.774625,20.2766973],[85.7747481,20.2753863],[85.7748447,20.2744403],[85.7749627,20.2731496],[85.7749822,20.2730844],[85.7750241,20.2730284],[85.7750876,20.2729919],[85.7751612,20.2729911],[85.7769068,20.2731461]]}},{"type":"Feature","properties":{"highway":"service","name":null,"surface":null,"lanes":null,"web_layer_source":"F:/datasets/layers/all_highway.geojson"},"geometry":{"type":"LineString","coordinates":[[85.7769931,20.2770142],[85.7766552,20.2771198],[85.7765908,20.2771249],[85.7763333,20.277062],[85.7760651,20.2769488]]}},{"type":"Feature","properties":{"highway":"service","name":null,"surface":null,"lanes":null,"web_layer_source":"F:/datasets/layers/all_highway.geojson"},"geometry":{"type":"LineString","coordinates":[[85.7781245,20.2796642],[85.7782833,20.278252],[85.7783665,20.277394],[85.7783906,20.277145],[85.7784557,20.2762723],[85.7785005,20.2756706],[85.7785672,20.2749124],[85.778699,20.2734138],[85.778691,20.2733634],[85.7786674,20.273321],[85.778623,20.2732883],[85.7785608,20.2732658],[85.7771409,20.2731646]]}},{"type":"Feature","properties":{"highway":"service","name":null,"surface":null,"lanes":null,"web_layer_source":"F:/datasets/layers/all_highway.geojson"},"geometry":{"type":"LineString","coordinates":[[85.7769931,20.2770142],[85.7766713,20.2768959],[85.7766203,20.2768783],[85.7763575,20.2768934],[85.7760651,20.2769488]]}},{"type":"Feature","properties":{"highway":"service","name":null,"surface":null,"lanes":null,"web_layer_source":"F:/datasets/layers/all_highway.geojson"},"geometry":{"type":"LineString","coordinates":[[85.7770495,20.2723336],[85.7770495,20.2724036],[85.7770433,20.2726338],[85.7770323,20.2730399]]}},{"type":"Feature","properties":{"highway":"tertiary_link","name":null,"surface":null,"lanes":null,"web_layer_source":"F:/datasets/layers/all_highway.geojson"},"geometry":{"type":"LineString","coordinates":[[85.7748817,20.2723711],[85.7748663,20.2722878]]}},{"type":"Feature","properties":{"highway":"service","name":null,"surface":null,"lanes":null,"web_layer_source":"F:/datasets/layers/all_highway.geojson"},"geometry":{"type":"LineString","coordinates":[[85.7782028,20.2771299],[85.7783906,20.277145]]}},{"type":"Feature","properties":{"highway":"service","name":null,"surface":null,"lanes":null,"web_layer_source":"F:/datasets/layers/all_highway.geojson"},"geometry":{"type":"LineString","coordinates":[[85.7769931,20.2770142],[85.7772292,20.2770418],[85.7776149,20.2773873],[85.7783665,20.277394]]}},{"type":"Feature","properties":{"highway":"residential","name":null,"surface":null,"lanes":null,"web_layer_source":"F:/datasets/layers/all_highway.geojson"},"geometry":{"type":"LineString","coordinates":[[85.7933762,20.2711256],[85.7924255,20.2716847],[85.7923319,20.2717128],[85.792227,20.2716998],[85.7921519,20.2716243],[85.792042,20.2712787],[85.7919935,20.2711606],[85.7919326,20.2711147],[85.7918765,20.2711061],[85.7909598,20.2716346],[85.7903598,20.2720246],[85.7901016,20.2721787],[85.7894849,20.2725467]]}},{"type":"Feature","properties":{"highway":"residential","name":null,"surface":null,"lanes":null,"web_layer_source":"F:/datasets/layers/all_highway.geojson"},"geometry":{"type":"LineString","coordinates":[[85.8258995,20.2426256],[85.8264541,20.2432918],[85.8271373,20.2440133],[85.827223,20.2441389],[85.8273088,20.2443375],[85.8273623,20.244418],[85.8274347,20.2444381],[85.8274952,20.2443931],[85.8276843,20.244164],[85.8278652,20.243887],[85.8279207,20.2437372],[85.8279512,20.2436397],[85.828018,20.2434258],[85.828047,20.2433504],[85.8281332,20.2430031],[85.8281481,20.2429317],[85.8281977,20.2427115],[85.8282482,20.2424903],[85.8282843,20.2423298],[85.8283025,20.2422031],[85.8281527,20.2418338],[85.8281142,20.241702],[85.8279978,20.2413032],[85.8279545,20.2411551],[85.8278481,20.2405583],[85.8278339,20.2404788],[85.8277535,20.2399434],[85.8277723,20.2394632],[85.8278017,20.2389329],[85.8278199,20.238762],[85.8279486,20.2375564],[85.8279562,20.2374604],[85.8279761,20.2373006],[85.8280084,20.2371294],[85.8280429,20.2369846],[85.8281178,20.2366582],[85.8281983,20.2364391],[85.8283833,20.2360197],[85.8284066,20.235967],[85.8285248,20.2356859],[85.8286093,20.235538],[85.8289975,20.2348586],[85.8290905,20.2346894],[85.829229,20.2345115],[85.8293879,20.2343073],[85.8294727,20.2342023],[85.8298039,20.2337925],[85.8299797,20.233575],[85.8300321,20.2335101],[85.8303287,20.2331589],[85.8305967,20.2328113]]}},{"type":"Feature","properties":{"highway":"residential","name":null,"surface":null,"lanes":null,"web_layer_source":"F:/datasets/layers/all_highway.geojson"},"geometry":{"type":"LineString","coordinates":[[85.8283025,20.2422031],[85.8284498,20.242021],[85.8293482,20.2410203],[85.8297773,20.2407106],[85.8298418,20.240664],[85.8302634,20.2405854],[85.83056,20.24053],[85.8306214,20.2405272],[85.8309849,20.2405107],[85.8310151,20.2405163],[85.8313026,20.2405691],[85.8317029,20.2405072],[85.8321834,20.240315],[85.8324067,20.2402229],[85.8326022,20.2401737],[85.8327367,20.2401998]]}},{"type":"Feature","properties":{"highway":"secondary","name":null,"surface":"asphalt","lanes":null,"web_layer_source":"F:/datasets/layers/all_highway.geojson"},"geometry":{"type":"LineString","coordinates":[[85.832043,20.2549714],[85.8318313,20.2551453]]}},{"type":"Feature","properties":{"highway":"secondary","name":"Mausima Flyover","surface":"asphalt","lanes":null,"web_layer_source":"F:/datasets/layers/all_highway.geojson"},"geometry":{"type":"LineString","coordinates":[[85.834613,20.2532294],[85.8338679,20.2537592],[85.8328163,20.2545124],[85.8325821,20.2546583],[85.8323944,20.2547388]]}},{"type":"Feature","properties":{"highway":"tertiary","name":null,"surface":null,"lanes":null,"web_layer_source":"F:/datasets/layers/all_highway.geojson"},"geometry":{"type":"LineString","coordinates":[[85.7916877,20.2662623],[85.7910534,20.2667021],[85.7904419,20.2671248],[85.7900395,20.2673965],[85.7896801,20.2676482],[85.7893609,20.2678746],[85.7891952,20.2679989],[85.789093,20.2680787]]}},{"type":"Feature","properties":{"highway":"pedestrian","name":null,"surface":null,"lanes":null,"web_layer_source":"F:/datasets/layers/all_highway.geojson"},"geometry":{"type":"Polygon","coordinates":[[[85.8438528,20.2435422],[85.8438269,20.2435421],[85.8434006,20.243542],[85.8433956,20.2433502],[85.8436771,20.243341],[85.8438719,20.2433385],[85.8438528,20.2435422]]]}},{"type":"Feature","properties":{"highway":"residential","name":null,"surface":null,"lanes":null,"web_layer_source":"F:/datasets/layers/all_highway.geojson"},"geometry":{"type":"LineString","coordinates":[[85.8348845,20.2394355],[85.8348187,20.2392866],[85.8347777,20.2392517],[85.8347508,20.2392349]]}},{"type":"Feature","properties":{"highway":"residential","name":null,"surface":null,"lanes":null,"web_layer_source":"F:/datasets/layers/all_highway.geojson"},"geometry":{"type":"LineString","coordinates":[[85.8357627,20.244442],[85.8358516,20.2443838],[85.8366269,20.2440037],[85.8369323,20.2438692],[85.8370898,20.2437926]]}},{"type":"Feature","properties":{"highway":"residential","name":null,"surface":null,"lanes":null,"web_layer_source":"F:/datasets/layers/all_highway.geojson"},"geometry":{"type":"LineString","coordinates":[[85.8400466,20.2423607],[85.840235,20.2424368],[85.8404759,20.2423806],[85.8408943,20.2423051],[85.8409854,20.2422971]]}},{"type":"Feature","properties":{"highway":"residential","name":null,"surface":null,"lanes":null,"web_layer_source":"F:/datasets/layers/all_highway.geojson"},"geometry":{"type":"LineString","coordinates":[[85.8370898,20.2437926],[85.8368918,20.2436051],[85.8368276,20.2435421],[85.8366801,20.2432829],[85.8366104,20.2427896],[85.8364633,20.2421868],[85.8363533,20.241832],[85.8362751,20.2416345],[85.8362272,20.2415275],[85.8361548,20.2413614],[85.8360874,20.2412973],[85.8359747,20.2411589],[85.8358839,20.2410695],[85.8357896,20.2410004],[85.8356854,20.2409109],[85.8355858,20.2408041],[85.835495,20.2406391],[85.8351946,20.2401987],[85.8350601,20.2399812],[85.8349425,20.2397734],[85.8348271,20.2396048],[85.8347814,20.2395218],[85.8347785,20.2394866],[85.834789,20.2394665],[85.8348845,20.2394355],[85.8352697,20.2393296],[85.8358704,20.239116],[85.8360089,20.239042],[85.8361458,20.2389624],[85.8363347,20.2388525],[85.836629,20.238721],[85.8368856,20.2386618],[85.836937,20.2386489]]}},{"type":"Feature","properties":{"highway":"footway","name":null,"surface":null,"lanes":null,"web_layer_source":"F:/datasets/layers/all_highway.geojson"},"geometry":{"type":"LineString","coordinates":[[85.8438269,20.2435421],[85.8437148,20.2447248],[85.8437106,20.2447688]]}},{"type":"Feature","properties":{"highway":"footway","name":null,"surface":null,"lanes":null,"web_layer_source":"F:/datasets/layers/all_highway.geojson"},"geometry":{"type":"LineString","coordinates":[[85.8437067,20.2448078],[85.8437508,20.2447688],[85.8437148,20.2447248]]}},{"type":"Feature","properties":{"highway":"residential","name":null,"surface":null,"lanes":null,"web_layer_source":"F:/datasets/layers/all_highway.geojson"},"geometry":{"type":"LineString","coordinates":[[85.836629,20.238721],[85.8365844,20.2385658],[85.8365499,20.2384394]]}},{"type":"Feature","properties":{"highway":"residential","name":null,"surface":null,"lanes":null,"web_layer_source":"F:/datasets/layers/all_highway.geojson"},"geometry":{"type":"LineString","coordinates":[[85.8370898,20.2437926],[85.837203,20.2437407],[85.8373538,20.2436716],[85.837416,20.2436334],[85.8374932,20.243586],[85.8376642,20.2434835],[85.8378205,20.2433897],[85.8378614,20.2433691],[85.8381264,20.2432353],[85.8382241,20.2431738],[85.8384807,20.2430854],[85.838585,20.2430551],[85.8388096,20.2429977],[85.8389626,20.2429282],[85.8390436,20.2428914],[85.8391964,20.2428386],[85.839301,20.2427832],[85.8396315,20.2425427],[85.8398978,20.2423165],[85.8400466,20.2423607]]}},{"type":"Feature","properties":{"highway":"residential","name":null,"surface":null,"lanes":null,"web_layer_source":"F:/datasets/layers/all_highway.geojson"},"geometry":{"type":"LineString","coordinates":[[85.8368918,20.2436051],[85.8369323,20.2438692]]}},{"type":"Feature","properties":{"highway":"primary","name":"Khandagiri - Chandaka Road","surface":null,"lanes":null,"web_layer_source":"F:/datasets/layers/all_highway.geojson"},"geometry":{"type":"LineString","coordinates":[[85.7842485,20.2689706],[85.7840961,20.2700084],[85.7840497,20.2703888],[85.7839657,20.2709487],[85.7839232,20.2712838],[85.7839165,20.2714884]]}},{"type":"Feature","properties":{"highway":"service","name":"Tapoban High School Road","surface":"asphalt","lanes":null,"web_layer_source":"F:/datasets/layers/all_highway.geojson"},"geometry":{"type":"LineString","coordinates":[[85.7888981,20.2657361],[85.7889191,20.2659515],[85.7887234,20.2661278],[85.7886845,20.2661946],[85.7884902,20.2663576],[85.7882537,20.266529],[85.7880258,20.2666825],[85.7878595,20.266763],[85.7873358,20.2669969],[85.7872962,20.2670146],[85.787074,20.2670974],[85.7868778,20.2671656],[85.786221,20.2674018],[85.7860747,20.2674558],[85.7858391,20.2675449],[85.7856279,20.267621],[85.784791,20.2678827],[85.7845414,20.2679507],[85.7844526,20.2679667]]}},{"type":"Feature","properties":{"highway":"residential","name":null,"surface":null,"lanes":"1","web_layer_source":"F:/datasets/layers/all_highway.geojson"},"geometry":{"type":"LineString","coordinates":[[85.7939437,20.2714805],[85.7935793,20.2716123],[85.7935044,20.2716394],[85.7934748,20.2716501]]}},{"type":"Feature","properties":{"highway":"tertiary","name":null,"surface":null,"lanes":null,"web_layer_source":"F:/datasets/layers/all_highway.geojson"},"geometry":{"type":"LineString","coordinates":[[85.7891074,20.2590151],[85.7887825,20.2584232],[85.7887763,20.2584118],[85.7887049,20.2582818],[85.7885828,20.2580594],[85.7881167,20.2572126],[85.787863,20.2567518],[85.7875605,20.2562172],[85.7872347,20.2556416],[85.7871223,20.2554519],[85.7870442,20.2553201],[85.7869625,20.2551822],[85.7868347,20.2549664],[85.7866431,20.254643],[85.7865565,20.2544823],[85.7862431,20.2539006],[85.7861054,20.253645],[85.7860819,20.2536015],[85.7860729,20.2535854],[85.7860284,20.2535058]]}},{"type":"Feature","properties":{"highway":"steps","name":null,"surface":null,"lanes":null,"web_layer_source":"F:/datasets/layers/all_highway.geojson"},"geometry":{"type":"LineString","coordinates":[[85.8441961,20.2674534],[85.8442793,20.2675642]]}},{"type":"Feature","properties":{"highway":"footway","name":null,"surface":null,"lanes":null,"web_layer_source":"F:/datasets/layers/all_highway.geojson"},"geometry":{"type":"LineString","coordinates":[[85.8449042,20.2678736],[85.844915,20.2677853],[85.8449238,20.2677348],[85.8449325,20.2676722],[85.8449414,20.2676094],[85.8449113,20.2675654]]}},{"type":"Feature","properties":{"highway":"footway","name":null,"surface":null,"lanes":null,"web_layer_source":"F:/datasets/layers/all_highway.geojson"},"geometry":{"type":"LineString","coordinates":[[85.8448413,20.2677836],[85.8449042,20.2678736],[85.8450357,20.2680171],[85.8451456,20.2681756],[85.845159,20.2682234],[85.8451124,20.2682566],[85.8450851,20.2682761],[85.8450514,20.2683001],[85.8450142,20.2683265],[85.8449657,20.2682985]]}},{"type":"Feature","properties":{"highway":"footway","name":null,"surface":null,"lanes":null,"web_layer_source":"F:/datasets/layers/all_highway.geojson"},"geometry":{"type":"LineString","coordinates":[[85.8442793,20.2675642],[85.8443343,20.2675248],[85.8443112,20.2674959]]}},{"type":"Feature","properties":{"highway":"pedestrian","name":null,"surface":null,"lanes":null,"web_layer_source":"F:/datasets/layers/all_highway.geojson"},"geometry":{"type":"LineString","coordinates":[[85.8429623,20.2672811],[85.8430072,20.2672224],[85.8429824,20.2671045],[85.8433096,20.2668646],[85.8435659,20.2666841]]}},{"type":"Feature","properties":{"highway":"residential","name":null,"surface":"asphalt","lanes":null,"web_layer_source":"F:/datasets/layers/all_highway.geojson"},"geometry":{"type":"LineString","coordinates":[[85.8567085,20.2997524],[85.8567796,20.2998046],[85.8576373,20.3004174],[85.8584725,20.3009925],[85.8587845,20.301225],[85.8588899,20.3013036],[85.8592946,20.3016052],[85.8598646,20.30203],[85.8601394,20.3022411],[85.8613494,20.3031706],[85.8623015,20.3038494]]}},{"type":"Feature","properties":{"highway":"residential","name":null,"surface":null,"lanes":null,"web_layer_source":"F:/datasets/layers/all_highway.geojson"},"geometry":{"type":"LineString","coordinates":[[85.782583,20.2704829],[85.7825201,20.2703313],[85.7826128,20.2701834],[85.7826557,20.2697925],[85.7826608,20.2697456],[85.7827305,20.2692525],[85.7828271,20.2684926]]}},{"type":"Feature","properties":{"highway":"residential","name":null,"surface":null,"lanes":null,"web_layer_source":"F:/datasets/layers/all_highway.geojson"},"geometry":{"type":"LineString","coordinates":[[85.7753741,20.263813],[85.7756645,20.264352]]}},{"type":"Feature","properties":{"highway":"residential","name":null,"surface":null,"lanes":null,"web_layer_source":"F:/datasets/layers/all_highway.geojson"},"geometry":{"type":"LineString","coordinates":[[85.7813439,20.2690372],[85.7814003,20.2686713],[85.7814303,20.268309]]}},{"type":"Feature","properties":{"highway":"residential","name":null,"surface":null,"lanes":null,"web_layer_source":"F:/datasets/layers/all_highway.geojson"},"geometry":{"type":"LineString","coordinates":[[85.7806755,20.2702146],[85.7804132,20.2705156],[85.7801611,20.2702841],[85.780263,20.2701281],[85.7804064,20.2699815]]}},{"type":"Feature","properties":{"highway":"residential","name":null,"surface":null,"lanes":null,"web_layer_source":"F:/datasets/layers/all_highway.geojson"},"geometry":{"type":"LineString","coordinates":[[85.7805795,20.2710918],[85.7802359,20.2714008],[85.7801341,20.271605],[85.780008,20.2717661],[85.7799653,20.2718389],[85.7798581,20.2720677],[85.779871,20.2723168]]}},{"type":"Feature","properties":{"highway":"residential","name":null,"surface":null,"lanes":null,"web_layer_source":"F:/datasets/layers/all_highway.geojson"},"geometry":{"type":"LineString","coordinates":[[85.7785893,20.2687568],[85.7789135,20.2684005],[85.7789644,20.2683804],[85.7790506,20.2684171],[85.7791897,20.2685037],[85.7793292,20.2686899],[85.7793886,20.2687795],[85.7794691,20.2687618],[85.7798875,20.2684046],[85.7799492,20.2682989],[85.7800323,20.2681227]]}},{"type":"Feature","properties":{"highway":"residential","name":null,"surface":null,"lanes":null,"web_layer_source":"F:/datasets/layers/all_highway.geojson"},"geometry":{"type":"LineString","coordinates":[[85.7788555,20.2676093],[85.7788398,20.2677112],[85.77888,20.2677685],[85.7791848,20.2679592],[85.7793993,20.268085],[85.7796913,20.268091],[85.7799733,20.2681051]]}},{"type":"Feature","properties":{"highway":"residential","name":null,"surface":null,"lanes":null,"web_layer_source":"F:/datasets/layers/all_highway.geojson"},"geometry":{"type":"LineString","coordinates":[[85.7804315,20.2700034],[85.780668,20.2697733],[85.7809316,20.2700121]]}},{"type":"Feature","properties":{"highway":"residential","name":null,"surface":null,"lanes":null,"web_layer_source":"F:/datasets/layers/all_highway.geojson"},"geometry":{"type":"LineString","coordinates":[[85.7805795,20.2710918],[85.7806978,20.2709361],[85.7807427,20.270808]]}},{"type":"Feature","properties":{"highway":"residential","name":null,"surface":null,"lanes":null,"web_layer_source":"F:/datasets/layers/all_highway.geojson"},"geometry":{"type":"LineString","coordinates":[[85.7807534,20.2691018],[85.7812447,20.2695142],[85.7812886,20.269525]]}},{"type":"Feature","properties":{"highway":"residential","name":null,"surface":null,"lanes":null,"web_layer_source":"F:/datasets/layers/all_highway.geojson"},"geometry":{"type":"LineString","coordinates":[[85.7802576,20.2698513],[85.7804064,20.2699815],[85.7804315,20.2700034],[85.7806755,20.2702146],[85.7807191,20.2702399]]}},{"type":"Feature","properties":{"highway":"residential","name":null,"surface":null,"lanes":null,"web_layer_source":"F:/datasets/layers/all_highway.geojson"},"geometry":{"type":"LineString","coordinates":[[85.7762746,20.2642931],[85.7763684,20.2643762],[85.7766188,20.2647623],[85.7767236,20.2649239],[85.7768004,20.2650543],[85.7769558,20.2654707],[85.7770068,20.2656016],[85.7770832,20.265721],[85.7771114,20.2657651],[85.7772804,20.2659312],[85.7773961,20.2660484],[85.7776854,20.2663413],[85.7777632,20.2664017],[85.7779858,20.2666659],[85.7781952,20.2669117],[85.7784157,20.2671705],[85.7785839,20.2673679],[85.7787583,20.2675692],[85.7788146,20.2675994],[85.7788555,20.2676093],[85.7788978,20.2676195],[85.7791392,20.2676321],[85.7797185,20.267695],[85.7799385,20.2677327],[85.7800028,20.2677655],[85.7799733,20.2681051],[85.7800323,20.2681227],[85.7804922,20.2681983],[85.7806425,20.268223],[85.7808974,20.2682439],[85.7812717,20.2682863],[85.7814303,20.268309],[85.7818061,20.2683629],[85.7819125,20.2683782],[85.7823577,20.268442],[85.7828271,20.2684926],[85.7833024,20.2685505],[85.7837758,20.2686081],[85.7842977,20.2686526]]}},{"type":"Feature","properties":{"highway":"residential","name":null,"surface":null,"lanes":null,"web_layer_source":"F:/datasets/layers/all_highway.geojson"},"geometry":{"type":"LineString","coordinates":[[85.7838847,20.267888],[85.7837758,20.2686081]]}},{"type":"Feature","properties":{"highway":"residential","name":null,"surface":null,"lanes":null,"web_layer_source":"F:/datasets/layers/all_highway.geojson"},"geometry":{"type":"LineString","coordinates":[[85.7813439,20.2690372],[85.7817995,20.269095],[85.7822695,20.2691569],[85.7827305,20.2692525],[85.7830363,20.2693179],[85.7831918,20.2693632]]}},{"type":"Feature","properties":{"highway":"residential","name":null,"surface":null,"lanes":null,"web_layer_source":"F:/datasets/layers/all_highway.geojson"},"geometry":{"type":"LineString","coordinates":[[85.7818061,20.2683629],[85.781851,20.2679894],[85.7819063,20.2676477]]}},{"type":"Feature","properties":{"highway":"residential","name":null,"surface":null,"lanes":null,"web_layer_source":"F:/datasets/layers/all_highway.geojson"},"geometry":{"type":"LineString","coordinates":[[85.7840497,20.2703888],[85.7831704,20.2698916],[85.7831328,20.2697758],[85.7831918,20.2693632],[85.7833024,20.2685505],[85.7832955,20.2684691],[85.7833297,20.2681843],[85.7833723,20.2678291]]}},{"type":"Feature","properties":{"highway":"residential","name":null,"surface":null,"lanes":null,"web_layer_source":"F:/datasets/layers/all_highway.geojson"},"geometry":{"type":"LineString","coordinates":[[85.7824465,20.2677227],[85.7824036,20.2680699],[85.7823577,20.268442],[85.7822695,20.2691569],[85.7821703,20.2697035],[85.782141,20.2698736]]}},{"type":"Feature","properties":{"highway":"residential","name":null,"surface":null,"lanes":null,"web_layer_source":"F:/datasets/layers/all_highway.geojson"},"geometry":{"type":"LineString","coordinates":[[85.7806425,20.268223],[85.7803397,20.2686972]]}},{"type":"Feature","properties":{"highway":"residential","name":null,"surface":null,"lanes":null,"web_layer_source":"F:/datasets/layers/all_highway.geojson"},"geometry":{"type":"LineString","coordinates":[[85.7817034,20.2697356],[85.7817677,20.2693808],[85.7817995,20.269095],[85.7819125,20.2683782]]}},{"type":"Feature","properties":{"highway":"residential","name":null,"surface":null,"lanes":null,"web_layer_source":"F:/datasets/layers/all_highway.geojson"},"geometry":{"type":"LineString","coordinates":[[85.7827306,20.2712606],[85.7827711,20.2712463],[85.7836878,20.2712689],[85.7839232,20.2712838]]}},{"type":"Feature","properties":{"highway":"residential","name":null,"surface":null,"lanes":null,"web_layer_source":"F:/datasets/layers/all_highway.geojson"},"geometry":{"type":"LineString","coordinates":[[85.7799126,20.2655941],[85.7799089,20.2657603],[85.7798661,20.2661345],[85.7798093,20.2664402],[85.7797839,20.2665104],[85.7796996,20.2665338],[85.7795213,20.2665494],[85.7795683,20.2667514],[85.7796917,20.2669729],[85.7798017,20.2669955],[85.7799385,20.266998],[85.7800714,20.2670106],[85.7804235,20.2670896],[85.7810335,20.2671706]]}},{"type":"Feature","properties":{"highway":"residential","name":null,"surface":null,"lanes":null,"web_layer_source":"F:/datasets/layers/all_highway.geojson"},"geometry":{"type":"LineString","coordinates":[[85.7798581,20.2720677],[85.7797825,20.2717117]]}},{"type":"Feature","properties":{"highway":"residential","name":null,"surface":null,"lanes":null,"web_layer_source":"F:/datasets/layers/all_highway.geojson"},"geometry":{"type":"LineString","coordinates":[[85.7781333,20.2681555],[85.7785598,20.2677705],[85.7787583,20.2675692]]}},{"type":"Feature","properties":{"highway":"residential","name":null,"surface":null,"lanes":null,"web_layer_source":"F:/datasets/layers/all_highway.geojson"},"geometry":{"type":"LineString","coordinates":[[85.7748622,20.2635261],[85.7748555,20.2635607],[85.7750729,20.2639585],[85.7753245,20.2643985]]}},{"type":"Feature","properties":{"highway":"residential","name":null,"surface":null,"lanes":null,"web_layer_source":"F:/datasets/layers/all_highway.geojson"},"geometry":{"type":"LineString","coordinates":[[85.781242,20.2655814],[85.7815719,20.2657098],[85.7817087,20.2658003],[85.7818133,20.2661274],[85.7820984,20.2661956],[85.7826286,20.2662783],[85.7828617,20.2663146],[85.7835464,20.2663779]]}},{"type":"Feature","properties":{"highway":"residential","name":null,"surface":null,"lanes":null,"web_layer_source":"F:/datasets/layers/all_highway.geojson"},"geometry":{"type":"LineString","coordinates":[[85.7804856,20.2666911],[85.7808285,20.2667801],[85.7810802,20.2668184],[85.7812445,20.2668338],[85.7816551,20.2668722],[85.7819902,20.2669276],[85.7825401,20.2669955],[85.7827447,20.2670205],[85.7829394,20.2670443],[85.7834652,20.2671123],[85.7839509,20.2671817],[85.7844758,20.2672212]]}},{"type":"Feature","properties":{"highway":"residential","name":null,"surface":null,"lanes":null,"web_layer_source":"F:/datasets/layers/all_highway.geojson"},"geometry":{"type":"LineString","coordinates":[[85.7834652,20.2671123],[85.783419,20.2674687],[85.7833723,20.2678291]]}},{"type":"Feature","properties":{"highway":"residential","name":null,"surface":null,"lanes":null,"web_layer_source":"F:/datasets/layers/all_highway.geojson"},"geometry":{"type":"LineString","coordinates":[[85.7820358,20.2665678],[85.7820984,20.2661956],[85.7821677,20.2654413]]}},{"type":"Feature","properties":{"highway":"residential","name":null,"surface":null,"lanes":null,"web_layer_source":"F:/datasets/layers/all_highway.geojson"},"geometry":{"type":"LineString","coordinates":[[85.7809443,20.2712904],[85.7810623,20.2712854],[85.7815613,20.2713255],[85.7816398,20.2713276],[85.781934,20.2713357]]}},{"type":"Feature","properties":{"highway":"residential","name":null,"surface":null,"lanes":null,"web_layer_source":"F:/datasets/layers/all_highway.geojson"},"geometry":{"type":"LineString","coordinates":[[85.7820358,20.2665678],[85.7811294,20.266447],[85.7808477,20.2663992],[85.7806305,20.2663413]]}},{"type":"Feature","properties":{"highway":"residential","name":null,"surface":null,"lanes":null,"web_layer_source":"F:/datasets/layers/all_highway.geojson"},"geometry":{"type":"LineString","coordinates":[[85.7809856,20.2675323],[85.7819063,20.2676477],[85.7824465,20.2677227],[85.7833723,20.2678291],[85.7838847,20.267888],[85.7843826,20.2679335]]}},{"type":"Feature","properties":{"highway":"residential","name":null,"surface":null,"lanes":null,"web_layer_source":"F:/datasets/layers/all_highway.geojson"},"geometry":{"type":"LineString","coordinates":[[85.7824036,20.2680699],[85.7826876,20.2681076],[85.7833297,20.2681843]]}},{"type":"Feature","properties":{"highway":"residential","name":null,"surface":null,"lanes":null,"web_layer_source":"F:/datasets/layers/all_highway.geojson"},"geometry":{"type":"LineString","coordinates":[[85.7806978,20.2709361],[85.7810248,20.27121],[85.7810623,20.2712854]]}},{"type":"Feature","properties":{"highway":"residential","name":null,"surface":null,"lanes":null,"web_layer_source":"F:/datasets/layers/all_highway.geojson"},"geometry":{"type":"LineString","coordinates":[[85.782141,20.2698736],[85.7824035,20.2700526],[85.7826128,20.2701834],[85.7831075,20.2704598],[85.7832855,20.2705593],[85.7836854,20.2708427],[85.7838088,20.2709181],[85.7839657,20.2709487]]}},{"type":"Feature","properties":{"highway":"service","name":null,"surface":null,"lanes":null,"web_layer_source":"F:/datasets/layers/all_highway.geojson"},"geometry":{"type":"LineString","coordinates":[[85.7851928,20.2727246],[85.7842222,20.2726017],[85.7837764,20.2725453],[85.7836987,20.2725362]]}},{"type":"Feature","properties":{"highway":"residential","name":null,"surface":null,"lanes":null,"web_layer_source":"F:/datasets/layers/all_highway.geojson"},"geometry":{"type":"LineString","coordinates":[[85.781851,20.2679894],[85.7816413,20.2679627],[85.7809573,20.2678872],[85.780542,20.2678158],[85.7800028,20.2677655]]}},{"type":"Feature","properties":{"highway":"residential","name":null,"surface":null,"lanes":null,"web_layer_source":"F:/datasets/layers/all_highway.geojson"},"geometry":{"type":"LineString","coordinates":[[85.7807191,20.2702399],[85.7809316,20.2700121],[85.7812711,20.2696359],[85.7812886,20.269525],[85.781306,20.2694145],[85.7813439,20.2690372]]}},{"type":"Feature","properties":{"highway":"residential","name":null,"surface":null,"lanes":null,"web_layer_source":"F:/datasets/layers/all_highway.geojson"},"geometry":{"type":"LineString","coordinates":[[85.7815613,20.2713255],[85.7814939,20.2723692]]}},{"type":"Feature","properties":{"highway":"residential","name":null,"surface":null,"lanes":null,"web_layer_source":"F:/datasets/layers/all_highway.geojson"},"geometry":{"type":"LineString","coordinates":[[85.7841794,20.2656494],[85.7840636,20.2664344],[85.7839509,20.2671817],[85.7838847,20.267888]]}},{"type":"Feature","properties":{"highway":"residential","name":null,"surface":null,"lanes":null,"web_layer_source":"F:/datasets/layers/all_highway.geojson"},"geometry":{"type":"LineString","coordinates":[[85.7809856,20.2675323],[85.7810335,20.2671706],[85.7810802,20.2668184],[85.7811294,20.266447],[85.781242,20.2655814],[85.7813117,20.2653063]]}},{"type":"Feature","properties":{"highway":"residential","name":null,"surface":null,"lanes":null,"web_layer_source":"F:/datasets/layers/all_highway.geojson"},"geometry":{"type":"LineString","coordinates":[[85.7766337,20.2592586],[85.7766551,20.2581655]]}},{"type":"Feature","properties":{"highway":"residential","name":null,"surface":null,"lanes":null,"web_layer_source":"F:/datasets/layers/all_highway.geojson"},"geometry":{"type":"LineString","coordinates":[[85.7761857,20.2565173],[85.7761681,20.2570133],[85.7761635,20.2572246],[85.7761428,20.2581609]]}},{"type":"Feature","properties":{"highway":"residential","name":null,"surface":null,"lanes":null,"web_layer_source":"F:/datasets/layers/all_highway.geojson"},"geometry":{"type":"LineString","coordinates":[[85.7763952,20.2685278],[85.7764757,20.2697104]]}},{"type":"Feature","properties":{"highway":"residential","name":null,"surface":null,"lanes":null,"web_layer_source":"F:/datasets/layers/all_highway.geojson"},"geometry":{"type":"LineString","coordinates":[[85.7755931,20.2592394],[85.7756117,20.2581564]]}},{"type":"Feature","properties":{"highway":"residential","name":null,"surface":null,"lanes":null,"web_layer_source":"F:/datasets/layers/all_highway.geojson"},"geometry":{"type":"LineString","coordinates":[[85.7781653,20.2596355],[85.778171,20.2593749],[85.778187,20.2592759]]}},{"type":"Feature","properties":{"highway":"residential","name":null,"surface":null,"lanes":null,"web_layer_source":"F:/datasets/layers/all_highway.geojson"},"geometry":{"type":"LineString","coordinates":[[85.7777846,20.2592603],[85.7778005,20.2581758]]}},{"type":"Feature","properties":{"highway":"residential","name":null,"surface":null,"lanes":null,"web_layer_source":"F:/datasets/layers/all_highway.geojson"},"geometry":{"type":"LineString","coordinates":[[85.7736478,20.2578771],[85.7742921,20.2580852],[85.7745445,20.2581159],[85.7747592,20.2581461],[85.7748342,20.2581461],[85.7752199,20.2581425],[85.7752657,20.2581518],[85.7755071,20.258155],[85.7756117,20.2581564],[85.7758478,20.2581583],[85.7759566,20.2581592],[85.7761428,20.2581609],[85.7763038,20.2581623],[85.7764915,20.258164],[85.7766551,20.2581655],[85.776859,20.2581673],[85.7769958,20.2581686],[85.7772345,20.2581707],[85.7774142,20.2581723],[85.7775778,20.2581738],[85.7778005,20.2581758],[85.7779185,20.2581769],[85.7782055,20.2581795],[85.7782751,20.2581801],[85.7786185,20.2581832],[85.7790194,20.2581869]]}},{"type":"Feature","properties":{"highway":"residential","name":null,"surface":null,"lanes":null,"web_layer_source":"F:/datasets/layers/all_highway.geojson"},"geometry":{"type":"LineString","coordinates":[[85.7747698,20.2569356],[85.77488,20.2565916],[85.7749881,20.2562539]]}},{"type":"Feature","properties":{"highway":"residential","name":null,"surface":null,"lanes":null,"web_layer_source":"F:/datasets/layers/all_highway.geojson"},"geometry":{"type":"LineString","coordinates":[[85.7769317,20.2697255],[85.7769478,20.2702967]]}},{"type":"Feature","properties":{"highway":"residential","name":null,"surface":null,"lanes":null,"web_layer_source":"F:/datasets/layers/all_highway.geojson"},"geometry":{"type":"LineString","coordinates":[[85.7780814,20.2549468],[85.7785382,20.2548093],[85.7787338,20.2547888],[85.7792516,20.254686]]}},{"type":"Feature","properties":{"highway":"residential","name":null,"surface":null,"lanes":null,"web_layer_source":"F:/datasets/layers/all_highway.geojson"},"geometry":{"type":"LineString","coordinates":[[85.775846,20.2568799],[85.7755181,20.2570742],[85.7755071,20.258155]]}},{"type":"Feature","properties":{"highway":"residential","name":null,"surface":null,"lanes":null,"web_layer_source":"F:/datasets/layers/all_highway.geojson"},"geometry":{"type":"LineString","coordinates":[[85.774979,20.2596129],[85.7751243,20.2596207],[85.775365,20.2596107],[85.775671,20.2595978],[85.7760731,20.2596151],[85.7765468,20.259619],[85.7769904,20.2596226],[85.7778569,20.2596331],[85.7780629,20.2596347],[85.7781653,20.2596355],[85.7787625,20.2596401]]}},{"type":"Feature","properties":{"highway":"residential","name":null,"surface":null,"lanes":null,"web_layer_source":"F:/datasets/layers/all_highway.geojson"},"geometry":{"type":"LineString","coordinates":[[85.7761635,20.2572246],[85.7765056,20.2572247]]}},{"type":"Feature","properties":{"highway":"residential","name":null,"surface":null,"lanes":null,"web_layer_source":"F:/datasets/layers/all_highway.geojson"},"geometry":{"type":"LineString","coordinates":[[85.7765026,20.2574209],[85.7768646,20.2574187]]}},{"type":"Feature","properties":{"highway":"residential","name":null,"surface":null,"lanes":null,"web_layer_source":"F:/datasets/layers/all_highway.geojson"},"geometry":{"type":"LineString","coordinates":[[85.7758371,20.256521],[85.775846,20.2568799],[85.7758668,20.2570086],[85.7758478,20.2581583]]}},{"type":"Feature","properties":{"highway":"residential","name":null,"surface":null,"lanes":null,"web_layer_source":"F:/datasets/layers/all_highway.geojson"},"geometry":{"type":"LineString","coordinates":[[85.7789699,20.2538175],[85.7790558,20.2540167],[85.7790558,20.2541903],[85.7791149,20.2543614],[85.7791551,20.2545577],[85.7792516,20.254686],[85.7795842,20.255144],[85.7797692,20.2553927],[85.7798346,20.2554512]]}},{"type":"Feature","properties":{"highway":"residential","name":null,"surface":null,"lanes":null,"web_layer_source":"F:/datasets/layers/all_highway.geojson"},"geometry":{"type":"LineString","coordinates":[[85.7829637,20.2706586],[85.7831075,20.2704598]]}},{"type":"Feature","properties":{"highway":"residential","name":null,"surface":null,"lanes":null,"web_layer_source":"F:/datasets/layers/all_highway.geojson"},"geometry":{"type":"LineString","coordinates":[[85.7778569,20.2560801],[85.7773103,20.2561051]]}},{"type":"Feature","properties":{"highway":"residential","name":null,"surface":null,"lanes":null,"web_layer_source":"F:/datasets/layers/all_highway.geojson"},"geometry":{"type":"LineString","coordinates":[[85.7785248,20.2716755],[85.778514,20.2719244],[85.7785354,20.2721481],[85.7785514,20.2723389]]}},{"type":"Feature","properties":{"highway":"residential","name":null,"surface":null,"lanes":null,"web_layer_source":"F:/datasets/layers/all_highway.geojson"},"geometry":{"type":"LineString","coordinates":[[85.7758668,20.2570086],[85.7761681,20.2570133]]}},{"type":"Feature","properties":{"highway":"residential","name":null,"surface":null,"lanes":null,"web_layer_source":"F:/datasets/layers/all_highway.geojson"},"geometry":{"type":"LineString","coordinates":[[85.7752955,20.2617997],[85.7754723,20.2617996],[85.7759497,20.2617992],[85.7766661,20.2617997],[85.7767386,20.2617997],[85.7772403,20.2617822],[85.7773284,20.2617791],[85.7782564,20.2616985],[85.7784003,20.2617244]]}},{"type":"Feature","properties":{"highway":"residential","name":null,"surface":null,"lanes":null,"web_layer_source":"F:/datasets/layers/all_highway.geojson"},"geometry":{"type":"LineString","coordinates":[[85.7762877,20.2592522],[85.7763038,20.2581623]]}},{"type":"Feature","properties":{"highway":"residential","name":null,"surface":null,"lanes":null,"web_layer_source":"F:/datasets/layers/all_highway.geojson"},"geometry":{"type":"LineString","coordinates":[[85.7769967,20.2592609],[85.7769958,20.2581686]]}},{"type":"Feature","properties":{"highway":"residential","name":null,"surface":null,"lanes":null,"web_layer_source":"F:/datasets/layers/all_highway.geojson"},"geometry":{"type":"LineString","coordinates":[[85.7751131,20.2609516],[85.7751695,20.2611932],[85.775258,20.2615882],[85.7752955,20.2617997],[85.7752984,20.2618369],[85.775317,20.2620765],[85.7754404,20.2625445],[85.7755685,20.2628825],[85.7756654,20.2631881],[85.7757137,20.2634146],[85.775891,20.2638479],[85.7760519,20.2638932],[85.7761592,20.2641951],[85.7761938,20.2643069]]}},{"type":"Feature","properties":{"highway":"residential","name":null,"surface":null,"lanes":null,"web_layer_source":"F:/datasets/layers/all_highway.geojson"},"geometry":{"type":"LineString","coordinates":[[85.7778008,20.2556403],[85.7772538,20.2556827]]}},{"type":"Feature","properties":{"highway":"residential","name":null,"surface":null,"lanes":null,"web_layer_source":"F:/datasets/layers/all_highway.geojson"},"geometry":{"type":"LineString","coordinates":[[85.7740993,20.262879],[85.7741797,20.2630477],[85.7745694,20.2629238],[85.7746891,20.263173],[85.775129,20.2630019],[85.7755685,20.2628825]]}},{"type":"Feature","properties":{"highway":"residential","name":null,"surface":null,"lanes":null,"web_layer_source":"F:/datasets/layers/all_highway.geojson"},"geometry":{"type":"LineString","coordinates":[[85.7782055,20.2581795],[85.778187,20.2592759]]}},{"type":"Feature","properties":{"highway":"residential","name":null,"surface":null,"lanes":null,"web_layer_source":"F:/datasets/layers/all_highway.geojson"},"geometry":{"type":"LineString","coordinates":[[85.7759416,20.2592458],[85.7759566,20.2581592]]}},{"type":"Feature","properties":{"highway":"residential","name":null,"surface":null,"lanes":null,"web_layer_source":"F:/datasets/layers/all_highway.geojson"},"geometry":{"type":"LineString","coordinates":[[85.7786371,20.2568637],[85.7786347,20.2573709],[85.7786185,20.2581832]]}},{"type":"Feature","properties":{"highway":"residential","name":null,"surface":null,"lanes":null,"web_layer_source":"F:/datasets/layers/all_highway.geojson"},"geometry":{"type":"LineString","coordinates":[[85.7765151,20.2565142],[85.7765056,20.2572247],[85.7765026,20.2574209],[85.7764915,20.258164]]}},{"type":"Feature","properties":{"highway":"residential","name":null,"surface":null,"lanes":null,"web_layer_source":"F:/datasets/layers/all_highway.geojson"},"geometry":{"type":"LineString","coordinates":[[85.774979,20.2592281],[85.7752443,20.259233],[85.7753784,20.2592355],[85.7755931,20.2592394],[85.7759416,20.2592458],[85.7762877,20.2592522],[85.7766337,20.2592586],[85.7769967,20.2592609],[85.7774142,20.2592624],[85.7777846,20.2592603],[85.778187,20.2592759],[85.7783798,20.2592834],[85.7788248,20.2592829]]}},{"type":"Feature","properties":{"highway":"residential","name":null,"surface":null,"lanes":null,"web_layer_source":"F:/datasets/layers/all_highway.geojson"},"geometry":{"type":"LineString","coordinates":[[85.7782136,20.2697129],[85.7775805,20.2697],[85.7773391,20.2697105],[85.7773359,20.2700751],[85.7773342,20.2702711],[85.7773284,20.2709334],[85.777559,20.271039],[85.7776878,20.2711749],[85.7778112,20.2714612],[85.7779399,20.2716374],[85.778074,20.2719594],[85.7781545,20.2721609],[85.7781706,20.2723383]]}},{"type":"Feature","properties":{"highway":"residential","name":null,"surface":null,"lanes":null,"web_layer_source":"F:/datasets/layers/all_highway.geojson"},"geometry":{"type":"LineString","coordinates":[[85.7746589,20.2557953],[85.7749495,20.2558762],[85.7751948,20.2559681],[85.7752711,20.2559966],[85.7754109,20.2560448],[85.7756493,20.2560747],[85.7758837,20.2559186],[85.7760471,20.2558481],[85.776268,20.2557901],[85.7764536,20.2556658],[85.7772001,20.2552839]]}},{"type":"Feature","properties":{"highway":"residential","name":null,"surface":null,"lanes":null,"web_layer_source":"F:/datasets/layers/all_highway.geojson"},"geometry":{"type":"LineString","coordinates":[[85.7775967,20.2569186],[85.7775778,20.2581738]]}},{"type":"Feature","properties":{"highway":"residential","name":null,"surface":null,"lanes":null,"web_layer_source":"F:/datasets/layers/all_highway.geojson"},"geometry":{"type":"LineString","coordinates":[[85.7772509,20.2569758],[85.7772448,20.2572372],[85.7772345,20.2581707]]}},{"type":"Feature","properties":{"highway":"residential","name":null,"surface":null,"lanes":null,"web_layer_source":"F:/datasets/layers/all_highway.geojson"},"geometry":{"type":"LineString","coordinates":[[85.7753596,20.2563691],[85.7754109,20.2560448]]}},{"type":"Feature","properties":{"highway":"residential","name":null,"surface":null,"lanes":null,"web_layer_source":"F:/datasets/layers/all_highway.geojson"},"geometry":{"type":"LineString","coordinates":[[85.7768921,20.2565119],[85.7768686,20.2572371],[85.7768646,20.2574187],[85.776859,20.2581673]]}},{"type":"Feature","properties":{"highway":"residential","name":null,"surface":null,"lanes":null,"web_layer_source":"F:/datasets/layers/all_highway.geojson"},"geometry":{"type":"LineString","coordinates":[[85.782583,20.2704829],[85.7829637,20.2706586],[85.7831139,20.2707391]]}},{"type":"Feature","properties":{"highway":"residential","name":null,"surface":null,"lanes":null,"web_layer_source":"F:/datasets/layers/all_highway.geojson"},"geometry":{"type":"LineString","coordinates":[[85.7787179,20.2556045],[85.7783888,20.2557146],[85.7784926,20.2562084],[85.7785493,20.2564366]]}},{"type":"Feature","properties":{"highway":"residential","name":null,"surface":null,"lanes":null,"web_layer_source":"F:/datasets/layers/all_highway.geojson"},"geometry":{"type":"LineString","coordinates":[[85.7810034,20.2538229],[85.7808864,20.2537085],[85.7808,20.2536962],[85.7804399,20.2537097],[85.7801958,20.2537122],[85.7800122,20.2537238],[85.7798657,20.2536967],[85.7797546,20.2536561],[85.7795708,20.2535889],[85.7794527,20.2535759],[85.7792516,20.2536568],[85.7789699,20.2538175],[85.7787124,20.253893],[85.7783744,20.2540037],[85.7781332,20.2540997],[85.7780074,20.2541836],[85.7777898,20.2543287],[85.7776075,20.2543966],[85.7772454,20.2546508],[85.7771676,20.2547665],[85.7771434,20.2548924],[85.7771617,20.2550184],[85.7772001,20.2552839],[85.777205,20.2553177],[85.7772538,20.2556827],[85.7773103,20.2561051],[85.7773662,20.2565102],[85.7773766,20.2566006],[85.7773863,20.2566664],[85.7774249,20.2569277],[85.7775967,20.2569186],[85.7778862,20.2569033],[85.7779347,20.2569008],[85.7782829,20.2568824],[85.7786371,20.2568637],[85.7787499,20.2568577],[85.7791362,20.2568426],[85.7792491,20.25686]]}},{"type":"Feature","properties":{"highway":"residential","name":null,"surface":null,"lanes":null,"web_layer_source":"F:/datasets/layers/all_highway.geojson"},"geometry":{"type":"LineString","coordinates":[[85.7779347,20.2569008],[85.7779185,20.2581769]]}},{"type":"Feature","properties":{"highway":"residential","name":null,"surface":null,"lanes":null,"web_layer_source":"F:/datasets/layers/all_highway.geojson"},"geometry":{"type":"LineString","coordinates":[[85.7776048,20.2552069],[85.7777147,20.2553956],[85.7778008,20.2556403],[85.7778273,20.2557324],[85.7778569,20.2560801],[85.7778754,20.2565081],[85.7778862,20.2569033]]}},{"type":"Feature","properties":{"highway":"residential","name":null,"surface":null,"lanes":null,"web_layer_source":"F:/datasets/layers/all_highway.geojson"},"geometry":{"type":"LineString","coordinates":[[85.7743475,20.2620052],[85.7748369,20.2619291],[85.7751933,20.2618545],[85.7752984,20.2618369]]}},{"type":"Feature","properties":{"highway":"residential","name":null,"surface":null,"lanes":null,"web_layer_source":"F:/datasets/layers/all_highway.geojson"},"geometry":{"type":"LineString","coordinates":[[85.7751243,20.2596207],[85.7751656,20.2599722],[85.7751775,20.2600734],[85.7752202,20.2601841],[85.775258,20.2602823],[85.7753078,20.2604307],[85.77538,20.2606455],[85.7754001,20.2607075],[85.7754967,20.261007],[85.7755208,20.2612158],[85.7754779,20.2616436],[85.7754723,20.2617996]]}},{"type":"Feature","properties":{"highway":"residential","name":null,"surface":null,"lanes":null,"web_layer_source":"F:/datasets/layers/all_highway.geojson"},"geometry":{"type":"LineString","coordinates":[[85.7788761,20.2715069],[85.7790209,20.272331]]}},{"type":"Feature","properties":{"highway":"residential","name":null,"surface":null,"lanes":null,"web_layer_source":"F:/datasets/layers/all_highway.geojson"},"geometry":{"type":"LineString","coordinates":[[85.7782829,20.2568824],[85.7782751,20.2581801]]}},{"type":"Feature","properties":{"highway":"residential","name":null,"surface":null,"lanes":null,"web_layer_source":"F:/datasets/layers/all_highway.geojson"},"geometry":{"type":"LineString","coordinates":[[85.7774142,20.2592624],[85.7774142,20.2581723]]}},{"type":"Feature","properties":{"highway":"residential","name":null,"surface":null,"lanes":null,"web_layer_source":"F:/datasets/layers/all_highway.geojson"},"geometry":{"type":"LineString","coordinates":[[85.7746142,20.2561279],[85.7749881,20.2562539],[85.7753596,20.2563691]]}},{"type":"Feature","properties":{"highway":"residential","name":null,"surface":null,"lanes":null,"web_layer_source":"F:/datasets/layers/all_highway.geojson"},"geometry":{"type":"LineString","coordinates":[[85.7778754,20.2565081],[85.7773662,20.2565102]]}},{"type":"Feature","properties":{"highway":"residential","name":null,"surface":null,"lanes":null,"web_layer_source":"F:/datasets/layers/all_highway.geojson"},"geometry":{"type":"LineString","coordinates":[[85.7768686,20.2572371],[85.7772448,20.2572372]]}},{"type":"Feature","properties":{"highway":"residential","name":null,"surface":null,"lanes":null,"web_layer_source":"F:/datasets/layers/all_highway.geojson"},"geometry":{"type":"LineString","coordinates":[[85.7754763,20.2552196],[85.7753545,20.2555114],[85.7751948,20.2559681]]}},{"type":"Feature","properties":{"highway":"residential","name":null,"surface":null,"lanes":null,"web_layer_source":"F:/datasets/layers/all_highway.geojson"},"geometry":{"type":"LineString","coordinates":[[85.7748096,20.2551409],[85.7751095,20.2551349],[85.7752631,20.2551612],[85.7754025,20.2551889],[85.7754763,20.2552196],[85.7756359,20.2552468],[85.7758666,20.2551914],[85.776119,20.255076],[85.7760677,20.2549599],[85.7765374,20.2547238],[85.7766176,20.2548442],[85.7769853,20.2547061],[85.7771676,20.2547665]]}},{"type":"Feature","properties":{"highway":"residential","name":null,"surface":null,"lanes":null,"web_layer_source":"F:/datasets/layers/all_highway.geojson"},"geometry":{"type":"LineString","coordinates":[[85.7757945,20.2678673],[85.775801,20.2679179],[85.7758212,20.2683728],[85.7758212,20.2688752],[85.7759765,20.2689099],[85.7760463,20.2689653],[85.7760936,20.2695636],[85.7761056,20.2697156],[85.7764757,20.2697104],[85.7765106,20.2701532],[85.7765347,20.2702715],[85.7766071,20.2703143],[85.7769478,20.2702967],[85.7773342,20.2702711]]}},{"type":"Feature","properties":{"highway":"residential","name":null,"surface":null,"lanes":null,"web_layer_source":"F:/datasets/layers/all_highway.geojson"},"geometry":{"type":"LineString","coordinates":[[85.778383,20.2564493],[85.7785493,20.2564366],[85.7792704,20.2564248],[85.7793527,20.2564515]]}},{"type":"Feature","properties":{"highway":"residential","name":"New bustand road (one way)","surface":null,"lanes":null,"web_layer_source":"F:/datasets/layers/all_highway.geojson"},"geometry":{"type":"LineString","coordinates":[[85.7942305,20.2734996],[85.7941657,20.2735353],[85.7941057,20.27358],[85.7937034,20.2738694],[85.7932894,20.2741558],[85.7932125,20.274209],[85.7930891,20.274301],[85.7928021,20.2745084],[85.7927414,20.2745433],[85.7926334,20.2745823],[85.7923698,20.2746892],[85.7923509,20.2746969],[85.7917112,20.2749857]]}},{"type":"Feature","properties":{"highway":"residential","name":null,"surface":null,"lanes":null,"web_layer_source":"F:/datasets/layers/all_highway.geojson"},"geometry":{"type":"LineString","coordinates":[[85.7904917,20.2725332],[85.7905779,20.2724714],[85.7907189,20.2723821],[85.7908855,20.2722989],[85.7910313,20.2722447],[85.7911113,20.2722153],[85.791238,20.2721738],[85.7913152,20.2721531],[85.7914325,20.2721308],[85.791633,20.2721015],[85.7919326,20.2720445],[85.7919896,20.2720339],[85.7921892,20.271997],[85.7924628,20.2719539],[85.7927151,20.2718958],[85.793222,20.2717322],[85.7934748,20.2716501]]}},{"type":"Feature","properties":{"highway":"tertiary","name":null,"surface":null,"lanes":"2","web_layer_source":"F:/datasets/layers/all_highway.geojson"},"geometry":{"type":"LineString","coordinates":[[85.7935793,20.2716123],[85.7937196,20.2719497],[85.7939073,20.2725334],[85.7941323,20.273239],[85.7942305,20.2734996]]}},{"type":"Feature","properties":{"highway":"tertiary","name":null,"surface":null,"lanes":null,"web_layer_source":"F:/datasets/layers/all_highway.geojson"},"geometry":{"type":"LineString","coordinates":[[85.789093,20.2680787],[85.7890027,20.2681101],[85.7882588,20.2686176],[85.7879324,20.2688131],[85.7874149,20.2690741],[85.7872152,20.269178],[85.7868595,20.2693362],[85.7868034,20.2693552],[85.7867588,20.269424]]}},{"type":"Feature","properties":{"highway":"residential","name":null,"surface":null,"lanes":null,"web_layer_source":"F:/datasets/layers/all_highway.geojson"},"geometry":{"type":"LineString","coordinates":[[85.7599981,20.2763996],[85.7609712,20.276671],[85.7610972,20.2767061],[85.7617251,20.2768813],[85.7621298,20.2769942],[85.7627456,20.2770936]]}},{"type":"Feature","properties":{"highway":"tertiary","name":null,"surface":null,"lanes":null,"web_layer_source":"F:/datasets/layers/all_highway.geojson"},"geometry":{"type":"LineString","coordinates":[[85.7708581,20.2847479],[85.7708733,20.2847834],[85.770899,20.2848132],[85.7709329,20.2848344],[85.770972,20.2848454],[85.771018,20.2848441],[85.7710609,20.2848287],[85.771096,20.2848007]]}},{"type":"Feature","properties":{"highway":"residential","name":null,"surface":null,"lanes":null,"web_layer_source":"F:/datasets/layers/all_highway.geojson"},"geometry":{"type":"LineString","coordinates":[[85.7708375,20.2854854],[85.7708904,20.2851058],[85.770972,20.2848454]]}},{"type":"Feature","properties":{"highway":"residential","name":null,"surface":null,"lanes":null,"web_layer_source":"F:/datasets/layers/all_highway.geojson"},"geometry":{"type":"LineString","coordinates":[[85.764269,20.2710631],[85.764041,20.2709735],[85.7643683,20.2698111],[85.7638332,20.2696763],[85.7635448,20.2696037],[85.7631583,20.2684109],[85.7629646,20.2678131],[85.7627718,20.2672177],[85.7626892,20.2669628],[85.7626361,20.2667623],[85.7625144,20.2663031],[85.7621876,20.2650696]]}},{"type":"Feature","properties":{"highway":"tertiary","name":null,"surface":null,"lanes":null,"web_layer_source":"F:/datasets/layers/all_highway.geojson"},"geometry":{"type":"LineString","coordinates":[[85.7812674,20.2878721],[85.7812248,20.2878662],[85.7811812,20.2878601],[85.7808207,20.28781],[85.7806734,20.2877841],[85.7797293,20.2877237],[85.7792572,20.2876784],[85.7785462,20.2876288],[85.7783906,20.287649]]}},{"type":"Feature","properties":{"highway":"tertiary","name":null,"surface":null,"lanes":null,"web_layer_source":"F:/datasets/layers/all_highway.geojson"},"geometry":{"type":"LineString","coordinates":[[85.7783906,20.287649],[85.7785405,20.2877008],[85.7790375,20.2877456],[85.7797227,20.2877956],[85.7804603,20.2878428],[85.7806637,20.2878558],[85.7808244,20.2878878],[85.781167,20.2879968],[85.781251,20.2880101]]}},{"type":"Feature","properties":{"highway":"residential","name":null,"surface":null,"lanes":null,"web_layer_source":"F:/datasets/layers/all_highway.geojson"},"geometry":{"type":"LineString","coordinates":[[85.7706013,20.2724794],[85.7704703,20.2723916],[85.7702664,20.272296],[85.7697646,20.2720454],[85.7696534,20.2719962],[85.7694054,20.2718865],[85.7692376,20.2718123],[85.7691048,20.2717535],[85.7690004,20.2716015],[85.7689278,20.271517],[85.7683967,20.2712452],[85.7681153,20.2710933],[85.7680477,20.2710528],[85.7676807,20.2708327],[85.7674203,20.2706766],[85.7670968,20.2704879],[85.7669971,20.2704297],[85.76682,20.2703264],[85.7666427,20.2702249],[85.766385,20.2700727],[85.7658434,20.2697277],[85.7658006,20.2697004],[85.7650013,20.2691569],[85.7649195,20.2691005],[85.7648368,20.2690435]]}},{"type":"Feature","properties":{"highway":"residential","name":null,"surface":null,"lanes":null,"web_layer_source":"F:/datasets/layers/all_highway.geojson"},"geometry":{"type":"LineString","coordinates":[[85.7708375,20.2854854],[85.7707525,20.2855886],[85.7707463,20.2855961],[85.7706047,20.285644]]}},{"type":"Feature","properties":{"highway":"residential","name":null,"surface":null,"lanes":null,"web_layer_source":"F:/datasets/layers/all_highway.geojson"},"geometry":{"type":"LineString","coordinates":[[85.7659946,20.2642972],[85.7659347,20.2646681],[85.7658265,20.2650602],[85.7656611,20.2656594],[85.7655914,20.2660167],[85.7655755,20.2661253],[85.7654921,20.2666951],[85.7654894,20.2667408],[85.765476,20.2669668],[85.765476,20.2671329],[85.7654385,20.2673342],[85.7653178,20.2675466],[85.7651488,20.2678978],[85.7651062,20.2680454],[85.7650656,20.2681857],[85.7649557,20.2686426],[85.7648368,20.2690435],[85.7646794,20.2695746],[85.764269,20.2710631],[85.7641828,20.2713563]]}},{"type":"Feature","properties":{"highway":"residential","name":null,"surface":null,"lanes":null,"web_layer_source":"F:/datasets/layers/all_highway.geojson"},"geometry":{"type":"LineString","coordinates":[[85.768003,20.2721269],[85.7687024,20.2718541],[85.7691048,20.2717535]]}},{"type":"Feature","properties":{"highway":"tertiary","name":null,"surface":null,"lanes":null,"web_layer_source":"F:/datasets/layers/all_highway.geojson"},"geometry":{"type":"LineString","coordinates":[[85.7685748,20.2837104],[85.7682996,20.2836021],[85.767686,20.2833671],[85.7672595,20.2832013],[85.7672005,20.2831784],[85.766879,20.28307],[85.7667902,20.2830401],[85.7658731,20.2826758],[85.7656717,20.2825847],[85.7642637,20.2820278],[85.7634116,20.281688],[85.7627831,20.2814374],[85.7626061,20.2813318],[85.7624532,20.2811758],[85.7624068,20.2810946],[85.7623512,20.2809971],[85.7623325,20.2808311],[85.7623486,20.2806902]]}},{"type":"Feature","properties":{"highway":"residential","name":null,"surface":null,"lanes":null,"web_layer_source":"F:/datasets/layers/all_highway.geojson"},"geometry":{"type":"LineString","coordinates":[[85.7760967,20.2716275],[85.7757791,20.2715643],[85.7756963,20.2714737],[85.7755789,20.271383],[85.7754995,20.2713555],[85.7754322,20.2713458],[85.7753994,20.2713571],[85.7753873,20.271404],[85.7753825,20.2714801],[85.7754831,20.2721561],[85.7754972,20.2722956]]}},{"type":"Feature","properties":{"highway":"residential","name":null,"surface":null,"lanes":null,"web_layer_source":"F:/datasets/layers/all_highway.geojson"},"geometry":{"type":"LineString","coordinates":[[85.7749038,20.2715522],[85.7749817,20.2722796]]}},{"type":"Feature","properties":{"highway":"tertiary","name":null,"surface":null,"lanes":null,"web_layer_source":"F:/datasets/layers/all_highway.geojson"},"geometry":{"type":"LineString","coordinates":[[85.7644314,20.2715171],[85.7644252,20.2717453],[85.7637,20.2742379],[85.7636117,20.2745414],[85.7634053,20.2753177],[85.7630131,20.2767933],[85.7629836,20.2769044],[85.7624926,20.279282],[85.7624726,20.2793789]]}},{"type":"Feature","properties":{"highway":"residential","name":null,"surface":null,"lanes":null,"web_layer_source":"F:/datasets/layers/all_highway.geojson"},"geometry":{"type":"LineString","coordinates":[[85.7596159,20.2775785],[85.759698,20.277359],[85.7598211,20.2770107],[85.7599981,20.2763996],[85.7600575,20.2761909],[85.7602463,20.2755275],[85.7604626,20.2747673],[85.7605544,20.2744445],[85.7606332,20.2741677],[85.7607177,20.2738709],[85.7609925,20.2729048],[85.7611081,20.2724987],[85.7612738,20.2719163],[85.7614967,20.2711479],[85.761553,20.2709806]]}},{"type":"Feature","properties":{"highway":"residential","name":null,"surface":null,"lanes":null,"web_layer_source":"F:/datasets/layers/all_highway.geojson"},"geometry":{"type":"LineString","coordinates":[[85.7659123,20.2642098],[85.7651264,20.2643325],[85.7650056,20.2643512],[85.764116,20.264582],[85.7638962,20.264653],[85.7634897,20.264765],[85.7629675,20.2648855],[85.7621876,20.2650696],[85.7617711,20.265168],[85.7613878,20.2652586],[85.760896,20.2653748],[85.7605005,20.2654682],[85.7604048,20.2654667],[85.7603375,20.2654522]]}},{"type":"Feature","properties":{"highway":"residential","name":null,"surface":null,"lanes":null,"web_layer_source":"F:/datasets/layers/all_highway.geojson"},"geometry":{"type":"LineString","coordinates":[[85.7641604,20.2821019],[85.7648915,20.2827525],[85.7649683,20.2829051],[85.7651397,20.283053],[85.7651927,20.2830987],[85.7656052,20.283439],[85.7656278,20.28363],[85.7657313,20.2845046],[85.7657769,20.2845492],[85.7658696,20.284593],[85.7664923,20.2847205],[85.7666257,20.2847502],[85.7670341,20.2848413],[85.767523,20.2849719],[85.7685791,20.2852539],[85.7686506,20.2852699],[85.7687375,20.2852894],[85.7693194,20.2854199],[85.7697599,20.2855035],[85.7698482,20.2855243],[85.770008,20.2855496],[85.7701571,20.2855808],[85.7706047,20.285644],[85.7710306,20.2857168],[85.7710738,20.2857256],[85.7716743,20.2858476],[85.7721241,20.2859392],[85.7723663,20.2859885],[85.7725071,20.2860212],[85.7728888,20.2861099],[85.772994,20.2861344],[85.7730745,20.286151],[85.7736055,20.2862602],[85.7743245,20.286485],[85.7749286,20.2866739],[85.7751189,20.2867414],[85.7752698,20.2867876],[85.7755722,20.2868337]]}},{"type":"Feature","properties":{"highway":"residential","name":null,"surface":null,"lanes":null,"web_layer_source":"F:/datasets/layers/all_highway.geojson"},"geometry":{"type":"LineString","coordinates":[[85.7587133,20.2699611],[85.7586893,20.2700448],[85.7586423,20.2702071],[85.7583585,20.2711105],[85.7583198,20.2712338],[85.7581988,20.2716612],[85.7580807,20.2720354],[85.7578763,20.2726827],[85.7577734,20.2730089],[85.7577496,20.2730923],[85.7576666,20.2734057],[85.7576338,20.273497],[85.7574986,20.2739697],[85.7573527,20.2744795],[85.7573302,20.2745582],[85.7573629,20.2746107],[85.7574352,20.2747355],[85.7575775,20.2748766],[85.7577985,20.2751799],[85.7579437,20.2755142],[85.7581185,20.2757587],[85.7581988,20.2758226],[85.7582703,20.2758825],[85.7583857,20.2761223],[85.7584221,20.2761981],[85.7586052,20.2763796],[85.7591208,20.276996],[85.7595678,20.2775304],[85.7596159,20.2775785],[85.7596677,20.2776524]]}},{"type":"Feature","properties":{"highway":"residential","name":null,"surface":null,"lanes":null,"web_layer_source":"F:/datasets/layers/all_highway.geojson"},"geometry":{"type":"LineString","coordinates":[[85.7708375,20.2854854],[85.7709072,20.2856111],[85.7710306,20.2857168]]}},{"type":"Feature","properties":{"highway":"tertiary","name":null,"surface":null,"lanes":null,"web_layer_source":"F:/datasets/layers/all_highway.geojson"},"geometry":{"type":"LineString","coordinates":[[85.7631752,20.2767295],[85.7635575,20.2753611],[85.7636274,20.2751108],[85.763778,20.2745716],[85.7637929,20.2745203],[85.7638198,20.2744275],[85.7638601,20.2742885],[85.7640359,20.2736822],[85.7644137,20.2723795],[85.764588,20.2717787],[85.7647211,20.2715899]]}},{"type":"Feature","properties":{"highway":"residential","name":null,"surface":null,"lanes":null,"web_layer_source":"F:/datasets/layers/all_highway.geojson"},"geometry":{"type":"LineString","coordinates":[[85.7651488,20.2746077],[85.765991,20.2771048],[85.7665051,20.2787694],[85.7666455,20.279215],[85.7667936,20.2796578],[85.7669164,20.2800251],[85.7669834,20.2801534],[85.7672758,20.2806213],[85.7676661,20.2812459],[85.7677577,20.2813925],[85.768044,20.2818507],[85.768751,20.2819238],[85.769249,20.2819753],[85.7696925,20.2820212],[85.7707968,20.2821204],[85.7713191,20.2821629],[85.7722961,20.282242]]}},{"type":"Feature","properties":{"highway":"residential","name":null,"surface":null,"lanes":null,"web_layer_source":"F:/datasets/layers/all_highway.geojson"},"geometry":{"type":"LineString","coordinates":[[85.8375909,20.259398],[85.8365799,20.260023]]}},{"type":"Feature","properties":{"highway":"residential","name":null,"surface":null,"lanes":null,"web_layer_source":"F:/datasets/layers/all_highway.geojson"},"geometry":{"type":"LineString","coordinates":[[85.8372042,20.2588002],[85.8361806,20.2594975]]}},{"type":"Feature","properties":{"highway":"residential","name":null,"surface":null,"lanes":null,"web_layer_source":"F:/datasets/layers/all_highway.geojson"},"geometry":{"type":"LineString","coordinates":[[85.8373453,20.2590166],[85.836319,20.2596821]]}},{"type":"Feature","properties":{"highway":"service","name":null,"surface":null,"lanes":null,"web_layer_source":"F:/datasets/layers/all_highway.geojson"},"geometry":{"type":"LineString","coordinates":[[85.8378752,20.2597595],[85.8369317,20.2604796]]}},{"type":"Feature","properties":{"highway":"service","name":null,"surface":null,"lanes":null,"web_layer_source":"F:/datasets/layers/all_highway.geojson"},"geometry":{"type":"LineString","coordinates":[[85.8115958,20.2529432],[85.8120609,20.2533076],[85.8125036,20.2537529],[85.8126603,20.2538625],[85.8132329,20.2542631]]}},{"type":"Feature","properties":{"highway":"service","name":null,"surface":null,"lanes":null,"web_layer_source":"F:/datasets/layers/all_highway.geojson"},"geometry":{"type":"LineString","coordinates":[[85.7827178,20.272819],[85.7827243,20.2724275]]}},{"type":"Feature","properties":{"highway":"tertiary","name":null,"surface":null,"lanes":null,"web_layer_source":"F:/datasets/layers/all_highway.geojson"},"geometry":{"type":"LineString","coordinates":[[85.7833244,20.2537401],[85.7833657,20.2538201],[85.7835096,20.2541963],[85.7836585,20.2546332],[85.7837712,20.2549351],[85.7840706,20.2557275],[85.7841252,20.2558687],[85.7844916,20.2569787],[85.784549,20.2571571],[85.7847072,20.2575848],[85.784749,20.2576898],[85.7849808,20.2582718],[85.7851444,20.2586668],[85.7851634,20.2587156],[85.7852383,20.2589084],[85.7852759,20.2590531],[85.7853747,20.2594332],[85.7853939,20.2595073],[85.7854647,20.2598123],[85.7854985,20.2599577],[85.7855736,20.2601892],[85.7857306,20.260641],[85.7857909,20.2608132],[85.7860027,20.2614196],[85.7860542,20.261513]]}},{"type":"Feature","properties":{"highway":"residential","name":null,"surface":null,"lanes":null,"web_layer_source":"F:/datasets/layers/all_highway.geojson"},"geometry":{"type":"LineString","coordinates":[[85.7816398,20.2713276],[85.7816221,20.2710943],[85.7817757,20.2711043]]}},{"type":"Feature","properties":{"highway":"tertiary","name":null,"surface":null,"lanes":"1","web_layer_source":"F:/datasets/layers/all_highway.geojson"},"geometry":{"type":"LineString","coordinates":[[85.7942305,20.2734996],[85.7942747,20.2736276],[85.7943325,20.2737952],[85.794534,20.274345],[85.7945836,20.2744692],[85.7946448,20.274597],[85.7947727,20.274864],[85.7947935,20.2749055],[85.7949574,20.2751992],[85.7951273,20.2755055]]}},{"type":"Feature","properties":{"highway":"residential","name":null,"surface":null,"lanes":null,"web_layer_source":"F:/datasets/layers/all_highway.geojson"},"geometry":{"type":"LineString","coordinates":[[85.7687415,20.2679901],[85.7686588,20.2677567]]}},{"type":"Feature","properties":{"highway":"residential","name":null,"surface":null,"lanes":null,"web_layer_source":"F:/datasets/layers/all_highway.geojson"},"geometry":{"type":"LineString","coordinates":[[85.7731712,20.2723139],[85.7730805,20.2722824],[85.7729966,20.272224],[85.772962,20.2721927],[85.7727858,20.2720783],[85.7725422,20.2719202],[85.7722946,20.2717747],[85.7720404,20.2716359],[85.7718325,20.2715276],[85.7716232,20.2714173],[85.770817,20.2709597],[85.7707465,20.270923],[85.7703377,20.2707104],[85.7697178,20.2703879],[85.7695837,20.2701263],[85.7694791,20.2697388],[85.7694416,20.2696583]]}},{"type":"Feature","properties":{"highway":"residential","name":null,"surface":null,"lanes":null,"web_layer_source":"F:/datasets/layers/all_highway.geojson"},"geometry":{"type":"LineString","coordinates":[[85.7659123,20.2642098],[85.765925,20.2642494],[85.7659542,20.2642804],[85.7659946,20.2642972],[85.7660347,20.2642974],[85.7660718,20.2642833],[85.7661004,20.264257],[85.7661162,20.2642224],[85.7661118,20.264168],[85.7660766,20.2641245],[85.766022,20.2641057],[85.7659652,20.2641176],[85.7659243,20.2641564],[85.7659123,20.2642098]]}},{"type":"Feature","properties":{"highway":"residential","name":null,"surface":null,"lanes":null,"web_layer_source":"F:/datasets/layers/all_highway.geojson"},"geometry":{"type":"LineString","coordinates":[[85.7685492,20.266873],[85.7686396,20.2668628],[85.7689078,20.2668905],[85.7690527,20.2668956],[85.7691358,20.2669106],[85.7693531,20.2669811],[85.7694796,20.2669988]]}},{"type":"Feature","properties":{"highway":"residential","name":null,"surface":null,"lanes":null,"web_layer_source":"F:/datasets/layers/all_highway.geojson"},"geometry":{"type":"LineString","coordinates":[[85.7654894,20.2667408],[85.7657243,20.2667941],[85.7659684,20.266866],[85.7663485,20.2664974],[85.7666328,20.2664105],[85.7668276,20.2664375],[85.7669554,20.2665514],[85.7671924,20.2664769],[85.767218,20.2667496],[85.7672019,20.266971],[85.7673173,20.2670314],[85.7673951,20.2670918],[85.7675292,20.2672101],[85.7675748,20.2673007],[85.7675801,20.2673887],[85.7675533,20.2675095],[85.7675131,20.2676806],[85.7673602,20.2679548]]}},{"type":"Feature","properties":{"highway":"residential","name":null,"surface":null,"lanes":null,"web_layer_source":"F:/datasets/layers/all_highway.geojson"},"geometry":{"type":"LineString","coordinates":[[85.767796,20.2643193],[85.767737,20.2643275],[85.7669418,20.2644373],[85.7668506,20.2644272],[85.7667651,20.2643952],[85.7667218,20.2642485],[85.7666682,20.2641907],[85.7665609,20.264168],[85.7664697,20.2641806],[85.7661162,20.2642224]]}},{"type":"Feature","properties":{"highway":"residential","name":null,"surface":null,"lanes":null,"web_layer_source":"F:/datasets/layers/all_highway.geojson"},"geometry":{"type":"LineString","coordinates":[[85.7679051,20.2665484],[85.7678752,20.2666414],[85.7679234,20.2667421],[85.7679637,20.2668503],[85.768012,20.267039],[85.7680361,20.2672327]]}},{"type":"Feature","properties":{"highway":"residential","name":null,"surface":null,"lanes":null,"web_layer_source":"F:/datasets/layers/all_highway.geojson"},"geometry":{"type":"LineString","coordinates":[[85.7669971,20.2704297],[85.7669793,20.2699954],[85.7669552,20.2697388],[85.7669659,20.2694922],[85.767033,20.2694821],[85.7671993,20.2694771],[85.7672985,20.2693387],[85.7673521,20.2692884],[85.7674272,20.2692557],[85.7676284,20.2692532],[85.7677947,20.2692205],[85.7680173,20.2691576],[85.7680982,20.2691151],[85.7680924,20.2689236],[85.7680334,20.268687],[85.7679503,20.2683524],[85.7681622,20.2682316],[85.7684357,20.2681108],[85.7687415,20.2679901],[85.7688166,20.2679699],[85.7689051,20.2679624],[85.7689963,20.267985],[85.7690795,20.2680278],[85.7691573,20.2680932],[85.769219,20.2681712],[85.7692941,20.268297],[85.7693343,20.2684002],[85.7693584,20.2685134],[85.7694282,20.2685814],[85.7694791,20.2686342],[85.7695207,20.2686629]]}},{"type":"Feature","properties":{"highway":"residential","name":null,"surface":null,"lanes":null,"web_layer_source":"F:/datasets/layers/all_highway.geojson"},"geometry":{"type":"LineString","coordinates":[[85.7685937,20.267786],[85.7686588,20.2677567],[85.7686825,20.267746],[85.7687791,20.2677007],[85.7688971,20.2676328],[85.7690366,20.2674617],[85.7691626,20.2673082],[85.7691975,20.267278],[85.7693155,20.2672176],[85.769463,20.2671723]]}},{"type":"Feature","properties":{"highway":"residential","name":null,"surface":null,"lanes":null,"web_layer_source":"F:/datasets/layers/all_highway.geojson"},"geometry":{"type":"LineString","coordinates":[[85.7686825,20.267746],[85.768602,20.2676177],[85.7684197,20.2673585],[85.7683365,20.2672705],[85.7682614,20.2672176],[85.7681863,20.2672151],[85.7680361,20.2672327],[85.7679374,20.2672906],[85.7679342,20.267434],[85.7678725,20.2674944],[85.7677384,20.267512],[85.7675533,20.2675095]]}},{"type":"Feature","properties":{"highway":"residential","name":null,"surface":null,"lanes":null,"web_layer_source":"F:/datasets/layers/all_highway.geojson"},"geometry":{"type":"LineString","coordinates":[[85.7669659,20.2694922],[85.766864,20.2694721],[85.7669176,20.2689714],[85.7669283,20.2687776],[85.7668667,20.2684128],[85.7668667,20.2682945],[85.7669632,20.2681285],[85.7670651,20.2680077],[85.7671697,20.2679548],[85.7673602,20.2679548],[85.7674836,20.2680605],[85.7676686,20.2682543],[85.7679503,20.2683524]]}},{"type":"Feature","properties":{"highway":"residential","name":null,"surface":null,"lanes":null,"web_layer_source":"F:/datasets/layers/all_highway.geojson"},"geometry":{"type":"LineString","coordinates":[[85.7681764,20.2664454],[85.7683043,20.266654],[85.768366,20.2667018],[85.768484,20.2667597],[85.7685492,20.266873],[85.7685162,20.266966],[85.768358,20.267039],[85.7683419,20.2671044]]}},{"type":"Feature","properties":{"highway":"tertiary","name":null,"surface":null,"lanes":null,"web_layer_source":"F:/datasets/layers/all_highway.geojson"},"geometry":{"type":"LineString","coordinates":[[85.7676947,20.2721594],[85.7679737,20.2718333],[85.7680758,20.271714],[85.7683967,20.2712452],[85.7687093,20.2708257],[85.7689588,20.2705766],[85.7690983,20.2703753],[85.7692377,20.2701036],[85.7692803,20.2700022],[85.7693477,20.2698419],[85.7694416,20.2696583],[85.7695515,20.2694243],[85.7695792,20.2693006],[85.7695839,20.2692402],[85.7696209,20.2690602],[85.7696293,20.2690192],[85.7695999,20.2688489],[85.7695207,20.2686629],[85.7695113,20.2683172],[85.7694738,20.2681209],[85.7694818,20.2679699],[85.7694925,20.2676127],[85.7694872,20.2673761],[85.769463,20.2671723],[85.7694796,20.2669988],[85.7694979,20.2668075],[85.7695274,20.2665584],[85.7695006,20.2663143],[85.7696743,20.2660884],[85.7697383,20.2660673],[85.7698721,20.2659676],[85.7700547,20.2658387],[85.7702878,20.2656997],[85.770589,20.2655723],[85.771098,20.2654841],[85.7713368,20.2654941],[85.7717711,20.2654766],[85.7719201,20.2653935],[85.7721324,20.265275],[85.7723002,20.2652019],[85.7725043,20.265113],[85.7728732,20.2649552],[85.773144,20.2649333],[85.773527,20.264837],[85.7738399,20.2647975],[85.7743593,20.2646351],[85.7746945,20.2645303],[85.7747946,20.2645053]]}},{"type":"Feature","properties":{"highway":"residential","name":null,"surface":null,"lanes":null,"web_layer_source":"F:/datasets/layers/all_highway.geojson"},"geometry":{"type":"LineString","coordinates":[[85.7695006,20.2663143],[85.7691465,20.2663596],[85.7688649,20.2663093],[85.7687494,20.266301],[85.7685639,20.2662877],[85.7684089,20.2663294],[85.7681997,20.2664376],[85.7681764,20.2664454],[85.76802,20.266498],[85.7679051,20.2665484]]}},{"type":"Feature","properties":{"highway":"service","name":null,"surface":null,"lanes":null,"web_layer_source":"F:/datasets/layers/all_highway.geojson"},"geometry":{"type":"LineString","coordinates":[[85.7827178,20.272819],[85.7826904,20.2732539],[85.7825509,20.2733143],[85.7825429,20.2735483]]}},{"type":"Feature","properties":{"highway":"footway","name":null,"surface":null,"lanes":null,"web_layer_source":"F:/datasets/layers/all_highway.geojson"},"geometry":{"type":"LineString","coordinates":[[85.8139844,20.2345969],[85.8165013,20.2354501],[85.8168574,20.2355813],[85.8173343,20.2357755]]}},{"type":"Feature","properties":{"highway":"footway","name":null,"surface":null,"lanes":null,"web_layer_source":"F:/datasets/layers/all_highway.geojson"},"geometry":{"type":"LineString","coordinates":[[85.8140378,20.2345122],[85.8165485,20.2353614],[85.8172209,20.2356147],[85.817534,20.2357521]]}},{"type":"Feature","properties":{"highway":"residential","name":null,"surface":null,"lanes":null,"web_layer_source":"F:/datasets/layers/all_highway.geojson"},"geometry":{"type":"LineString","coordinates":[[85.7835464,20.2663779],[85.7835405,20.2665074],[85.7835121,20.2667464],[85.7834923,20.2669125],[85.7834652,20.2671123]]}},{"type":"Feature","properties":{"highway":"residential","name":null,"surface":null,"lanes":null,"web_layer_source":"F:/datasets/layers/all_highway.geojson"},"geometry":{"type":"LineString","coordinates":[[85.7755685,20.2628825],[85.7760383,20.2627533],[85.7760807,20.2627532],[85.7761079,20.2627774],[85.7761677,20.2630712]]}},{"type":"Feature","properties":{"highway":"residential","name":null,"surface":null,"lanes":null,"web_layer_source":"F:/datasets/layers/all_highway.geojson"},"geometry":{"type":"LineString","coordinates":[[85.781242,20.2655814],[85.7808988,20.2655236],[85.7806332,20.2655161],[85.7804537,20.2655214],[85.780332,20.265542],[85.7801776,20.2655432],[85.7800491,20.2655127],[85.780013,20.2655084],[85.7799852,20.265505],[85.779716,20.2653503],[85.7794961,20.2651993],[85.7794207,20.2651701],[85.7792037,20.2650861],[85.7788301,20.2649813],[85.7785674,20.2648121],[85.7784906,20.2647626]]}},{"type":"Feature","properties":{"highway":"residential","name":null,"surface":null,"lanes":null,"web_layer_source":"F:/datasets/layers/all_highway.geojson"},"geometry":{"type":"LineString","coordinates":[[85.7809856,20.2675323],[85.7805393,20.2674611],[85.7800376,20.2673891],[85.7798394,20.2673607],[85.7796515,20.2673629],[85.7795444,20.2673229],[85.7790857,20.2672403]]}},{"type":"Feature","properties":{"highway":"residential","name":null,"surface":null,"lanes":null,"web_layer_source":"F:/datasets/layers/all_highway.geojson"},"geometry":{"type":"LineString","coordinates":[[85.7783772,20.2647846],[85.7783562,20.2648118],[85.778297,20.2649424],[85.778267,20.2649637],[85.7780236,20.2651364],[85.7779868,20.2651589],[85.7778385,20.2652496],[85.777723,20.2653576],[85.7775461,20.2655012],[85.7774199,20.2655865],[85.7770832,20.265721]]}},{"type":"Feature","properties":{"highway":"residential","name":null,"surface":null,"lanes":null,"web_layer_source":"F:/datasets/layers/all_highway.geojson"},"geometry":{"type":"LineString","coordinates":[[85.775188,20.2655965],[85.7757705,20.2654132],[85.7758712,20.265366],[85.7763174,20.2651191],[85.7767236,20.2649239]]}},{"type":"Feature","properties":{"highway":"residential","name":null,"surface":null,"lanes":null,"web_layer_source":"F:/datasets/layers/all_highway.geojson"},"geometry":{"type":"LineString","coordinates":[[85.7835464,20.2663779],[85.7840636,20.2664344],[85.7845723,20.266497]]}},{"type":"Feature","properties":{"highway":"residential","name":null,"surface":null,"lanes":null,"web_layer_source":"F:/datasets/layers/all_highway.geojson"},"geometry":{"type":"LineString","coordinates":[[85.7771464,20.2633522],[85.7773155,20.2633172],[85.777691,20.2632593],[85.7779404,20.2632543],[85.7781233,20.2632644]]}},{"type":"Feature","properties":{"highway":"residential","name":null,"surface":null,"lanes":null,"web_layer_source":"F:/datasets/layers/all_highway.geojson"},"geometry":{"type":"LineString","coordinates":[[85.7828617,20.2663146],[85.7828035,20.2666659],[85.7827447,20.2670205]]}},{"type":"Feature","properties":{"highway":"residential","name":null,"surface":null,"lanes":null,"web_layer_source":"F:/datasets/layers/all_highway.geojson"},"geometry":{"type":"LineString","coordinates":[[85.7819902,20.2669276],[85.7819582,20.2672824],[85.7819063,20.2676477]]}},{"type":"Feature","properties":{"highway":"residential","name":null,"surface":null,"lanes":null,"web_layer_source":"F:/datasets/layers/all_highway.geojson"},"geometry":{"type":"LineString","coordinates":[[85.7835464,20.2663779],[85.7835815,20.2660362],[85.7831305,20.2659793],[85.7826903,20.2659262],[85.7827425,20.2654886]]}},{"type":"Feature","properties":{"highway":"tertiary","name":null,"surface":null,"lanes":null,"web_layer_source":"F:/datasets/layers/all_highway.geojson"},"geometry":{"type":"LineString","coordinates":[[85.8023173,20.2751956],[85.802482,20.2752022],[85.8027718,20.2752354],[85.8029086,20.2752573],[85.8030419,20.2753034],[85.8031804,20.2753695],[85.8035951,20.2756]]}},{"type":"Feature","properties":{"highway":"tertiary","name":null,"surface":null,"lanes":null,"web_layer_source":"F:/datasets/layers/all_highway.geojson"},"geometry":{"type":"LineString","coordinates":[[85.8010195,20.2751889],[85.8008462,20.2752279],[85.8007888,20.2752408],[85.8005625,20.275298],[85.8003547,20.2753983],[85.8000956,20.2755917],[85.7995729,20.2759236],[85.7994031,20.2760349],[85.7990462,20.2762688],[85.7988944,20.2763775],[85.7986412,20.2765589],[85.7984927,20.2766557],[85.7983381,20.2767971],[85.7980233,20.2770692],[85.7979975,20.2770923],[85.7973537,20.2776156],[85.7971479,20.2777776]]}},{"type":"Feature","properties":{"highway":"residential","name":null,"surface":null,"lanes":null,"web_layer_source":"F:/datasets/layers/all_highway.geojson"},"geometry":{"type":"LineString","coordinates":[[85.8010195,20.2751889],[85.8008421,20.2749758],[85.8005615,20.2745986],[85.8004007,20.2743246],[85.8003225,20.2739963],[85.8002881,20.2738516],[85.8002666,20.2736503],[85.800331,20.2734793],[85.8003425,20.2734563],[85.8005295,20.2730817],[85.8006099,20.2728804],[85.800626,20.2727244],[85.8006292,20.2724982],[85.80063,20.2724357],[85.8006314,20.272337],[85.8006797,20.2715972],[85.8006815,20.2715743],[85.8007102,20.2712194],[85.800728,20.2709984],[85.8007551,20.2707842],[85.8007923,20.2704902],[85.8007709,20.2702084],[85.8007011,20.2699316],[85.800667,20.2698519],[85.8005527,20.2696131],[85.8004597,20.2694186],[85.8004436,20.2693845],[85.8003728,20.269234],[85.8002183,20.2690411],[85.800095,20.2687845],[85.7999885,20.2684004],[85.7997945,20.2677534],[85.7997838,20.2676623],[85.7997625,20.267567],[85.7996497,20.2670635],[85.7996283,20.2668118],[85.7996832,20.266337]]}},{"type":"Feature","properties":{"highway":"residential","name":null,"surface":null,"lanes":null,"web_layer_source":"F:/datasets/layers/all_highway.geojson"},"geometry":{"type":"LineString","coordinates":[[85.7949344,20.26045],[85.793785,20.260767],[85.7930516,20.2609693]]}},{"type":"Feature","properties":{"highway":"residential","name":null,"surface":null,"lanes":null,"web_layer_source":"F:/datasets/layers/all_highway.geojson"},"geometry":{"type":"LineString","coordinates":[[85.79447,20.2620028],[85.7945302,20.2619446],[85.794922,20.2618048],[85.7952118,20.2615363],[85.7952333,20.2613876],[85.795141,20.2611178],[85.7950874,20.2608032],[85.795048,20.2605371],[85.7950311,20.2604233],[85.7950285,20.2603114],[85.7950445,20.2601767],[85.7951328,20.2599882],[85.7952072,20.2598465],[85.7954146,20.2593866],[85.7956641,20.2589236],[85.7957397,20.2587665],[85.7958034,20.2586844]]}},{"type":"Feature","properties":{"highway":"secondary_link","name":null,"surface":null,"lanes":null,"web_layer_source":"F:/datasets/layers/all_highway.geojson"},"geometry":{"type":"LineString","coordinates":[[85.7901954,20.2589659],[85.7901739,20.258908]]}},{"type":"Feature","properties":{"highway":"secondary_link","name":null,"surface":null,"lanes":null,"web_layer_source":"F:/datasets/layers/all_highway.geojson"},"geometry":{"type":"LineString","coordinates":[[85.7932282,20.25797],[85.7932068,20.2579121]]}},{"type":"Feature","properties":{"highway":"residential","name":null,"surface":null,"lanes":null,"web_layer_source":"F:/datasets/layers/all_highway.geojson"},"geometry":{"type":"LineString","coordinates":[[85.7954146,20.2593866],[85.7948299,20.259608],[85.7936086,20.2601261],[85.792888,20.2604233]]}},{"type":"Feature","properties":{"highway":"residential","name":null,"surface":null,"lanes":null,"web_layer_source":"F:/datasets/layers/all_highway.geojson"},"geometry":{"type":"LineString","coordinates":[[85.7927218,20.2620879],[85.7926055,20.2617039],[85.7925393,20.2614851],[85.7923892,20.2610135],[85.7922159,20.2605062],[85.7920438,20.2600361],[85.791952,20.2597855],[85.7919087,20.2596549],[85.7918897,20.2595976],[85.7915791,20.2586619],[85.7915371,20.2585473]]}},{"type":"Feature","properties":{"highway":"residential","name":null,"surface":null,"lanes":null,"web_layer_source":"F:/datasets/layers/all_highway.geojson"},"geometry":{"type":"LineString","coordinates":[[85.7950874,20.2608032],[85.7946851,20.2610247]]}},{"type":"Feature","properties":{"highway":"residential","name":null,"surface":null,"lanes":null,"web_layer_source":"F:/datasets/layers/all_highway.geojson"},"geometry":{"type":"LineString","coordinates":[[85.791952,20.2597855],[85.7925768,20.25953],[85.7940333,20.258906],[85.7947092,20.2586418],[85.7954657,20.2583815],[85.7956614,20.2583147],[85.7958098,20.2582885]]}},{"type":"Feature","properties":{"highway":"residential","name":null,"surface":null,"lanes":null,"web_layer_source":"F:/datasets/layers/all_highway.geojson"},"geometry":{"type":"LineString","coordinates":[[85.7929069,20.26048],[85.7922791,20.2605013],[85.7922159,20.2605062]]}},{"type":"Feature","properties":{"highway":"secondary","name":null,"surface":null,"lanes":null,"web_layer_source":"F:/datasets/layers/all_highway.geojson"},"geometry":{"type":"LineString","coordinates":[[85.7892584,20.2592922],[85.7895348,20.2591799],[85.7896182,20.259146],[85.7901954,20.2589659],[85.7915371,20.2585473],[85.7931181,20.2580069],[85.7932282,20.25797],[85.7935677,20.2578562],[85.7938809,20.2577512],[85.7946653,20.2574615],[85.7947762,20.257387]]}},{"type":"Feature","properties":{"highway":"secondary","name":null,"surface":null,"lanes":null,"web_layer_source":"F:/datasets/layers/all_highway.geojson"},"geometry":{"type":"LineString","coordinates":[[85.7947762,20.257387],[85.7946396,20.2574051],[85.793858,20.2576938],[85.7937105,20.2577433],[85.7932068,20.2579121],[85.7930959,20.2579492],[85.7928005,20.2580502],[85.7915156,20.2584894],[85.7910454,20.2586361],[85.7903521,20.2588524],[85.7901739,20.258908],[85.7895948,20.2590887],[85.7895129,20.259115]]}},{"type":"Feature","properties":{"highway":"residential","name":null,"surface":null,"lanes":null,"web_layer_source":"F:/datasets/layers/all_highway.geojson"},"geometry":{"type":"LineString","coordinates":[[85.7927405,20.2599835],[85.7935711,20.2596412],[85.7947789,20.2591249],[85.7955139,20.258838],[85.795656,20.2587852],[85.7957397,20.2587665]]}},{"type":"Feature","properties":{"highway":"residential","name":null,"surface":null,"lanes":null,"web_layer_source":"F:/datasets/layers/all_highway.geojson"},"geometry":{"type":"LineString","coordinates":[[85.7920438,20.2600361],[85.7927606,20.2600392]]}},{"type":"Feature","properties":{"highway":"residential","name":null,"surface":null,"lanes":null,"web_layer_source":"F:/datasets/layers/all_highway.geojson"},"geometry":{"type":"LineString","coordinates":[[85.792255,20.2623583],[85.7922872,20.2623256],[85.7924776,20.2622199],[85.7927218,20.2620879],[85.793352,20.2618903],[85.7936959,20.2617819],[85.7940708,20.2616638],[85.7941325,20.2616135],[85.7942613,20.2614298],[85.7943122,20.261304],[85.7943069,20.2611958],[85.7942825,20.2611398]]}},{"type":"Feature","properties":{"highway":"residential","name":null,"surface":null,"lanes":null,"web_layer_source":"F:/datasets/layers/all_highway.geojson"},"geometry":{"type":"LineString","coordinates":[[85.793352,20.2618903],[85.7932072,20.2614474]]}},{"type":"Feature","properties":{"highway":"residential","name":null,"surface":"unpaved","lanes":null,"web_layer_source":"F:/datasets/layers/all_highway.geojson"},"geometry":{"type":"LineString","coordinates":[[85.8565756,20.2829573],[85.8571069,20.2828068],[85.8571726,20.2827892],[85.8573613,20.2827367],[85.8574395,20.2827118],[85.857854,20.2825556],[85.8579598,20.2825207]]}},{"type":"Feature","properties":{"highway":"residential","name":null,"surface":null,"lanes":null,"web_layer_source":"F:/datasets/layers/all_highway.geojson"},"geometry":{"type":"LineString","coordinates":[[85.8574395,20.2827118],[85.8571119,20.2818962],[85.856996,20.2815979]]}},{"type":"Feature","properties":{"highway":"residential","name":null,"surface":null,"lanes":null,"web_layer_source":"F:/datasets/layers/all_highway.geojson"},"geometry":{"type":"LineString","coordinates":[[85.8579598,20.2825207],[85.8579889,20.2825344],[85.8580178,20.2825584],[85.8580626,20.2826191],[85.8581154,20.2826778],[85.8581742,20.2827427]]}},{"type":"Feature","properties":{"highway":"residential","name":null,"surface":null,"lanes":null,"web_layer_source":"F:/datasets/layers/all_highway.geojson"},"geometry":{"type":"LineString","coordinates":[[85.8581833,20.2832399],[85.8581657,20.2833188]]}},{"type":"Feature","properties":{"highway":"residential","name":null,"surface":null,"lanes":null,"web_layer_source":"F:/datasets/layers/all_highway.geojson"},"geometry":{"type":"LineString","coordinates":[[85.8581657,20.2833188],[85.8581184,20.283403],[85.8580344,20.2835795],[85.8579495,20.2837493],[85.8579087,20.2838419],[85.8578384,20.2839256],[85.8577591,20.2839538],[85.8576562,20.2839806],[85.8575677,20.2840148],[85.857506,20.2840507],[85.8574456,20.2840907],[85.8573782,20.2841331],[85.857267,20.2841916],[85.8571348,20.2842325]]}},{"type":"Feature","properties":{"highway":"residential","name":null,"surface":null,"lanes":null,"web_layer_source":"F:/datasets/layers/all_highway.geojson"},"geometry":{"type":"LineString","coordinates":[[85.8554015,20.2807744],[85.8556445,20.2806772],[85.8570204,20.2805328],[85.8571838,20.2805157],[85.857292,20.2805066],[85.8577347,20.2804694],[85.8579113,20.2804545],[85.8584047,20.280413]]}},{"type":"Feature","properties":{"highway":"residential","name":null,"surface":null,"lanes":null,"web_layer_source":"F:/datasets/layers/all_highway.geojson"},"geometry":{"type":"LineString","coordinates":[[85.8578059,20.2813354],[85.8577724,20.2809274],[85.8577347,20.2804694]]}},{"type":"Feature","properties":{"highway":"residential","name":null,"surface":null,"lanes":null,"web_layer_source":"F:/datasets/layers/all_highway.geojson"},"geometry":{"type":"LineString","coordinates":[[85.8584047,20.280413],[85.8583741,20.2801413],[85.8583013,20.2794948]]}},{"type":"Feature","properties":{"highway":"residential","name":null,"surface":null,"lanes":null,"web_layer_source":"F:/datasets/layers/all_highway.geojson"},"geometry":{"type":"LineString","coordinates":[[85.8586787,20.2794918],[85.8586949,20.2796975],[85.8587265,20.2798142],[85.8587432,20.279873],[85.8588045,20.2800909],[85.8588258,20.2801929],[85.8588432,20.2803087],[85.8589045,20.2805956],[85.8589561,20.2807989],[85.8589852,20.2809078],[85.8589944,20.2809605],[85.8590239,20.2811287],[85.8590218,20.2813075],[85.8590059,20.2813455],[85.8589778,20.2813632],[85.8589375,20.2813784],[85.858918,20.2814152],[85.8589144,20.2814588],[85.8588935,20.2815235],[85.8588487,20.2815624],[85.8587523,20.2815965],[85.8586803,20.2816325],[85.8586743,20.281662],[85.8587986,20.2819931]]}},{"type":"Feature","properties":{"highway":"residential","name":null,"surface":null,"lanes":null,"web_layer_source":"F:/datasets/layers/all_highway.geojson"},"geometry":{"type":"LineString","coordinates":[[85.8550646,20.2802377],[85.8552272,20.2801726],[85.8554433,20.2801302],[85.8556627,20.2800969],[85.8557055,20.280094],[85.8557622,20.2800871],[85.8558885,20.2800718],[85.8560548,20.2800422],[85.856218,20.2800082],[85.8563562,20.2799638],[85.8565046,20.2799199],[85.8565346,20.2799111],[85.8568155,20.2798411],[85.8570694,20.2797897],[85.8572189,20.2797455],[85.8572594,20.2797308],[85.8573184,20.2796939],[85.8574781,20.2795609],[85.8578376,20.2795358],[85.8581005,20.2795126],[85.8583013,20.2794948],[85.8584523,20.2794936],[85.8586787,20.2794918],[85.8590561,20.2794709],[85.8590481,20.2798435],[85.8595241,20.279887]]}},{"type":"Feature","properties":{"highway":"tertiary","name":"Jail Road","surface":null,"lanes":"2","web_layer_source":"F:/datasets/layers/all_highway.geojson"},"geometry":{"type":"LineString","coordinates":[[85.8526304,20.2759488],[85.8526751,20.2759038],[85.8527199,20.2758734],[85.8535298,20.2756166],[85.85374,20.27555],[85.8538195,20.2755123],[85.854049,20.2754035],[85.8547837,20.2750553],[85.85528,20.27482],[85.8553164,20.2748097],[85.8557709,20.2746805],[85.8563458,20.2745172],[85.8571363,20.2742927],[85.8577006,20.2741324],[85.85792,20.27407]]}},{"type":"Feature","properties":{"highway":"residential","name":null,"surface":null,"lanes":null,"web_layer_source":"F:/datasets/layers/all_highway.geojson"},"geometry":{"type":"LineString","coordinates":[[85.8475246,20.2784767],[85.8472272,20.2769785],[85.8471447,20.276542],[85.8471143,20.2762843],[85.8470882,20.2760769],[85.8470313,20.2757665],[85.8470065,20.27565],[85.8469441,20.2753124],[85.8469193,20.2751761],[85.8468755,20.2749347],[85.8468051,20.2745586]]}},{"type":"Feature","properties":{"highway":"residential","name":null,"surface":null,"lanes":null,"web_layer_source":"F:/datasets/layers/all_highway.geojson"},"geometry":{"type":"LineString","coordinates":[[85.8466208,20.2735838],[85.8464642,20.2736446],[85.8444813,20.2744079],[85.8441605,20.2745245],[85.8439728,20.2745864],[85.8438218,20.2746405],[85.8435537,20.2747322],[85.8433561,20.274794],[85.8431919,20.2748454],[85.8430583,20.274872]]}},{"type":"Feature","properties":{"highway":"residential","name":null,"surface":null,"lanes":null,"web_layer_source":"F:/datasets/layers/all_highway.geojson"},"geometry":{"type":"LineString","coordinates":[[85.8510254,20.2821283],[85.8509264,20.2821458],[85.8508655,20.2821553]]}},{"type":"Feature","properties":{"highway":"residential","name":null,"surface":null,"lanes":null,"web_layer_source":"F:/datasets/layers/all_highway.geojson"},"geometry":{"type":"LineString","coordinates":[[85.8578384,20.2839256],[85.8579572,20.284027],[85.8580857,20.2840773],[85.8582368,20.2841124],[85.8583176,20.2841132],[85.8583534,20.2841135],[85.8584365,20.2841009],[85.858523,20.2840796],[85.858627,20.2840469],[85.8587458,20.2840088],[85.8588708,20.2839733],[85.859018,20.2839382],[85.8591539,20.2839164]]}},{"type":"Feature","properties":{"highway":"residential","name":null,"surface":null,"lanes":null,"web_layer_source":"F:/datasets/layers/all_highway.geojson"},"geometry":{"type":"LineString","coordinates":[[85.859018,20.2839382],[85.859039,20.2841096],[85.8590566,20.284138],[85.8590957,20.2841439],[85.8591401,20.2841425],[85.8594087,20.2840841],[85.8594563,20.2840737],[85.8597132,20.2840174],[85.8597922,20.2839933],[85.8599057,20.2839614],[85.8603273,20.2838508],[85.8606369,20.2837747],[85.8607313,20.2837438],[85.8608611,20.2836951],[85.860982,20.2836509],[85.8611087,20.2836289],[85.8615642,20.2836008]]}},{"type":"Feature","properties":{"highway":"residential","name":null,"surface":null,"lanes":null,"web_layer_source":"F:/datasets/layers/all_highway.geojson"},"geometry":{"type":"LineString","coordinates":[[85.8608611,20.2836951],[85.8608857,20.2837792],[85.8609055,20.2838461],[85.8609187,20.2839054],[85.8609388,20.2839864]]}},{"type":"Feature","properties":{"highway":"residential","name":null,"surface":null,"lanes":null,"web_layer_source":"F:/datasets/layers/all_highway.geojson"},"geometry":{"type":"LineString","coordinates":[[85.8584717,20.28085],[85.8577724,20.2809274]]}},{"type":"Feature","properties":{"highway":"residential","name":null,"surface":null,"lanes":null,"web_layer_source":"F:/datasets/layers/all_highway.geojson"},"geometry":{"type":"LineString","coordinates":[[85.8572633,20.2812925],[85.85679,20.2813234]]}},{"type":"Feature","properties":{"highway":"secondary","name":"Jan Path","surface":"asphalt","lanes":"3","web_layer_source":"F:/datasets/layers/all_highway.geojson"},"geometry":{"type":"LineString","coordinates":[[85.8437261,20.2779213],[85.8437105,20.2778246],[85.8436024,20.2771542],[85.8435759,20.2769963],[85.8435336,20.2767486],[85.8432211,20.2749748],[85.8431919,20.2748454],[85.8429936,20.2740695],[85.8429436,20.2738883],[85.842785,20.2733299],[85.842773,20.2732939],[85.8426974,20.2730359],[85.8424164,20.2721391],[85.8422026,20.2713759],[85.842026,20.2708471],[85.8417196,20.2701644],[85.841477,20.2695782],[85.8412403,20.2690063],[85.8412128,20.2688785],[85.8412056,20.2688491],[85.8411422,20.26864]]}},{"type":"Feature","properties":{"highway":"residential","name":null,"surface":null,"lanes":null,"web_layer_source":"F:/datasets/layers/all_highway.geojson"},"geometry":{"type":"LineString","coordinates":[[85.7794207,20.2651701],[85.7792934,20.2653586],[85.7791879,20.2654485],[85.7787254,20.2657401],[85.778267,20.2649637]]}},{"type":"Feature","properties":{"highway":"residential","name":null,"surface":null,"lanes":null,"web_layer_source":"F:/datasets/layers/all_highway.geojson"},"geometry":{"type":"LineString","coordinates":[[85.7948299,20.259608],[85.7947789,20.2591249],[85.7947092,20.2586418]]}},{"type":"Feature","properties":{"highway":"residential","name":null,"surface":null,"lanes":null,"web_layer_source":"F:/datasets/layers/all_highway.geojson"},"geometry":{"type":"LineString","coordinates":[[85.7940333,20.258906],[85.7939943,20.2586304],[85.7939112,20.2584015],[85.7937663,20.2581549],[85.7935677,20.2578562]]}},{"type":"Feature","properties":{"highway":"residential","name":null,"surface":null,"lanes":null,"web_layer_source":"F:/datasets/layers/all_highway.geojson"},"geometry":{"type":"LineString","coordinates":[[85.7764536,20.2556658],[85.7763037,20.2553915],[85.7771617,20.2550184]]}},{"type":"Feature","properties":{"highway":"secondary","name":null,"surface":null,"lanes":null,"web_layer_source":"F:/datasets/layers/all_highway.geojson"},"geometry":{"type":"LineString","coordinates":[[85.7849074,20.263419],[85.784967,20.2631776],[85.7850266,20.2630277],[85.7851224,20.2628858],[85.785386,20.2625094],[85.7854528,20.2624066],[85.7855964,20.2621856],[85.7857425,20.2619608],[85.7860451,20.2615261],[85.7860542,20.261513]]}},{"type":"Feature","properties":{"highway":"service","name":null,"surface":null,"lanes":null,"web_layer_source":"F:/datasets/layers/all_highway.geojson"},"geometry":{"type":"LineString","coordinates":[[85.7792825,20.263517],[85.779371,20.2635547],[85.779489,20.2636302],[85.7797733,20.263907],[85.7801421,20.2641574],[85.7802521,20.2642555],[85.780295,20.2643159],[85.7804469,20.2645261],[85.7807915,20.2648411],[85.7808422,20.2648569],[85.7808103,20.2649472],[85.7807751,20.265066]]}},{"type":"Feature","properties":{"highway":"pedestrian","name":null,"surface":null,"lanes":null,"web_layer_source":"F:/datasets/layers/all_highway.geojson"},"geometry":{"type":"Polygon","coordinates":[[[85.7807915,20.2648411],[85.7808508,20.2646572],[85.7807872,20.2645964],[85.7804552,20.2645007],[85.7804469,20.2645261],[85.7803719,20.2647481],[85.7807818,20.2648699],[85.7807915,20.2648411]]]}},{"type":"Feature","properties":{"highway":"service","name":null,"surface":null,"lanes":null,"web_layer_source":"F:/datasets/layers/all_highway.geojson"},"geometry":{"type":"LineString","coordinates":[[85.8417033,20.2667571],[85.8416561,20.2667795],[85.8415636,20.2671586]]}},{"type":"Feature","properties":{"highway":"secondary_link","name":null,"surface":"asphalt","lanes":"2","web_layer_source":"F:/datasets/layers/all_highway.geojson"},"geometry":{"type":"LineString","coordinates":[[85.842393,20.2960677],[85.8422541,20.2959814],[85.8421248,20.2958403]]}},{"type":"Feature","properties":{"highway":"secondary_link","name":null,"surface":"asphalt","lanes":"2","web_layer_source":"F:/datasets/layers/all_highway.geojson"},"geometry":{"type":"LineString","coordinates":[[85.8419679,20.2958307],[85.8418836,20.2959724],[85.8418664,20.2960013],[85.8417246,20.2961604]]}},{"type":"Feature","properties":{"highway":"residential","name":null,"surface":null,"lanes":null,"web_layer_source":"F:/datasets/layers/all_highway.geojson"},"geometry":{"type":"LineString","coordinates":[[85.83269,20.2653964],[85.8327745,20.265515],[85.83309,20.26596]]}},{"type":"Feature","properties":{"highway":"living_street","name":null,"surface":null,"lanes":null,"web_layer_source":"F:/datasets/layers/all_highway.geojson"},"geometry":{"type":"LineString","coordinates":[[85.8330499,20.2651359],[85.8331713,20.265189],[85.8340085,20.2646015],[85.8348208,20.2640316],[85.834854,20.2639035]]}},{"type":"Feature","properties":{"highway":"residential","name":null,"surface":"asphalt","lanes":null,"web_layer_source":"F:/datasets/layers/all_highway.geojson"},"geometry":{"type":"LineString","coordinates":[[85.8351928,20.2637712],[85.8364624,20.2628942]]}},{"type":"Feature","properties":{"highway":"pedestrian","name":null,"surface":null,"lanes":null,"web_layer_source":"F:/datasets/layers/all_highway.geojson"},"geometry":{"type":"LineString","coordinates":[[85.8342522,20.2649374],[85.8340085,20.2646015]]}},{"type":"Feature","properties":{"highway":"primary","name":"Rajmahal Flyover","surface":null,"lanes":null,"web_layer_source":"F:/datasets/layers/all_highway.geojson"},"geometry":{"type":"LineString","coordinates":[[85.8347697,20.2630895],[85.8364357,20.2618925]]}},{"type":"Feature","properties":{"highway":"residential","name":null,"surface":null,"lanes":null,"web_layer_source":"F:/datasets/layers/all_highway.geojson"},"geometry":{"type":"LineString","coordinates":[[85.8347724,20.2631677],[85.8351454,20.2637044]]}},{"type":"Feature","properties":{"highway":"primary","name":"Raj Path","surface":null,"lanes":null,"web_layer_source":"F:/datasets/layers/all_highway.geojson"},"geometry":{"type":"LineString","coordinates":[[85.8346608,20.2631846],[85.8347724,20.2631677],[85.8350658,20.2629872],[85.8360247,20.2623291],[85.8363235,20.2621225],[85.8364762,20.2620134],[85.8366036,20.2619289],[85.8366808,20.2618682]]}},{"type":"Feature","properties":{"highway":"primary","name":"Rajmahal Flyover","surface":null,"lanes":null,"web_layer_source":"F:/datasets/layers/all_highway.geojson"},"geometry":{"type":"LineString","coordinates":[[85.8381878,20.2604474],[85.8378491,20.2607177],[85.8368854,20.2614136]]}},{"type":"Feature","properties":{"highway":"primary","name":"Raj Path","surface":"asphalt","lanes":null,"web_layer_source":"F:/datasets/layers/all_highway.geojson"},"geometry":{"type":"LineString","coordinates":[[85.836384,20.2616108],[85.8362347,20.2617124],[85.8358003,20.262008],[85.8349685,20.2626091],[85.8348143,20.2627415],[85.8346946,20.2628602],[85.8346019,20.2629715],[85.8345762,20.2630535],[85.8342934,20.2632427],[85.8342157,20.2632947],[85.8336511,20.2636725],[85.833511,20.2637677],[85.83313,20.2640269],[85.8324884,20.2644548],[85.8321061,20.2647142],[85.8309153,20.2655472],[85.8300702,20.2661482]]}},{"type":"Feature","properties":{"highway":"primary","name":"Raj Path","surface":null,"lanes":null,"web_layer_source":"F:/datasets/layers/all_highway.geojson"},"geometry":{"type":"LineString","coordinates":[[85.8369113,20.2616819],[85.8371303,20.2615144],[85.83741,20.2613079],[85.838361,20.2606142],[85.8383639,20.260493]]}},{"type":"Feature","properties":{"highway":"secondary","name":"Jan Path S","surface":"asphalt","lanes":null,"web_layer_source":"F:/datasets/layers/all_highway.geojson"},"geometry":{"type":"LineString","coordinates":[[85.8409436,20.2681897],[85.8408804,20.2680693],[85.8408179,20.2679523],[85.8407913,20.2679063],[85.8407213,20.2677636],[85.8405497,20.2674088],[85.8403867,20.2670946],[85.8401149,20.2665626],[85.8400252,20.2664097],[85.8398337,20.2660732],[85.8393503,20.2652236],[85.8393225,20.2651771],[85.8392024,20.2649796],[85.8390608,20.264747],[85.83883,20.264354],[85.8387387,20.2642294],[85.8381182,20.2633044],[85.8379965,20.2631336],[85.8375474,20.2625039],[85.8373147,20.2621728],[85.8372729,20.2621191],[85.8370639,20.2618907],[85.8369037,20.2617049]]}},{"type":"Feature","properties":{"highway":"residential","name":null,"surface":null,"lanes":null,"web_layer_source":"F:/datasets/layers/all_highway.geojson"},"geometry":{"type":"LineString","coordinates":[[85.8222678,20.2697427],[85.8222513,20.269657],[85.82193,20.2687]]}},{"type":"Feature","properties":{"highway":"service","name":null,"surface":null,"lanes":null,"web_layer_source":"F:/datasets/layers/all_highway.geojson"},"geometry":{"type":"LineString","coordinates":[[85.8341817,20.2635304],[85.8343886,20.2636724],[85.8346025,20.2637758],[85.8347554,20.2636751],[85.8347232,20.2634411],[85.8346236,20.2632201]]}},{"type":"Feature","properties":{"highway":"primary_link","name":null,"surface":"asphalt","lanes":null,"web_layer_source":"F:/datasets/layers/all_highway.geojson"},"geometry":{"type":"LineString","coordinates":[[85.8302959,20.266978],[85.8302518,20.2668309],[85.8301271,20.2665757],[85.83012,20.2664909],[85.8301527,20.2664075]]}},{"type":"Feature","properties":{"highway":"primary_link","name":null,"surface":null,"lanes":null,"web_layer_source":"F:/datasets/layers/all_highway.geojson"},"geometry":{"type":"LineString","coordinates":[[85.8296099,20.2667462],[85.8297612,20.2667126],[85.82987,20.266702],[85.8299873,20.2667229]]}},{"type":"Feature","properties":{"highway":"primary_link","name":null,"surface":null,"lanes":null,"web_layer_source":"F:/datasets/layers/all_highway.geojson"},"geometry":{"type":"LineString","coordinates":[[85.8295886,20.2662102],[85.8295994,20.2662995],[85.8295948,20.2663599],[85.8295707,20.2664326],[85.8295281,20.2665139]]}},{"type":"Feature","properties":{"highway":"tertiary","name":null,"surface":null,"lanes":null,"web_layer_source":"F:/datasets/layers/all_highway.geojson"},"geometry":{"type":"LineString","coordinates":[[85.8275887,20.267936],[85.82805,20.26866],[85.8282203,20.2688959],[85.8287883,20.2697759],[85.8290245,20.2701743],[85.8293176,20.2706428],[85.8295176,20.2709624],[85.8295443,20.2710699],[85.829545,20.2711715],[85.8294677,20.2712925],[85.8293307,20.2714461],[85.8292097,20.271567],[85.8291193,20.2716591],[85.829048,20.2717275],[85.82897,20.27179],[85.8288555,20.2718636],[85.82869,20.27194],[85.8282188,20.2721474],[85.8279491,20.2722584],[85.8271026,20.2726314],[85.82672,20.2728],[85.8266036,20.2728437],[85.8264771,20.2729033],[85.8258882,20.2731659]]}},{"type":"Feature","properties":{"highway":"primary","name":"Raj Path","surface":null,"lanes":null,"web_layer_source":"F:/datasets/layers/all_highway.geojson"},"geometry":{"type":"LineString","coordinates":[[85.8224074,20.2700792],[85.8232894,20.2698099],[85.8238477,20.2696265],[85.8244087,20.2694282],[85.8252141,20.2691155],[85.8257446,20.2688778],[85.8258984,20.2688089],[85.8267024,20.2684109],[85.8275887,20.267936]]}},{"type":"Feature","properties":{"highway":"tertiary_link","name":null,"surface":null,"lanes":null,"web_layer_source":"F:/datasets/layers/all_highway.geojson"},"geometry":{"type":"LineString","coordinates":[[85.8240815,20.2951377],[85.8240902,20.2952518],[85.8240956,20.2953701],[85.8240902,20.2954455],[85.8240312,20.2955889],[85.8239829,20.2956493],[85.8239496,20.295691]]}},{"type":"Feature","properties":{"highway":"tertiary","name":null,"surface":null,"lanes":null,"web_layer_source":"F:/datasets/layers/all_highway.geojson"},"geometry":{"type":"LineString","coordinates":[[85.8247025,20.2955656],[85.8245771,20.2955939],[85.8244537,20.2956166],[85.8243236,20.2956367],[85.8241546,20.2956518],[85.8240645,20.2956643],[85.8239496,20.295691],[85.8237059,20.2957475],[85.8231652,20.2958571],[85.8227366,20.2959499],[85.8225714,20.295991],[85.8219309,20.2961504],[85.8204857,20.296564],[85.820368,20.2965931],[85.8200012,20.2966792],[85.8197707,20.2967433],[85.8195785,20.296804]]}},{"type":"Feature","properties":{"highway":"primary_link","name":null,"surface":null,"lanes":"1","web_layer_source":"F:/datasets/layers/all_highway.geojson"},"geometry":{"type":"LineString","coordinates":[[85.8246861,20.29598],[85.8247956,20.2958555],[85.8248952,20.2957724],[85.8249864,20.2957297],[85.825058,20.2957042]]}},{"type":"Feature","properties":{"highway":"primary_link","name":"Nandankanan Road","surface":"asphalt","lanes":"2","web_layer_source":"F:/datasets/layers/all_highway.geojson"},"geometry":{"type":"LineString","coordinates":[[85.8235865,20.2993139],[85.8234345,20.2998032],[85.8228764,20.3015996],[85.8227502,20.3020402],[85.8226004,20.3025285],[85.8222291,20.3037905],[85.82202,20.30449],[85.8219453,20.304701],[85.8218668,20.3049595],[85.8217533,20.3052942],[85.82161,20.30561],[85.8212043,20.3061952],[85.8210089,20.306477],[85.8208928,20.3066437],[85.8208678,20.3066735],[85.8205799,20.3071006],[85.8204073,20.3074258],[85.8202784,20.3077002],[85.8202201,20.3078278],[85.8201813,20.3079128],[85.8200831,20.3082094],[85.8200192,20.3084887],[85.8200045,20.3087096],[85.8200258,20.3090499],[85.8200307,20.3092353],[85.8200299,20.309461],[85.8201037,20.3099903],[85.8201079,20.3100643],[85.8201242,20.3107297],[85.8201265,20.3108238],[85.820147,20.3116432],[85.820163,20.3122847],[85.8201712,20.3126123],[85.8201777,20.312915],[85.8201964,20.3137928],[85.8202,20.31396],[85.8201968,20.3146496]]}},{"type":"Feature","properties":{"highway":"primary_link","name":null,"surface":"asphalt","lanes":null,"web_layer_source":"F:/datasets/layers/all_highway.geojson"},"geometry":{"type":"LineString","coordinates":[[85.8235865,20.2993139],[85.8236738,20.2993438]]}},{"type":"Feature","properties":{"highway":"tertiary","name":null,"surface":"asphalt","lanes":null,"web_layer_source":"F:/datasets/layers/all_highway.geojson"},"geometry":{"type":"LineString","coordinates":[[85.8509901,20.2953688],[85.850929,20.2952958],[85.8508702,20.2952624],[85.8507822,20.2952454],[85.8507002,20.2952509],[85.8505436,20.2952696],[85.8502861,20.295303],[85.8500795,20.2953474],[85.8499306,20.2953788],[85.8497011,20.295427],[85.849554,20.295462],[85.8493795,20.2954383],[85.8492547,20.2954493],[85.848847,20.2954958],[85.8479093,20.2955681]]}},{"type":"Feature","properties":{"highway":"trunk","name":null,"surface":"asphalt","lanes":"2","web_layer_source":"F:/datasets/layers/all_highway.geojson"},"geometry":{"type":"LineString","coordinates":[[85.8476383,20.2958617],[85.8491069,20.2957312],[85.8510991,20.2955873],[85.8511959,20.2955803]]}},{"type":"Feature","properties":{"highway":"trunk","name":"Acharya vihar Flyover","surface":"asphalt","lanes":"2","web_layer_source":"F:/datasets/layers/all_highway.geojson"},"geometry":{"type":"LineString","coordinates":[[85.8469638,20.2957925],[85.8467291,20.2958135],[85.8464513,20.2958404],[85.8459557,20.2958993],[85.845359,20.29595],[85.8450128,20.2959708],[85.8443365,20.2960258],[85.8432934,20.2961078],[85.8431468,20.2961216],[85.84248,20.2961834],[85.8422045,20.2962013],[85.841736,20.2962394],[85.841501,20.2962597],[85.8412177,20.296279],[85.8403052,20.2963497],[85.8387611,20.2964615],[85.8375906,20.29655],[85.8364402,20.2966531],[85.8353879,20.296737],[85.8335993,20.2968794],[85.8332132,20.2969035],[85.832879,20.2969354],[85.8326187,20.2969624],[85.8320969,20.2970032],[85.8317356,20.2970317],[85.8310919,20.2970624],[85.8307686,20.2970681],[85.8304481,20.2970618],[85.8300342,20.2970361],[85.8297503,20.2970092],[85.8295161,20.2969829],[85.8293369,20.2969516],[85.8289745,20.2968861],[85.8289418,20.2968802]]}},{"type":"Feature","properties":{"highway":"trunk","name":"Flyover","surface":null,"lanes":null,"web_layer_source":"F:/datasets/layers/all_highway.geojson"},"geometry":{"type":"LineString","coordinates":[[85.795416,20.2758029],[85.7955561,20.2760382],[85.7957484,20.2763441],[85.7959824,20.2767118],[85.7962298,20.2770778],[85.7965195,20.2774529],[85.7968078,20.2777902],[85.7970521,20.27806],[85.7973369,20.2783523],[85.7976812,20.2786772],[85.7980378,20.2789873],[85.7983517,20.279243],[85.7987951,20.2795577],[85.79949,20.280014],[85.7999782,20.2803026],[85.8032564,20.2822709],[85.806569,20.2842521],[85.8073972,20.2847724],[85.8076693,20.2849292],[85.8081535,20.2852361],[85.8087515,20.2855908],[85.8098844,20.2862716],[85.8110337,20.2869692],[85.8121554,20.2876465],[85.813043,20.2881846],[85.8144495,20.2890509],[85.8150664,20.2894324],[85.8155504,20.289723],[85.8159391,20.2899705],[85.8167244,20.2904347],[85.8179812,20.2912124]]}},{"type":"Feature","properties":{"highway":"trunk","name":null,"surface":null,"lanes":null,"web_layer_source":"F:/datasets/layers/all_highway.geojson"},"geometry":{"type":"LineString","coordinates":[[85.7953061,20.2753753],[85.7951446,20.2750939],[85.7950656,20.2749115],[85.7949855,20.2747267],[85.7949526,20.2746508],[85.794822,20.2743362],[85.7947683,20.2742091],[85.7947093,20.2740506]]}},{"type":"Feature","properties":{"highway":"tertiary","name":null,"surface":null,"lanes":null,"web_layer_source":"F:/datasets/layers/all_highway.geojson"},"geometry":{"type":"LineString","coordinates":[[85.7990985,20.2798961],[85.7992905,20.280001],[85.7999611,20.280401],[85.8007171,20.280881],[85.8020599,20.2816754],[85.8028391,20.2821571],[85.8041239,20.2829246],[85.8058552,20.283985],[85.8074225,20.2848958],[85.8075374,20.2849625],[85.8075977,20.28501],[85.807673,20.2850486]]}},{"type":"Feature","properties":{"highway":"residential","name":null,"surface":null,"lanes":null,"web_layer_source":"F:/datasets/layers/all_highway.geojson"},"geometry":{"type":"LineString","coordinates":[[85.7954335,20.2760865],[85.7953457,20.2761285],[85.7944957,20.2765352],[85.7939669,20.2767882],[85.7935404,20.2769922]]}},{"type":"Feature","properties":{"highway":"service","name":null,"surface":null,"lanes":null,"web_layer_source":"F:/datasets/layers/all_highway.geojson"},"geometry":{"type":"LineString","coordinates":[[85.8404328,20.2968367],[85.8405439,20.2968306]]}},{"type":"Feature","properties":{"highway":"trunk","name":"old NH5","surface":null,"lanes":null,"web_layer_source":"F:/datasets/layers/all_highway.geojson"},"geometry":{"type":"LineString","coordinates":[[85.8182813,20.2913942],[85.8186578,20.2916106],[85.8190404,20.2918509],[85.8191979,20.2919537],[85.8193481,20.2920543]]}},{"type":"Feature","properties":{"highway":"service","name":null,"surface":null,"lanes":null,"web_layer_source":"F:/datasets/layers/all_highway.geojson"},"geometry":{"type":"LineString","coordinates":[[85.8405999,20.2973513],[85.8405621,20.2969995],[85.8405439,20.2968306],[85.8405271,20.2965824]]}},{"type":"Feature","properties":{"highway":"service","name":null,"surface":null,"lanes":null,"web_layer_source":"F:/datasets/layers/all_highway.geojson"},"geometry":{"type":"LineString","coordinates":[[85.840399,20.2965881],[85.8404328,20.2968367],[85.8404522,20.297003],[85.8404716,20.2971693],[85.8405999,20.2973513]]}},{"type":"Feature","properties":{"highway":"tertiary","name":null,"surface":null,"lanes":null,"web_layer_source":"F:/datasets/layers/all_highway.geojson"},"geometry":{"type":"LineString","coordinates":[[85.807673,20.2850486],[85.8078225,20.2848925],[85.8079205,20.2848121]]}},{"type":"Feature","properties":{"highway":"residential","name":null,"surface":null,"lanes":null,"web_layer_source":"F:/datasets/layers/all_highway.geojson"},"geometry":{"type":"LineString","coordinates":[[85.8128653,20.2944251],[85.8125122,20.2942442],[85.812119,20.2940558],[85.8117192,20.2938629],[85.8113213,20.2936895],[85.8106089,20.2933723]]}},{"type":"Feature","properties":{"highway":"residential","name":"way to RCM Bhubaneswar","surface":"asphalt","lanes":"2","web_layer_source":"F:/datasets/layers/all_highway.geojson"},"geometry":{"type":"LineString","coordinates":[[85.816419,20.311155],[85.8165785,20.3126271],[85.8169623,20.3125937],[85.8176193,20.3125355],[85.818322,20.3124737],[85.819199,20.3123837],[85.820163,20.3122847]]}},{"type":"Feature","properties":{"highway":"secondary","name":null,"surface":null,"lanes":null,"web_layer_source":"F:/datasets/layers/all_highway.geojson"},"geometry":{"type":"LineString","coordinates":[[85.7847452,20.2651258],[85.7848167,20.2646022],[85.7848661,20.2642397],[85.7849074,20.263419]]}},{"type":"Feature","properties":{"highway":"secondary","name":null,"surface":null,"lanes":null,"web_layer_source":"F:/datasets/layers/all_highway.geojson"},"geometry":{"type":"LineString","coordinates":[[85.7847049,20.265486],[85.7847071,20.2654616],[85.7847361,20.2651928]]}},{"type":"Feature","properties":{"highway":"residential","name":null,"surface":null,"lanes":null,"web_layer_source":"F:/datasets/layers/all_highway.geojson"},"geometry":{"type":"LineString","coordinates":[[85.7855964,20.2621856],[85.785482,20.2619215],[85.7851546,20.2611659]]}},{"type":"Feature","properties":{"highway":"trunk","name":"Alugadi Flyover","surface":null,"lanes":null,"web_layer_source":"F:/datasets/layers/all_highway.geojson"},"geometry":{"type":"LineString","coordinates":[[85.7838671,20.2496893],[85.7835182,20.2490176],[85.7832167,20.2484372],[85.783047,20.2481272],[85.7829826,20.247988],[85.7828265,20.2477215],[85.7827952,20.247668],[85.7825436,20.2472946],[85.7823393,20.2470385],[85.7821991,20.2468704],[85.7820728,20.246719],[85.7817018,20.246344],[85.7813365,20.2460435],[85.7809158,20.2457433],[85.7806863,20.2456006],[85.7803903,20.2454238],[85.7798657,20.2451739],[85.7798168,20.2451544],[85.7793504,20.244969],[85.7788658,20.2448204],[85.7783912,20.2447086],[85.7779897,20.2446386],[85.7775834,20.2445911],[85.7770293,20.2445619],[85.7761872,20.2445442],[85.7737884,20.2444466],[85.7736912,20.2444426],[85.7732906,20.2444263]]}},{"type":"Feature","properties":{"highway":"service","name":null,"surface":null,"lanes":null,"web_layer_source":"F:/datasets/layers/all_highway.geojson"},"geometry":{"type":"LineString","coordinates":[[85.7840205,20.2538949],[85.7840178,20.2537974]]}},{"type":"Feature","properties":{"highway":"trunk","name":"Alugadi Flyover","surface":null,"lanes":null,"web_layer_source":"F:/datasets/layers/all_highway.geojson"},"geometry":{"type":"LineString","coordinates":[[85.7671757,20.2438115],[85.7674217,20.2438667],[85.7678822,20.2439771],[85.7684835,20.244099],[85.7692498,20.2442106],[85.7701221,20.2443223],[85.7707605,20.2443999],[85.7716095,20.2444683],[85.7725559,20.2444928],[85.7730051,20.2445033],[85.7736862,20.2445312],[85.773791,20.2445355],[85.7761659,20.2446329],[85.777072,20.2446549],[85.7776102,20.2446915],[85.7779838,20.2447314],[85.7783802,20.2448002],[85.7788292,20.2449054],[85.7792849,20.2450426],[85.77977,20.24523],[85.780302,20.2454832],[85.7806139,20.2456595],[85.7808634,20.2458111],[85.7813108,20.2461513],[85.78165,20.246433],[85.7819985,20.24679],[85.7822661,20.2470971],[85.7824673,20.247359],[85.7827052,20.2477081],[85.782892,20.2480223],[85.7831443,20.2484956],[85.7834213,20.2490298],[85.7840533,20.2502572]]}},{"type":"Feature","properties":{"highway":"tertiary_link","name":null,"surface":null,"lanes":null,"web_layer_source":"F:/datasets/layers/all_highway.geojson"},"geometry":{"type":"LineString","coordinates":[[85.7787174,20.2603633],[85.7786385,20.2603535]]}},{"type":"Feature","properties":{"highway":"tertiary","name":null,"surface":null,"lanes":null,"web_layer_source":"F:/datasets/layers/all_highway.geojson"},"geometry":{"type":"LineString","coordinates":[[85.7835659,20.249624],[85.7834976,20.2496761],[85.7834602,20.2497641],[85.7834487,20.2498144],[85.7834146,20.2499629],[85.783361,20.2503227],[85.7832885,20.2507178],[85.7832469,20.2509218]]}},{"type":"Feature","properties":{"highway":"residential","name":"Chandrama Complex Lane","surface":"asphalt","lanes":null,"web_layer_source":"F:/datasets/layers/all_highway.geojson"},"geometry":{"type":"LineString","coordinates":[[85.842026,20.2708471],[85.842087,20.2708246],[85.8425994,20.2706183],[85.8428282,20.2705364],[85.8438509,20.2700896],[85.8441081,20.2699717],[85.8443131,20.2698864],[85.8446072,20.2697557]]}},{"type":"Feature","properties":{"highway":"residential","name":null,"surface":null,"lanes":null,"web_layer_source":"F:/datasets/layers/all_highway.geojson"},"geometry":{"type":"LineString","coordinates":[[85.8417196,20.2701644],[85.8418526,20.2701116],[85.8423327,20.2699354],[85.8423951,20.2700953],[85.8425994,20.2706183]]}},{"type":"Feature","properties":{"highway":"residential","name":null,"surface":null,"lanes":null,"web_layer_source":"F:/datasets/layers/all_highway.geojson"},"geometry":{"type":"LineString","coordinates":[[85.8419303,20.268656],[85.842227,20.2692006]]}},{"type":"Feature","properties":{"highway":"residential","name":null,"surface":null,"lanes":null,"web_layer_source":"F:/datasets/layers/all_highway.geojson"},"geometry":{"type":"LineString","coordinates":[[85.841477,20.2695782],[85.841579,20.2695278],[85.8421415,20.2692438],[85.842227,20.2692006],[85.8426355,20.2689943],[85.8428756,20.268873],[85.8431815,20.2687186],[85.843597,20.2685088],[85.843681,20.2684664],[85.8440627,20.2682647]]}},{"type":"Feature","properties":{"highway":"residential","name":null,"surface":null,"lanes":null,"web_layer_source":"F:/datasets/layers/all_highway.geojson"},"geometry":{"type":"LineString","coordinates":[[85.8439178,20.2694626],[85.843597,20.2685088]]}},{"type":"Feature","properties":{"highway":"residential","name":null,"surface":null,"lanes":null,"web_layer_source":"F:/datasets/layers/all_highway.geojson"},"geometry":{"type":"LineString","coordinates":[[85.8423951,20.2700953],[85.8429068,20.2698784],[85.8434844,20.2696409],[85.8439178,20.2694626]]}},{"type":"Feature","properties":{"highway":"residential","name":null,"surface":null,"lanes":null,"web_layer_source":"F:/datasets/layers/all_highway.geojson"},"geometry":{"type":"LineString","coordinates":[[85.8429068,20.2698784],[85.8427703,20.2694188],[85.8426355,20.2689943]]}},{"type":"Feature","properties":{"highway":"residential","name":null,"surface":null,"lanes":null,"web_layer_source":"F:/datasets/layers/all_highway.geojson"},"geometry":{"type":"LineString","coordinates":[[85.8422026,20.2713759],[85.8422925,20.2713545],[85.8424752,20.2712947],[85.8428941,20.2711506],[85.8430769,20.2710451],[85.8432461,20.2709784],[85.8435513,20.270858],[85.8436067,20.2708362]]}},{"type":"Feature","properties":{"highway":"residential","name":null,"surface":null,"lanes":null,"web_layer_source":"F:/datasets/layers/all_highway.geojson"},"geometry":{"type":"LineString","coordinates":[[85.8428756,20.268873],[85.8425773,20.268345]]}},{"type":"Feature","properties":{"highway":"residential","name":null,"surface":null,"lanes":null,"web_layer_source":"F:/datasets/layers/all_highway.geojson"},"geometry":{"type":"LineString","coordinates":[[85.843681,20.2684664],[85.8433559,20.2678513]]}},{"type":"Feature","properties":{"highway":"residential","name":null,"surface":null,"lanes":null,"web_layer_source":"F:/datasets/layers/all_highway.geojson"},"geometry":{"type":"LineString","coordinates":[[85.8424164,20.2721391],[85.8425481,20.2721352],[85.8427137,20.2720644],[85.8431888,20.2718934],[85.8432213,20.2718785],[85.8435565,20.271725],[85.843827,20.2716011],[85.844725,20.2711899],[85.8450453,20.2710432]]}},{"type":"Feature","properties":{"highway":"residential","name":null,"surface":null,"lanes":null,"web_layer_source":"F:/datasets/layers/all_highway.geojson"},"geometry":{"type":"LineString","coordinates":[[85.843827,20.2716011],[85.8437454,20.2713811],[85.8435513,20.270858]]}},{"type":"Feature","properties":{"highway":"residential","name":null,"surface":null,"lanes":null,"web_layer_source":"F:/datasets/layers/all_highway.geojson"},"geometry":{"type":"LineString","coordinates":[[85.8431888,20.2718934],[85.8428941,20.2711506]]}},{"type":"Feature","properties":{"highway":"residential","name":null,"surface":null,"lanes":null,"web_layer_source":"F:/datasets/layers/all_highway.geojson"},"geometry":{"type":"LineString","coordinates":[[85.8430769,20.2710451],[85.8428282,20.2705364]]}},{"type":"Feature","properties":{"highway":"residential","name":null,"surface":null,"lanes":null,"web_layer_source":"F:/datasets/layers/all_highway.geojson"},"geometry":{"type":"LineString","coordinates":[[85.8450453,20.2710432],[85.8450279,20.2709919],[85.8449707,20.2708225],[85.8446619,20.2698882],[85.8446072,20.2697557],[85.8444249,20.2692327],[85.8441317,20.268402],[85.8440627,20.2682647]]}},{"type":"Feature","properties":{"highway":"residential","name":null,"surface":null,"lanes":null,"web_layer_source":"F:/datasets/layers/all_highway.geojson"},"geometry":{"type":"LineString","coordinates":[[85.7627456,20.2770936],[85.762877,20.2770017],[85.7629836,20.2769044]]}},{"type":"Feature","properties":{"highway":"tertiary_link","name":null,"surface":null,"lanes":null,"web_layer_source":"F:/datasets/layers/all_highway.geojson"},"geometry":{"type":"LineString","coordinates":[[85.7626342,20.2794032],[85.7624726,20.2793789]]}},{"type":"Feature","properties":{"highway":"residential","name":null,"surface":null,"lanes":null,"web_layer_source":"F:/datasets/layers/all_highway.geojson"},"geometry":{"type":"LineString","coordinates":[[85.7631752,20.2767295],[85.7632739,20.2766394],[85.76351,20.276418],[85.7638908,20.2759953],[85.7643093,20.2755122],[85.7651488,20.2746077],[85.766385,20.2732178],[85.7667605,20.2727649],[85.767136,20.2724781],[85.7673026,20.2724125],[85.7676135,20.2722315]]}},{"type":"Feature","properties":{"highway":"tertiary","name":null,"surface":null,"lanes":null,"web_layer_source":"F:/datasets/layers/all_highway.geojson"},"geometry":{"type":"LineString","coordinates":[[85.7622219,20.2810135],[85.7622654,20.2811204],[85.7623566,20.2812739],[85.7624079,20.2813188],[85.7624907,20.2813913],[85.7626865,20.2815054],[85.7629145,20.2816085],[85.7629894,20.2816382],[85.7639788,20.28203],[85.7641604,20.2821019],[85.7646553,20.2822979],[85.7655462,20.2826511],[85.7658421,20.2827713],[85.7660554,20.282853],[85.7667608,20.2831599],[85.7676805,20.2835029],[85.768518,20.2838302]]}},{"type":"Feature","properties":{"highway":"residential","name":null,"surface":null,"lanes":null,"web_layer_source":"F:/datasets/layers/all_highway.geojson"},"geometry":{"type":"LineString","coordinates":[[85.7846168,20.2525067],[85.7845876,20.2523632],[85.7844042,20.2523207],[85.7841335,20.2523063],[85.7830058,20.2522462]]}},{"type":"Feature","properties":{"highway":"residential","name":null,"surface":null,"lanes":null,"web_layer_source":"F:/datasets/layers/all_highway.geojson"},"geometry":{"type":"LineString","coordinates":[[85.7808864,20.2537085],[85.7809364,20.253652],[85.7811686,20.2535183],[85.7812805,20.2535006],[85.7815692,20.2534479],[85.7822876,20.2532747],[85.7830126,20.2530999]]}},{"type":"Feature","properties":{"highway":"tertiary","name":null,"surface":null,"lanes":null,"web_layer_source":"F:/datasets/layers/all_highway.geojson"},"geometry":{"type":"LineString","coordinates":[[85.7830877,20.2518013],[85.7830058,20.2522462],[85.7829828,20.2524843],[85.7829671,20.2526266],[85.7829559,20.2527284],[85.7829613,20.2528517],[85.7829828,20.25298],[85.7830126,20.2530999],[85.783082,20.2532619],[85.7833045,20.2537023],[85.7833244,20.2537401]]}},{"type":"Feature","properties":{"highway":"tertiary","name":null,"surface":null,"lanes":null,"web_layer_source":"F:/datasets/layers/all_highway.geojson"},"geometry":{"type":"LineString","coordinates":[[85.7832469,20.2509218],[85.7832234,20.2510367]]}},{"type":"Feature","properties":{"highway":"service","name":null,"surface":null,"lanes":null,"web_layer_source":"F:/datasets/layers/all_highway.geojson"},"geometry":{"type":"LineString","coordinates":[[85.841683,20.267095],[85.8415636,20.2671586]]}},{"type":"Feature","properties":{"highway":"residential","name":null,"surface":null,"lanes":null,"web_layer_source":"F:/datasets/layers/all_highway.geojson"},"geometry":{"type":"LineString","coordinates":[[85.8447112,20.2683883],[85.844339,20.2680511],[85.8441156,20.2678083],[85.8440473,20.2677512],[85.8438554,20.2675908]]}},{"type":"Feature","properties":{"highway":"service","name":null,"surface":"asphalt","lanes":null,"web_layer_source":"F:/datasets/layers/all_highway.geojson"},"geometry":{"type":"LineString","coordinates":[[85.841696,20.2673751],[85.8419616,20.2677995],[85.8419961,20.2678546],[85.8420473,20.2679484],[85.842092,20.2680175],[85.8422818,20.268345]]}},{"type":"Feature","properties":{"highway":"service","name":"way to CAC institute","surface":"asphalt","lanes":null,"web_layer_source":"F:/datasets/layers/all_highway.geojson"},"geometry":{"type":"LineString","coordinates":[[85.807422,20.2840551],[85.8080864,20.2844258]]}},{"type":"Feature","properties":{"highway":"residential","name":null,"surface":null,"lanes":null,"web_layer_source":"F:/datasets/layers/all_highway.geojson"},"geometry":{"type":"LineString","coordinates":[[85.8018608,20.2811411],[85.8019382,20.2810395],[85.802071,20.2808928],[85.8022233,20.2807343],[85.8023865,20.2805723],[85.8024123,20.2805382],[85.8024569,20.2804793],[85.8025458,20.2803673],[85.8024818,20.2802445],[85.8022932,20.2797518],[85.8022782,20.2797159],[85.802143,20.2793927],[85.8015716,20.2779768],[85.8014346,20.2776372],[85.8013793,20.2775322]]}},{"type":"Feature","properties":{"highway":"tertiary","name":"dumuduma bazar road","surface":null,"lanes":null,"web_layer_source":"F:/datasets/layers/all_highway.geojson"},"geometry":{"type":"LineString","coordinates":[[85.7854511,20.2461302],[85.7855378,20.2460137],[85.7855843,20.2459221],[85.7856151,20.2458603],[85.7856339,20.2458178],[85.7857112,20.245644],[85.7858704,20.2453328]]}},{"type":"Feature","properties":{"highway":"residential","name":null,"surface":null,"lanes":null,"web_layer_source":"F:/datasets/layers/all_highway.geojson"},"geometry":{"type":"LineString","coordinates":[[85.8085122,20.267534],[85.8085294,20.2674878],[85.8085589,20.2674651],[85.8085858,20.2674525],[85.8086206,20.2674525],[85.8086555,20.26745],[85.8086823,20.26745]]}},{"type":"Feature","properties":{"highway":"residential","name":null,"surface":null,"lanes":null,"web_layer_source":"F:/datasets/layers/all_highway.geojson"},"geometry":{"type":"LineString","coordinates":[[85.7878097,20.2454267],[85.7877199,20.2453492],[85.7876258,20.2452466],[85.7876202,20.2451437],[85.7876171,20.2450821],[85.7875539,20.2449634]]}},{"type":"Feature","properties":{"highway":"residential","name":"dumuduma state bank road","surface":null,"lanes":null,"web_layer_source":"F:/datasets/layers/all_highway.geojson"},"geometry":{"type":"LineString","coordinates":[[85.7875539,20.2449634],[85.787507,20.2448348],[85.7874906,20.2447927],[85.7874985,20.2446962],[85.787451,20.2445775],[85.7874036,20.2444959],[85.7872454,20.2443698],[85.7869519,20.2442397],[85.7869939,20.2441397],[85.7870691,20.2439911],[85.7870968,20.2439171],[85.7871242,20.2438501],[85.7871659,20.2437798],[85.7872073,20.2437075],[85.7872558,20.2436007],[85.7872833,20.2435475],[85.7873194,20.2434742],[85.78735,20.2434007],[85.7873801,20.2433381],[85.7874172,20.243266],[85.787468,20.2431304]]}},{"type":"Feature","properties":{"highway":"service","name":null,"surface":null,"lanes":null,"web_layer_source":"F:/datasets/layers/all_highway.geojson"},"geometry":{"type":"LineString","coordinates":[[85.8341977,20.2713769],[85.8342415,20.2714712],[85.8343254,20.271647],[85.834331,20.2716795],[85.8343143,20.2716954],[85.833669,20.2719672],[85.8336428,20.2720089],[85.8336497,20.2720644],[85.8336772,20.2721354]]}},{"type":"Feature","properties":{"highway":"service","name":null,"surface":null,"lanes":null,"web_layer_source":"F:/datasets/layers/all_highway.geojson"},"geometry":{"type":"LineString","coordinates":[[85.8339425,20.2727833],[85.8336772,20.2721354]]}},{"type":"Feature","properties":{"highway":"residential","name":null,"surface":null,"lanes":null,"web_layer_source":"F:/datasets/layers/all_highway.geojson"},"geometry":{"type":"LineString","coordinates":[[85.8068171,20.2695772],[85.8070942,20.2692747]]}},{"type":"Feature","properties":{"highway":"residential","name":null,"surface":null,"lanes":null,"web_layer_source":"F:/datasets/layers/all_highway.geojson"},"geometry":{"type":"LineString","coordinates":[[85.7868409,20.2434072],[85.786357,20.2435402],[85.7863013,20.2435555],[85.7860895,20.2436515],[85.7860096,20.2436717],[85.785853,20.2437051],[85.7858152,20.2437131],[85.7855678,20.2437877],[85.7855252,20.2437941],[85.7854755,20.2436295],[85.7854587,20.2435522],[85.7854483,20.2435045],[85.7853844,20.2433494],[85.7853273,20.2432298],[85.7850816,20.2433275],[85.7851159,20.2434124],[85.7851561,20.2435518],[85.785178,20.2436236],[85.7851967,20.243738],[85.7852463,20.243833],[85.7852559,20.2439212]]}},{"type":"Feature","properties":{"highway":"residential","name":null,"surface":null,"lanes":null,"web_layer_source":"F:/datasets/layers/all_highway.geojson"},"geometry":{"type":"LineString","coordinates":[[85.7847011,20.2416788],[85.7844722,20.2419024],[85.7844171,20.241956],[85.7842527,20.2420917],[85.784193,20.2421423],[85.7841431,20.2422516],[85.7840503,20.2424325],[85.7840305,20.2425155],[85.7840121,20.242593],[85.7839379,20.2427509],[85.7842537,20.2428036]]}},{"type":"Feature","properties":{"highway":"residential","name":null,"surface":null,"lanes":null,"web_layer_source":"F:/datasets/layers/all_highway.geojson"},"geometry":{"type":"LineString","coordinates":[[85.7847011,20.2416788],[85.7848231,20.2415937]]}},{"type":"Feature","properties":{"highway":"tertiary","name":"sarakantra road","surface":null,"lanes":null,"web_layer_source":"F:/datasets/layers/all_highway.geojson"},"geometry":{"type":"LineString","coordinates":[[85.7871541,20.2428575],[85.7873052,20.2425323],[85.7874181,20.2422274]]}},{"type":"Feature","properties":{"highway":"residential","name":null,"surface":null,"lanes":null,"web_layer_source":"F:/datasets/layers/all_highway.geojson"},"geometry":{"type":"LineString","coordinates":[[85.7793911,20.2463893],[85.7795555,20.245669]]}},{"type":"Feature","properties":{"highway":"residential","name":null,"surface":"unpaved","lanes":null,"web_layer_source":"F:/datasets/layers/all_highway.geojson"},"geometry":{"type":"LineString","coordinates":[[85.7799571,20.2476954],[85.7799383,20.2475847],[85.779949,20.2475142],[85.7799973,20.2474488],[85.7800811,20.2474134],[85.7801421,20.2473783],[85.7801448,20.2472928],[85.7801019,20.2472047],[85.7799229,20.2470406],[85.7797881,20.2468826],[85.7797539,20.246817],[85.7797934,20.2467039],[85.7798632,20.2466183],[85.7799416,20.2465553],[85.7801911,20.2464823],[85.7804506,20.2464472],[85.7806823,20.2463722],[85.7807872,20.2463301],[85.7808319,20.2463141],[85.7809216,20.246282],[85.7810768,20.2461538]]}},{"type":"Feature","properties":{"highway":"residential","name":null,"surface":null,"lanes":null,"web_layer_source":"F:/datasets/layers/all_highway.geojson"},"geometry":{"type":"LineString","coordinates":[[85.7782988,20.2454823],[85.7781187,20.2462528],[85.7785332,20.2462927],[85.7788198,20.2463088],[85.7788956,20.2463258],[85.7791697,20.2463875],[85.7793911,20.2463893],[85.7797997,20.2464867],[85.7799416,20.2465553]]}},{"type":"Feature","properties":{"highway":"residential","name":null,"surface":null,"lanes":null,"web_layer_source":"F:/datasets/layers/all_highway.geojson"},"geometry":{"type":"LineString","coordinates":[[85.7776157,20.2453749],[85.7775267,20.2457807],[85.777442,20.246167],[85.7773716,20.2464879],[85.7772829,20.2468926],[85.7775798,20.2468631],[85.7776417,20.2475452],[85.7776365,20.2477822],[85.7775372,20.2481426],[85.7775376,20.2482257]]}},{"type":"Feature","properties":{"highway":"residential","name":null,"surface":null,"lanes":null,"web_layer_source":"F:/datasets/layers/all_highway.geojson"},"geometry":{"type":"LineString","coordinates":[[85.7799571,20.2476954],[85.7800151,20.2478203],[85.7800483,20.2478917],[85.7800912,20.2479798],[85.7802608,20.2481507],[85.7804103,20.2483044],[85.7804486,20.2485282]]}},{"type":"Feature","properties":{"highway":"residential","name":null,"surface":null,"lanes":null,"web_layer_source":"F:/datasets/layers/all_highway.geojson"},"geometry":{"type":"LineString","coordinates":[[85.785178,20.2436236],[85.7848495,20.2436813],[85.7847501,20.2436733],[85.7845411,20.2437274],[85.7841765,20.243852],[85.7838347,20.2440444],[85.7836691,20.2441587],[85.7819043,20.2453777],[85.7817354,20.2455413],[85.7814072,20.2457991]]}},{"type":"Feature","properties":{"highway":"residential","name":null,"surface":null,"lanes":"1","web_layer_source":"F:/datasets/layers/all_highway.geojson"},"geometry":{"type":"LineString","coordinates":[[85.7814744,20.24595],[85.7814484,20.2458723],[85.7814072,20.2457991],[85.7811057,20.2455638],[85.7808697,20.2454229],[85.7806605,20.2453449],[85.7805213,20.2453319]]}},{"type":"Feature","properties":{"highway":"trunk","name":"Bhubaneswar Puri Highway","surface":null,"lanes":null,"web_layer_source":"F:/datasets/layers/all_highway.geojson"},"geometry":{"type":"LineString","coordinates":[[85.8507143,20.2078811],[85.8519212,20.2102613]]}},{"type":"Feature","properties":{"highway":"residential","name":null,"surface":null,"lanes":null,"web_layer_source":"F:/datasets/layers/all_highway.geojson"},"geometry":{"type":"LineString","coordinates":[[85.812987,20.2951856],[85.8141504,20.2957645]]}},{"type":"Feature","properties":{"highway":"residential","name":null,"surface":null,"lanes":null,"web_layer_source":"F:/datasets/layers/all_highway.geojson"},"geometry":{"type":"LineString","coordinates":[[85.8078465,20.2858868],[85.8088971,20.2864812],[85.809474,20.2868076]]}},{"type":"Feature","properties":{"highway":"residential","name":null,"surface":null,"lanes":null,"web_layer_source":"F:/datasets/layers/all_highway.geojson"},"geometry":{"type":"LineString","coordinates":[[85.8095648,20.2866675],[85.8100309,20.286946]]}},{"type":"Feature","properties":{"highway":"residential","name":null,"surface":null,"lanes":null,"web_layer_source":"F:/datasets/layers/all_highway.geojson"},"geometry":{"type":"LineString","coordinates":[[85.8131511,20.294856],[85.814336,20.2954194]]}},{"type":"Feature","properties":{"highway":"residential","name":null,"surface":null,"lanes":null,"web_layer_source":"F:/datasets/layers/all_highway.geojson"},"geometry":{"type":"LineString","coordinates":[[85.8127985,20.295564],[85.8131779,20.2957503],[85.8139604,20.2961342]]}},{"type":"Feature","properties":{"highway":"residential","name":null,"surface":null,"lanes":null,"web_layer_source":"F:/datasets/layers/all_highway.geojson"},"geometry":{"type":"LineString","coordinates":[[85.807145,20.2884849],[85.8080393,20.2889927]]}},{"type":"Feature","properties":{"highway":"residential","name":null,"surface":null,"lanes":null,"web_layer_source":"F:/datasets/layers/all_highway.geojson"},"geometry":{"type":"LineString","coordinates":[[85.8059014,20.2898165],[85.8079723,20.2903389]]}},{"type":"Feature","properties":{"highway":"residential","name":null,"surface":null,"lanes":null,"web_layer_source":"F:/datasets/layers/all_highway.geojson"},"geometry":{"type":"LineString","coordinates":[[85.8073952,20.2880402],[85.8082963,20.2885457],[85.809006,20.2889439]]}},{"type":"Feature","properties":{"highway":"residential","name":null,"surface":null,"lanes":null,"web_layer_source":"F:/datasets/layers/all_highway.geojson"},"geometry":{"type":"LineString","coordinates":[[85.8169521,20.2965528],[85.8173617,20.2964651],[85.8177244,20.2963874],[85.8180606,20.2963154],[85.8184822,20.2962252],[85.8188285,20.296151],[85.8197308,20.2959578]]}},{"type":"Feature","properties":{"highway":"residential","name":null,"surface":null,"lanes":null,"web_layer_source":"F:/datasets/layers/all_highway.geojson"},"geometry":{"type":"LineString","coordinates":[[85.8065638,20.2894828],[85.8067507,20.2890031],[85.8068739,20.2886869]]}},{"type":"Feature","properties":{"highway":"residential","name":null,"surface":null,"lanes":null,"web_layer_source":"F:/datasets/layers/all_highway.geojson"},"geometry":{"type":"LineString","coordinates":[[85.8067507,20.2890031],[85.8078905,20.289338],[85.8082773,20.2894542]]}},{"type":"Feature","properties":{"highway":"residential","name":null,"surface":null,"lanes":null,"web_layer_source":"F:/datasets/layers/all_highway.geojson"},"geometry":{"type":"LineString","coordinates":[[85.807074,20.285965],[85.8076163,20.2862704],[85.8102285,20.2877489]]}},{"type":"Feature","properties":{"highway":"residential","name":null,"surface":null,"lanes":null,"web_layer_source":"F:/datasets/layers/all_highway.geojson"},"geometry":{"type":"LineString","coordinates":[[85.8082963,20.2885457],[85.8080393,20.2889927],[85.8078905,20.289338]]}},{"type":"Feature","properties":{"highway":"residential","name":null,"surface":null,"lanes":null,"web_layer_source":"F:/datasets/layers/all_highway.geojson"},"geometry":{"type":"LineString","coordinates":[[85.8057282,20.290276],[85.8078105,20.2908085],[85.8083123,20.2909377]]}},{"type":"Feature","properties":{"highway":"residential","name":null,"surface":null,"lanes":null,"web_layer_source":"F:/datasets/layers/all_highway.geojson"},"geometry":{"type":"LineString","coordinates":[[85.8074835,20.2867934],[85.8071874,20.2872866],[85.8065418,20.2885058]]}},{"type":"Feature","properties":{"highway":"residential","name":null,"surface":null,"lanes":null,"web_layer_source":"F:/datasets/layers/all_highway.geojson"},"geometry":{"type":"LineString","coordinates":[[85.8127985,20.295564],[85.812987,20.2951856],[85.8131511,20.294856]]}},{"type":"Feature","properties":{"highway":"residential","name":null,"surface":null,"lanes":null,"web_layer_source":"F:/datasets/layers/all_highway.geojson"},"geometry":{"type":"LineString","coordinates":[[85.8098007,20.2863515],[85.8097326,20.2864427],[85.8095648,20.2866675],[85.809474,20.2868076]]}},{"type":"Feature","properties":{"highway":"residential","name":null,"surface":null,"lanes":null,"web_layer_source":"F:/datasets/layers/all_highway.geojson"},"geometry":{"type":"LineString","coordinates":[[85.814336,20.2954194],[85.814726,20.2955996],[85.814838,20.2952492],[85.8149765,20.2948852]]}},{"type":"Feature","properties":{"highway":"residential","name":null,"surface":null,"lanes":null,"web_layer_source":"F:/datasets/layers/all_highway.geojson"},"geometry":{"type":"LineString","coordinates":[[85.8076163,20.2862704],[85.8078465,20.2858868],[85.8081042,20.2854577],[85.8081644,20.2853574]]}},{"type":"Feature","properties":{"highway":"residential","name":null,"surface":null,"lanes":null,"web_layer_source":"F:/datasets/layers/all_highway.geojson"},"geometry":{"type":"LineString","coordinates":[[85.814336,20.2954194],[85.8141504,20.2957645],[85.8139604,20.2961342]]}},{"type":"Feature","properties":{"highway":"residential","name":null,"surface":null,"lanes":null,"web_layer_source":"F:/datasets/layers/all_highway.geojson"},"geometry":{"type":"LineString","coordinates":[[85.8060741,20.2893584],[85.8065638,20.2894828],[85.8081284,20.289886]]}},{"type":"Feature","properties":{"highway":"residential","name":null,"surface":null,"lanes":null,"web_layer_source":"F:/datasets/layers/all_highway.geojson"},"geometry":{"type":"LineString","coordinates":[[85.8092239,20.2884785],[85.8087579,20.2882058],[85.8076626,20.2875648],[85.8071874,20.2872866]]}},{"type":"Feature","properties":{"highway":"residential","name":null,"surface":null,"lanes":null,"web_layer_source":"F:/datasets/layers/all_highway.geojson"},"geometry":{"type":"LineString","coordinates":[[85.805536,20.2907861],[85.8067609,20.2910818],[85.8081546,20.2914182],[85.808715,20.2915537]]}},{"type":"Feature","properties":{"highway":"residential","name":null,"surface":null,"lanes":null,"web_layer_source":"F:/datasets/layers/all_highway.geojson"},"geometry":{"type":"LineString","coordinates":[[85.809955,20.2882239],[85.8090573,20.2876952],[85.8074835,20.2867934],[85.8068119,20.2864067]]}},{"type":"Feature","properties":{"highway":"residential","name":null,"surface":null,"lanes":null,"web_layer_source":"F:/datasets/layers/all_highway.geojson"},"geometry":{"type":"LineString","coordinates":[[85.8078105,20.2908085],[85.8079723,20.2903389],[85.8081284,20.289886],[85.8082773,20.2894542]]}},{"type":"Feature","properties":{"highway":"residential","name":null,"surface":null,"lanes":null,"web_layer_source":"F:/datasets/layers/all_highway.geojson"},"geometry":{"type":"LineString","coordinates":[[85.8076626,20.2875648],[85.8073952,20.2880402],[85.807145,20.2884849],[85.8069965,20.288749]]}},{"type":"Feature","properties":{"highway":"residential","name":null,"surface":null,"lanes":null,"web_layer_source":"F:/datasets/layers/all_highway.geojson"},"geometry":{"type":"LineString","coordinates":[[85.809474,20.2868076],[85.8093603,20.2869895],[85.809823,20.2872549],[85.8100309,20.286946],[85.8101883,20.2867409],[85.8102727,20.2866269]]}},{"type":"Feature","properties":{"highway":"residential","name":null,"surface":null,"lanes":null,"web_layer_source":"F:/datasets/layers/all_highway.geojson"},"geometry":{"type":"LineString","coordinates":[[85.8092239,20.2884785],[85.809006,20.2889439],[85.8087596,20.2896374],[85.8083123,20.2909377],[85.8081546,20.2914182]]}},{"type":"Feature","properties":{"highway":"residential","name":null,"surface":null,"lanes":null,"web_layer_source":"F:/datasets/layers/all_highway.geojson"},"geometry":{"type":"LineString","coordinates":[[85.8058984,20.288146],[85.8064196,20.2884416],[85.8065418,20.2885058],[85.8068739,20.2886869],[85.8069965,20.288749]]}},{"type":"Feature","properties":{"highway":"residential","name":null,"surface":null,"lanes":null,"web_layer_source":"F:/datasets/layers/all_highway.geojson"},"geometry":{"type":"LineString","coordinates":[[85.805536,20.2907861],[85.8057282,20.290276],[85.8059014,20.2898165],[85.8060741,20.2893584],[85.8064196,20.2884416]]}},{"type":"Feature","properties":{"highway":"residential","name":null,"surface":null,"lanes":null,"web_layer_source":"F:/datasets/layers/all_highway.geojson"},"geometry":{"type":"LineString","coordinates":[[85.808715,20.2915537],[85.8088177,20.2912108],[85.8093183,20.2897228],[85.8097064,20.2887271],[85.809955,20.2882239],[85.8100743,20.2880166],[85.8102285,20.2877489],[85.81065,20.2870168],[85.8107166,20.2868997]]}},{"type":"Feature","properties":{"highway":"residential","name":null,"surface":null,"lanes":null,"web_layer_source":"F:/datasets/layers/all_highway.geojson"},"geometry":{"type":"LineString","coordinates":[[85.8129573,20.2942678],[85.8130167,20.2942964],[85.8145659,20.2947631],[85.8149765,20.2948852],[85.8155537,20.2949829],[85.8157392,20.2949908],[85.8161019,20.2950006],[85.8165781,20.2949099],[85.8167131,20.2948704],[85.816879,20.2948218],[85.8171595,20.2947299],[85.8174148,20.2946258],[85.817666,20.294495],[85.8177047,20.2944706],[85.8178776,20.2943615],[85.8180322,20.2942432],[85.8181236,20.2941519],[85.8183482,20.2937578],[85.8185455,20.2934114],[85.8188906,20.2928058],[85.8189097,20.2927723],[85.8192162,20.2922178],[85.8196116,20.2924053]]}},{"type":"Feature","properties":{"highway":"service","name":null,"surface":null,"lanes":null,"web_layer_source":"F:/datasets/layers/all_highway.geojson"},"geometry":{"type":"LineString","coordinates":[[85.8421456,20.2663666],[85.8421033,20.2663652],[85.8420612,20.2663746],[85.8417918,20.266514]]}},{"type":"Feature","properties":{"highway":"tertiary","name":null,"surface":null,"lanes":null,"web_layer_source":"F:/datasets/layers/all_highway.geojson"},"geometry":{"type":"LineString","coordinates":[[85.8296334,20.2660726],[85.8290823,20.2653736],[85.8278262,20.2637401],[85.8274836,20.2632938],[85.8264011,20.2619087],[85.8262338,20.2616864],[85.8254126,20.2606554],[85.8250566,20.260191],[85.8250235,20.2601458],[85.824965,20.260066],[85.8248906,20.2599721],[85.8231467,20.2577724],[85.8229607,20.2575351],[85.8229022,20.2574603]]}},{"type":"Feature","properties":{"highway":"service","name":null,"surface":null,"lanes":null,"web_layer_source":"F:/datasets/layers/all_highway.geojson"},"geometry":{"type":"LineString","coordinates":[[85.8303698,20.2672408],[85.8297311,20.267602],[85.8296506,20.2676247],[85.8295768,20.2676267]]}},{"type":"Feature","properties":{"highway":"service","name":null,"surface":null,"lanes":null,"web_layer_source":"F:/datasets/layers/all_highway.geojson"},"geometry":{"type":"LineString","coordinates":[[85.8295768,20.2676267],[85.8295299,20.2675743],[85.8293475,20.2673504],[85.829149,20.2674812],[85.829261,20.2676498],[85.8293274,20.2677242],[85.8293904,20.2677379],[85.8295768,20.2676267]]}},{"type":"Feature","properties":{"highway":"primary_link","name":null,"surface":null,"lanes":null,"web_layer_source":"F:/datasets/layers/all_highway.geojson"},"geometry":{"type":"LineString","coordinates":[[85.8300702,20.2661482],[85.8299465,20.2661522],[85.8298592,20.2661355],[85.8296334,20.2660726]]}},{"type":"Feature","properties":{"highway":"tertiary","name":"Gopabandhu - Governor House Road","surface":null,"lanes":null,"web_layer_source":"F:/datasets/layers/all_highway.geojson"},"geometry":{"type":"LineString","coordinates":[[85.8134284,20.2697011],[85.8131896,20.2697415]]}},{"type":"Feature","properties":{"highway":"tertiary","name":null,"surface":null,"lanes":null,"web_layer_source":"F:/datasets/layers/all_highway.geojson"},"geometry":{"type":"LineString","coordinates":[[85.812901,20.2700178],[85.8130322,20.2699614],[85.8131277,20.2699016]]}},{"type":"Feature","properties":{"highway":"tertiary","name":"Gopabandhu - Governor House Road","surface":null,"lanes":null,"web_layer_source":"F:/datasets/layers/all_highway.geojson"},"geometry":{"type":"LineString","coordinates":[[85.8132041,20.2698611],[85.8134551,20.2697939]]}},{"type":"Feature","properties":{"highway":"tertiary","name":null,"surface":null,"lanes":null,"web_layer_source":"F:/datasets/layers/all_highway.geojson"},"geometry":{"type":"LineString","coordinates":[[85.812852,20.2696483],[85.8124225,20.26939],[85.812171,20.2691462],[85.8119307,20.2688309],[85.8114657,20.2681881],[85.8113676,20.2680524],[85.8112624,20.267885],[85.8108664,20.2671111]]}},{"type":"Feature","properties":{"highway":"tertiary","name":null,"surface":null,"lanes":null,"web_layer_source":"F:/datasets/layers/all_highway.geojson"},"geometry":{"type":"LineString","coordinates":[[85.8131037,20.2697184],[85.8130181,20.2696865],[85.812852,20.2696483]]}},{"type":"Feature","properties":{"highway":"tertiary","name":"Gopabandhu Square","surface":null,"lanes":null,"web_layer_source":"F:/datasets/layers/all_highway.geojson"},"geometry":{"type":"LineString","coordinates":[[85.8130243,20.2697998],[85.813026,20.269829],[85.8130392,20.269859],[85.8130626,20.2698828],[85.8130934,20.2698977],[85.8131277,20.2699016],[85.8131573,20.2698958],[85.8131835,20.2698818],[85.8132041,20.2698611]]}},{"type":"Feature","properties":{"highway":"residential","name":null,"surface":null,"lanes":null,"web_layer_source":"F:/datasets/layers/all_highway.geojson"},"geometry":{"type":"LineString","coordinates":[[85.7841145,20.2514901],[85.7841335,20.2523063]]}},{"type":"Feature","properties":{"highway":"residential","name":null,"surface":null,"lanes":null,"web_layer_source":"F:/datasets/layers/all_highway.geojson"},"geometry":{"type":"LineString","coordinates":[[85.7839428,20.2514498],[85.7831532,20.2514343]]}},{"type":"Feature","properties":{"highway":"residential","name":null,"surface":null,"lanes":null,"web_layer_source":"F:/datasets/layers/all_highway.geojson"},"geometry":{"type":"LineString","coordinates":[[85.7836934,20.2518021],[85.7832052,20.2517921],[85.7830877,20.2518013]]}},{"type":"Feature","properties":{"highway":"residential","name":null,"surface":null,"lanes":null,"web_layer_source":"F:/datasets/layers/all_highway.geojson"},"geometry":{"type":"LineString","coordinates":[[85.7838034,20.2510673],[85.7832161,20.2510726]]}},{"type":"Feature","properties":{"highway":"trunk","name":null,"surface":"asphalt","lanes":null,"web_layer_source":"F:/datasets/layers/all_highway.geojson"},"geometry":{"type":"LineString","coordinates":[[85.8674577,20.3043759],[85.8669472,20.3038652],[85.8662453,20.303233],[85.8658721,20.3028946],[85.8656232,20.3026661],[85.8648474,20.3019645],[85.864733,20.301861],[85.8645117,20.3016322],[85.8643521,20.3014661],[85.8642759,20.3013923],[85.8641967,20.3013155],[85.8638735,20.3009925],[85.8638217,20.3009342]]}},{"type":"Feature","properties":{"highway":"trunk","name":null,"surface":"asphalt","lanes":null,"web_layer_source":"F:/datasets/layers/all_highway.geojson"},"geometry":{"type":"LineString","coordinates":[[85.8690749,20.3059811],[85.8674577,20.3043759]]}},{"type":"Feature","properties":{"highway":"trunk","name":null,"surface":"asphalt","lanes":null,"web_layer_source":"F:/datasets/layers/all_highway.geojson"},"geometry":{"type":"LineString","coordinates":[[85.8673088,20.3045044],[85.8689419,20.306098]]}},{"type":"Feature","properties":{"highway":"tertiary","name":null,"surface":"asphalt","lanes":null,"web_layer_source":"F:/datasets/layers/all_highway.geojson"},"geometry":{"type":"LineString","coordinates":[[85.8721105,20.3092029],[85.8722413,20.3093617],[85.8723164,20.3094384],[85.8727589,20.3098849],[85.8729896,20.3101239],[85.8731291,20.3102723],[85.8737027,20.3108533],[85.8741764,20.3113754]]}},{"type":"Feature","properties":{"highway":"service","name":null,"surface":null,"lanes":null,"web_layer_source":"F:/datasets/layers/all_highway.geojson"},"geometry":{"type":"LineString","coordinates":[[85.8893183,20.3545099],[85.8895389,20.3544533],[85.8895755,20.3540898],[85.8893972,20.3539091]]}},{"type":"Feature","properties":{"highway":"service","name":null,"surface":null,"lanes":null,"web_layer_source":"F:/datasets/layers/all_highway.geojson"},"geometry":{"type":"LineString","coordinates":[[85.7869625,20.2551822],[85.7874665,20.254951],[85.787436,20.2548854],[85.7873837,20.2547733],[85.7873648,20.2547327],[85.7868347,20.2549664]]}},{"type":"Feature","properties":{"highway":"service","name":null,"surface":null,"lanes":null,"web_layer_source":"F:/datasets/layers/all_highway.geojson"},"geometry":{"type":"LineString","coordinates":[[85.8862924,20.3480687],[85.8865832,20.3477222]]}},{"type":"Feature","properties":{"highway":"residential","name":null,"surface":null,"lanes":null,"web_layer_source":"F:/datasets/layers/all_highway.geojson"},"geometry":{"type":"LineString","coordinates":[[85.8154696,20.2914872],[85.8150132,20.2922939]]}},{"type":"Feature","properties":{"highway":"residential","name":null,"surface":null,"lanes":null,"web_layer_source":"F:/datasets/layers/all_highway.geojson"},"geometry":{"type":"LineString","coordinates":[[85.8150928,20.2905084],[85.8155348,20.2907675],[85.8159651,20.2910073],[85.8166349,20.2913904]]}},{"type":"Feature","properties":{"highway":"residential","name":null,"surface":null,"lanes":null,"web_layer_source":"F:/datasets/layers/all_highway.geojson"},"geometry":{"type":"LineString","coordinates":[[85.8146957,20.2921218],[85.8150132,20.2922939],[85.8152491,20.2924217]]}},{"type":"Feature","properties":{"highway":"residential","name":null,"surface":null,"lanes":null,"web_layer_source":"F:/datasets/layers/all_highway.geojson"},"geometry":{"type":"LineString","coordinates":[[85.8145195,20.292448],[85.8146957,20.2921218],[85.8151235,20.2912867]]}},{"type":"Feature","properties":{"highway":"residential","name":null,"surface":null,"lanes":null,"web_layer_source":"F:/datasets/layers/all_highway.geojson"},"geometry":{"type":"LineString","coordinates":[[85.8149353,20.2926617],[85.8152491,20.2924217],[85.8154788,20.2922654],[85.8156255,20.2921477],[85.8157864,20.2920035],[85.8159829,20.2917882]]}},{"type":"Feature","properties":{"highway":"residential","name":null,"surface":null,"lanes":null,"web_layer_source":"F:/datasets/layers/all_highway.geojson"},"geometry":{"type":"LineString","coordinates":[[85.8147509,20.2910827],[85.8151235,20.2912867],[85.8151799,20.2913134],[85.8154696,20.2914872],[85.8156127,20.2915704],[85.8159829,20.2917882],[85.8162122,20.2919233],[85.8162737,20.2919342],[85.8163373,20.2918684],[85.8166349,20.2913904],[85.8169697,20.2908834],[85.817054,20.2907557]]}},{"type":"Feature","properties":{"highway":"residential","name":null,"surface":null,"lanes":null,"web_layer_source":"F:/datasets/layers/all_highway.geojson"},"geometry":{"type":"LineString","coordinates":[[85.810033,20.2900868],[85.8098426,20.2904466]]}},{"type":"Feature","properties":{"highway":"residential","name":null,"surface":null,"lanes":null,"web_layer_source":"F:/datasets/layers/all_highway.geojson"},"geometry":{"type":"LineString","coordinates":[[85.8101349,20.2906057],[85.8099549,20.2909344],[85.8099449,20.2909528]]}},{"type":"Feature","properties":{"highway":"residential","name":null,"surface":null,"lanes":null,"web_layer_source":"F:/datasets/layers/all_highway.geojson"},"geometry":{"type":"LineString","coordinates":[[85.8109369,20.2905348],[85.8107108,20.2909109]]}},{"type":"Feature","properties":{"highway":"residential","name":null,"surface":null,"lanes":null,"web_layer_source":"F:/datasets/layers/all_highway.geojson"},"geometry":{"type":"LineString","coordinates":[[85.8105123,20.2903243],[85.8102859,20.2906879]]}},{"type":"Feature","properties":{"highway":"residential","name":null,"surface":null,"lanes":null,"web_layer_source":"F:/datasets/layers/all_highway.geojson"},"geometry":{"type":"LineString","coordinates":[[85.8099449,20.2909528],[85.8109521,20.2914801],[85.81143,20.2917393],[85.81256,20.2923467],[85.8129298,20.2925528],[85.8133332,20.2927748],[85.8136727,20.2929611]]}},{"type":"Feature","properties":{"highway":"residential","name":null,"surface":null,"lanes":null,"web_layer_source":"F:/datasets/layers/all_highway.geojson"},"geometry":{"type":"LineString","coordinates":[[85.811377,20.2907529],[85.8111537,20.2911351],[85.8109521,20.2914801]]}},{"type":"Feature","properties":{"highway":"residential","name":null,"surface":null,"lanes":null,"web_layer_source":"F:/datasets/layers/all_highway.geojson"},"geometry":{"type":"LineString","coordinates":[[85.8098426,20.2904466],[85.8101349,20.2906057],[85.8102859,20.2906879],[85.8107108,20.2909109],[85.8111537,20.2911351],[85.8131265,20.292183]]}},{"type":"Feature","properties":{"highway":"service","name":null,"surface":null,"lanes":null,"web_layer_source":"F:/datasets/layers/all_highway.geojson"},"geometry":{"type":"LineString","coordinates":[[85.7781094,20.2756468],[85.7781253,20.2755016]]}},{"type":"Feature","properties":{"highway":"service","name":null,"surface":null,"lanes":null,"web_layer_source":"F:/datasets/layers/all_highway.geojson"},"geometry":{"type":"LineString","coordinates":[[85.7820467,20.2724012],[85.7820283,20.2721091],[85.7819071,20.2721033],[85.7818589,20.2723908]]}},{"type":"Feature","properties":{"highway":"pedestrian","name":null,"surface":null,"lanes":null,"web_layer_source":"F:/datasets/layers/all_highway.geojson"},"geometry":{"type":"LineString","coordinates":[[85.833511,20.2637677],[85.8335412,20.2638035],[85.8335967,20.2638695],[85.8336346,20.2639145]]}},{"type":"Feature","properties":{"highway":"primary","name":"Nandankanan Road","surface":"asphalt","lanes":"2","web_layer_source":"F:/datasets/layers/all_highway.geojson"},"geometry":{"type":"LineString","coordinates":[[85.8203358,20.3147498],[85.8203376,20.314646],[85.8203218,20.3141887],[85.8202831,20.3126085],[85.8202771,20.3123579],[85.8202655,20.3118745],[85.8202524,20.3110231],[85.8202281,20.310598],[85.8202172,20.310408],[85.820215,20.3103491],[85.8201985,20.309906],[85.820185,20.3095427],[85.8201635,20.3089748],[85.8201528,20.3088384],[85.8201555,20.3086371],[85.8201689,20.3084133],[85.8202145,20.3082095],[85.8203033,20.3079584],[85.8203333,20.3078812],[85.8204613,20.3075379],[85.8206249,20.307231],[85.8207698,20.3069945],[85.8208321,20.3069047],[85.8211076,20.3065075],[85.8211702,20.306415],[85.821279,20.3062545],[85.8214076,20.3060648],[85.8216147,20.3057745],[85.8217595,20.3055456],[85.8218346,20.3053821],[85.8218756,20.3052658],[85.8219526,20.3050475],[85.8221066,20.3045197],[85.822129,20.3044484],[85.8223389,20.3037797],[85.8224901,20.3032615],[85.8226339,20.3027684],[85.8228623,20.3020106],[85.8233932,20.3002658],[85.8235901,20.299619],[85.8236738,20.2993438],[85.8237244,20.2991783],[85.8239549,20.2984324],[85.8242834,20.2973484],[85.8243812,20.2970181],[85.8244557,20.2967665],[85.8246599,20.2960766],[85.8246861,20.29598]]}},{"type":"Feature","properties":{"highway":"primary_link","name":null,"surface":"asphalt","lanes":null,"web_layer_source":"F:/datasets/layers/all_highway.geojson"},"geometry":{"type":"LineString","coordinates":[[85.8202831,20.3126085],[85.8201712,20.3126123]]}},{"type":"Feature","properties":{"highway":"primary","name":"DAMANA","surface":"asphalt","lanes":null,"web_layer_source":"F:/datasets/layers/all_highway.geojson"},"geometry":{"type":"LineString","coordinates":[[85.820497,20.3245184],[85.8204997,20.3248842],[85.820579,20.3256258],[85.8205942,20.3257289],[85.8206553,20.3261424],[85.8206715,20.3262524],[85.8206777,20.3263088],[85.8207794,20.3271587],[85.8208801,20.3279576],[85.8208808,20.3279632],[85.8209122,20.3282125],[85.8209184,20.3282619],[85.8210487,20.3292017],[85.8211207,20.3297623],[85.8212013,20.3303799],[85.8212301,20.3305999],[85.821314,20.3312412],[85.8213715,20.3316459],[85.821435,20.3322111],[85.8214541,20.3324387]]}},{"type":"Feature","properties":{"highway":"service","name":null,"surface":null,"lanes":null,"web_layer_source":"F:/datasets/layers/all_highway.geojson"},"geometry":{"type":"LineString","coordinates":[[85.8186937,20.3086045],[85.8185198,20.308613]]}},{"type":"Feature","properties":{"highway":"service","name":null,"surface":null,"lanes":null,"web_layer_source":"F:/datasets/layers/all_highway.geojson"},"geometry":{"type":"LineString","coordinates":[[85.8154727,20.3089685],[85.8156498,20.3089508],[85.8162129,20.3088846],[85.8162671,20.3088782],[85.8163065,20.3088736],[85.816507,20.3088565],[85.8169831,20.308816],[85.8171726,20.3087999],[85.8176419,20.3087679],[85.8183615,20.3087161],[85.8185296,20.3086984]]}},{"type":"Feature","properties":{"highway":"service","name":null,"surface":null,"lanes":null,"web_layer_source":"F:/datasets/layers/all_highway.geojson"},"geometry":{"type":"LineString","coordinates":[[85.8190971,20.3080678],[85.8189572,20.3080754],[85.8187222,20.3080748],[85.8184484,20.3080906]]}},{"type":"Feature","properties":{"highway":"service","name":null,"surface":null,"lanes":null,"web_layer_source":"F:/datasets/layers/all_highway.geojson"},"geometry":{"type":"LineString","coordinates":[[85.8185837,20.3091704],[85.8185584,20.30895],[85.8185296,20.3086984],[85.8185198,20.308613],[85.8184484,20.3080906],[85.8184302,20.3079197],[85.8184321,20.3078976],[85.8184289,20.3078563],[85.8184145,20.3076749]]}},{"type":"Feature","properties":{"highway":"service","name":null,"surface":null,"lanes":null,"web_layer_source":"F:/datasets/layers/all_highway.geojson"},"geometry":{"type":"LineString","coordinates":[[85.8153313,20.3081392],[85.8162104,20.3080445]]}},{"type":"Feature","properties":{"highway":"service","name":null,"surface":null,"lanes":null,"web_layer_source":"F:/datasets/layers/all_highway.geojson"},"geometry":{"type":"LineString","coordinates":[[85.8154727,20.3089685],[85.8153313,20.3081392],[85.8153302,20.3081018],[85.8153035,20.3079478]]}},{"type":"Feature","properties":{"highway":"service","name":null,"surface":null,"lanes":null,"web_layer_source":"F:/datasets/layers/all_highway.geojson"},"geometry":{"type":"LineString","coordinates":[[85.8190639,20.3089139],[85.8185584,20.30895]]}},{"type":"Feature","properties":{"highway":"residential","name":null,"surface":null,"lanes":null,"web_layer_source":"F:/datasets/layers/all_highway.geojson"},"geometry":{"type":"LineString","coordinates":[[85.8111414,20.2709934],[85.8116198,20.271367]]}},{"type":"Feature","properties":{"highway":"trunk_link","name":"Bhubaneswar Puri Highway","surface":null,"lanes":null,"web_layer_source":"F:/datasets/layers/all_highway.geojson"},"geometry":{"type":"LineString","coordinates":[[85.8535175,20.2134621],[85.8535135,20.2136295]]}},{"type":"Feature","properties":{"highway":"residential","name":null,"surface":null,"lanes":null,"web_layer_source":"F:/datasets/layers/all_highway.geojson"},"geometry":{"type":"LineString","coordinates":[[85.81228,20.27158],[85.8116233,20.2722099]]}},{"type":"Feature","properties":{"highway":"service","name":"way to khandagiri PS","surface":null,"lanes":null,"web_layer_source":"F:/datasets/layers/all_highway.geojson"},"geometry":{"type":"LineString","coordinates":[[85.7895365,20.2596743],[85.7896828,20.2596019],[85.7897829,20.2595509]]}},{"type":"Feature","properties":{"highway":"service","name":null,"surface":null,"lanes":null,"web_layer_source":"F:/datasets/layers/all_highway.geojson"},"geometry":{"type":"LineString","coordinates":[[85.7895365,20.2596743],[85.7894871,20.2597034]]}},{"type":"Feature","properties":{"highway":"residential","name":"Way to Csa Odisha Office","surface":null,"lanes":null,"web_layer_source":"F:/datasets/layers/all_highway.geojson"},"geometry":{"type":"LineString","coordinates":[[85.8388589,20.2845933],[85.8388242,20.284195]]}},{"type":"Feature","properties":{"highway":"residential","name":null,"surface":null,"lanes":null,"web_layer_source":"F:/datasets/layers/all_highway.geojson"},"geometry":{"type":"LineString","coordinates":[[85.8529261,20.2998784],[85.852585,20.3007431]]}},{"type":"Feature","properties":{"highway":"residential","name":null,"surface":null,"lanes":null,"web_layer_source":"F:/datasets/layers/all_highway.geojson"},"geometry":{"type":"LineString","coordinates":[[85.8549751,20.3015854],[85.8553115,20.3006669],[85.8558933,20.2991544]]}},{"type":"Feature","properties":{"highway":"residential","name":null,"surface":null,"lanes":null,"web_layer_source":"F:/datasets/layers/all_highway.geojson"},"geometry":{"type":"LineString","coordinates":[[85.8551087,20.2985728],[85.8547859,20.2993563],[85.8543849,20.3003606]]}},{"type":"Feature","properties":{"highway":"residential","name":null,"surface":null,"lanes":null,"web_layer_source":"F:/datasets/layers/all_highway.geojson"},"geometry":{"type":"LineString","coordinates":[[85.8524541,20.2985884],[85.8532994,20.2988593],[85.8547859,20.2993563]]}},{"type":"Feature","properties":{"highway":"residential","name":null,"surface":null,"lanes":null,"web_layer_source":"F:/datasets/layers/all_highway.geojson"},"geometry":{"type":"LineString","coordinates":[[85.8553115,20.3006669],[85.8543849,20.3003606],[85.8529261,20.2998784],[85.8520661,20.2995984]]}},{"type":"Feature","properties":{"highway":"residential","name":null,"surface":null,"lanes":null,"web_layer_source":"F:/datasets/layers/all_highway.geojson"},"geometry":{"type":"LineString","coordinates":[[85.85187,20.30636],[85.8502868,20.3058197]]}},{"type":"Feature","properties":{"highway":"residential","name":null,"surface":null,"lanes":null,"web_layer_source":"F:/datasets/layers/all_highway.geojson"},"geometry":{"type":"LineString","coordinates":[[85.8490426,20.3158657],[85.8490607,20.314804],[85.84929,20.31329],[85.85052,20.31355],[85.85097,20.31155]]}},{"type":"Feature","properties":{"highway":"service","name":null,"surface":null,"lanes":null,"web_layer_source":"F:/datasets/layers/all_highway.geojson"},"geometry":{"type":"LineString","coordinates":[[85.829799,20.29725],[85.8297296,20.2974138],[85.8296032,20.2977116],[85.8295301,20.297882],[85.829482,20.2979943],[85.8287168,20.2997788],[85.8286192,20.299985]]}},{"type":"Feature","properties":{"highway":"service","name":null,"surface":null,"lanes":null,"web_layer_source":"F:/datasets/layers/all_highway.geojson"},"geometry":{"type":"LineString","coordinates":[[85.8424925,20.2887993],[85.8425569,20.2883374]]}},{"type":"Feature","properties":{"highway":"primary","name":"KIIT Road","surface":null,"lanes":null,"web_layer_source":"F:/datasets/layers/all_highway.geojson"},"geometry":{"type":"LineString","coordinates":[[85.8080104,20.3544271],[85.8081502,20.3544179],[85.8089342,20.3543667],[85.8090743,20.3543575],[85.8098143,20.3543303],[85.8100687,20.3543209],[85.8117316,20.3542143]]}},{"type":"Feature","properties":{"highway":"residential","name":null,"surface":null,"lanes":null,"web_layer_source":"F:/datasets/layers/all_highway.geojson"},"geometry":{"type":"LineString","coordinates":[[85.8392529,20.3095133],[85.8389656,20.3095251],[85.8386586,20.309539],[85.8386569,20.3093327],[85.8384222,20.3092895],[85.8381874,20.3092372],[85.837974,20.3092079],[85.837795,20.3091864],[85.8376768,20.3091864],[85.8375717,20.3092002],[85.8373698,20.309228],[85.8371344,20.3092474],[85.8370891,20.3092511],[85.8368362,20.3092865],[85.8366325,20.3092737],[85.8365916,20.3092711],[85.8362879,20.3092957],[85.8360662,20.3093481],[85.8360449,20.3094081],[85.8360416,20.3094466],[85.8360055,20.3094651],[85.8359362,20.3094699],[85.8359069,20.3094696],[85.8358528,20.3094805],[85.8356738,20.3095159],[85.8354243,20.3095821],[85.8353077,20.3096113],[85.8351353,20.3096514],[85.8348119,20.3097407],[85.8344048,20.3098469],[85.8341233,20.3099029],[85.8339963,20.3099353],[85.833922,20.3099529]]}},{"type":"Feature","properties":{"highway":"tertiary","name":null,"surface":null,"lanes":null,"web_layer_source":"F:/datasets/layers/all_highway.geojson"},"geometry":{"type":"LineString","coordinates":[[85.8201427,20.25382],[85.8201936,20.2537396],[85.8202127,20.2536479],[85.8201978,20.2535555],[85.8201507,20.2534731],[85.8200769,20.2534104],[85.819964,20.253368],[85.8199071,20.253368],[85.8198303,20.2533811],[85.8197599,20.2534128],[85.8196885,20.2534751],[85.8196429,20.2535559],[85.8196282,20.2536462],[85.819646,20.2537361],[85.8196942,20.2538155],[85.8197354,20.2538606]]}},{"type":"Feature","properties":{"highway":"tertiary","name":null,"surface":null,"lanes":null,"web_layer_source":"F:/datasets/layers/all_highway.geojson"},"geometry":{"type":"LineString","coordinates":[[85.8228607,20.2496808],[85.8228156,20.2497386],[85.8217577,20.2510942],[85.819964,20.253368]]}},{"type":"Feature","properties":{"highway":"service","name":null,"surface":null,"lanes":null,"web_layer_source":"F:/datasets/layers/all_highway.geojson"},"geometry":{"type":"LineString","coordinates":[[85.8166285,20.2559901],[85.817026,20.255473],[85.8172036,20.2552505],[85.817336,20.2550847],[85.8177758,20.2545312]]}},{"type":"Feature","properties":{"highway":"tertiary","name":null,"surface":null,"lanes":null,"web_layer_source":"F:/datasets/layers/all_highway.geojson"},"geometry":{"type":"LineString","coordinates":[[85.8197599,20.2534128],[85.8195179,20.2532525],[85.8191965,20.2530396],[85.8187211,20.2527247],[85.8186552,20.2526998],[85.818579,20.2526824],[85.8184802,20.2526649],[85.8183788,20.2526387],[85.8183383,20.2526138],[85.8181959,20.2525263],[85.8181538,20.2525023],[85.8181064,20.2524737],[85.8180813,20.2524457],[85.8180712,20.2523667],[85.8180708,20.2522029],[85.8180766,20.2519225],[85.8180892,20.2518161],[85.8181275,20.2517501],[85.8182073,20.2516716],[85.8185165,20.2515319],[85.818919,20.2513652],[85.8191402,20.2512845],[85.8193429,20.2512106],[85.8195548,20.2511189],[85.8212787,20.2503734],[85.8215723,20.2502307],[85.8218231,20.2500532],[85.8218865,20.2499937],[85.8222532,20.2496497]]}},{"type":"Feature","properties":{"highway":"service","name":null,"surface":null,"lanes":null,"web_layer_source":"F:/datasets/layers/all_highway.geojson"},"geometry":{"type":"LineString","coordinates":[[85.8158176,20.255405],[85.8158163,20.2554246],[85.815825,20.2554453],[85.8158391,20.2554598],[85.8159538,20.2555328],[85.8160919,20.2556221],[85.8166285,20.2559901],[85.8166847,20.2560296],[85.8174161,20.2565437],[85.8175745,20.2566551],[85.8176376,20.2567009]]}},{"type":"Feature","properties":{"highway":"service","name":null,"surface":null,"lanes":null,"web_layer_source":"F:/datasets/layers/all_highway.geojson"},"geometry":{"type":"LineString","coordinates":[[85.8171002,20.25605],[85.8173971,20.2556812]]}},{"type":"Feature","properties":{"highway":"service","name":null,"surface":null,"lanes":null,"web_layer_source":"F:/datasets/layers/all_highway.geojson"},"geometry":{"type":"LineString","coordinates":[[85.8171002,20.25605],[85.8171017,20.2560926],[85.8171205,20.2561379],[85.8171608,20.2561769],[85.8172262,20.2562315],[85.8172801,20.2562763],[85.8173431,20.2563053],[85.8173887,20.256304],[85.8174478,20.2562575],[85.8177267,20.2558999]]}},{"type":"Feature","properties":{"highway":"service","name":null,"surface":null,"lanes":null,"web_layer_source":"F:/datasets/layers/all_highway.geojson"},"geometry":{"type":"LineString","coordinates":[[85.8177267,20.2558999],[85.8180132,20.2555441],[85.8182886,20.2551465],[85.818302,20.2551025],[85.818294,20.2550748],[85.8181854,20.2549804],[85.8180338,20.254871],[85.8179212,20.2547992],[85.8178769,20.2547929],[85.8178353,20.2548131],[85.8175363,20.2552094],[85.817405,20.2553899],[85.8172548,20.2555962]]}},{"type":"Feature","properties":{"highway":"tertiary","name":null,"surface":null,"lanes":null,"web_layer_source":"F:/datasets/layers/all_highway.geojson"},"geometry":{"type":"LineString","coordinates":[[85.8351098,20.3172307],[85.8358419,20.3172165],[85.8360686,20.3172012],[85.836242,20.3171871],[85.8368399,20.3171381],[85.8374486,20.3171181],[85.8379653,20.3171094],[85.8383737,20.3171334],[85.8388661,20.3171811],[85.8391526,20.3171777],[85.8394065,20.3171572],[85.8398557,20.3170364],[85.8404645,20.3168319],[85.8409769,20.316684],[85.8413927,20.3165793],[85.8416469,20.3165217],[85.8424152,20.3163589],[85.8432665,20.3162375],[85.8435651,20.3161954],[85.8442506,20.3160948],[85.8445662,20.3160465],[85.844818,20.3160159]]}},{"type":"Feature","properties":{"highway":"tertiary","name":null,"surface":null,"lanes":null,"web_layer_source":"F:/datasets/layers/all_highway.geojson"},"geometry":{"type":"LineString","coordinates":[[85.8453038,20.3170897],[85.8451734,20.316819],[85.844818,20.3160159],[85.8447761,20.3159211],[85.8441665,20.3145436],[85.8439905,20.3141419],[85.8439629,20.3140823],[85.8434244,20.3129182]]}},{"type":"Feature","properties":{"highway":"service","name":null,"surface":null,"lanes":null,"web_layer_source":"F:/datasets/layers/all_highway.geojson"},"geometry":{"type":"LineString","coordinates":[[85.8395075,20.3080108],[85.8394625,20.308035],[85.8393445,20.3080242],[85.8392721,20.3080442],[85.8392142,20.3081052],[85.8391672,20.3082102],[85.8389938,20.3084061],[85.8387992,20.3085987],[85.8386687,20.308827],[85.8386006,20.3088772],[85.8385175,20.3088902],[85.8380508,20.3088829],[85.8374955,20.3087428],[85.8372946,20.3087335],[85.8370872,20.3087736],[85.8369481,20.3088265],[85.8368456,20.3089104],[85.8367332,20.3090462],[85.8367076,20.3092027]]}},{"type":"Feature","properties":{"highway":"service","name":null,"surface":null,"lanes":null,"web_layer_source":"F:/datasets/layers/all_highway.geojson"},"geometry":{"type":"LineString","coordinates":[[85.8408186,20.3045866],[85.8403285,20.3026379]]}},{"type":"Feature","properties":{"highway":"service","name":null,"surface":null,"lanes":null,"web_layer_source":"F:/datasets/layers/all_highway.geojson"},"geometry":{"type":"LineString","coordinates":[[85.8374972,20.2980759],[85.8378304,20.2980474],[85.8380042,20.2980545],[85.8380789,20.2980575],[85.838246,20.2980982],[85.8384095,20.2981804],[85.8385145,20.2982745],[85.8386051,20.2983787],[85.8386738,20.2984682],[85.8387391,20.2985925],[85.8387881,20.2987168],[85.838815,20.2988701],[85.838875,20.2994529],[85.8389854,20.300796],[85.8394921,20.3007564],[85.8404123,20.3006763]]}},{"type":"Feature","properties":{"highway":"service","name":null,"surface":null,"lanes":null,"web_layer_source":"F:/datasets/layers/all_highway.geojson"},"geometry":{"type":"LineString","coordinates":[[85.8395846,20.3026456],[85.8403285,20.3026379]]}},{"type":"Feature","properties":{"highway":"service","name":null,"surface":null,"lanes":null,"web_layer_source":"F:/datasets/layers/all_highway.geojson"},"geometry":{"type":"LineString","coordinates":[[85.8402088,20.3077731],[85.8414634,20.307282],[85.8415594,20.3072216]]}},{"type":"Feature","properties":{"highway":"service","name":null,"surface":null,"lanes":null,"web_layer_source":"F:/datasets/layers/all_highway.geojson"},"geometry":{"type":"LineString","coordinates":[[85.844685,20.3076176],[85.8443753,20.3065781],[85.8443171,20.3065279],[85.8442193,20.3065257],[85.8436465,20.3066305],[85.8433973,20.3066982]]}},{"type":"Feature","properties":{"highway":"service","name":null,"surface":null,"lanes":null,"web_layer_source":"F:/datasets/layers/all_highway.geojson"},"geometry":{"type":"LineString","coordinates":[[85.8381056,20.3047772],[85.8383121,20.3069701],[85.8390366,20.3076001],[85.8395075,20.3080108],[85.8396095,20.3079954],[85.8402088,20.3077731]]}},{"type":"Feature","properties":{"highway":"service","name":"Pani Tanki","surface":null,"lanes":null,"web_layer_source":"F:/datasets/layers/all_highway.geojson"},"geometry":{"type":"LineString","coordinates":[[85.8378407,20.3007887],[85.8378002,20.3007692],[85.8377552,20.3007624],[85.8377102,20.3007689],[85.8376688,20.3007887],[85.8376361,20.3008196],[85.8376155,20.3008586],[85.837609,20.3009018],[85.8376172,20.3009446],[85.8376395,20.3009829],[85.8376734,20.3010126],[85.8377155,20.3010308],[85.8377617,20.3010357],[85.837805,20.3010275],[85.8378437,20.3010075],[85.8378742,20.3009775],[85.8378937,20.3009403],[85.8379005,20.3008994],[85.8378935,20.3008572],[85.8378729,20.300819],[85.8378407,20.3007887]]}},{"type":"Feature","properties":{"highway":"service","name":null,"surface":null,"lanes":null,"web_layer_source":"F:/datasets/layers/all_highway.geojson"},"geometry":{"type":"LineString","coordinates":[[85.8377617,20.3010357],[85.83781,20.3014589],[85.8378185,20.3015291],[85.837891,20.3023492],[85.8379453,20.3029636],[85.837998,20.3035601],[85.838053,20.3041819],[85.8381056,20.3047772]]}},{"type":"Feature","properties":{"highway":"residential","name":null,"surface":null,"lanes":null,"web_layer_source":"F:/datasets/layers/all_highway.geojson"},"geometry":{"type":"LineString","coordinates":[[85.8385095,20.3096489],[85.8386212,20.3095899],[85.8386586,20.309539]]}},{"type":"Feature","properties":{"highway":"service","name":null,"surface":null,"lanes":null,"web_layer_source":"F:/datasets/layers/all_highway.geojson"},"geometry":{"type":"LineString","coordinates":[[85.8429331,20.2883885],[85.8426455,20.2883494],[85.8425569,20.2883374],[85.8412792,20.2881639]]}},{"type":"Feature","properties":{"highway":"residential","name":null,"surface":null,"lanes":null,"web_layer_source":"F:/datasets/layers/all_highway.geojson"},"geometry":{"type":"LineString","coordinates":[[85.8351291,20.2881665],[85.8344971,20.2880675]]}},{"type":"Feature","properties":{"highway":"trunk","name":"Rasulgarh Flyover","surface":null,"lanes":null,"web_layer_source":"F:/datasets/layers/all_highway.geojson"},"geometry":{"type":"LineString","coordinates":[[85.855547,20.2951969],[85.8564061,20.2951467],[85.8565726,20.2951429],[85.8567983,20.295151],[85.8571477,20.2951951],[85.8572249,20.2952059],[85.8574899,20.2952731],[85.8576927,20.2953493],[85.857869,20.2954233],[85.8580682,20.2955257],[85.8584127,20.2957816],[85.8585664,20.2959055],[85.8588224,20.2961414],[85.8592664,20.2965853],[85.8599523,20.2972779]]}},{"type":"Feature","properties":{"highway":"trunk","name":"Rasulgarh Flyover","surface":null,"lanes":null,"web_layer_source":"F:/datasets/layers/all_highway.geojson"},"geometry":{"type":"LineString","coordinates":[[85.8601331,20.2972912],[85.859517,20.2966705],[85.8591851,20.296342],[85.8586822,20.2958621],[85.858418,20.2956339],[85.8581144,20.2954247],[85.8579114,20.2953161],[85.8576912,20.2952329],[85.857406,20.2951446],[85.8572577,20.2951071],[85.857124,20.2950821],[85.8568911,20.2950555],[85.8566621,20.295045],[85.8564087,20.295042],[85.8561855,20.2950591],[85.8555007,20.2951222]]}},{"type":"Feature","properties":{"highway":"trunk_link","name":null,"surface":null,"lanes":null,"web_layer_source":"F:/datasets/layers/all_highway.geojson"},"geometry":{"type":"LineString","coordinates":[[85.8290535,20.2967753],[85.828654,20.2968249]]}},{"type":"Feature","properties":{"highway":"trunk_link","name":null,"surface":null,"lanes":null,"web_layer_source":"F:/datasets/layers/all_highway.geojson"},"geometry":{"type":"LineString","coordinates":[[85.8286427,20.2969509],[85.8288195,20.2971168]]}},{"type":"Feature","properties":{"highway":"footway","name":null,"surface":null,"lanes":null,"web_layer_source":"F:/datasets/layers/all_highway.geojson"},"geometry":{"type":"LineString","coordinates":[[85.8107112,20.2933231],[85.8107377,20.2931588],[85.8107767,20.2929182],[85.8108426,20.2925105],[85.8111967,20.2926816],[85.8110526,20.2929499],[85.8109031,20.2932282],[85.8108265,20.2933709],[85.8107112,20.2933231]]}},{"type":"Feature","properties":{"highway":"residential","name":null,"surface":null,"lanes":null,"web_layer_source":"F:/datasets/layers/all_highway.geojson"},"geometry":{"type":"LineString","coordinates":[[85.8105048,20.2917047],[85.8096706,20.2913374],[85.8094611,20.2920584]]}},{"type":"Feature","properties":{"highway":"service","name":null,"surface":null,"lanes":null,"web_layer_source":"F:/datasets/layers/all_highway.geojson"},"geometry":{"type":"LineString","coordinates":[[85.8097059,20.2858906],[85.8099065,20.2856266],[85.8101908,20.2857926],[85.8100151,20.2860715]]}},{"type":"Feature","properties":{"highway":"residential","name":null,"surface":null,"lanes":null,"web_layer_source":"F:/datasets/layers/all_highway.geojson"},"geometry":{"type":"LineString","coordinates":[[85.8076037,20.2851242],[85.8081042,20.2854577],[85.8091373,20.2860826],[85.8097326,20.2864427],[85.8101883,20.2867409],[85.81065,20.2870168]]}},{"type":"Feature","properties":{"highway":"residential","name":null,"surface":null,"lanes":null,"web_layer_source":"F:/datasets/layers/all_highway.geojson"},"geometry":{"type":"LineString","coordinates":[[85.8131265,20.292183],[85.8133424,20.2918212]]}},{"type":"Feature","properties":{"highway":"residential","name":null,"surface":null,"lanes":null,"web_layer_source":"F:/datasets/layers/all_highway.geojson"},"geometry":{"type":"LineString","coordinates":[[85.8125122,20.2942442],[85.8133332,20.2927748]]}},{"type":"Feature","properties":{"highway":"footway","name":null,"surface":null,"lanes":null,"web_layer_source":"F:/datasets/layers/all_highway.geojson"},"geometry":{"type":"LineString","coordinates":[[85.8107767,20.2929182],[85.8110526,20.2929499]]}},{"type":"Feature","properties":{"highway":"footway","name":null,"surface":null,"lanes":null,"web_layer_source":"F:/datasets/layers/all_highway.geojson"},"geometry":{"type":"LineString","coordinates":[[85.8107377,20.2931588],[85.8109031,20.2932282]]}},{"type":"Feature","properties":{"highway":"residential","name":null,"surface":null,"lanes":null,"web_layer_source":"F:/datasets/layers/all_highway.geojson"},"geometry":{"type":"LineString","coordinates":[[85.8131265,20.292183],[85.8129298,20.2925528]]}},{"type":"Feature","properties":{"highway":"residential","name":null,"surface":null,"lanes":null,"web_layer_source":"F:/datasets/layers/all_highway.geojson"},"geometry":{"type":"LineString","coordinates":[[85.8096706,20.2913374],[85.8097509,20.2910313],[85.809802,20.2909802],[85.8098557,20.2909475],[85.809904,20.2909399],[85.8099549,20.2909344]]}},{"type":"Feature","properties":{"highway":"residential","name":null,"surface":null,"lanes":null,"web_layer_source":"F:/datasets/layers/all_highway.geojson"},"geometry":{"type":"LineString","coordinates":[[85.8129298,20.2925528],[85.8127199,20.2929419],[85.812119,20.2940558]]}},{"type":"Feature","properties":{"highway":"residential","name":null,"surface":null,"lanes":null,"web_layer_source":"F:/datasets/layers/all_highway.geojson"},"geometry":{"type":"LineString","coordinates":[[85.808715,20.2915537],[85.808627,20.2918649],[85.8091081,20.2919749],[85.8094611,20.2920584],[85.8103196,20.2922615],[85.8105048,20.2917047],[85.8108492,20.2918971],[85.8111832,20.2920836],[85.8123508,20.2927357],[85.8127199,20.2929419]]}},{"type":"Feature","properties":{"highway":"residential","name":null,"surface":null,"lanes":null,"web_layer_source":"F:/datasets/layers/all_highway.geojson"},"geometry":{"type":"LineString","coordinates":[[85.8147176,20.2351832],[85.8145215,20.2354364],[85.8143839,20.2355998],[85.8142848,20.2357175],[85.814165,20.2358598],[85.8139349,20.2361331],[85.8137565,20.2363449],[85.8137088,20.2364016],[85.8134733,20.2366639],[85.8132469,20.2369486]]}},{"type":"Feature","properties":{"highway":"residential","name":null,"surface":null,"lanes":null,"web_layer_source":"F:/datasets/layers/all_highway.geojson"},"geometry":{"type":"LineString","coordinates":[[85.8123958,20.2362829],[85.812681,20.2365237],[85.8130189,20.23679],[85.8132469,20.2369486],[85.8133346,20.2370199],[85.8136185,20.2372256],[85.8138161,20.2373781],[85.8139068,20.2374482],[85.814084,20.2375874],[85.8141842,20.2376624],[85.8144901,20.2378985],[85.8147305,20.2380841]]}},{"type":"Feature","properties":{"highway":"residential","name":null,"surface":null,"lanes":null,"web_layer_source":"F:/datasets/layers/all_highway.geojson"},"geometry":{"type":"LineString","coordinates":[[85.8126121,20.235992],[85.8128958,20.2362134],[85.8134733,20.2366639]]}},{"type":"Feature","properties":{"highway":"residential","name":null,"surface":null,"lanes":null,"web_layer_source":"F:/datasets/layers/all_highway.geojson"},"geometry":{"type":"LineString","coordinates":[[85.8139068,20.2374482],[85.8133415,20.2381114]]}},{"type":"Feature","properties":{"highway":"residential","name":null,"surface":null,"lanes":null,"web_layer_source":"F:/datasets/layers/all_highway.geojson"},"geometry":{"type":"LineString","coordinates":[[85.8124674,20.2374431],[85.8130189,20.23679]]}},{"type":"Feature","properties":{"highway":"residential","name":null,"surface":null,"lanes":null,"web_layer_source":"F:/datasets/layers/all_highway.geojson"},"geometry":{"type":"LineString","coordinates":[[85.8153685,20.2360573],[85.815902,20.2364409]]}},{"type":"Feature","properties":{"highway":"residential","name":null,"surface":null,"lanes":null,"web_layer_source":"F:/datasets/layers/all_highway.geojson"},"geometry":{"type":"LineString","coordinates":[[85.8136185,20.2372256],[85.8130648,20.2379103]]}},{"type":"Feature","properties":{"highway":"residential","name":null,"surface":null,"lanes":null,"web_layer_source":"F:/datasets/layers/all_highway.geojson"},"geometry":{"type":"LineString","coordinates":[[85.8130761,20.235473],[85.8139349,20.2361331]]}},{"type":"Feature","properties":{"highway":"residential","name":null,"surface":null,"lanes":null,"web_layer_source":"F:/datasets/layers/all_highway.geojson"},"geometry":{"type":"LineString","coordinates":[[85.8140562,20.2365639],[85.8145858,20.2359474]]}},{"type":"Feature","properties":{"highway":"residential","name":null,"surface":null,"lanes":null,"web_layer_source":"F:/datasets/layers/all_highway.geojson"},"geometry":{"type":"LineString","coordinates":[[85.8145215,20.2354364],[85.8150885,20.2358736]]}},{"type":"Feature","properties":{"highway":"residential","name":null,"surface":null,"lanes":null,"web_layer_source":"F:/datasets/layers/all_highway.geojson"},"geometry":{"type":"LineString","coordinates":[[85.8133523,20.235175],[85.814165,20.2358598]]}},{"type":"Feature","properties":{"highway":"residential","name":null,"surface":null,"lanes":null,"web_layer_source":"F:/datasets/layers/all_highway.geojson"},"geometry":{"type":"LineString","coordinates":[[85.8128484,20.235725],[85.8131247,20.2359477],[85.8137088,20.2364016]]}},{"type":"Feature","properties":{"highway":"residential","name":null,"surface":null,"lanes":null,"web_layer_source":"F:/datasets/layers/all_highway.geojson"},"geometry":{"type":"LineString","coordinates":[[85.8141842,20.2376624],[85.8136002,20.2383132]]}},{"type":"Feature","properties":{"highway":"residential","name":null,"surface":null,"lanes":null,"web_layer_source":"F:/datasets/layers/all_highway.geojson"},"geometry":{"type":"LineString","coordinates":[[85.8151762,20.2362842],[85.8157274,20.2366837]]}},{"type":"Feature","properties":{"highway":"residential","name":null,"surface":null,"lanes":null,"web_layer_source":"F:/datasets/layers/all_highway.geojson"},"geometry":{"type":"LineString","coordinates":[[85.8143285,20.2373157],[85.81496,20.2377918]]}},{"type":"Feature","properties":{"highway":"residential","name":null,"surface":null,"lanes":null,"web_layer_source":"F:/datasets/layers/all_highway.geojson"},"geometry":{"type":"LineString","coordinates":[[85.8126108,20.2375545],[85.8122903,20.2379311]]}},{"type":"Feature","properties":{"highway":"residential","name":null,"surface":null,"lanes":null,"web_layer_source":"F:/datasets/layers/all_highway.geojson"},"geometry":{"type":"LineString","coordinates":[[85.8133346,20.2370199],[85.8127665,20.2376754]]}},{"type":"Feature","properties":{"highway":"residential","name":null,"surface":null,"lanes":null,"web_layer_source":"F:/datasets/layers/all_highway.geojson"},"geometry":{"type":"LineString","coordinates":[[85.8145438,20.237063],[85.8151613,20.2374931]]}},{"type":"Feature","properties":{"highway":"residential","name":null,"surface":null,"lanes":null,"web_layer_source":"F:/datasets/layers/all_highway.geojson"},"geometry":{"type":"LineString","coordinates":[[85.8147176,20.2351832],[85.8147723,20.2351647],[85.8153011,20.2356222]]}},{"type":"Feature","properties":{"highway":"residential","name":null,"surface":null,"lanes":null,"web_layer_source":"F:/datasets/layers/all_highway.geojson"},"geometry":{"type":"LineString","coordinates":[[85.8147266,20.2363015],[85.8150185,20.2365116],[85.8155645,20.2369243]]}},{"type":"Feature","properties":{"highway":"residential","name":null,"surface":null,"lanes":null,"web_layer_source":"F:/datasets/layers/all_highway.geojson"},"geometry":{"type":"LineString","coordinates":[[85.8142848,20.2357175],[85.8145858,20.2359474],[85.8148431,20.2361638]]}},{"type":"Feature","properties":{"highway":"residential","name":null,"surface":null,"lanes":null,"web_layer_source":"F:/datasets/layers/all_highway.geojson"},"geometry":{"type":"LineString","coordinates":[[85.8145074,20.2365607],[85.8147986,20.2367839],[85.8153539,20.2372173]]}},{"type":"Feature","properties":{"highway":"residential","name":null,"surface":null,"lanes":null,"web_layer_source":"F:/datasets/layers/all_highway.geojson"},"geometry":{"type":"LineString","coordinates":[[85.8117847,20.2375852],[85.8121107,20.2371988],[85.812681,20.2365237]]}},{"type":"Feature","properties":{"highway":"residential","name":null,"surface":null,"lanes":null,"web_layer_source":"F:/datasets/layers/all_highway.geojson"},"geometry":{"type":"LineString","coordinates":[[85.8137565,20.2363449],[85.8140562,20.2365639],[85.8143293,20.2367713]]}},{"type":"Feature","properties":{"highway":"residential","name":null,"surface":null,"lanes":null,"web_layer_source":"F:/datasets/layers/all_highway.geojson"},"geometry":{"type":"LineString","coordinates":[[85.8144901,20.2378985],[85.8139225,20.238572],[85.8136511,20.238895]]}},{"type":"Feature","properties":{"highway":"residential","name":null,"surface":null,"lanes":null,"web_layer_source":"F:/datasets/layers/all_highway.geojson"},"geometry":{"type":"LineString","coordinates":[[85.812172,20.2360996],[85.8123529,20.2358601],[85.8131019,20.234893],[85.8131844,20.2348131],[85.8132344,20.234789],[85.8133091,20.2347938],[85.8135673,20.2349271],[85.8141028,20.2353872],[85.8143839,20.2355998]]}},{"type":"Feature","properties":{"highway":"residential","name":null,"surface":null,"lanes":null,"web_layer_source":"F:/datasets/layers/all_highway.geojson"},"geometry":{"type":"LineString","coordinates":[[85.8150185,20.2365116],[85.8151762,20.2362842],[85.8153685,20.2360573],[85.8155611,20.23583]]}},{"type":"Feature","properties":{"highway":"residential","name":null,"surface":null,"lanes":null,"web_layer_source":"F:/datasets/layers/all_highway.geojson"},"geometry":{"type":"LineString","coordinates":[[85.814084,20.2375874],[85.8143285,20.2373157],[85.8145438,20.237063],[85.8147986,20.2367839]]}},{"type":"Feature","properties":{"highway":"residential","name":null,"surface":null,"lanes":null,"web_layer_source":"F:/datasets/layers/all_highway.geojson"},"geometry":{"type":"LineString","coordinates":[[85.8153011,20.2356222],[85.8150885,20.2358736],[85.8148431,20.2361638],[85.8147266,20.2363015],[85.8145074,20.2365607],[85.8143293,20.2367713],[85.8138161,20.2373781]]}},{"type":"Feature","properties":{"highway":"residential","name":null,"surface":null,"lanes":null,"web_layer_source":"F:/datasets/layers/all_highway.geojson"},"geometry":{"type":"LineString","coordinates":[[85.8121107,20.2371988],[85.8124674,20.2374431],[85.8126108,20.2375545],[85.8127665,20.2376754],[85.8130648,20.2379103],[85.8133415,20.2381114],[85.8136002,20.2383132],[85.8139225,20.238572],[85.8142859,20.2387907]]}},{"type":"Feature","properties":{"highway":"residential","name":null,"surface":null,"lanes":"1","web_layer_source":"F:/datasets/layers/all_highway.geojson"},"geometry":{"type":"LineString","coordinates":[[85.8433633,20.3225501],[85.8427067,20.3230687],[85.8420704,20.3235713],[85.841563,20.3239897],[85.8404568,20.324805],[85.8402576,20.3249936],[85.839933,20.3254919],[85.839399,20.3263129],[85.8392252,20.3265896],[85.8391824,20.3267202],[85.83915,20.3271378],[85.8391468,20.327319],[85.8391415,20.3279327],[85.8392756,20.3282093],[85.8394204,20.3284659],[85.8396457,20.3287702],[85.839914,20.3290544],[85.8401614,20.3292626],[85.8402787,20.3293613],[85.8404903,20.3294845],[85.8406327,20.3295675],[85.8408666,20.329653],[85.8410809,20.3297091],[85.8413326,20.3297479],[85.841554,20.3297624],[85.841963,20.3297325],[85.8423337,20.3296605],[85.8425829,20.3295766],[85.8429152,20.3294508],[85.8433881,20.3291332]]}},{"type":"Feature","properties":{"highway":"tertiary","name":"MCL Road","surface":"asphalt","lanes":"2","web_layer_source":"F:/datasets/layers/all_highway.geojson"},"geometry":{"type":"LineString","coordinates":[[85.8274586,20.3207437],[85.8274591,20.3206343],[85.8274558,20.318864],[85.8274294,20.3183758],[85.8273971,20.3177771],[85.8273966,20.3177446],[85.8273771,20.3164155],[85.8273752,20.3163252],[85.8273335,20.3143594]]}},{"type":"Feature","properties":{"highway":"tertiary","name":"MCL Road","surface":"asphalt","lanes":null,"web_layer_source":"F:/datasets/layers/all_highway.geojson"},"geometry":{"type":"LineString","coordinates":[[85.8273196,20.3202888],[85.8273157,20.3204309],[85.8273069,20.3205068],[85.8272989,20.3206112],[85.8272914,20.3207331]]}},{"type":"Feature","properties":{"highway":"secondary","name":"Pokhariput Flyover","surface":"asphalt","lanes":"2","web_layer_source":"F:/datasets/layers/all_highway.geojson"},"geometry":{"type":"LineString","coordinates":[[85.8161244,20.2333366],[85.8159541,20.2332596],[85.8157103,20.2331649],[85.8154665,20.2330873],[85.8152077,20.2330234],[85.8150555,20.2330285],[85.8148929,20.233059],[85.814791,20.2331169],[85.8146975,20.2332087],[85.8139569,20.2341236],[85.8135974,20.2347427],[85.812723,20.2356688],[85.8123955,20.236063],[85.8118343,20.236711]]}},{"type":"Feature","properties":{"highway":"tertiary","name":"Rath Road","surface":"asphalt","lanes":null,"web_layer_source":"F:/datasets/layers/all_highway.geojson"},"geometry":{"type":"LineString","coordinates":[[85.8361731,20.2526742],[85.8360387,20.2526291],[85.8359189,20.2525889],[85.8358742,20.2525739],[85.835753,20.2523867],[85.8356962,20.2522454],[85.8356247,20.2518827],[85.8354646,20.2510094],[85.8353644,20.2504119],[85.8353128,20.2499643],[85.8352504,20.2496362],[85.8351342,20.2493708],[85.8350058,20.2491634],[85.8348238,20.2489286],[85.8347613,20.2488594],[85.8345713,20.248649],[85.8344722,20.2485329],[85.8344172,20.248469],[85.8325678,20.2464865],[85.8321127,20.2459366],[85.8320861,20.2458857],[85.8320781,20.245817],[85.8320849,20.2456725],[85.832099,20.2455686],[85.8321237,20.245405],[85.8321558,20.2452958],[85.8323185,20.2449471],[85.8323788,20.2448199],[85.8325063,20.2445209],[85.8325479,20.2443928],[85.8325767,20.2442774],[85.8325803,20.2440941],[85.8325583,20.2439236],[85.8323434,20.2433854],[85.8322965,20.2432039],[85.8322675,20.2430435],[85.8322393,20.2428787],[85.8322142,20.2426741],[85.8322168,20.2426299],[85.8322369,20.2424565],[85.8323033,20.242262],[85.832371,20.2420614],[85.8323941,20.2419843],[85.8324634,20.2417744],[85.8325294,20.2416483],[85.832599,20.2414287],[85.8327473,20.2409348],[85.8327446,20.2406846],[85.8327279,20.240432],[85.8327367,20.2401998]]}},{"type":"Feature","properties":{"highway":"secondary","name":"Sundarapada-Jatani Road","surface":"concrete","lanes":"2","web_layer_source":"F:/datasets/layers/all_highway.geojson"},"geometry":{"type":"LineString","coordinates":[[85.8054362,20.2148133],[85.805609,20.21503],[85.8060095,20.2155834],[85.8060826,20.2156749],[85.8064935,20.2162194],[85.8065444,20.2162836],[85.806762,20.2165577],[85.8068391,20.2166549],[85.8068718,20.2166988],[85.8069657,20.2168252],[85.8071098,20.217019],[85.807159,20.2170915],[85.8073233,20.2173339],[85.8075434,20.2176391],[85.8076757,20.2178225],[85.8079463,20.2181976],[85.8080251,20.218321],[85.8081275,20.2184812],[85.8086578,20.219311],[85.8088376,20.2195618],[85.8090182,20.2198136],[85.8090415,20.2198462],[85.8091775,20.2200457],[85.80926,20.2201668],[85.8098174,20.2209846],[85.8100563,20.2213424],[85.810257,20.221643],[85.8105166,20.2220243],[85.8106866,20.2222585],[85.8111377,20.2228798],[85.8116163,20.223567],[85.8117222,20.2237191],[85.8124882,20.224717],[85.8125071,20.2247416],[85.8126886,20.224978],[85.8129155,20.2252736],[85.8131248,20.2255894],[85.8132484,20.2257981],[85.8134916,20.2262457],[85.8136178,20.226478],[85.814013,20.2272409],[85.8144832,20.2279938],[85.8147214,20.2284541],[85.8149036,20.2288785],[85.8149689,20.2290271],[85.8150252,20.2291551],[85.8151064,20.2294559],[85.8152024,20.2299531],[85.8153043,20.2306294],[85.8153896,20.2308904],[85.8155205,20.2312714],[85.8155353,20.2313361]]}},{"type":"Feature","properties":{"highway":"tertiary","name":null,"surface":null,"lanes":null,"web_layer_source":"F:/datasets/layers/all_highway.geojson"},"geometry":{"type":"LineString","coordinates":[[85.8316513,20.2549631],[85.8314507,20.254798],[85.831061,20.2545407],[85.8308711,20.2544654],[85.8305926,20.2543754],[85.8303878,20.2543195],[85.8302586,20.2543014],[85.830064,20.2543208],[85.8300387,20.2543244],[85.83,20.25433],[85.82968,20.25439],[85.8295939,20.2544185],[85.8291679,20.2545749],[85.8281527,20.2549154],[85.82799,20.25497],[85.8266567,20.2554206],[85.8262292,20.2555529]]}},{"type":"Feature","properties":{"highway":"tertiary","name":null,"surface":null,"lanes":null,"web_layer_source":"F:/datasets/layers/all_highway.geojson"},"geometry":{"type":"LineString","coordinates":[[85.8175385,20.2757489],[85.8174803,20.2756295]]}},{"type":"Feature","properties":{"highway":"tertiary","name":null,"surface":null,"lanes":null,"web_layer_source":"F:/datasets/layers/all_highway.geojson"},"geometry":{"type":"LineString","coordinates":[[85.8271472,20.2442765],[85.8271392,20.2441923],[85.8271127,20.2441196],[85.8269269,20.2439105],[85.8266794,20.243684],[85.8265392,20.2435828],[85.8264062,20.2434598],[85.8262622,20.2432895]]}},{"type":"Feature","properties":{"highway":"residential","name":null,"surface":null,"lanes":null,"web_layer_source":"F:/datasets/layers/all_highway.geojson"},"geometry":{"type":"LineString","coordinates":[[85.8578838,20.3025697],[85.8581521,20.3018508],[85.8584725,20.3009925]]}},{"type":"Feature","properties":{"highway":"service","name":null,"surface":null,"lanes":null,"web_layer_source":"F:/datasets/layers/all_highway.geojson"},"geometry":{"type":"LineString","coordinates":[[85.85972,20.30316],[85.8599529,20.3026497],[85.8600193,20.3025042],[85.8601394,20.3022411]]}},{"type":"Feature","properties":{"highway":"residential","name":null,"surface":null,"lanes":null,"web_layer_source":"F:/datasets/layers/all_highway.geojson"},"geometry":{"type":"LineString","coordinates":[[85.8190163,20.2336313],[85.8194678,20.2336056],[85.8196035,20.2335985],[85.8196619,20.2335837],[85.8196983,20.2335434],[85.8197095,20.2334762],[85.8197281,20.2332518],[85.8197436,20.2332044],[85.8197772,20.2331666],[85.8198244,20.2331332],[85.819849,20.2330965],[85.8198736,20.2329759]]}},{"type":"Feature","properties":{"highway":"residential","name":null,"surface":null,"lanes":null,"web_layer_source":"F:/datasets/layers/all_highway.geojson"},"geometry":{"type":"LineString","coordinates":[[85.8175382,20.2340834],[85.8174881,20.2348488]]}},{"type":"Feature","properties":{"highway":"residential","name":null,"surface":null,"lanes":null,"web_layer_source":"F:/datasets/layers/all_highway.geojson"},"geometry":{"type":"LineString","coordinates":[[85.8205381,20.2372568],[85.8205306,20.2371634],[85.8205028,20.2370702],[85.8204697,20.23697],[85.8204317,20.2368594],[85.8203993,20.2367405],[85.8203351,20.2365409],[85.8202548,20.2363014],[85.8202011,20.2361174],[85.820183,20.2360545],[85.8201271,20.2358605],[85.8200687,20.2355676],[85.8199888,20.235236],[85.8199552,20.2351076],[85.8199346,20.2350293],[85.8199358,20.2349713],[85.8199418,20.2349169],[85.8199563,20.2348485],[85.8199884,20.2347706],[85.8200352,20.2346755],[85.8200877,20.2345565],[85.8201799,20.2343449],[85.8203216,20.2340838],[85.8203506,20.2340202],[85.8204638,20.2337721],[85.8205936,20.2334878],[85.820606,20.2334626],[85.8208225,20.2330242]]}},{"type":"Feature","properties":{"highway":"residential","name":null,"surface":null,"lanes":null,"web_layer_source":"F:/datasets/layers/all_highway.geojson"},"geometry":{"type":"LineString","coordinates":[[85.8190554,20.232569],[85.8191868,20.2325498],[85.8193325,20.2325176],[85.8195157,20.2325041],[85.81969,20.2325208],[85.8198339,20.2325505],[85.8199305,20.2325756],[85.8200011,20.2326014],[85.8201285,20.2326644],[85.8201974,20.2326984],[85.8203199,20.2327603],[85.8205778,20.2328906],[85.8206248,20.2329163],[85.8208225,20.2330242],[85.8211109,20.2331399],[85.82117,20.2331636],[85.821432,20.2332665],[85.8214603,20.2332804],[85.8214778,20.233306],[85.8214789,20.2333405],[85.8214122,20.2337189],[85.8213924,20.2338209],[85.8213809,20.2339079],[85.8213613,20.2339658],[85.8213448,20.2340027],[85.8213027,20.234025],[85.8212491,20.234025],[85.8211493,20.2340135],[85.8210349,20.2339816],[85.8209717,20.2339662],[85.8208498,20.233929],[85.8206847,20.2338661],[85.8204638,20.2337721]]}},{"type":"Feature","properties":{"highway":"residential","name":null,"surface":null,"lanes":null,"web_layer_source":"F:/datasets/layers/all_highway.geojson"},"geometry":{"type":"LineString","coordinates":[[85.8168876,20.2340454],[85.816858,20.2344355],[85.8168766,20.2345027],[85.8169274,20.2345532],[85.8174881,20.2348488],[85.8175658,20.2348897],[85.8180488,20.2351327],[85.8182819,20.2352499],[85.8183986,20.2353105],[85.8189443,20.2355939]]}},{"type":"Feature","properties":{"highway":"residential","name":null,"surface":null,"lanes":null,"web_layer_source":"F:/datasets/layers/all_highway.geojson"},"geometry":{"type":"LineString","coordinates":[[85.8163746,20.2340095],[85.8168491,20.2340435],[85.8168876,20.2340454],[85.8173433,20.2340686],[85.8175382,20.2340834],[85.8176878,20.2340949],[85.8177839,20.2341011],[85.8184607,20.2341451],[85.8189933,20.2341828]]}},{"type":"Feature","properties":{"highway":"tertiary","name":null,"surface":null,"lanes":null,"web_layer_source":"F:/datasets/layers/all_highway.geojson"},"geometry":{"type":"LineString","coordinates":[[85.8188997,20.236239],[85.8189182,20.236159],[85.8189443,20.2355939],[85.8189469,20.2354398],[85.8189567,20.2351747],[85.8189933,20.2341828],[85.8190163,20.2336313],[85.8190188,20.2335633],[85.8190523,20.232647],[85.8190554,20.232569],[85.8190565,20.2325433],[85.8190539,20.2317651],[85.8190605,20.2316076]]}},{"type":"Feature","properties":{"highway":"residential","name":null,"surface":null,"lanes":null,"web_layer_source":"F:/datasets/layers/all_highway.geojson"},"geometry":{"type":"LineString","coordinates":[[85.7935404,20.2769922],[85.793248,20.2765802]]}},{"type":"Feature","properties":{"highway":"residential","name":null,"surface":null,"lanes":null,"web_layer_source":"F:/datasets/layers/all_highway.geojson"},"geometry":{"type":"LineString","coordinates":[[85.7909274,20.2869008],[85.7900841,20.2861923],[85.7900615,20.2860372],[85.7896456,20.2859944]]}},{"type":"Feature","properties":{"highway":"residential","name":null,"surface":null,"lanes":null,"web_layer_source":"F:/datasets/layers/all_highway.geojson"},"geometry":{"type":"LineString","coordinates":[[85.7913267,20.275146],[85.7914172,20.2753855],[85.7915002,20.2755139],[85.7915454,20.2755816],[85.7916009,20.275643],[85.791656,20.2757009],[85.7919108,20.2759988]]}},{"type":"Feature","properties":{"highway":"residential","name":null,"surface":null,"lanes":null,"web_layer_source":"F:/datasets/layers/all_highway.geojson"},"geometry":{"type":"LineString","coordinates":[[85.7919233,20.2850067],[85.7918206,20.2849243],[85.7917186,20.284812],[85.7916782,20.2847907],[85.791528,20.284626],[85.7914519,20.2845455],[85.791366,20.2844869],[85.7912841,20.2844064],[85.7911651,20.2843698],[85.7910864,20.2843323],[85.790932,20.2842719]]}},{"type":"Feature","properties":{"highway":"service","name":null,"surface":null,"lanes":null,"web_layer_source":"F:/datasets/layers/all_highway.geojson"},"geometry":{"type":"LineString","coordinates":[[85.798722,20.273434],[85.798677,20.2734634]]}},{"type":"Feature","properties":{"highway":"residential","name":null,"surface":null,"lanes":null,"web_layer_source":"F:/datasets/layers/all_highway.geojson"},"geometry":{"type":"LineString","coordinates":[[85.7972477,20.2717737],[85.797172,20.272296],[85.7971879,20.2724894],[85.797153,20.2727142],[85.7972056,20.2730694],[85.7972146,20.2731302],[85.7972505,20.2734669],[85.7978885,20.2734938]]}},{"type":"Feature","properties":{"highway":"residential","name":null,"surface":null,"lanes":null,"web_layer_source":"F:/datasets/layers/all_highway.geojson"},"geometry":{"type":"LineString","coordinates":[[85.7999083,20.2705607],[85.7996129,20.2706798],[85.7995401,20.2707512],[85.7994044,20.2708412],[85.7993081,20.2708896],[85.7992192,20.2709343],[85.7990802,20.2710119],[85.7990505,20.2712074],[85.7989942,20.2714246],[85.7989082,20.271465],[85.798756,20.2714805],[85.7986237,20.2714557],[85.7984898,20.2714498],[85.7984191,20.2715274],[85.7983505,20.2716077],[85.7981349,20.271675],[85.7978663,20.2717358],[85.7977045,20.2717707],[85.7975255,20.2717888],[85.7972477,20.2717737],[85.7972829,20.2716076],[85.7973396,20.2714517]]}},{"type":"Feature","properties":{"highway":"residential","name":null,"surface":null,"lanes":null,"web_layer_source":"F:/datasets/layers/all_highway.geojson"},"geometry":{"type":"LineString","coordinates":[[85.79177,20.2834429],[85.7917101,20.2835754],[85.7916416,20.2836564],[85.7914773,20.2838761],[85.7913485,20.2839713],[85.7910405,20.2841757],[85.790932,20.2842719],[85.7908437,20.2843508],[85.7907278,20.2844905],[85.790507,20.2843837]]}},{"type":"Feature","properties":{"highway":"residential","name":null,"surface":null,"lanes":null,"web_layer_source":"F:/datasets/layers/all_highway.geojson"},"geometry":{"type":"LineString","coordinates":[[85.794534,20.274345],[85.7940569,20.2745807],[85.7937665,20.2747192],[85.7935131,20.2748451],[85.7933989,20.2749214]]}},{"type":"Feature","properties":{"highway":"residential","name":null,"surface":null,"lanes":null,"web_layer_source":"F:/datasets/layers/all_highway.geojson"},"geometry":{"type":"LineString","coordinates":[[85.7981441,20.2726138],[85.7984435,20.2725823],[85.798717,20.2725047],[85.7986975,20.2723127],[85.7988474,20.272231],[85.7990505,20.2722148],[85.7991359,20.2723006],[85.7992019,20.2723667],[85.7993039,20.2725421],[85.7994058,20.2727449],[85.7994176,20.2733552],[85.7995137,20.2739924]]}},{"type":"Feature","properties":{"highway":"residential","name":null,"surface":null,"lanes":null,"web_layer_source":"F:/datasets/layers/all_highway.geojson"},"geometry":{"type":"LineString","coordinates":[[85.7907462,20.2833151],[85.7908932,20.283434],[85.7911415,20.2835686]]}},{"type":"Feature","properties":{"highway":"residential","name":null,"surface":null,"lanes":null,"web_layer_source":"F:/datasets/layers/all_highway.geojson"},"geometry":{"type":"LineString","coordinates":[[85.7936526,20.2753605],[85.7927748,20.2758142],[85.7920649,20.2761811]]}},{"type":"Feature","properties":{"highway":"residential","name":null,"surface":null,"lanes":null,"web_layer_source":"F:/datasets/layers/all_highway.geojson"},"geometry":{"type":"LineString","coordinates":[[85.7928102,20.2850785],[85.7922894,20.2842479],[85.79177,20.2834429]]}},{"type":"Feature","properties":{"highway":"residential","name":null,"surface":null,"lanes":null,"web_layer_source":"F:/datasets/layers/all_highway.geojson"},"geometry":{"type":"LineString","coordinates":[[85.7933187,20.2745632],[85.7931445,20.274671],[85.7930219,20.2747524],[85.7929994,20.2747584],[85.792926,20.2748119],[85.7928695,20.2748657],[85.7927466,20.2749565],[85.7926067,20.2750148],[85.7926265,20.2750748],[85.7926607,20.2751889],[85.7927519,20.2753254],[85.7926514,20.2754378],[85.7925933,20.2755141]]}},{"type":"Feature","properties":{"highway":"residential","name":null,"surface":null,"lanes":null,"web_layer_source":"F:/datasets/layers/all_highway.geojson"},"geometry":{"type":"LineString","coordinates":[[85.7995137,20.2739924],[85.7991862,20.2737681],[85.7989328,20.2735272],[85.798722,20.273434],[85.7986636,20.2734028],[85.7984022,20.2729489],[85.7981441,20.2726138],[85.7980894,20.2724889],[85.7980724,20.2724183],[85.7980456,20.2723064],[85.7979684,20.272036],[85.797917,20.2718924],[85.7978663,20.2717358]]}},{"type":"Feature","properties":{"highway":"residential","name":null,"surface":null,"lanes":null,"web_layer_source":"F:/datasets/layers/all_highway.geojson"},"geometry":{"type":"LineString","coordinates":[[85.7942739,20.2823012],[85.7937888,20.2830309],[85.793546,20.2831375],[85.7931858,20.2833698]]}},{"type":"Feature","properties":{"highway":"residential","name":null,"surface":null,"lanes":null,"web_layer_source":"F:/datasets/layers/all_highway.geojson"},"geometry":{"type":"LineString","coordinates":[[85.7938513,20.2757042],[85.7929536,20.2761243]]}},{"type":"Feature","properties":{"highway":"residential","name":null,"surface":null,"lanes":null,"web_layer_source":"F:/datasets/layers/all_highway.geojson"},"geometry":{"type":"LineString","coordinates":[[85.7949362,20.2717168],[85.7951966,20.2719852],[85.7952148,20.2720054],[85.7954366,20.2722518],[85.7954738,20.2723002],[85.7955718,20.2724278],[85.7957248,20.2724912],[85.795809,20.2725261],[85.7960022,20.272565],[85.7961624,20.2725637],[85.7964029,20.2725288],[85.7964995,20.2725038],[85.7965888,20.2724875],[85.7967526,20.2724499],[85.7968487,20.2725038],[85.7969664,20.2725134],[85.7971879,20.2724894]]}},{"type":"Feature","properties":{"highway":"residential","name":null,"surface":null,"lanes":null,"web_layer_source":"F:/datasets/layers/all_highway.geojson"},"geometry":{"type":"LineString","coordinates":[[85.7911415,20.2835686],[85.790507,20.2843837]]}},{"type":"Feature","properties":{"highway":"residential","name":null,"surface":null,"lanes":null,"web_layer_source":"F:/datasets/layers/all_highway.geojson"},"geometry":{"type":"LineString","coordinates":[[85.7903763,20.2732024],[85.7905604,20.2736453],[85.7905882,20.2739727],[85.7906153,20.2741264],[85.7906265,20.2741951],[85.7906574,20.274548],[85.7906982,20.2747822],[85.7907348,20.2749234],[85.7907784,20.2750371],[85.7908771,20.2752618]]}},{"type":"Feature","properties":{"highway":"residential","name":null,"surface":null,"lanes":null,"web_layer_source":"F:/datasets/layers/all_highway.geojson"},"geometry":{"type":"LineString","coordinates":[[85.7889318,20.287692],[85.7890309,20.2875685],[85.7892082,20.2872557]]}},{"type":"Feature","properties":{"highway":"residential","name":null,"surface":null,"lanes":null,"web_layer_source":"F:/datasets/layers/all_highway.geojson"},"geometry":{"type":"LineString","coordinates":[[85.7926722,20.2801282],[85.7931429,20.2797011]]}},{"type":"Feature","properties":{"highway":"residential","name":null,"surface":null,"lanes":null,"web_layer_source":"F:/datasets/layers/all_highway.geojson"},"geometry":{"type":"LineString","coordinates":[[85.7992019,20.2723667],[85.799427,20.2723599]]}},{"type":"Feature","properties":{"highway":"residential","name":null,"surface":null,"lanes":null,"web_layer_source":"F:/datasets/layers/all_highway.geojson"},"geometry":{"type":"LineString","coordinates":[[85.7913795,20.276401],[85.7911296,20.276083],[85.7909317,20.2755252],[85.7908771,20.2752618]]}},{"type":"Feature","properties":{"highway":"residential","name":null,"surface":null,"lanes":null,"web_layer_source":"F:/datasets/layers/all_highway.geojson"},"geometry":{"type":"LineString","coordinates":[[85.7916008,20.2804417],[85.791427,20.2800875]]}},{"type":"Feature","properties":{"highway":"residential","name":null,"surface":null,"lanes":null,"web_layer_source":"F:/datasets/layers/all_highway.geojson"},"geometry":{"type":"LineString","coordinates":[[85.791656,20.2757009],[85.7911296,20.276083]]}},{"type":"Feature","properties":{"highway":"residential","name":null,"surface":null,"lanes":null,"web_layer_source":"F:/datasets/layers/all_highway.geojson"},"geometry":{"type":"LineString","coordinates":[[85.789909,20.2867803],[85.7894251,20.2866303]]}},{"type":"Feature","properties":{"highway":"residential","name":null,"surface":null,"lanes":null,"web_layer_source":"F:/datasets/layers/all_highway.geojson"},"geometry":{"type":"LineString","coordinates":[[85.7922411,20.2826564],[85.792492,20.2830701],[85.7928869,20.28366]]}},{"type":"Feature","properties":{"highway":"residential","name":null,"surface":null,"lanes":null,"web_layer_source":"F:/datasets/layers/all_highway.geojson"},"geometry":{"type":"LineString","coordinates":[[85.7906153,20.2741264],[85.7900292,20.2741686]]}},{"type":"Feature","properties":{"highway":"residential","name":null,"surface":null,"lanes":null,"web_layer_source":"F:/datasets/layers/all_highway.geojson"},"geometry":{"type":"LineString","coordinates":[[85.7913525,20.2805622],[85.7916008,20.2804417],[85.7917895,20.2803623]]}},{"type":"Feature","properties":{"highway":"residential","name":null,"surface":null,"lanes":null,"web_layer_source":"F:/datasets/layers/all_highway.geojson"},"geometry":{"type":"LineString","coordinates":[[85.7924141,20.2821641],[85.7925106,20.2819588],[85.7925218,20.2817922]]}},{"type":"Feature","properties":{"highway":"residential","name":null,"surface":null,"lanes":null,"web_layer_source":"F:/datasets/layers/all_highway.geojson"},"geometry":{"type":"LineString","coordinates":[[85.79283,20.2803627],[85.7926722,20.2801282],[85.7922901,20.2795499]]}},{"type":"Feature","properties":{"highway":"residential","name":null,"surface":null,"lanes":null,"web_layer_source":"F:/datasets/layers/all_highway.geojson"},"geometry":{"type":"LineString","coordinates":[[85.7991359,20.2723006],[85.7992718,20.2722035],[85.7994344,20.2720984]]}},{"type":"Feature","properties":{"highway":"residential","name":null,"surface":null,"lanes":null,"web_layer_source":"F:/datasets/layers/all_highway.geojson"},"geometry":{"type":"LineString","coordinates":[[85.7929005,20.2767159],[85.7926408,20.2767152],[85.7924559,20.2765895],[85.7923261,20.2764528],[85.7921792,20.2762982]]}},{"type":"Feature","properties":{"highway":"residential","name":null,"surface":null,"lanes":null,"web_layer_source":"F:/datasets/layers/all_highway.geojson"},"geometry":{"type":"LineString","coordinates":[[85.7936648,20.2771776],[85.7921162,20.2783316]]}},{"type":"Feature","properties":{"highway":"residential","name":null,"surface":null,"lanes":null,"web_layer_source":"F:/datasets/layers/all_highway.geojson"},"geometry":{"type":"LineString","coordinates":[[85.7937152,20.2842026],[85.7931858,20.2833698]]}},{"type":"Feature","properties":{"highway":"residential","name":null,"surface":null,"lanes":null,"web_layer_source":"F:/datasets/layers/all_highway.geojson"},"geometry":{"type":"LineString","coordinates":[[85.7890309,20.2875685],[85.7892134,20.2875892],[85.7893889,20.2875862],[85.789744,20.2875459],[85.7902863,20.2874691],[85.7903641,20.287446]]}},{"type":"Feature","properties":{"highway":"residential","name":null,"surface":null,"lanes":null,"web_layer_source":"F:/datasets/layers/all_highway.geojson"},"geometry":{"type":"LineString","coordinates":[[85.7984435,20.2725823],[85.7982964,20.2721335],[85.7982109,20.2718902],[85.7981349,20.271675]]}},{"type":"Feature","properties":{"highway":"residential","name":null,"surface":null,"lanes":null,"web_layer_source":"F:/datasets/layers/all_highway.geojson"},"geometry":{"type":"LineString","coordinates":[[85.7925678,20.2839697],[85.7919845,20.2829927]]}},{"type":"Feature","properties":{"highway":"residential","name":null,"surface":null,"lanes":null,"web_layer_source":"F:/datasets/layers/all_highway.geojson"},"geometry":{"type":"LineString","coordinates":[[85.7932014,20.2750134],[85.7930904,20.2748744],[85.7929994,20.2747584],[85.7928888,20.2746149]]}},{"type":"Feature","properties":{"highway":"residential","name":null,"surface":null,"lanes":null,"web_layer_source":"F:/datasets/layers/all_highway.geojson"},"geometry":{"type":"LineString","coordinates":[[85.7946448,20.274597],[85.794466,20.2746808],[85.7938174,20.2750261],[85.7935522,20.2751867]]}},{"type":"Feature","properties":{"highway":"residential","name":null,"surface":null,"lanes":null,"web_layer_source":"F:/datasets/layers/all_highway.geojson"},"geometry":{"type":"LineString","coordinates":[[85.7933989,20.2749214],[85.7932014,20.2750134],[85.7929865,20.2751575],[85.7927519,20.2753254]]}},{"type":"Feature","properties":{"highway":"residential","name":null,"surface":null,"lanes":null,"web_layer_source":"F:/datasets/layers/all_highway.geojson"},"geometry":{"type":"LineString","coordinates":[[85.7906506,20.2871687],[85.7903171,20.2868745],[85.790161,20.2867501],[85.7899523,20.2866439]]}},{"type":"Feature","properties":{"highway":"residential","name":null,"surface":null,"lanes":null,"web_layer_source":"F:/datasets/layers/all_highway.geojson"},"geometry":{"type":"LineString","coordinates":[[85.7916416,20.2836564],[85.7915505,20.2836072],[85.7914282,20.2835317],[85.7913273,20.2834695],[85.79122,20.2834103]]}},{"type":"Feature","properties":{"highway":"residential","name":null,"surface":null,"lanes":null,"web_layer_source":"F:/datasets/layers/all_highway.geojson"},"geometry":{"type":"LineString","coordinates":[[85.7909317,20.2755252],[85.7910696,20.2754664],[85.7911847,20.2754239],[85.7914172,20.2753855]]}},{"type":"Feature","properties":{"highway":"residential","name":null,"surface":null,"lanes":null,"web_layer_source":"F:/datasets/layers/all_highway.geojson"},"geometry":{"type":"LineString","coordinates":[[85.7914683,20.2773646],[85.7924559,20.2765895]]}},{"type":"Feature","properties":{"highway":"residential","name":null,"surface":null,"lanes":null,"web_layer_source":"F:/datasets/layers/all_highway.geojson"},"geometry":{"type":"LineString","coordinates":[[85.7917462,20.2861083],[85.7912526,20.2856856],[85.7910883,20.2855449],[85.7909232,20.2854036]]}},{"type":"Feature","properties":{"highway":"residential","name":null,"surface":null,"lanes":null,"web_layer_source":"F:/datasets/layers/all_highway.geojson"},"geometry":{"type":"LineString","coordinates":[[85.7972056,20.2730694],[85.7974746,20.2729823],[85.7976624,20.2728952],[85.7977166,20.2728651],[85.7980085,20.2727252],[85.7981441,20.2726138]]}},{"type":"Feature","properties":{"highway":"residential","name":null,"surface":null,"lanes":null,"web_layer_source":"F:/datasets/layers/all_highway.geojson"},"geometry":{"type":"LineString","coordinates":[[85.7971484,20.2741627],[85.7970575,20.2748052],[85.7973807,20.2746648],[85.7976412,20.2745489]]}},{"type":"Feature","properties":{"highway":"residential","name":null,"surface":null,"lanes":null,"web_layer_source":"F:/datasets/layers/all_highway.geojson"},"geometry":{"type":"LineString","coordinates":[[85.7935131,20.2748451],[85.7934348,20.2747145],[85.7933187,20.2745632],[85.7932685,20.2745057],[85.7931782,20.2743992]]}},{"type":"Feature","properties":{"highway":"residential","name":null,"surface":null,"lanes":null,"web_layer_source":"F:/datasets/layers/all_highway.geojson"},"geometry":{"type":"LineString","coordinates":[[85.7947935,20.2749055],[85.7947235,20.274943],[85.7937215,20.2754796]]}},{"type":"Feature","properties":{"highway":"residential","name":null,"surface":null,"lanes":null,"web_layer_source":"F:/datasets/layers/all_highway.geojson"},"geometry":{"type":"LineString","coordinates":[[85.7929536,20.2761243],[85.7927748,20.2758142],[85.7926576,20.2756066],[85.7925933,20.2755141],[85.7924256,20.2751756],[85.7922931,20.2748903]]}},{"type":"Feature","properties":{"highway":"residential","name":null,"surface":null,"lanes":null,"web_layer_source":"F:/datasets/layers/all_highway.geojson"},"geometry":{"type":"LineString","coordinates":[[85.7953457,20.2761285],[85.7951203,20.2756953],[85.7949203,20.2753159],[85.7947235,20.274943]]}},{"type":"Feature","properties":{"highway":"residential","name":null,"surface":null,"lanes":null,"web_layer_source":"F:/datasets/layers/all_highway.geojson"},"geometry":{"type":"LineString","coordinates":[[85.7957248,20.2724912],[85.7955018,20.2728997],[85.7955213,20.2729733]]}},{"type":"Feature","properties":{"highway":"residential","name":null,"surface":null,"lanes":null,"web_layer_source":"F:/datasets/layers/all_highway.geojson"},"geometry":{"type":"LineString","coordinates":[[85.7941032,20.2719631],[85.7942273,20.2719166],[85.7945393,20.2717996],[85.794791,20.2717447],[85.7949362,20.2717168],[85.7950192,20.2717008],[85.7959204,20.2714612],[85.7962801,20.271312],[85.7964439,20.2712242],[85.7966264,20.2712505],[85.7969305,20.2713559],[85.7973396,20.2714517]]}},{"type":"Feature","properties":{"highway":"residential","name":null,"surface":null,"lanes":null,"web_layer_source":"F:/datasets/layers/all_highway.geojson"},"geometry":{"type":"LineString","coordinates":[[85.7914952,20.2828552],[85.7912139,20.2827098]]}},{"type":"Feature","properties":{"highway":"residential","name":null,"surface":null,"lanes":null,"web_layer_source":"F:/datasets/layers/all_highway.geojson"},"geometry":{"type":"LineString","coordinates":[[85.7949203,20.2753159],[85.7939226,20.2758276]]}},{"type":"Feature","properties":{"highway":"residential","name":null,"surface":null,"lanes":null,"web_layer_source":"F:/datasets/layers/all_highway.geojson"},"geometry":{"type":"LineString","coordinates":[[85.7934038,20.284504],[85.7928869,20.28366]]}},{"type":"Feature","properties":{"highway":"service","name":null,"surface":null,"lanes":null,"web_layer_source":"F:/datasets/layers/all_highway.geojson"},"geometry":{"type":"LineString","coordinates":[[85.798677,20.2734634],[85.7986156,20.2734776],[85.7982496,20.273534]]}},{"type":"Feature","properties":{"highway":"residential","name":null,"surface":null,"lanes":null,"web_layer_source":"F:/datasets/layers/all_highway.geojson"},"geometry":{"type":"LineString","coordinates":[[85.797172,20.272296],[85.7973646,20.2723499],[85.7975134,20.2723949],[85.7976709,20.2723938],[85.7978406,20.2723928],[85.7979713,20.2724066],[85.7980724,20.2724183]]}},{"type":"Feature","properties":{"highway":"residential","name":null,"surface":null,"lanes":null,"web_layer_source":"F:/datasets/layers/all_highway.geojson"},"geometry":{"type":"LineString","coordinates":[[85.7914657,20.2863798],[85.7905799,20.2856451]]}},{"type":"Feature","properties":{"highway":"residential","name":null,"surface":null,"lanes":null,"web_layer_source":"F:/datasets/layers/all_highway.geojson"},"geometry":{"type":"LineString","coordinates":[[85.7924135,20.2854625],[85.7919233,20.2850067]]}},{"type":"Feature","properties":{"highway":"residential","name":null,"surface":null,"lanes":null,"web_layer_source":"F:/datasets/layers/all_highway.geojson"},"geometry":{"type":"LineString","coordinates":[[85.7901557,20.2745955],[85.790181,20.2747327],[85.7901888,20.2748132],[85.7901888,20.27487],[85.7902169,20.27507],[85.7902837,20.2753416]]}},{"type":"Feature","properties":{"highway":"residential","name":null,"surface":null,"lanes":null,"web_layer_source":"F:/datasets/layers/all_highway.geojson"},"geometry":{"type":"LineString","coordinates":[[85.7925259,20.2853537],[85.7919631,20.2845568]]}},{"type":"Feature","properties":{"highway":"residential","name":null,"surface":null,"lanes":null,"web_layer_source":"F:/datasets/layers/all_highway.geojson"},"geometry":{"type":"LineString","coordinates":[[85.7900905,20.2847117],[85.790375,20.2848129],[85.7905166,20.2850389],[85.7909232,20.2854036]]}},{"type":"Feature","properties":{"highway":"residential","name":null,"surface":null,"lanes":null,"web_layer_source":"F:/datasets/layers/all_highway.geojson"},"geometry":{"type":"LineString","coordinates":[[85.7979872,20.2740665],[85.7977432,20.2741395],[85.797638,20.274165],[85.7974518,20.2741878],[85.7972575,20.2741991],[85.7971484,20.2741627],[85.7971066,20.2740738],[85.7971428,20.2738522],[85.7972505,20.2734669]]}},{"type":"Feature","properties":{"highway":"residential","name":null,"surface":null,"lanes":null,"web_layer_source":"F:/datasets/layers/all_highway.geojson"},"geometry":{"type":"LineString","coordinates":[[85.7910094,20.2766872],[85.7912094,20.2765352],[85.7913795,20.276401],[85.7919108,20.2759988],[85.7920649,20.2761811]]}},{"type":"Feature","properties":{"highway":"residential","name":null,"surface":null,"lanes":null,"web_layer_source":"F:/datasets/layers/all_highway.geojson"},"geometry":{"type":"LineString","coordinates":[[85.7905299,20.2876019],[85.7903641,20.287446]]}},{"type":"Feature","properties":{"highway":"service","name":null,"surface":null,"lanes":null,"web_layer_source":"F:/datasets/layers/all_highway.geojson"},"geometry":{"type":"LineString","coordinates":[[85.7943086,20.2792],[85.7942712,20.2791648],[85.7941686,20.2790683],[85.7940647,20.2789638],[85.7938959,20.2787761],[85.7938676,20.2787117],[85.7940248,20.2785746],[85.7941228,20.2785021],[85.7941904,20.2784439],[85.7943384,20.2783167],[85.7943834,20.2782754]]}},{"type":"Feature","properties":{"highway":"residential","name":null,"surface":null,"lanes":null,"web_layer_source":"F:/datasets/layers/all_highway.geojson"},"geometry":{"type":"LineString","coordinates":[[85.7911911,20.2866456],[85.7901899,20.285815]]}},{"type":"Feature","properties":{"highway":"residential","name":null,"surface":null,"lanes":null,"web_layer_source":"F:/datasets/layers/all_highway.geojson"},"geometry":{"type":"LineString","coordinates":[[85.7913473,20.2731525],[85.7911556,20.2733004],[85.7909798,20.2734502],[85.7909233,20.2734913],[85.79087,20.2735243],[85.790803,20.2735606],[85.7906742,20.2736045],[85.7905604,20.2736453]]}},{"type":"Feature","properties":{"highway":"residential","name":null,"surface":null,"lanes":null,"web_layer_source":"F:/datasets/layers/all_highway.geojson"},"geometry":{"type":"LineString","coordinates":[[85.7973223,20.252976],[85.797476,20.2534458],[85.7976562,20.253959],[85.7977138,20.2543206],[85.7977669,20.2547293],[85.7979273,20.2547083],[85.7989073,20.2544534],[85.7989498,20.254445],[85.7993241,20.2543577],[85.7998568,20.2542996],[85.7999278,20.2542617]]}},{"type":"Feature","properties":{"highway":"residential","name":"Khandagiri main road","surface":null,"lanes":null,"web_layer_source":"F:/datasets/layers/all_highway.geojson"},"geometry":{"type":"LineString","coordinates":[[85.7920319,20.265977],[85.792329,20.2657558],[85.7926343,20.2655469],[85.7931181,20.2651925],[85.7933701,20.2647392],[85.7936321,20.2643635],[85.7937157,20.2643167],[85.793866,20.2642326],[85.794201,20.264471],[85.7946265,20.2646565],[85.7949418,20.264464]]}},{"type":"Feature","properties":{"highway":"residential","name":null,"surface":null,"lanes":null,"web_layer_source":"F:/datasets/layers/all_highway.geojson"},"geometry":{"type":"LineString","coordinates":[[85.7973685,20.2516226],[85.7973268,20.2517559],[85.7973837,20.252037],[85.7975359,20.2519583],[85.7976242,20.2517611],[85.7977423,20.2515762],[85.7978561,20.2513953],[85.7979626,20.2512095],[85.7979959,20.2511385],[85.7978185,20.2508862]]}},{"type":"Feature","properties":{"highway":"residential","name":null,"surface":null,"lanes":null,"web_layer_source":"F:/datasets/layers/all_highway.geojson"},"geometry":{"type":"LineString","coordinates":[[85.8026751,20.2581216],[85.8022401,20.2582216],[85.8014918,20.2583833],[85.8014643,20.2582823],[85.8011128,20.2583748],[85.8007652,20.2584663],[85.8006404,20.2584991],[85.8005706,20.2583941],[85.8004255,20.2581607],[85.8003764,20.2580938],[85.8001877,20.2578184]]}},{"type":"Feature","properties":{"highway":"residential","name":null,"surface":null,"lanes":null,"web_layer_source":"F:/datasets/layers/all_highway.geojson"},"geometry":{"type":"LineString","coordinates":[[85.793866,20.2642326],[85.7941119,20.263882],[85.7943541,20.2635546],[85.7944016,20.2635003],[85.7945328,20.2633502],[85.7946125,20.2632591],[85.7950118,20.2630017],[85.7950876,20.2629528],[85.7953491,20.2629506],[85.795591,20.2629302],[85.7954637,20.2624345],[85.7954519,20.2623641],[85.7956317,20.2623648],[85.7958525,20.2620625]]}},{"type":"Feature","properties":{"highway":"residential","name":null,"surface":null,"lanes":null,"web_layer_source":"F:/datasets/layers/all_highway.geojson"},"geometry":{"type":"LineString","coordinates":[[85.787863,20.2567518],[85.7880865,20.2566408],[85.7883136,20.256519],[85.7888727,20.256416],[85.7889676,20.256594],[85.7891802,20.2565741],[85.7894031,20.2565533],[85.7895442,20.2565401],[85.7896217,20.2565404],[85.7899316,20.2565417],[85.7901282,20.2565425],[85.7904673,20.2565346],[85.7905058,20.2565163],[85.7905211,20.2564881],[85.7905191,20.2564327],[85.7904991,20.2562836],[85.7905021,20.2562461],[85.7905201,20.2562208],[85.7905781,20.256187],[85.7906631,20.2561617]]}},{"type":"Feature","properties":{"highway":"residential","name":null,"surface":null,"lanes":null,"web_layer_source":"F:/datasets/layers/all_highway.geojson"},"geometry":{"type":"LineString","coordinates":[[85.7844916,20.2569787],[85.7838302,20.2569326],[85.7833652,20.256903],[85.7828799,20.2568725],[85.7818668,20.2568089],[85.7818107,20.2566333],[85.7816552,20.2561842],[85.7813952,20.2554886],[85.7810547,20.2545798],[85.7815859,20.2542037],[85.7814285,20.2537848]]}},{"type":"Feature","properties":{"highway":"residential","name":null,"surface":null,"lanes":null,"web_layer_source":"F:/datasets/layers/all_highway.geojson"},"geometry":{"type":"LineString","coordinates":[[85.8014643,20.2582823],[85.8013845,20.2580312],[85.8011826,20.258077],[85.8010623,20.2578379],[85.8003764,20.2580938],[85.7995105,20.258364],[85.7992235,20.2584174],[85.7986956,20.2584313]]}},{"type":"Feature","properties":{"highway":"residential","name":null,"surface":null,"lanes":null,"web_layer_source":"F:/datasets/layers/all_highway.geojson"},"geometry":{"type":"LineString","coordinates":[[85.7938333,20.2493548],[85.7931861,20.2496782],[85.7931289,20.2497068],[85.7929526,20.2498005],[85.79286,20.2495746],[85.7926725,20.2491341],[85.7926619,20.249062],[85.7926884,20.249046],[85.7928939,20.249025],[85.7934469,20.2488894],[85.7939784,20.2487338],[85.793847,20.2485037]]}},{"type":"Feature","properties":{"highway":"residential","name":null,"surface":null,"lanes":null,"web_layer_source":"F:/datasets/layers/all_highway.geojson"},"geometry":{"type":"LineString","coordinates":[[85.7974156,20.2701011],[85.7972838,20.2699696],[85.7972024,20.2698716],[85.7971624,20.2697995],[85.7970396,20.269607],[85.7969398,20.2694993],[85.7965263,20.2693096],[85.7964838,20.26921],[85.796273,20.2690376],[85.795921,20.268685]]}},{"type":"Feature","properties":{"highway":"residential","name":null,"surface":null,"lanes":null,"web_layer_source":"F:/datasets/layers/all_highway.geojson"},"geometry":{"type":"LineString","coordinates":[[85.7977167,20.2623761],[85.7971574,20.2626781],[85.7971748,20.2627525],[85.7971345,20.2628217],[85.7970367,20.2628538],[85.7969445,20.2628606],[85.7967975,20.2628644],[85.7967899,20.2630001],[85.7964089,20.2631443],[85.7963037,20.2629894],[85.7960284,20.2632429]]}},{"type":"Feature","properties":{"highway":"residential","name":null,"surface":null,"lanes":null,"web_layer_source":"F:/datasets/layers/all_highway.geojson"},"geometry":{"type":"LineString","coordinates":[[85.7969601,20.2491284],[85.7969593,20.2494146],[85.796959,20.2495599],[85.7969584,20.2497709],[85.7969575,20.2501134],[85.7969556,20.2508663],[85.7969544,20.2513237],[85.795574,20.2513237]]}},{"type":"Feature","properties":{"highway":"residential","name":null,"surface":null,"lanes":null,"web_layer_source":"F:/datasets/layers/all_highway.geojson"},"geometry":{"type":"LineString","coordinates":[[85.796959,20.2495599],[85.7964775,20.249531],[85.7960182,20.2495035],[85.7953834,20.2494701],[85.7949346,20.2494439],[85.7946113,20.2494251],[85.794806,20.2498867],[85.7953501,20.2499185],[85.7960163,20.249947],[85.7959946,20.2507478],[85.7959982,20.250774],[85.796005,20.2507919],[85.7960236,20.2508068],[85.7960461,20.2508128],[85.796493,20.2508459],[85.7969556,20.2508663]]}},{"type":"Feature","properties":{"highway":"residential","name":null,"surface":null,"lanes":null,"web_layer_source":"F:/datasets/layers/all_highway.geojson"},"geometry":{"type":"LineString","coordinates":[[85.7969575,20.2501134],[85.7972674,20.250268],[85.7979124,20.2506274],[85.7979807,20.2506622],[85.7978185,20.2508862],[85.7976642,20.2511354],[85.7973685,20.2516226],[85.7972873,20.2515779],[85.7972808,20.2509239],[85.7972777,20.250602],[85.7972674,20.250268]]}},{"type":"Feature","properties":{"highway":"residential","name":null,"surface":null,"lanes":null,"web_layer_source":"F:/datasets/layers/all_highway.geojson"},"geometry":{"type":"LineString","coordinates":[[85.7834487,20.2498144],[85.7829713,20.2497047],[85.7821811,20.2495233],[85.7820183,20.2495698],[85.7818573,20.2496507],[85.7816077,20.2498122],[85.7815334,20.250297],[85.7816113,20.2510741],[85.7816171,20.2511286],[85.7816939,20.2518466],[85.7820718,20.2517597],[85.7820722,20.2516148]]}},{"type":"Feature","properties":{"highway":"residential","name":null,"surface":null,"lanes":null,"web_layer_source":"F:/datasets/layers/all_highway.geojson"},"geometry":{"type":"LineString","coordinates":[[85.7908149,20.2549079],[85.7908193,20.2545705],[85.7908941,20.25442],[85.7909797,20.2542874],[85.7909673,20.2538799],[85.7909316,20.2534839],[85.7917466,20.2536921],[85.7923384,20.2538432],[85.7926928,20.2539197],[85.7929085,20.2539804],[85.7930082,20.2539611],[85.7930582,20.2538961],[85.7931381,20.2532638]]}},{"type":"Feature","properties":{"highway":"residential","name":null,"surface":null,"lanes":null,"web_layer_source":"F:/datasets/layers/all_highway.geojson"},"geometry":{"type":"LineString","coordinates":[[85.7991013,20.2703015],[85.7990484,20.2700598],[85.7989664,20.2696842],[85.7990065,20.2694123],[85.7990672,20.2692097],[85.7990842,20.269153],[85.7993499,20.268549],[85.7994669,20.2683272],[85.7997945,20.2677534],[85.7999456,20.2677808],[85.8004094,20.2675491],[85.8001742,20.2673994]]}},{"type":"Feature","properties":{"highway":"residential","name":null,"surface":null,"lanes":null,"web_layer_source":"F:/datasets/layers/all_highway.geojson"},"geometry":{"type":"LineString","coordinates":[[85.7962094,20.2538001],[85.7963315,20.2541497],[85.7963668,20.2542891],[85.7963799,20.2545267],[85.7963831,20.2545851],[85.7963567,20.2548621],[85.7963628,20.2550996],[85.7968468,20.2550433],[85.7972327,20.254909],[85.7973479,20.2552221],[85.797483,20.2554538],[85.7978735,20.2553692],[85.79789,20.2555437],[85.7979143,20.2556007],[85.7979644,20.2555958],[85.7982252,20.2555103],[85.7984492,20.2561817]]}},{"type":"Feature","properties":{"highway":"residential","name":null,"surface":null,"lanes":null,"web_layer_source":"F:/datasets/layers/all_highway.geojson"},"geometry":{"type":"LineString","coordinates":[[85.7845478,20.2702677],[85.7844692,20.2699171]]}},{"type":"Feature","properties":{"highway":"residential","name":null,"surface":null,"lanes":null,"web_layer_source":"F:/datasets/layers/all_highway.geojson"},"geometry":{"type":"LineString","coordinates":[[85.8004455,20.2516032],[85.8011123,20.2513647],[85.80117,20.2513639],[85.8012096,20.2513782],[85.8012355,20.2514139],[85.8014124,20.2518642]]}},{"type":"Feature","properties":{"highway":"residential","name":null,"surface":null,"lanes":null,"web_layer_source":"F:/datasets/layers/all_highway.geojson"},"geometry":{"type":"LineString","coordinates":[[85.7982764,20.2699786],[85.7981696,20.2694607]]}},{"type":"Feature","properties":{"highway":"residential","name":null,"surface":null,"lanes":null,"web_layer_source":"F:/datasets/layers/all_highway.geojson"},"geometry":{"type":"LineString","coordinates":[[85.800097,20.2534255],[85.7996099,20.2535869]]}},{"type":"Feature","properties":{"highway":"service","name":null,"surface":null,"lanes":null,"web_layer_source":"F:/datasets/layers/all_highway.geojson"},"geometry":{"type":"LineString","coordinates":[[85.7860747,20.2674558],[85.7861593,20.2678166]]}},{"type":"Feature","properties":{"highway":"residential","name":null,"surface":null,"lanes":null,"web_layer_source":"F:/datasets/layers/all_highway.geojson"},"geometry":{"type":"LineString","coordinates":[[85.8012276,20.2588233],[85.8011128,20.2583748]]}},{"type":"Feature","properties":{"highway":"residential","name":null,"surface":null,"lanes":null,"web_layer_source":"F:/datasets/layers/all_highway.geojson"},"geometry":{"type":"LineString","coordinates":[[85.7973715,20.2616212],[85.797705,20.2616959]]}},{"type":"Feature","properties":{"highway":"residential","name":null,"surface":null,"lanes":null,"web_layer_source":"F:/datasets/layers/all_highway.geojson"},"geometry":{"type":"LineString","coordinates":[[85.8005086,20.2546447],[85.8007116,20.2549938]]}},{"type":"Feature","properties":{"highway":"residential","name":null,"surface":null,"lanes":null,"web_layer_source":"F:/datasets/layers/all_highway.geojson"},"geometry":{"type":"LineString","coordinates":[[85.7973482,20.2617193],[85.7969953,20.2616707]]}},{"type":"Feature","properties":{"highway":"residential","name":null,"surface":null,"lanes":null,"web_layer_source":"F:/datasets/layers/all_highway.geojson"},"geometry":{"type":"LineString","coordinates":[[85.7994237,20.2554575],[85.7998717,20.2552951]]}},{"type":"Feature","properties":{"highway":"residential","name":null,"surface":null,"lanes":null,"web_layer_source":"F:/datasets/layers/all_highway.geojson"},"geometry":{"type":"LineString","coordinates":[[85.7829713,20.2497047],[85.7828621,20.2492997]]}},{"type":"Feature","properties":{"highway":"residential","name":"Shanti Viahar Road","surface":null,"lanes":null,"web_layer_source":"F:/datasets/layers/all_highway.geojson"},"geometry":{"type":"LineString","coordinates":[[85.8018465,20.2553832],[85.8016395,20.2549073]]}},{"type":"Feature","properties":{"highway":"residential","name":null,"surface":null,"lanes":null,"web_layer_source":"F:/datasets/layers/all_highway.geojson"},"geometry":{"type":"LineString","coordinates":[[85.7999083,20.2705607],[85.7997176,20.2699327]]}},{"type":"Feature","properties":{"highway":"residential","name":null,"surface":null,"lanes":null,"web_layer_source":"F:/datasets/layers/all_highway.geojson"},"geometry":{"type":"LineString","coordinates":[[85.7936086,20.2601261],[85.7935711,20.2596412]]}},{"type":"Feature","properties":{"highway":"residential","name":null,"surface":null,"lanes":null,"web_layer_source":"F:/datasets/layers/all_highway.geojson"},"geometry":{"type":"LineString","coordinates":[[85.7985829,20.2582655],[85.7978366,20.2583482]]}},{"type":"Feature","properties":{"highway":"residential","name":null,"surface":"unpaved","lanes":null,"web_layer_source":"F:/datasets/layers/all_highway.geojson"},"geometry":{"type":"LineString","coordinates":[[85.7972808,20.2509239],[85.7974524,20.2510138]]}},{"type":"Feature","properties":{"highway":"residential","name":null,"surface":null,"lanes":null,"web_layer_source":"F:/datasets/layers/all_highway.geojson"},"geometry":{"type":"LineString","coordinates":[[85.8027662,20.2519465],[85.802705,20.2523267],[85.8026201,20.2523701],[85.801849,20.2525903],[85.8009365,20.2528459]]}},{"type":"Feature","properties":{"highway":"service","name":null,"surface":null,"lanes":null,"web_layer_source":"F:/datasets/layers/all_highway.geojson"},"geometry":{"type":"LineString","coordinates":[[85.7858391,20.2675449],[85.7859387,20.267869]]}},{"type":"Feature","properties":{"highway":"residential","name":null,"surface":null,"lanes":null,"web_layer_source":"F:/datasets/layers/all_highway.geojson"},"geometry":{"type":"LineString","coordinates":[[85.8008336,20.2545035],[85.8010087,20.2548436]]}},{"type":"Feature","properties":{"highway":"residential","name":null,"surface":null,"lanes":null,"web_layer_source":"F:/datasets/layers/all_highway.geojson"},"geometry":{"type":"LineString","coordinates":[[85.7975846,20.2489762],[85.7977887,20.2486315]]}},{"type":"Feature","properties":{"highway":"residential","name":null,"surface":null,"lanes":null,"web_layer_source":"F:/datasets/layers/all_highway.geojson"},"geometry":{"type":"LineString","coordinates":[[85.7821703,20.2697035],[85.7826557,20.2697925]]}},{"type":"Feature","properties":{"highway":"residential","name":null,"surface":null,"lanes":null,"web_layer_source":"F:/datasets/layers/all_highway.geojson"},"geometry":{"type":"LineString","coordinates":[[85.7920163,20.2505904],[85.7914062,20.2506959]]}},{"type":"Feature","properties":{"highway":"residential","name":null,"surface":null,"lanes":null,"web_layer_source":"F:/datasets/layers/all_highway.geojson"},"geometry":{"type":"LineString","coordinates":[[85.7997914,20.2589816],[85.7996894,20.2586825]]}},{"type":"Feature","properties":{"highway":"residential","name":null,"surface":null,"lanes":null,"web_layer_source":"F:/datasets/layers/all_highway.geojson"},"geometry":{"type":"LineString","coordinates":[[85.8011151,20.2533033],[85.8018451,20.2530805]]}},{"type":"Feature","properties":{"highway":"residential","name":null,"surface":null,"lanes":null,"web_layer_source":"F:/datasets/layers/all_highway.geojson"},"geometry":{"type":"LineString","coordinates":[[85.7977565,20.2693946],[85.798059,20.2691792]]}},{"type":"Feature","properties":{"highway":"residential","name":null,"surface":null,"lanes":null,"web_layer_source":"F:/datasets/layers/all_highway.geojson"},"geometry":{"type":"LineString","coordinates":[[85.7818107,20.2566333],[85.7800019,20.2564416]]}},{"type":"Feature","properties":{"highway":"residential","name":null,"surface":null,"lanes":null,"web_layer_source":"F:/datasets/layers/all_highway.geojson"},"geometry":{"type":"LineString","coordinates":[[85.7991359,20.2592223],[85.7991223,20.2587731]]}},{"type":"Feature","properties":{"highway":"residential","name":null,"surface":null,"lanes":null,"web_layer_source":"F:/datasets/layers/all_highway.geojson"},"geometry":{"type":"LineString","coordinates":[[85.7978153,20.2591568],[85.7977648,20.2599466]]}},{"type":"Feature","properties":{"highway":"residential","name":null,"surface":null,"lanes":null,"web_layer_source":"F:/datasets/layers/all_highway.geojson"},"geometry":{"type":"LineString","coordinates":[[85.7910695,20.2554962],[85.7912186,20.2555299],[85.791701,20.2554799],[85.7917733,20.2554653],[85.7923425,20.2552895],[85.7923956,20.255298],[85.792616,20.2553353],[85.7928075,20.2553789],[85.792988,20.2554005],[85.7933214,20.2553908],[85.7938396,20.2553764],[85.7938625,20.2554593],[85.7939067,20.2556021],[85.7940377,20.2557116],[85.7945226,20.2557415],[85.7950535,20.2557067],[85.7952467,20.255767],[85.7954249,20.2558539],[85.7955357,20.2559406],[85.7956131,20.2560788],[85.7956784,20.2562365],[85.7957219,20.256304],[85.795783,20.2564062],[85.7959278,20.2569891]]}},{"type":"Feature","properties":{"highway":"residential","name":null,"surface":null,"lanes":null,"web_layer_source":"F:/datasets/layers/all_highway.geojson"},"geometry":{"type":"LineString","coordinates":[[85.7960163,20.249947],[85.7960182,20.2495035]]}},{"type":"Feature","properties":{"highway":"residential","name":null,"surface":null,"lanes":null,"web_layer_source":"F:/datasets/layers/all_highway.geojson"},"geometry":{"type":"LineString","coordinates":[[85.7838302,20.2569326],[85.7835375,20.2558855]]}},{"type":"Feature","properties":{"highway":"residential","name":null,"surface":null,"lanes":null,"web_layer_source":"F:/datasets/layers/all_highway.geojson"},"geometry":{"type":"LineString","coordinates":[[85.7974156,20.2701011],[85.7970538,20.2701794],[85.796974,20.27019],[85.7968895,20.2701757]]}},{"type":"Feature","properties":{"highway":"residential","name":null,"surface":null,"lanes":null,"web_layer_source":"F:/datasets/layers/all_highway.geojson"},"geometry":{"type":"LineString","coordinates":[[85.7975593,20.260849],[85.7983786,20.2610216]]}},{"type":"Feature","properties":{"highway":"residential","name":null,"surface":null,"lanes":null,"web_layer_source":"F:/datasets/layers/all_highway.geojson"},"geometry":{"type":"LineString","coordinates":[[85.796493,20.2508459],[85.7964775,20.249531]]}},{"type":"Feature","properties":{"highway":"residential","name":null,"surface":null,"lanes":null,"web_layer_source":"F:/datasets/layers/all_highway.geojson"},"geometry":{"type":"LineString","coordinates":[[85.7997879,20.2597055],[85.7997879,20.2593917]]}},{"type":"Feature","properties":{"highway":"residential","name":null,"surface":null,"lanes":null,"web_layer_source":"F:/datasets/layers/all_highway.geojson"},"geometry":{"type":"LineString","coordinates":[[85.8011451,20.2543753],[85.8013129,20.2546691]]}},{"type":"Feature","properties":{"highway":"residential","name":null,"surface":null,"lanes":null,"web_layer_source":"F:/datasets/layers/all_highway.geojson"},"geometry":{"type":"LineString","coordinates":[[85.7976754,20.268889],[85.7978385,20.2687987]]}},{"type":"Feature","properties":{"highway":"residential","name":null,"surface":null,"lanes":null,"web_layer_source":"F:/datasets/layers/all_highway.geojson"},"geometry":{"type":"LineString","coordinates":[[85.796946,20.2488087],[85.7964582,20.2487795]]}},{"type":"Feature","properties":{"highway":"residential","name":null,"surface":null,"lanes":null,"web_layer_source":"F:/datasets/layers/all_highway.geojson"},"geometry":{"type":"LineString","coordinates":[[85.8005897,20.2520106],[85.8009378,20.2518923]]}},{"type":"Feature","properties":{"highway":"residential","name":null,"surface":null,"lanes":null,"web_layer_source":"F:/datasets/layers/all_highway.geojson"},"geometry":{"type":"LineString","coordinates":[[85.7977716,20.2576332],[85.7984407,20.257461]]}},{"type":"Feature","properties":{"highway":"residential","name":null,"surface":null,"lanes":null,"web_layer_source":"F:/datasets/layers/all_highway.geojson"},"geometry":{"type":"LineString","coordinates":[[85.797459,20.260081],[85.7975181,20.2591419]]}},{"type":"Feature","properties":{"highway":"residential","name":null,"surface":"unpaved","lanes":null,"web_layer_source":"F:/datasets/layers/all_highway.geojson"},"geometry":{"type":"LineString","coordinates":[[85.7972777,20.250602],[85.7978185,20.2508862]]}},{"type":"Feature","properties":{"highway":"residential","name":null,"surface":null,"lanes":null,"web_layer_source":"F:/datasets/layers/all_highway.geojson"},"geometry":{"type":"LineString","coordinates":[[85.7981894,20.2531814],[85.7980129,20.2527777]]}},{"type":"Feature","properties":{"highway":"residential","name":null,"surface":null,"lanes":null,"web_layer_source":"F:/datasets/layers/all_highway.geojson"},"geometry":{"type":"LineString","coordinates":[[85.7974,20.2582558],[85.797639,20.2581965]]}},{"type":"Feature","properties":{"highway":"residential","name":null,"surface":null,"lanes":null,"web_layer_source":"F:/datasets/layers/all_highway.geojson"},"geometry":{"type":"LineString","coordinates":[[85.7953501,20.2499185],[85.7953834,20.2494701]]}},{"type":"Feature","properties":{"highway":"residential","name":null,"surface":null,"lanes":null,"web_layer_source":"F:/datasets/layers/all_highway.geojson"},"geometry":{"type":"LineString","coordinates":[[85.7828799,20.2568725],[85.7827301,20.2562193]]}},{"type":"Feature","properties":{"highway":"residential","name":null,"surface":null,"lanes":null,"web_layer_source":"F:/datasets/layers/all_highway.geojson"},"geometry":{"type":"LineString","coordinates":[[85.7976159,20.2497804],[85.7969593,20.2494146]]}},{"type":"Feature","properties":{"highway":"residential","name":null,"surface":null,"lanes":null,"web_layer_source":"F:/datasets/layers/all_highway.geojson"},"geometry":{"type":"LineString","coordinates":[[85.7977178,20.260169],[85.7983274,20.260209]]}},{"type":"Feature","properties":{"highway":"residential","name":null,"surface":null,"lanes":null,"web_layer_source":"F:/datasets/layers/all_highway.geojson"},"geometry":{"type":"LineString","coordinates":[[85.797282,20.2619923],[85.7973482,20.2617193],[85.7973715,20.2616212],[85.7974594,20.261261],[85.7975277,20.2609794],[85.7975593,20.260849],[85.7975978,20.2606731],[85.7976172,20.2605033],[85.7977178,20.260169],[85.797733,20.2600977],[85.7977648,20.2599466],[85.7979241,20.2599234],[85.7980885,20.2597044],[85.7986191,20.2589925]]}},{"type":"Feature","properties":{"highway":"residential","name":null,"surface":null,"lanes":null,"web_layer_source":"F:/datasets/layers/all_highway.geojson"},"geometry":{"type":"LineString","coordinates":[[85.7918302,20.2511819],[85.7918215,20.2512781],[85.7918046,20.2513742],[85.7917806,20.2515024],[85.7913022,20.2515376],[85.7912988,20.2515382],[85.7912961,20.2515407],[85.7912946,20.2515443],[85.7913025,20.2516609],[85.7910936,20.251667],[85.7909661,20.2516693],[85.7909491,20.2514722],[85.7909473,20.2514658],[85.7909432,20.2514618],[85.7909376,20.2514606],[85.7907862,20.2514696],[85.7907768,20.2514678],[85.7907688,20.251462],[85.7907656,20.2514553],[85.7907585,20.2513589],[85.7907536,20.2510266],[85.7907522,20.2510216],[85.7907484,20.2510184],[85.7907434,20.2510165],[85.7906517,20.2510181],[85.7906594,20.2506946],[85.7900851,20.2507309]]}},{"type":"Feature","properties":{"highway":"residential","name":null,"surface":null,"lanes":null,"web_layer_source":"F:/datasets/layers/all_highway.geojson"},"geometry":{"type":"LineString","coordinates":[[85.8011651,20.2534434],[85.8011151,20.2533033],[85.8010123,20.2530538],[85.8009365,20.2528459],[85.8008901,20.2527266]]}},{"type":"Feature","properties":{"highway":"residential","name":null,"surface":null,"lanes":null,"web_layer_source":"F:/datasets/layers/all_highway.geojson"},"geometry":{"type":"LineString","coordinates":[[85.7893892,20.254514],[85.7893809,20.2543764],[85.7893833,20.2542572],[85.7893796,20.2542005],[85.7893779,20.2541587],[85.7893684,20.2540547],[85.7893651,20.2539528],[85.7893617,20.2538654],[85.7893628,20.2537641],[85.7893632,20.2537127],[85.7893326,20.2536507],[85.7892975,20.2535434],[85.7892911,20.2534714],[85.7892835,20.2533857],[85.7892765,20.253263],[85.7892695,20.2531381],[85.7892155,20.2530767],[85.7891234,20.2530483],[85.788987,20.2530396],[85.7887099,20.2530625]]}},{"type":"Feature","properties":{"highway":"residential","name":null,"surface":null,"lanes":null,"web_layer_source":"F:/datasets/layers/all_highway.geojson"},"geometry":{"type":"LineString","coordinates":[[85.7997405,20.2513162],[85.7996553,20.2510394],[85.7996155,20.25092]]}},{"type":"Feature","properties":{"highway":"residential","name":null,"surface":null,"lanes":null,"web_layer_source":"F:/datasets/layers/all_highway.geojson"},"geometry":{"type":"LineString","coordinates":[[85.7811649,20.2530658],[85.7807122,20.253037],[85.780526,20.2530251],[85.7804759,20.2526361],[85.7804644,20.2523354]]}},{"type":"Feature","properties":{"highway":"residential","name":null,"surface":null,"lanes":null,"web_layer_source":"F:/datasets/layers/all_highway.geojson"},"geometry":{"type":"LineString","coordinates":[[85.7905993,20.2528103],[85.7907776,20.2528094],[85.7910067,20.2528247]]}},{"type":"Feature","properties":{"highway":"residential","name":null,"surface":null,"lanes":null,"web_layer_source":"F:/datasets/layers/all_highway.geojson"},"geometry":{"type":"LineString","coordinates":[[85.8027662,20.2519465],[85.8014567,20.2522427],[85.8012619,20.2522868],[85.8007813,20.2524465]]}},{"type":"Feature","properties":{"highway":"residential","name":null,"surface":null,"lanes":null,"web_layer_source":"F:/datasets/layers/all_highway.geojson"},"geometry":{"type":"LineString","coordinates":[[85.7955623,20.2571174],[85.7954351,20.2563783],[85.7957219,20.256304]]}},{"type":"Feature","properties":{"highway":"residential","name":null,"surface":null,"lanes":null,"web_layer_source":"F:/datasets/layers/all_highway.geojson"},"geometry":{"type":"LineString","coordinates":[[85.7816939,20.2518466],[85.7814692,20.2519337],[85.7806905,20.2519437]]}},{"type":"Feature","properties":{"highway":"residential","name":null,"surface":null,"lanes":null,"web_layer_source":"F:/datasets/layers/all_highway.geojson"},"geometry":{"type":"LineString","coordinates":[[85.7980885,20.2597044],[85.7981056,20.2591716],[85.7981108,20.2590113]]}},{"type":"Feature","properties":{"highway":"residential","name":null,"surface":null,"lanes":null,"web_layer_source":"F:/datasets/layers/all_highway.geojson"},"geometry":{"type":"LineString","coordinates":[[85.79721,20.249263],[85.7974409,20.2489012]]}},{"type":"Feature","properties":{"highway":"residential","name":null,"surface":null,"lanes":null,"web_layer_source":"F:/datasets/layers/all_highway.geojson"},"geometry":{"type":"LineString","coordinates":[[85.7926075,20.2505174],[85.7926302,20.2508184],[85.7920942,20.2509292]]}},{"type":"Feature","properties":{"highway":"residential","name":null,"surface":null,"lanes":null,"web_layer_source":"F:/datasets/layers/all_highway.geojson"},"geometry":{"type":"LineString","coordinates":[[85.7963315,20.2541497],[85.7959959,20.2541832],[85.7959239,20.2538841]]}},{"type":"Feature","properties":{"highway":"residential","name":null,"surface":null,"lanes":null,"web_layer_source":"F:/datasets/layers/all_highway.geojson"},"geometry":{"type":"LineString","coordinates":[[85.7956317,20.2623648],[85.7958339,20.2629581],[85.7962193,20.262782]]}},{"type":"Feature","properties":{"highway":"residential","name":null,"surface":null,"lanes":null,"web_layer_source":"F:/datasets/layers/all_highway.geojson"},"geometry":{"type":"LineString","coordinates":[[85.802517,20.2544561],[85.8023227,20.25376],[85.8022231,20.2533996]]}},{"type":"Feature","properties":{"highway":"residential","name":null,"surface":null,"lanes":null,"web_layer_source":"F:/datasets/layers/all_highway.geojson"},"geometry":{"type":"LineString","coordinates":[[85.7832885,20.2507178],[85.7829378,20.2507202],[85.78199,20.2507266]]}},{"type":"Feature","properties":{"highway":"residential","name":null,"surface":null,"lanes":null,"web_layer_source":"F:/datasets/layers/all_highway.geojson"},"geometry":{"type":"LineString","coordinates":[[85.7964572,20.2490984],[85.7964582,20.2487795],[85.7964596,20.2486387],[85.7964608,20.2485263],[85.7964433,20.2481882],[85.7964216,20.2477713],[85.7964195,20.2477307],[85.7964242,20.2472881]]}},{"type":"Feature","properties":{"highway":"residential","name":null,"surface":null,"lanes":null,"web_layer_source":"F:/datasets/layers/all_highway.geojson"},"geometry":{"type":"LineString","coordinates":[[85.7909699,20.2531785],[85.791599,20.253319],[85.7916826,20.2533278]]}},{"type":"Feature","properties":{"highway":"residential","name":null,"surface":null,"lanes":null,"web_layer_source":"F:/datasets/layers/all_highway.geojson"},"geometry":{"type":"LineString","coordinates":[[85.7991519,20.2568479],[85.7990419,20.2565524],[85.7992596,20.2564495]]}},{"type":"Feature","properties":{"highway":"residential","name":null,"surface":null,"lanes":null,"web_layer_source":"F:/datasets/layers/all_highway.geojson"},"geometry":{"type":"LineString","coordinates":[[85.7987156,20.258782],[85.7991223,20.2587731],[85.7994332,20.2587663]]}},{"type":"Feature","properties":{"highway":"residential","name":null,"surface":null,"lanes":null,"web_layer_source":"F:/datasets/layers/all_highway.geojson"},"geometry":{"type":"LineString","coordinates":[[85.7946088,20.2568508],[85.794526,20.2564997],[85.7938675,20.2566971]]}},{"type":"Feature","properties":{"highway":"residential","name":null,"surface":null,"lanes":null,"web_layer_source":"F:/datasets/layers/all_highway.geojson"},"geometry":{"type":"LineString","coordinates":[[85.7982861,20.2599374],[85.7986497,20.2594802]]}},{"type":"Feature","properties":{"highway":"residential","name":null,"surface":null,"lanes":null,"web_layer_source":"F:/datasets/layers/all_highway.geojson"},"geometry":{"type":"LineString","coordinates":[[85.7923384,20.2538432],[85.7924333,20.2532258],[85.792518,20.2526397]]}},{"type":"Feature","properties":{"highway":"residential","name":null,"surface":null,"lanes":null,"web_layer_source":"F:/datasets/layers/all_highway.geojson"},"geometry":{"type":"LineString","coordinates":[[85.7977138,20.2543206],[85.79812,20.2541864],[85.7987895,20.2539651]]}},{"type":"Feature","properties":{"highway":"residential","name":null,"surface":null,"lanes":null,"web_layer_source":"F:/datasets/layers/all_highway.geojson"},"geometry":{"type":"LineString","coordinates":[[85.7934469,20.2488894],[85.7933564,20.2485979],[85.793847,20.2485037]]}},{"type":"Feature","properties":{"highway":"residential","name":null,"surface":null,"lanes":null,"web_layer_source":"F:/datasets/layers/all_highway.geojson"},"geometry":{"type":"LineString","coordinates":[[85.7979696,20.2499774],[85.7976159,20.2497804],[85.7977717,20.2495656]]}},{"type":"Feature","properties":{"highway":"residential","name":null,"surface":null,"lanes":null,"web_layer_source":"F:/datasets/layers/all_highway.geojson"},"geometry":{"type":"LineString","coordinates":[[85.7917426,20.2509827],[85.7915412,20.2511685],[85.790974,20.2512108]]}},{"type":"Feature","properties":{"highway":"residential","name":null,"surface":null,"lanes":null,"web_layer_source":"F:/datasets/layers/all_highway.geojson"},"geometry":{"type":"LineString","coordinates":[[85.7964489,20.2620494],[85.7965411,20.2623579],[85.7965887,20.2626819]]}},{"type":"Feature","properties":{"highway":"residential","name":null,"surface":null,"lanes":null,"web_layer_source":"F:/datasets/layers/all_highway.geojson"},"geometry":{"type":"LineString","coordinates":[[85.7858968,20.2695847],[85.7859451,20.269934],[85.7858365,20.2700141],[85.7858427,20.2702731],[85.785893,20.2704616]]}},{"type":"Feature","properties":{"highway":"residential","name":null,"surface":null,"lanes":null,"web_layer_source":"F:/datasets/layers/all_highway.geojson"},"geometry":{"type":"LineString","coordinates":[[85.7920439,20.2501876],[85.7917758,20.2501936],[85.7915729,20.2489923]]}},{"type":"Feature","properties":{"highway":"residential","name":null,"surface":null,"lanes":null,"web_layer_source":"F:/datasets/layers/all_highway.geojson"},"geometry":{"type":"LineString","coordinates":[[85.7979807,20.2506622],[85.7985269,20.250951],[85.7986509,20.2507214]]}},{"type":"Feature","properties":{"highway":"residential","name":null,"surface":null,"lanes":null,"web_layer_source":"F:/datasets/layers/all_highway.geojson"},"geometry":{"type":"LineString","coordinates":[[85.8023204,20.2586011],[85.8012276,20.2588233],[85.8008935,20.2588904]]}},{"type":"Feature","properties":{"highway":"residential","name":null,"surface":null,"lanes":null,"web_layer_source":"F:/datasets/layers/all_highway.geojson"},"geometry":{"type":"LineString","coordinates":[[85.7950874,20.2608032],[85.7953934,20.2606545],[85.7957191,20.260515]]}},{"type":"Feature","properties":{"highway":"residential","name":null,"surface":null,"lanes":null,"web_layer_source":"F:/datasets/layers/all_highway.geojson"},"geometry":{"type":"LineString","coordinates":[[85.7964886,20.2537145],[85.796576,20.2536849]]}},{"type":"Feature","properties":{"highway":"residential","name":null,"surface":null,"lanes":null,"web_layer_source":"F:/datasets/layers/all_highway.geojson"},"geometry":{"type":"LineString","coordinates":[[85.8021639,20.2516754],[85.8018048,20.2517598],[85.8014124,20.2518642],[85.8013552,20.2518794]]}},{"type":"Feature","properties":{"highway":"residential","name":null,"surface":null,"lanes":null,"web_layer_source":"F:/datasets/layers/all_highway.geojson"},"geometry":{"type":"LineString","coordinates":[[85.7964089,20.2631443],[85.7961407,20.2633434],[85.7960284,20.2632429]]}},{"type":"Feature","properties":{"highway":"residential","name":null,"surface":null,"lanes":null,"web_layer_source":"F:/datasets/layers/all_highway.geojson"},"geometry":{"type":"LineString","coordinates":[[85.7987231,20.2537331],[85.799065,20.2536426],[85.7988805,20.2531221]]}},{"type":"Feature","properties":{"highway":"residential","name":null,"surface":null,"lanes":null,"web_layer_source":"F:/datasets/layers/all_highway.geojson"},"geometry":{"type":"LineString","coordinates":[[85.7978678,20.2696496],[85.7980383,20.2699535],[85.7982321,20.2699739],[85.7982764,20.2699786],[85.7984649,20.2699984],[85.7990484,20.2700598]]}},{"type":"Feature","properties":{"highway":"residential","name":null,"surface":null,"lanes":null,"web_layer_source":"F:/datasets/layers/all_highway.geojson"},"geometry":{"type":"LineString","coordinates":[[85.7953057,20.2486145],[85.795537,20.2486127],[85.7956059,20.2486152],[85.7959738,20.2486061]]}},{"type":"Feature","properties":{"highway":"residential","name":null,"surface":null,"lanes":null,"web_layer_source":"F:/datasets/layers/all_highway.geojson"},"geometry":{"type":"LineString","coordinates":[[85.7985992,20.2585928],[85.7976834,20.2586597],[85.7976009,20.2586821],[85.7975161,20.2587167]]}},{"type":"Feature","properties":{"highway":"residential","name":null,"surface":null,"lanes":null,"web_layer_source":"F:/datasets/layers/all_highway.geojson"},"geometry":{"type":"LineString","coordinates":[[85.8035044,20.2696386],[85.8029952,20.2698231],[85.8024752,20.2700001],[85.8024642,20.2700042],[85.8023185,20.2694218],[85.8019317,20.268979]]}},{"type":"Feature","properties":{"highway":"residential","name":null,"surface":null,"lanes":null,"web_layer_source":"F:/datasets/layers/all_highway.geojson"},"geometry":{"type":"LineString","coordinates":[[85.8031701,20.2552853],[85.8023791,20.2555281],[85.8019318,20.2556474],[85.8018465,20.2553832],[85.8013163,20.2556006],[85.8012723,20.2556359],[85.8012145,20.2556796],[85.8011917,20.2557033],[85.8011349,20.2557592]]}},{"type":"Feature","properties":{"highway":"residential","name":null,"surface":null,"lanes":null,"web_layer_source":"F:/datasets/layers/all_highway.geojson"},"geometry":{"type":"LineString","coordinates":[[85.7891764,20.255793],[85.7893132,20.2557438],[85.789698,20.2556991],[85.7900792,20.2556577]]}},{"type":"Feature","properties":{"highway":"residential","name":null,"surface":null,"lanes":null,"web_layer_source":"F:/datasets/layers/all_highway.geojson"},"geometry":{"type":"LineString","coordinates":[[85.7923277,20.2546819],[85.7925643,20.2546992],[85.7926095,20.2547281],[85.7926253,20.2547844],[85.7926206,20.2550664],[85.792616,20.2553353]]}},{"type":"Feature","properties":{"highway":"residential","name":null,"surface":null,"lanes":null,"web_layer_source":"F:/datasets/layers/all_highway.geojson"},"geometry":{"type":"LineString","coordinates":[[85.8011651,20.2534434],[85.8009121,20.2535491],[85.8004717,20.253733],[85.800292,20.2538101],[85.7997929,20.2540201]]}},{"type":"Feature","properties":{"highway":"residential","name":null,"surface":null,"lanes":null,"web_layer_source":"F:/datasets/layers/all_highway.geojson"},"geometry":{"type":"LineString","coordinates":[[85.7822876,20.2532747],[85.7821676,20.2528965],[85.7820167,20.2528141],[85.7819903,20.25236]]}},{"type":"Feature","properties":{"highway":"residential","name":null,"surface":null,"lanes":null,"web_layer_source":"F:/datasets/layers/all_highway.geojson"},"geometry":{"type":"LineString","coordinates":[[85.7965015,20.2606963],[85.7966746,20.2606939],[85.7970417,20.2606887],[85.7975978,20.2606731]]}},{"type":"Feature","properties":{"highway":"residential","name":null,"surface":null,"lanes":null,"web_layer_source":"F:/datasets/layers/all_highway.geojson"},"geometry":{"type":"LineString","coordinates":[[85.7926928,20.2539197],[85.7927402,20.2536233],[85.7927792,20.2533153],[85.7924333,20.2532258]]}},{"type":"Feature","properties":{"highway":"residential","name":null,"surface":null,"lanes":null,"web_layer_source":"F:/datasets/layers/all_highway.geojson"},"geometry":{"type":"LineString","coordinates":[[85.8013272,20.2495845],[85.801454,20.2503766],[85.8015185,20.2507795],[85.8002743,20.2511532]]}},{"type":"Feature","properties":{"highway":"residential","name":null,"surface":null,"lanes":null,"web_layer_source":"F:/datasets/layers/all_highway.geojson"},"geometry":{"type":"LineString","coordinates":[[85.7816171,20.2511286],[85.7820283,20.2511032],[85.7827807,20.251062],[85.7829547,20.2509293]]}},{"type":"Feature","properties":{"highway":"residential","name":null,"surface":null,"lanes":null,"web_layer_source":"F:/datasets/layers/all_highway.geojson"},"geometry":{"type":"LineString","coordinates":[[85.7840706,20.2557275],[85.7835375,20.2558855],[85.7831156,20.256054],[85.7833652,20.256903]]}},{"type":"Feature","properties":{"highway":"residential","name":null,"surface":null,"lanes":null,"web_layer_source":"F:/datasets/layers/all_highway.geojson"},"geometry":{"type":"LineString","coordinates":[[85.7811734,20.2561465],[85.7810365,20.2557812],[85.7809004,20.2554349],[85.7805576,20.2553251]]}},{"type":"Feature","properties":{"highway":"residential","name":null,"surface":null,"lanes":null,"web_layer_source":"F:/datasets/layers/all_highway.geojson"},"geometry":{"type":"LineString","coordinates":[[85.7969398,20.2694993],[85.7966259,20.2698303],[85.7963565,20.2701177],[85.7962927,20.2701858]]}},{"type":"Feature","properties":{"highway":"residential","name":null,"surface":null,"lanes":null,"web_layer_source":"F:/datasets/layers/all_highway.geojson"},"geometry":{"type":"LineString","coordinates":[[85.79533,20.2542765],[85.7953411,20.2546462],[85.7956051,20.2546325],[85.7956146,20.2540861],[85.7956209,20.2539771]]}},{"type":"Feature","properties":{"highway":"residential","name":null,"surface":null,"lanes":null,"web_layer_source":"F:/datasets/layers/all_highway.geojson"},"geometry":{"type":"LineString","coordinates":[[85.7816552,20.2561842],[85.7811734,20.2561465],[85.7809158,20.2561264],[85.7801951,20.2560502]]}},{"type":"Feature","properties":{"highway":"residential","name":null,"surface":null,"lanes":null,"web_layer_source":"F:/datasets/layers/all_highway.geojson"},"geometry":{"type":"LineString","coordinates":[[85.8004436,20.2693845],[85.8001648,20.2694353],[85.7998719,20.2695034],[85.799982,20.2697882]]}}]}