Grid_ID,Target_LST,Predicted_LST,Residual
43822,43.96378919813368,43.896027,-0.06776258680555713
4486,37.9395751953125,37.902443,-0.03713226318359375
47587,39.284142388237846,40.16113,0.8769866095648879
13951,39.851525200737846,40.433414,0.5818892584906692
39850,48.01973724365234,49.00874,0.9890022277832102
11069,39.875450981987846,40.707268,0.8318167792426223
47764,38.62060546875,40.441055,1.8204498291015625
8801,40.24564870198568,40.101852,-0.14379628499349195
53678,39.30578952365451,39.676018,0.370228237575958
22200,40.55565388997396,40.52185,-0.0338033040364607
24397,42.97344970703125,42.11987,-0.8535804748535156
53962,40.74364556206597,40.66992,-0.07372368706597143
50403,42.80281236436632,42.701717,-0.10109498765733349
41305,40.52602810329861,40.975533,0.4495044284396741
23045,40.77459462483724,40.37957,-0.3950246175130232
39219,42.67188517252604,41.546543,-1.1253420511881487
4308,43.21961466471354,43.305832,0.0862172444661482
43641,40.27043660481771,40.219765,-0.05067189534505445
52482,38.00886027018229,38.704323,0.695462544759117
37382,41.55828179253472,41.898117,0.33983527289496607
4250,41.78548431396485,42.700188,0.9147033691406179
5975,39.45380655924479,39.168743,-0.2850634256998674
6056,38.19029744466146,39.04664,0.8563410441080705
1846,42.68090481228299,42.421013,-0.2598919338650205
29379,40.33727688259549,41.283154,0.9458766513400576
12596,36.60176595052084,36.566628,-0.03513844807943656
49996,38.682579888237846,39.416138,0.7335578070746536
25557,40.91245778401693,41.62162,0.7091623942057268
21241,41.84312269422743,40.009945,-1.8331777784559478
1376,44.15044911702474,44.32807,0.1776224772135393
26484,39.48200480143229,39.131065,-0.35093943277994555
33448,39.7237548828125,40.018967,0.2952117919921875
44489,41.32737562391493,41.02029,-0.30708524915907276
48974,42.63342963324653,41.454884,-1.1785460578070754
32453,39.40253702799479,40.4394,1.036862691243492
12117,40.447041829427086,41.07242,0.6253763834635393
18612,38.57016669379341,38.95871,0.3885430230034643
51044,42.49329630533854,42.239117,-0.2541796366373674
14185,47.78399658203125,47.34149,-0.4425048828125
53644,40.87011040581597,41.957294,1.0871840582953567
18203,39.99546983506944,39.62982,-0.36564805772569287
24496,43.75642564561632,43.475193,-0.28123262193467724
29447,42.07202657063802,41.657833,-0.4141934712727888
1101,38.34780883789063,38.342598,-0.005210876464850855
13157,39.158721923828125,39.88015,0.7214279174804688
33511,44.117408752441406,43.689304,-0.4281044006347656
49468,40.220296223958336,40.126,-0.09429677327474195
52787,41.52372233072917,41.54117,0.017445882161453596
30453,40.28676011827257,41.17131,0.8845503065321196
2710,35.91715240478516,36.094925,0.17777252197264914
35166,40.9238535563151,40.99452,0.07066472371419508
51881,40.11852010091146,39.703815,-0.4147046407063826
38065,39.41896226671007,39.064564,-0.35439851548936474
37025,42.62944539388021,41.634594,-0.9948514302571638
33924,40.11091444227431,40.031364,-0.07955000135633838
42588,45.48321533203125,45.023537,-0.45967864990234375
42052,40.6373053656684,41.370583,0.7332772148980098
48988,43.730984157986114,42.600746,-1.130238003200958
48156,38.74799601236979,39.14171,0.3937123616536482
46625,39.3777592976888,39.470634,0.0928751627604214
32737,39.23401217990451,39.628487,0.3944744533962705
33831,39.17856513129341,41.875347,2.696782006157761
15790,42.24264526367188,41.98038,-0.2622642517089915
15694,43.877953423394096,43.198933,-0.6790207756890183
2739,38.74799601236979,38.338577,-0.4094187418619768
49785,38.96019490559896,38.695824,-0.26437123616536695
27693,41.1427985297309,41.30928,0.16648186577691604
18776,41.20270538330078,41.08382,-0.11888504028320312
46396,41.50397406684028,40.795433,-0.7085410224066848
27363,38.92829386393229,39.42051,0.49221547444661695
47833,42.1903076171875,41.830494,-0.3598136901855469
7161,42.29391479492188,41.628468,-0.665447235107429
7907,38.933135986328125,39.59575,0.6626129150390625
23578,39.52947658962674,39.856396,0.3269191318088076
11953,40.02508544921875,41.12112,1.0960350036621094
51025,39.12350124782986,39.761673,0.6381717258029553
5472,38.93427530924479,39.57076,0.6364835103352888
47449,43.16283840603299,43.443333,0.28049426608615136
1433,39.40367635091146,40.14491,0.7412325541178362
46943,40.22998046875,40.705402,0.4754219055175781
3594,35.73955281575521,36.517826,0.7782732645670549
53597,38.98905775282118,38.972076,-0.016981336805557135
2287,41.95439656575521,41.701675,-0.2527211507161482
32723,39.42542182074653,38.924473,-0.5009490119086379
20982,43.79127248128256,42.57425,-1.2170232137044366
4429,41.53981399536133,41.82801,0.2881965637207031
51972,43.16511705186632,42.23087,-0.9342477586534272
54332,44.161844889322914,43.828693,-0.3331514994303362
32028,46.59985690646701,46.01289,-0.5869670444064639
25542,40.69968668619792,41.132664,0.4329770406087192
15028,37.00926378038194,36.72019,-0.28907563951280224
23275,39.599212646484375,40.371204,0.7719917297363281
21428,42.964691162109375,41.026085,-1.9386062622070312
19775,38.68248494466146,39.326416,0.6439310709635393
22366,41.31827545166016,41.639656,0.3213806152343679
37519,39.55188327365451,39.319386,-0.2324977450900576
10834,35.77530479431152,37.137455,1.3621501922607422
37370,41.856408013237846,41.216972,-0.6394356621636277
26357,43.04017130533854,42.988262,-0.05190912882486742
16650,41.553734673394096,41.43548,-0.11825646294487768
44887,38.76233249240451,38.376804,-0.3855281405978701
22212,41.71627807617188,41.11229,-0.6039886474609446
1251,38.81815931532118,39.566612,0.7484529283311616
7158,40.9144541422526,40.548588,-0.3658663431803362
940,41.52676730685764,42.677498,1.1507305569118884
44863,39.812418619791664,37.88798,-1.9244372049967424
46907,42.36540730794271,41.955402,-0.4100049336751326
30420,43.38956366644965,42.04758,-1.3419829474555058
39632,40.76063791910807,40.088303,-0.672335306803383
51127,37.1190185546875,37.167614,0.048595428466796875
12967,38.69093492296007,38.76095,0.07001325819227588
18759,41.43883768717448,41.92256,0.4837239583333357
26399,41.78691609700521,41.811405,0.024489084879554923
28287,39.79475402832031,39.156105,-0.6386489868164062
27723,41.06607394748264,40.907284,-0.15879016452365846
35028,42.62963528103299,42.185863,-0.4437717861599424
3373,42.736328125,42.688095,-0.0482330322265625
50912,40.65325927734375,40.252495,-0.40076446533203125
40547,38.36090850830078,40.142635,1.7817268371582031
1690,40.504356384277344,41.6309,1.1265449523925781
10750,41.61757469177246,41.844166,0.2265911102294922
50467,38.910491943359375,39.858715,0.9482231140136719
21003,40.79396311442057,40.32452,-0.4694430033365862
38154,33.17462412516276,34.133724,0.9591000874837263
32334,44.46263885498047,44.271027,-0.19161224365234375
34647,40.12716166178385,41.02975,0.9025891621907576
2745,41.4149169921875,42.385635,0.9707183837890625
1822,42.32885403103299,41.30669,-1.0221638149685361
45721,40.60806613498264,41.32984,0.7217754787868884
20970,39.927764892578125,40.27185,0.344085693359375
5201,43.59473673502604,43.623726,0.028989156087241952
5053,42.52671644422743,42.24415,-0.2825681898329009
1601,45.54758961995443,45.05942,-0.4881680806477888
13042,38.60624525282118,38.49092,-0.11532423231336963
31950,39.78107706705729,40.196438,0.4153607686360701
1869,43.40276082356771,42.836506,-0.5662549336751326
17608,41.88907538519965,41.957134,0.06805886162652541
23398,39.62164497375488,41.46667,1.8450260162353516
46067,34.84803263346354,34.05399,-0.7940432230631487
40143,47.75390116373698,47.91205,0.1581471761067732
41937,51.119232177734375,50.79956,-0.319671630859375
45610,39.72582668728299,38.053383,-1.672443813747833
38275,33.92090521918403,35.643337,1.7224320305718308
19407,42.26163397894965,42.177948,-0.08368598090277146
5024,42.75761922200521,42.76226,0.004641215006508048
7689,39.947238498263886,39.80104,-0.14619784884982323
50818,38.43268839518229,38.094437,-0.3382517496744768
26246,38.864776611328125,38.510414,-0.35436248779296875
3025,38.30128648546007,39.56695,1.2656652662489165
20050,36.92837863498264,38.053093,1.124714321560326
46696,39.41478814019097,40.19314,0.7783499823676223
13495,38.42022895812988,38.518566,0.09833717346191406
31255,42.44658406575521,42.830593,0.3840090433756487
34237,40.6289005279541,39.99113,-0.6377696990966797
32404,38.69793701171875,39.065434,0.3674964904785156
52383,37.44174957275391,37.042316,-0.39943313598633523
41187,36.53036838107639,36.571495,0.041126675075950914
11270,39.72382609049479,40.4461,0.7222722371419295
1387,41.219512939453125,41.74789,0.5283775329589844
8780,37.79921722412109,38.08712,0.2879028320312571
32067,42.41544257269965,39.30945,-3.1059943305121465
11642,39.53071085611979,40.306854,0.7761433919270857
38895,41.30154927571615,42.101124,0.7995745340983049
20525,44.372337341308594,44.72193,0.3495941162109375
15722,44.71699523925781,44.496525,-0.22047042846679688
6358,37.55199178059896,37.6735,0.12150828043619555
12325,39.72621324327257,39.901615,0.17540189954969776
30088,38.97804429796007,39.69401,0.715967390272354
51137,40.1573486328125,40.32379,0.16644287109375
22388,44.37432607014974,44.416824,0.04249827067057055
51600,42.49358113606771,41.379528,-1.1140530904134138
21464,41.29385884602865,41.210392,-0.08346684773763258
44499,39.720977783203125,40.5449,0.8239212036132812
30343,40.01596747504341,40.8343,0.8183335198296362
27806,39.297149658203125,40.563618,1.2664680480957031
6395,41.2935791015625,41.219116,-0.074462890625
8679,41.35624186197917,41.94619,0.5899480183919223
16709,40.52194213867188,40.5716,0.049659729003899145
27018,39.94343566894531,39.877205,-0.06623077392578125
22209,40.5457763671875,40.626507,0.08073043823242188
34391,40.63844299316406,40.74127,0.10282516479492188
23144,43.65996805826823,43.409805,-0.2501627604166643
13366,42.74102783203125,42.794643,0.053615570068359375
854,34.364959716796875,34.904743,0.5397834777832031
51321,41.810082329644096,41.892937,0.08285437689887232
43300,38.699005126953125,38.04618,-0.6528244018554688
13866,40.83355712890625,40.557453,-0.2761039733886719
47881,40.64748573303223,40.815742,0.1682567596435547
51535,40.503074645996094,41.300594,0.7975196838378906
42544,39.94828796386719,40.388065,0.4397773742675781
18021,36.98799896240234,37.60181,0.613811492919929
47492,39.38146209716797,39.528736,0.14727401733398438
10483,41.32396104600694,42.44987,1.125910017225479
27229,42.11009385850694,42.20081,0.09071562025282276
7414,38.877404106987846,39.107304,0.2298995123969192
4896,43.28284708658854,43.361137,0.07829030354817945
28125,43.04358927408854,42.170086,-0.8735033671061174
26560,40.753519694010414,41.91509,1.1615689595540388
40227,40.609965006510414,42.067455,1.4574902852376326
18545,40.06647745768229,40.384426,0.3179486592610701
12121,41.12532891167535,41.181637,0.05630789862738084
4671,40.67518615722656,40.45267,-0.22251510620117188
31649,41.39298248291016,40.787712,-0.6052703857421946
2946,40.44703674316406,39.422813,-1.0242233276367188
34122,41.95971340603299,42.232628,0.2729144626193545
20442,39.643029106987846,38.142204,-1.5008248223198777
21264,41.5985344780816,41.382294,-0.21624077690972854
36812,44.318504333496094,43.199223,-1.1192817687988281
9921,43.10284169514974,41.011356,-2.0914853413899763
31501,40.81090927124024,38.871094,-1.9398155212402415
35064,38.88215128580729,40.616173,1.7340215047200545
16186,39.280059814453125,39.209103,-0.07095718383789062
7872,40.73671722412109,39.96739,-0.7693290710449148
40930,39.205529106987846,39.878304,0.6727744208441848
14519,43.70629543728299,43.059303,-0.646992153591583
29752,41.93694686889648,42.26892,0.33197402954102273
14541,40.934672037760414,40.814064,-0.12060801188150805
45753,33.60188462999132,34.024376,0.4224912855360259
9295,41.4986572265625,42.173187,0.674530029296875
51752,38.18241712782118,37.19212,-0.9902975294325103
15344,38.73945109049479,38.38952,-0.34993235270182055
24887,43.40361531575521,42.9958,-0.4078152974446638
44853,36.77304416232639,36.503456,-0.2695880466037366
27468,40.05338541666666,41.448853,1.3954671223958428
12835,35.613186306423614,36.2842,0.6710124545627139
20997,40.54644775390625,39.810684,-0.7357635498046875
4698,40.24707285563151,40.638416,0.3913434346516951
53917,37.84935506184896,37.267967,-0.581387837727867
50017,39.10754733615451,39.134083,0.026535458034942394
42799,40.410183376736114,41.465927,1.0557437472873232
37032,44.36094665527344,44.377735,0.016788482666015625
45244,39.79105567932129,39.759064,-0.03199195861816406
24031,41.52107069227431,40.77686,-0.7442114088270415
11769,37.187965393066406,37.202225,0.01425933837890625
3193,41.63880411783854,41.717377,0.0785725911458357
52296,38.393096923828125,39.953617,1.5605201721191406
29295,40.166748046875,40.140106,-0.026641845703125
45910,39.450531005859375,39.235363,-0.21516799926757812
13201,35.87598673502604,35.890247,0.014260609944663827
22563,40.08556620279948,41.3354,1.24983342488607
12065,37.51477389865451,37.790897,0.2761234707302549
46203,41.74304453531901,43.026524,1.2834790547688826
12048,39.06074015299479,39.524265,0.4635251363118513
51272,39.84174601236979,40.15886,0.3171132405598982
41837,39.73645358615451,40.184296,0.44784206814236427
30190,40.221435546875,41.510178,1.2887420654296875
38088,38.509307861328125,39.2003,0.6909904479980469
16011,44.49539438883463,42.19724,-2.2981554667154924
36704,41.92990112304688,41.96582,0.035919189453117895
2861,40.78466457790799,40.71076,-0.07390636867947364
30239,43.48393758138021,43.366894,-0.11704381306966383
34411,44.51454925537109,44.543175,0.028625488281257105
53438,41.77808125813802,42.157337,0.3792559305826799
26408,41.38054741753472,41.41976,0.03921424018012232
32494,42.322113037109375,42.111996,-0.21011734008789062
36731,42.89205932617188,42.81056,-0.08150100708008523
4792,37.83416069878472,37.667233,-0.16692818535698706
28977,41.83875528971354,42.25349,0.4147351582845076
10306,40.82453748914931,41.108215,0.28367784288194287
33447,39.880767822265625,40.016357,0.135589599609375
18584,40.00581614176432,40.52143,0.5156148274739607
24382,41.43429183959961,41.776863,0.3425712585449219
50967,39.70588175455729,39.818153,0.11227162679036695
22066,40.98100450303819,41.1603,0.17929670545790088
9137,43.419945610894096,42.879616,-0.5403298272026902
32316,43.68702189127604,41.038692,-2.648329416910805
24752,40.698452419704864,39.798557,-0.8998951382107236
5315,41.30239868164063,40.929863,-0.37253570556641336
10878,44.6366704305013,44.30735,-0.3293202718098911
40242,38.02443101671007,37.940826,-0.08360460069444287
7500,38.92772420247396,38.90418,-0.023545583089195077
26375,42.182640923394096,41.807354,-0.37528695000542456
8292,39.25157674153646,40.54079,1.2892138163248674
49954,41.40523274739584,40.84877,-0.5564626057942803
28062,41.2454350789388,40.683277,-0.5621579488118442
31162,41.70981852213541,42.506783,0.7969640096028741
37416,45.85435994466146,45.04673,-0.8076299031575545
34444,42.083516438802086,42.286003,0.20248667399088305
7123,40.850433349609375,40.558254,-0.2921791076660156
13842,41.0574467976888,39.78492,-1.272527058919266
37801,42.8106689453125,43.106445,0.2957763671875
25926,42.71850246853299,42.611515,-0.10698742336697364
27048,40.13029225667318,40.3209,0.1906077067057268
52091,39.8958740234375,38.74075,-1.1551246643066406
38315,43.47729153103299,44.276733,0.7994418674045107
50153,37.71746571858724,37.553192,-0.16427357991536695
34268,39.9314702351888,40.200428,0.2689577738444058
9380,43.78471883138021,42.310863,-1.4738553365071638
21515,42.318695068359375,41.50926,-0.8094367980957031
20215,41.11051771375868,41.214066,0.10354783799913037
8015,39.47573852539063,40.07004,0.5943031311035085
53292,38.746856689453125,38.61905,-0.1278076171875
33549,44.98075358072917,44.465965,-0.5147883097330777
29317,43.47919040256076,43.51645,0.03725857204861427
8767,45.47438430786133,44.92704,-0.5473442077636719
10851,39.395416259765625,38.91853,-0.4768867492675781
51480,37.76560719807943,38.929363,1.1637560526529924
17587,41.22027248806424,40.892406,-0.3278660244411924
5102,37.85106404622396,38.11948,0.2684160868326799
24908,40.749532063802086,39.862206,-0.887326558430992
32735,39.68822224934896,39.307487,-0.38073476155599195
9763,40.56566619873047,40.23274,-0.3329277038574219
6708,43.77997165256076,43.042686,-0.737285190158417
25672,39.40187242296007,40.452065,1.0501920912000884
39826,42.99267578125,42.269485,-0.7231903076171875
27352,40.293979220920136,40.800632,0.5066532558865049
29911,44.43092515733507,43.87174,-0.5591867234971772
16009,41.76284408569336,41.34877,-0.4140739440917969
36373,39.47478908962674,40.04359,0.5688014560275576
26376,42.14181518554688,41.64401,-0.49780654907227273
31288,41.75805324978299,42.39292,0.634868197970917
40696,40.93353271484375,40.024006,-0.9095268249511719
53404,39.6895751953125,38.93259,-0.7569847106933594
28485,40.99543931749132,40.332634,-0.6628053453233491
10001,41.03380330403646,41.346672,0.31286875406900805
47861,42.00537618001302,41.411854,-0.5935223897298201
20684,43.31246948242188,43.03604,-0.2764282226562571
5942,43.61980183919271,42.871433,-0.7483685811360701
40751,45.76861572265625,45.000908,-0.7677078247070312
14405,36.33202107747396,36.630394,0.29837290445963305
49244,36.6678466796875,35.246666,-1.4211807250976562
47942,39.88219451904297,39.65306,-0.22913360595703125
42841,42.88294474283854,43.223255,0.3403104146321638
51083,43.9764149983724,42.82202,-1.1543935139973982
52100,37.01108042399088,38.112892,1.1018117268880232
49450,38.70270792643229,39.311176,0.6084683736165388
32502,42.70065307617188,41.2682,-1.4324531555175852
30128,39.47099134657118,39.425137,-0.04585478040907276
28339,42.86357625325521,42.373688,-0.4898885091145857
17211,41.702598571777344,43.34553,1.6429328918457031
8115,40.828145345052086,40.658928,-0.16921742757161695
26028,44.339012145996094,44.28859,-0.05042266845703125
6853,41.49638197157118,41.723373,0.22699144151475537
51315,43.89542304144965,43.20695,-0.6884719000922246
33768,41.10642751057943,41.530994,0.4245669047037737
14251,39.35589599609375,39.301064,-0.05483245849609375
42033,42.03870307074653,41.08084,-0.9578620062934036
31957,42.41468302408854,41.741985,-0.6726977030436174
4726,42.168969048394096,41.793488,-0.37548149956597143
50659,40.65325736999512,40.268845,-0.3844127655029297
53433,42.434906005859375,42.45072,0.01581573486328125
49079,38.66131252712674,38.72419,0.06287723117404198
1053,41.43286387125651,41.487057,0.05419286092122633
36668,39.29771931966146,39.011017,-0.2867024739583357
14247,39.522735595703125,38.89594,-0.6267967224121094
48696,38.83857218424479,39.164326,0.3257535298665388
52155,41.02772352430556,40.97029,-0.057432386610244635
34980,43.68578762478299,43.831646,0.1458583407931826
40494,45.18897247314453,43.67682,-1.5121536254882812
14821,43.55248684353299,43.255886,-0.2966007656521299
10026,42.482757568359375,42.256954,-0.22580337524414062
32778,43.24895222981771,43.146145,-0.10280736287435133
7589,41.205273946126304,41.08174,-0.12353261311849195
17541,44.62195163302951,43.674675,-0.947276645236542
21211,41.69614664713541,41.856434,0.16028722127279593
32780,42.65508015950521,41.97335,-0.681729634602867
48608,39.40538533528646,40.130604,0.7252184549967424
39975,34.852867126464844,34.659386,-0.1934814453125
12618,41.48526509602865,40.392944,-1.0923207600911482
21293,41.00246938069662,41.11636,0.11389032999674242
48620,41.78634643554688,42.230404,0.44405746459960227
11311,36.58846706814237,37.29692,0.7084537082248161
28152,44.15756479899088,43.3609,-0.796663920084633
1381,42.85749986436632,41.811993,-1.045507219102646
384,45.18668619791666,44.908535,-0.2781511942545478
38097,43.08346557617188,43.12724,0.04377365112303977
82,45.38494873046875,44.559113,-0.825836181640625
19801,42.07858276367188,41.10519,-0.9733924865722727
22650,40.88715744018555,41.28182,0.39466094970703125
34540,39.68518405490451,39.862785,0.17760128445095802
44290,35.45908464704241,36.392433,0.9333485194614966
32015,43.30848185221354,42.584904,-0.7235781351725237
45138,35.546155293782554,35.00998,-0.5361760457356795
15881,40.04114023844401,40.709896,0.6687558492024763
15705,40.88715744018555,40.08105,-0.8061065673828125
20685,42.0372797648112,42.8207,0.7834218343098911
24398,42.57561238606771,42.287468,-0.28814442952474195
35337,42.80860392252604,42.206013,-0.6025911966959612
43769,45.01540798611112,45.21803,0.2026210361056755
28579,40.11926947699653,40.779194,0.6599244011772996
54294,39.91608683268229,40.48615,0.5700620015462263
9808,39.302276611328125,39.58554,0.28326416015625
33544,41.79337226019965,41.762234,-0.031138526068787087
1493,35.48207092285156,35.50384,0.021770477294921875
30133,35.38304646809896,37.496086,2.113039652506508
18204,40.01292928059896,39.830185,-0.1827443440755232
12561,42.61662801106771,42.80541,0.18878046671549242
14326,40.66030883789063,40.536057,-0.1242523193359446
38083,37.555023193359375,38.59925,1.0442276000976562
23642,43.74313354492188,43.173443,-0.5696907043457102
29841,41.82934824625651,41.521248,-0.3081003824869768
31938,36.08933766682943,36.1915,0.10216395060221117
17403,36.28729756673177,36.08499,-0.2023061116536482
37859,38.213653564453125,39.020653,0.8069992065429688
16055,40.36414591471354,39.956757,-0.4073893229166643
10931,40.3106926812066,40.210144,-0.10054863823785354
51518,42.52776082356771,41.965557,-0.5622037251790388
51586,39.83932876586914,39.19256,-0.6467704772949219
20061,40.650410970052086,40.5636,-0.0868123372395857
21294,41.55790201822917,40.980663,-0.5772387186686245
15961,39.75279066297743,40.08439,0.3315980699327241
5074,37.044213189019096,37.65223,0.6080161200629348
53838,41.86211140950521,39.18411,-2.6780026753743513
40939,41.30762057834201,40.67332,-0.6342998080783389
48675,43.16692097981771,42.924583,-0.24233754475911695
27275,41.23014662000868,40.407486,-0.8226606580946196
32643,44.20685323079427,43.765537,-0.4413159688313826
6149,38.548614501953125,40.929607,2.380992889404297
28225,39.28718058268229,40.090584,0.803403218587242
28484,39.86510213216146,40.553177,0.6880747477213518
2547,41.19843546549479,40.822475,-0.3759600321451799
18017,36.02865854899088,35.860107,-0.16855112711588305
21012,41.18135070800781,41.714996,0.5336456298828125
40267,40.2628411187066,39.78539,-0.4774521721734004
19874,39.18521118164063,39.61179,0.4265785217285085
54295,41.12580871582031,39.632027,-1.4937820434570312
30075,40.98594665527344,41.47398,0.4880332946777344
25878,39.54086981879341,39.909054,0.3681839836968237
10177,42.34480455186632,41.687088,-0.6577165391710054
37550,39.12397257486979,39.115097,-0.008875528971351798
45938,40.744405110677086,42.098583,1.3541781107584612
14888,43.197113037109375,42.14181,-1.0553016662597656
35105,35.61622619628906,36.939556,1.3233299255371094
33160,40.222195095486114,39.541515,-0.6806797451443174
11859,44.876790364583336,44.485687,-0.3911031087239607
12359,39.46007283528646,39.760113,0.3000399271647112
2679,34.380340576171875,34.16782,-0.21252059936523438
34527,39.69220987955729,39.99625,0.3040402730306013
32529,43.21334838867188,43.867294,0.6539459228515554
30086,41.90730455186632,41.636772,-0.2705323961045991
48744,41.149149576822914,41.690495,0.5413449605306013
20206,42.17884318033854,41.92987,-0.2489725748697893
39253,43.50919257269965,44.047623,0.538430107964416
3125,44.8531494140625,44.77607,-0.07707977294921875
30468,41.97870212131076,41.100765,-0.8779368930392764
14555,39.55454169379341,40.35387,0.7993286980522925
20263,43.64477199978299,42.884895,-0.759876675075958
3918,36.11326344807943,35.086914,-1.0263493855794295
17561,40.39662170410156,40.039654,-0.3569679260253906
36961,38.82418823242188,38.835674,0.01148605346678977
39377,38.72577921549479,38.555336,-0.17044321695963305
43594,39.68785264756944,40.2726,0.5847456190321196
47848,40.152299880981445,38.7884,-1.363901138305664
10435,37.65453084309896,38.328503,0.6739718119303362
49817,39.43899790445963,40.583984,1.144986470540367
51766,38.73992580837674,39.093655,0.3537288241916201
41313,37.77376641167535,38.532795,0.7590285407172246
11257,43.56843736436632,42.638382,-0.9300554063585054
14292,42.74850463867188,41.93169,-0.816814422607429
9209,38.05481296115451,38.342648,0.28783459133572364
24967,41.13900078667535,41.63263,0.49362860785589646
15844,39.30768839518229,39.231853,-0.07583491007486742
33958,39.928619384765625,40.49585,0.567230224609375
41609,42.99118041992188,42.26836,-0.722820281982429
18686,41.38843027750651,41.44708,0.05864842732747633
53524,41.42194281684028,41.937912,0.5159691704644089
37412,45.17719523111979,45.294537,0.11734135945638258
14640,42.12472279866537,41.37995,-0.7447713216145857
49837,41.84388224283854,41.726906,-0.11697642008463305
17160,39.14561971028646,39.070778,-0.07484181722005445
38601,43.75946384006076,43.823456,0.06399197048611427
24204,40.22257995605469,41.660034,1.4374542236328125
43733,38.07304212782118,39.01397,0.9409272935655366
6967,41.17216300964356,41.822426,0.6502628326415945
6569,40.85643853081597,41.31615,0.4597121344672317
13176,38.97728474934896,39.17895,0.20166651407877367
31890,42.51665242513021,42.239117,-0.2775357564290388
15361,42.564361572265625,42.027676,-0.5366859436035156
42671,38.28229777018229,37.964035,-0.3182627360026018
10573,45.03579711914063,44.27672,-0.7590789794921946
919,44.00062052408854,43.606888,-0.3937327067057268
7024,40.91131782531738,40.701202,-0.2101154327392578
9302,43.46399943033854,42.025154,-1.438845316569008
28607,43.11906941731771,42.25812,-0.8609479268391951
9139,42.295433892144096,42.906868,0.6114340888129348
52325,40.48463439941406,40.009075,-0.4755592346191406
48636,40.46269989013672,39.920673,-0.5420265197753906
3784,41.70982191297743,41.55327,-0.15655348036024463
39237,50.85918172200521,49.218975,-1.6402066548665388
3646,38.947662353515625,39.59456,0.6468963623046875
52900,36.91470336914063,39.947216,3.0325126647949148
24038,42.72059122721354,42.04466,-0.6759325663248674
37555,41.06190660264757,40.370617,-0.691289689805771
41433,39.969075520833336,39.178333,-0.7907422383626326
40781,42.74432712131076,42.616543,-0.12778430514865136
14434,40.98224639892578,41.995365,1.0131187438964844
40440,44.43054538302951,44.791412,0.36086697048611427
34648,40.4971686469184,41.332558,0.8353890313042598
9642,37.97733900282118,38.64148,0.6641404893663179
42861,45.96971638997396,46.078545,0.10882822672525805
23053,41.4132080078125,41.558323,0.14511489868164062
28814,42.62317911783854,41.997093,-0.6260859171549455
35907,44.77918497721354,44.240067,-0.5391184488932268
41346,40.93163723415799,41.9572,1.0255618625216982
15856,40.047119140625,40.38644,0.3393211364746094
29917,40.495259602864586,41.40136,0.906099955240883
40668,43.8576405843099,42.565266,-1.29237492879232
22565,41.80030314127604,42.084362,0.2840588887532576
10452,42.42075941297743,42.120163,-0.30059644911024463
19465,40.55375840928819,40.183018,-0.37074067857530224
8380,41.326995849609375,41.533375,0.20637893676757812
20790,40.34478251139323,39.20584,-1.1389414469401018
24987,41.58563571506076,41.441734,-0.14390140109591698
33206,43.84396362304688,43.70788,-0.13608551025391336
32770,42.94712660047743,42.943996,-0.0031301710340727595
6295,38.39907836914063,37.69284,-0.7062377929687571
21889,42.69913397894965,42.16949,-0.5296431647406621
20100,40.96372477213541,41.13925,0.1755269368489678
10374,38.66867065429688,38.50543,-0.16324234008789773
52775,39.70721096462674,39.6992,-0.008011288113067394
23052,42.13668823242188,41.710308,-0.42638015747071023
24087,41.96427069769965,42.604794,0.6405228508843379
26211,42.11561075846354,41.63026,-0.4853502909342424
37675,42.18719821506076,42.01284,-0.17435794406466698
47585,37.87555948893229,37.73398,-0.1415812174479143
45202,40.13007736206055,39.955963,-0.17411422729492188
44439,43.22417195638021,42.83472,-0.3894513448079451
21153,42.326195610894096,43.35556,1.0293646918402786
5383,38.637481689453125,38.194187,-0.4432945251464844
51140,39.99727121988932,39.557587,-0.43968454996744555
6766,40.973412407769096,41.017628,0.04421530829535669
44119,42.543853759765625,42.174915,-0.3689384460449219
10196,41.65816921657986,41.92718,0.2690120273166272
31824,39.765419006347656,39.653896,-0.11152267456054688
31099,42.33075290256076,42.963017,0.6322636074490049
8604,37.6275634765625,38.18762,0.5600547790527344
26101,41.35075378417969,41.46661,0.11585617065429688
8019,38.58564249674479,39.03873,0.4530881245931013
40313,36.272204081217446,37.081577,0.8093732198079451
39834,41.29299672444662,41.766598,0.4736010233561174
12411,42.62403361002604,42.601913,-0.022120157877601798
24546,41.52628326416016,41.37908,-0.1472015380859446
39350,38.357208251953125,38.38053,0.02332305908203125
36256,41.32926771375868,41.274586,-0.05468198988172901
42100,35.215179443359375,34.49337,-0.7218093872070312
41485,37.95773124694824,37.777126,-0.1806049346923828
35498,43.27335272894965,43.001476,-0.2718764411078496
34846,39.95824178059896,39.35534,-0.602902730305992
39327,37.61503431532118,37.980263,0.3652284410264741
17925,42.78838094075521,43.44826,0.6598803202311174
53845,34.58513387044271,37.271748,2.6866137186686174
35979,43.55799865722656,41.61103,-1.9469680786132812
28146,43.22531127929688,43.268486,0.043174743652336645
23051,42.37053426106771,42.005596,-0.3649381001790388
4161,40.74934217664931,39.335873,-1.4134695265028228
34494,34.07264015891335,36.603344,2.5307038047096952
14425,37.75094604492188,38.329918,0.5789718627929616
43361,38.87389119466146,38.767467,-0.10642369588216383
31692,45.918444315592446,45.552357,-0.3660875956217424
16767,39.16223483615451,39.450485,0.28825039333767677
35916,43.37817043728299,42.895554,-0.48261684841580177
31340,38.16351318359375,38.03196,-0.13155364990234375
30611,38.06411488850912,38.248093,0.18397776285807055
10522,39.99470350477431,39.276505,-0.7181989881727446
3722,45.339748806423614,44.901016,-0.43873257107205177
48021,43.17603556315104,42.266808,-0.9092280069986955
21121,36.1456298828125,37.130436,0.9848060607910156
39143,42.992699517144096,42.252773,-0.7399262322319871
24299,39.03140258789063,40.280663,1.2492599487304616
14673,41.65873463948568,41.94586,0.28712717692057055
50632,41.35245513916016,40.96539,-0.387065887451179
39096,39.50650024414063,39.596973,0.09047317504882102
13520,42.50098673502604,41.572823,-0.928164164225258
28785,39.39142862955729,39.926697,0.5352681477864607
41080,44.90678914388021,43.806507,-1.1002820332845076
41499,36.72823079427084,36.505398,-0.22283299763998343
15852,40.449310302734375,40.329346,-0.119964599609375
19780,43.56069946289063,42.09884,-1.4618606567382884
20332,38.54965888129341,40.14686,1.5971993340386206
20459,40.58888244628906,41.173126,0.5842437744140625
24941,41.73877970377604,40.99017,-0.7486101786295549
51263,39.80101521809896,39.82065,0.019632975260414298
11507,41.782073974609375,41.654408,-0.12766647338867188
16959,39.623565673828125,40.050705,0.4271392822265625
14230,44.028106689453125,42.95545,-1.0726585388183594
26029,44.42952156066895,44.116413,-0.3131084442138743
50557,41.29841232299805,40.72931,-0.5691032409667969
35009,44.52672322591146,45.328945,0.8022219340006487
13493,39.80416361490885,38.482788,-1.3213755289713518
28218,40.57577768961588,40.537674,-0.03810373942057055
18080,41.33060709635416,41.333263,0.0026563008626396822
46686,39.22147962782118,39.775925,0.5544450547960054
26661,41.98136054144965,41.968052,-0.013308631049255837
8619,40.61832004123264,39.862377,-0.755942874484596
12459,43.36316935221354,43.62198,0.2588094075520857
32579,44.150166829427086,44.228527,0.07836023966471117
32216,39.13166300455729,38.583954,-0.5477091471354143
44551,39.391625298394096,38.954376,-0.43724907769097143
39837,43.13644663492838,41.24581,-1.8906351725260393
42484,41.928178787231445,40.025795,-1.902383804321289
52922,40.40088653564453,38.182327,-2.2185592651367188
18121,39.06501261393229,38.96972,-0.09529368082682055
43495,43.27107408311632,43.07796,-0.19311311509873974
28053,38.18374379475912,39.128338,0.9445940653483049
43478,44.85599263509115,44.015224,-0.8407681783040388
41532,39.81867472330729,39.455795,-0.3628794352213518
50574,38.818634033203125,39.10424,0.28560638427734375
26527,42.36531236436632,42.142418,-0.22289445665147412
9793,40.46718215942383,40.777836,0.3106536865234375
10082,39.97571139865451,40.009953,0.034241146511504894
37062,41.39782969156901,41.60842,0.2105916341145857
7855,44.90548706054688,44.479805,-0.42568206787110086
4470,35.862030029296875,36.794155,0.9321250915527344
1125,41.66785685221354,41.381836,-0.2860209147135393
3657,41.49723815917969,40.836056,-0.6611824035644531
36574,40.67756483289931,41.06458,0.3870141771104585
32540,40.37212371826172,39.549397,-0.8227272033691406
42261,46.14640638563368,46.07045,-0.07595655653211963
6425,42.24530368381076,42.052185,-0.19311862521701073
24595,43.78376939561632,43.585224,-0.19854524400498974
46217,39.50327216254341,39.10931,-0.3939620123969263
20655,38.87303670247396,39.41152,0.5384813944498674
2709,37.03472137451172,37.051933,0.0172119140625
40142,48.06883070203993,48.130272,0.061441209581161615
52427,43.36146036783854,43.518127,0.1566670735677107
19555,41.2487555609809,41.123684,-0.1250716315375371
553,40.88715744018555,40.80383,-0.0833282470703125
41484,37.76362101236979,37.08659,-0.6770311991373674
672,43.63261922200521,43.55562,-0.0770009358723982
6878,40.660377502441406,39.473274,-1.187103271484375
43348,38.6240234375,38.054474,-0.569549560546875
26870,40.92185719807943,41.303307,0.3814493815104143
36247,37.62225002712674,39.94728,2.3250308566623232
42340,39.97498893737793,40.27705,0.3020610809326172
46967,39.583404541015625,39.02988,-0.5535240173339844
52326,38.603302001953125,38.994698,0.39139556884765625
11887,42.13516913519965,40.56161,-1.573557959662537
36957,39.30085245768229,40.230156,0.9293034871419295
15908,37.408711751302086,38.92479,1.5160776774088518
46784,43.87472534179688,43.35822,-0.5165061950683665
34455,43.66907755533854,43.638985,-0.030092875162758048
440,42.60494995117188,41.803455,-0.801494598388679
28891,39.44262886047363,39.266632,-0.1759967803955078
37312,43.19360012478299,42.18468,-1.0089191860622861
43489,38.88314437866211,38.55525,-0.3278961181640625
33492,42.61036173502604,42.82859,0.21822865804036695
35902,43.14574856228299,42.926525,-0.2192234463161924
44427,43.911468505859375,43.37168,-0.5397872924804688
20308,41.12950303819444,41.10519,-0.02431276109483349
4948,41.82261488172743,42.368183,0.545568254258896
50692,38.4932861328125,38.69303,0.19974517822265625
3408,43.55685424804688,43.43468,-0.12217330932617898
15322,36.15684127807617,35.958115,-0.19872665405273438
22894,42.38809882269965,42.25542,-0.13267813788519334
25745,41.16681671142578,41.42258,0.2557640075683594
5108,37.78925577799479,39.29164,1.5023854573567732
4390,41.10186958312988,40.99648,-0.10539054870605469
37542,34.62690904405382,34.917973,0.29106352064344776
38377,38.65561591254341,38.389088,-0.26652823554145755
32232,41.63196818033854,42.254463,0.622495015462242
46278,42.09538014729818,42.479183,0.3838030497233049
15456,38.43012491861979,39.438885,1.0087598164876326
15662,42.96041870117188,42.57983,-0.38058853149414773
14979,38.12583075629341,38.35046,0.2246292961968237
16241,38.85138956705729,38.575817,-0.2755724589029924
11407,41.04329087999132,41.774708,0.7314169141981353
24545,41.90464274088541,41.711136,-0.1935068766275947
46929,42.443450927734375,42.12858,-0.31487274169921875
19489,40.05242580837674,40.91421,0.8617854648166201
18351,43.76250457763672,42.675064,-1.0874404907226562
8217,44.156140645345054,44.303715,0.14757410685221117
8676,40.62894694010416,40.551662,-0.07728449503579782
52635,39.442420959472656,40.234028,0.7916069030761719
7530,38.18488566080729,38.229565,0.04467900594075758
39344,40.82244364420573,40.894333,0.0718892415364607
51569,39.259552001953125,39.985928,0.7263755798339844
25143,42.44060262044271,42.353138,-0.08746465047200758
30255,44.12595621744792,43.323486,-0.8024698893229214
17932,36.8498592376709,37.74353,0.8936710357666016
1023,41.99712117513021,42.582108,0.5849863688151018
3956,38.39224243164063,39.846024,1.4537811279296804
20057,40.81010606553819,40.486595,-0.3235109117295991
35147,39.66942342122396,39.503624,-0.16579945882161695
22242,46.16425577799479,45.93238,-0.23187510172525805
17199,40.849222819010414,42.73838,1.889157613118492
52233,38.060509575737846,38.24222,0.1817122565375442
45163,38.52212524414063,39.03076,0.5086364746093679
1853,43.11156887478299,42.720245,-0.39132351345486427
37610,40.711649576822914,41.30903,0.597379048665367
46197,40.795677185058594,42.283417,1.4877395629882812
24985,42.82104153103299,42.17137,-0.6496700710720518
2809,43.99606323242188,44.794933,0.7988700866699148
17443,39.550374348958336,39.83887,0.2884966532389299
51501,38.87133026123047,38.974625,0.10329437255859375
15123,43.28740437825521,42.63462,-0.6527837117513045
13987,42.34518432617188,41.79695,-0.5482330322265696
1603,45.558122634887695,45.237713,-0.32040977478027344
11466,36.458957248263886,37.303772,0.8448147243923643
49426,39.82722303602431,40.473618,0.6463945176866304
32115,39.91760592990451,39.527306,-0.390300326877167
8483,39.61730448404948,40.001183,0.38387807210286695
6621,38.05443318684896,38.12088,0.0664469401041643
42440,39.363800048828125,38.404823,-0.9589767456054688
49553,38.78502400716146,40.896294,2.111269632975258
33014,37.37025705973307,39.054848,1.6845906575520857
30454,41.393459743923614,41.352425,-0.04103512234158302
36795,43.48640611436632,42.802776,-0.683629777696396
4913,42.60865275065104,42.8214,0.21274693806966383
14626,40.51463487413194,41.595695,1.0810606214735259
43704,39.54011027018229,39.734997,0.19488652547200758
21091,43.48108927408854,42.55804,-0.9230486551920549
6713,43.02536010742188,42.54844,-0.47692108154297586
753,40.48035685221354,40.79556,0.3152020772298201
45155,34.10517883300781,33.165558,-0.9396209716796875
26474,41.58296712239584,40.836803,-0.7461636861165459
620,40.34022521972656,38.9824,-1.3578262329101562
41798,33.81721666124132,33.19296,-0.6242578294542085
28862,39.68566131591797,39.33767,-0.347991943359375
21586,42.852325439453125,42.680256,-0.17206954956054688
1627,41.8006534576416,41.60451,-0.19614219665527344
26164,40.770538330078125,40.955708,0.18516921997070312
31448,42.821136474609375,43.349255,0.5281181335449219
22383,45.13742065429688,44.230175,-0.9072456359863352
8717,38.41730753580729,38.155148,-0.2621599833170549
12877,36.20184665256076,36.230915,0.029068417019317394
36793,43.95277574327257,42.056286,-1.896489885118271
51922,43.41159057617188,42.522236,-0.889354705810554
8110,36.87505912780762,37.162575,0.28751564025878906
17235,42.27369181315104,42.62477,0.3510793050130232
20497,41.43751017252604,41.791924,0.35441335042317945
34218,39.696484883626304,41.738945,2.0424601236979143
6775,40.11016167534722,40.99868,0.8885184393988723
48631,40.189470291137695,38.923588,-1.2658824920654297
50454,40.45073445638021,40.551785,0.10105005900064867
38887,45.351539611816406,45.083637,-0.2679023742675781
18256,40.48804728190104,39.938984,-0.5490633646647112
4796,39.465294731987846,39.18883,-0.2764634026421433
15711,44.755635579427086,43.709396,-1.0462392171223982
26450,42.66647338867188,41.187733,-1.478740692138679
8493,40.76605224609375,40.12181,-0.6442413330078125
8309,40.68402099609375,40.826767,0.1427459716796875
35709,34.89616902669271,36.46944,1.5732714335123674
8992,41.405221939086914,41.805923,0.40070152282714844
640,40.854278564453125,41.516888,0.6626091003417969
28817,40.58631896972656,41.248505,0.6621856689453125
5103,37.648834228515625,38.698578,1.04974365234375
24558,40.63958485921224,41.119053,0.4794680277506487
28928,41.36791737874349,41.409363,0.04144541422525805
51357,41.52600351969401,40.803097,-0.7229067484537737
15180,41.0075937906901,41.670525,0.662930806477867
10092,40.63275146484375,41.056816,0.42406463623046875
18839,39.439849853515625,39.16646,-0.2733917236328125
37953,40.19780476888021,40.945343,0.7475382486979143
40760,48.58021036783854,48.19331,-0.3869005839029924
20754,41.25227355957031,40.738907,-0.51336669921875
17171,41.41006724039713,41.1504,-0.2596689860026018
34383,41.551073710123696,41.74884,0.19776662190755445
21624,40.59259033203125,41.478317,0.8857269287109375
12999,40.80327012803819,42.598213,1.7949430677625884
15449,40.828335232204864,40.455856,-0.37247890896267677
24203,38.76793416341146,40.04197,1.2740351359049455
14042,39.24388631184896,40.704163,1.4602762858072893
2406,36.13766140407986,35.668346,-0.4693149990505603
34870,40.22979736328125,39.985035,-0.24476242065429688
13032,41.24420166015625,40.901165,-0.3430366516113281
28328,40.92480129665799,41.09651,0.17171054416232323
23819,40.93202039930556,39.594517,-1.3375036451551665
10296,42.52937486436632,42.009766,-0.5196092393663179
8149,34.5467529296875,34.700283,0.15353012084960938
39514,43.467797173394096,43.545105,0.07730780707465357
16213,35.942779541015625,36.182907,0.2401275634765625
24399,41.93217976888021,41.357445,-0.574735005696617
33191,42.35059611002604,43.420765,1.0701688130696638
10655,43.66736857096354,43.633698,-0.0336710611979143
41013,38.70099894205729,39.56439,0.8633893330891951
13232,40.24963633219401,42.155033,1.9053967793782576
50891,38.44711981879341,37.866413,-0.5807067023383325
15099,42.86243693033854,41.853844,-1.0085932413736955
22417,43.161224365234375,43.25025,0.08902740478515625
43714,39.81849161783854,38.865524,-0.9529673258463518
32986,35.804222954644096,35.810837,0.006613837348091067
10388,39.29230753580729,39.531246,0.23893864949544508
37266,37.67788441975912,38.1024,0.42451731363932055
4729,40.722374810112846,41.35817,0.6357947455512161
2223,38.55079820421007,38.674026,0.12322828504774463
3399,40.93210856119792,40.550465,-0.3816439310709683
15875,39.15843709309896,41.16449,2.0060526529947893
12280,40.58907063802084,39.56545,-1.0236218770345147
34221,40.40800984700521,39.46271,-0.9452985127766951
22448,42.99972534179688,42.16825,-0.8314743041992259
42875,47.08634779188368,46.61366,-0.47268888685438526
11739,37.335225423177086,37.38862,0.05339304606119555
16080,40.29379018147787,40.58925,0.29545847574869555
24689,42.51152547200521,42.04011,-0.4714139302571638
1217,42.85275268554688,42.385746,-0.4670066833496165
47495,37.30816141764323,38.655865,1.347703297932945
48329,39.69677480061849,39.72881,0.03203455607096117
19255,42.19935099283854,42.463116,0.2637646993001326
40977,40.55782826741537,40.54946,-0.008366902669273202
12774,41.41519419352213,41.85539,0.4401944478352888
53513,44.09708319769965,44.39968,0.3025978936089473
15298,36.047882080078125,36.342392,0.2945098876953125
51457,39.874794006347656,40.310577,0.43578338623046875
22157,39.10773722330729,40.04663,0.9388936360677107
28444,39.144005669487846,40.739067,1.5950614081488723
50029,41.82527330186632,41.234436,-0.5908372667100679
33822,41.38556925455729,40.64255,-0.7430178324381487
44595,39.9075444539388,39.51516,-0.3923848470052036
7846,35.08111911349826,35.543243,0.46212429470486427
37632,41.96085272894965,42.051056,0.09020317925347854
397,44.04353502061632,44.14975,0.10621473524305713
28532,41.52714029947917,40.924538,-0.6026026407877652
5143,40.93759346008301,41.004925,0.06733131408691406
30117,42.26457722981771,41.684875,-0.5797017415364607
50862,36.94812774658203,38.923893,1.9757652282714844
2975,35.87333848741319,35.458904,-0.414434221055771
53394,40.78228759765625,40.536167,-0.24612045288085938
6659,39.109161376953125,38.771587,-0.3375740051269531
34210,41.857696533203125,41.29708,-0.5606155395507812
28469,39.761138916015625,40.36533,0.6041908264160156
18828,40.2880859375,39.34254,-0.9455451965332031
29608,43.57245635986328,42.554817,-1.01763916015625
29711,40.16332499186198,40.420708,0.25738271077474195
33242,41.7518793741862,42.45265,0.7007687886555942
16198,36.386077880859375,36.590237,0.20415878295898438
1532,43.460296630859375,42.92776,-0.5325355529785156
49906,40.26055908203125,39.68754,-0.5730209350585938
24856,42.42721557617188,42.144283,-0.28293228149414773
1458,35.58052571614584,35.422733,-0.15779240926107718
31156,44.92540147569444,44.816975,-0.10842683580186474
47779,43.5703125,43.38644,-0.18387222290039062
31832,40.21156141493056,39.96967,-0.2418920728895415
23043,40.81010606553819,40.44068,-0.3694246080186616
45519,40.165331522623696,40.89416,0.7288297017415388
2025,38.656280517578125,39.019672,0.3633918762207031
33292,36.9267635345459,36.96047,0.03370475769042969
23683,43.91669379340278,43.842968,-0.07372580634223169
24875,35.38693491617838,36.16433,0.7773946126302107
30501,43.57489352756076,43.228195,-0.34669833713107323
47435,43.61126454671224,44.547314,0.9360491434733049
44232,30.40062459309896,30.605778,0.20515314737955492
40717,44.384878158569336,44.478916,0.09403800964355469
43384,41.1040096282959,39.257492,-1.846517562866211
53620,38.85613674587674,39.052494,0.19635730319552636
9552,43.75680541992188,43.358162,-0.39864349365235086
2885,42.11466132269965,42.939957,0.825295342339416
36264,43.6320546468099,41.63826,-1.9937947591145857
34171,42.465667724609375,42.40131,-0.06435775756835938
50763,38.87958780924479,39.52482,0.645230611165367
5187,42.175140380859375,42.66918,0.49404144287109375
4366,40.74703979492188,40.505028,-0.24201202392578836
41999,43.00428263346354,42.745956,-0.2583262125651018
24098,41.42687733968099,40.873184,-0.5536931355794295
27431,41.65475463867188,41.883755,0.22900009155272727
32220,41.72993977864584,41.51168,-0.21825917561849906
46533,42.45114135742188,41.137867,-1.313274383544929
51923,44.01392279730903,43.49486,-0.5190611945258254
52419,40.46782684326172,41.686836,1.2190093994140625
36088,40.43684959411621,40.15793,-0.27892112731933594
47618,39.65205383300781,39.49617,-0.1558837890625
49681,39.44861030578613,38.08348,-1.3651294708251953
23104,40.43867662217882,40.37891,-0.05976655748155224
17189,41.54992930094401,41.086628,-0.4633013407389299
19134,42.08086140950521,42.319294,0.23843256632486742
27875,38.97215779622396,39.01918,0.0470225016276018
42916,41.676778157552086,42.136543,0.45976511637369555
35721,38.12621053059896,38.735165,0.6089541117350237
28764,42.07972208658854,42.36796,0.2882397969563826
51465,38.17121378580729,36.412807,-1.75840632120768
2026,39.241607666015625,40.10971,0.86810302734375
18205,40.211941189236114,40.66539,0.45344882541232323
5662,38.27659437391493,37.998165,-0.27842924329969776
13728,41.478434244791664,40.619064,-0.8593699137369768
23524,43.86083984375,44.106853,0.24601364135742188
30137,36.88128323025174,37.05931,0.17802768283419823
50509,41.09909057617188,41.20058,0.10149002075194602
37952,39.729530334472656,41.526615,1.7970848083496094
13873,39.790001763237846,40.244514,0.4545127020941848
18971,43.24467976888021,42.846195,-0.3984845479329451
25698,44.23420206705729,42.88851,-1.3456904093424455
9838,42.543212890625,42.286465,-0.2567481994628906
15489,42.36255900065104,42.005424,-0.35713450113932055
17614,40.33424207899306,40.62442,0.29017808702256787
38984,39.301232231987846,40.02967,0.7284384833441848
36689,38.092028299967446,39.201115,1.10908635457357
5365,37.26493263244629,37.200302,-0.06463050842285156
35371,41.90654500325521,40.99623,-0.9103139241536482
49669,39.616302490234375,39.37685,-0.23945236206054688
11950,40.35360378689237,40.01917,-0.33443493313260575
53428,43.60748291015625,43.974365,0.36688232421875
2825,43.50235663519965,42.83461,-0.667746649848084
39241,46.63517591688368,47.373653,0.7384774949815522
49437,38.05405341254341,38.566162,0.5121086968315893
36377,38.65067884657118,37.97569,-0.6749899122450103
7364,39.02399698893229,39.29241,0.26841481526692945
2847,43.55628712972005,42.59378,-0.9625066121419223
12081,40.88715744018555,40.82831,-0.058849334716796875
22198,40.3209465874566,40.85677,0.5358229743109746
54030,44.30027601453993,43.506508,-0.7937681410047759
8645,44.26581319173177,44.083694,-0.1821187337239607
21030,42.607513427734375,41.241642,-1.3658714294433594
47339,40.627054850260414,40.37722,-0.24983469645182055
41456,39.73436482747396,40.503464,0.7690989176432268
37988,42.53545125325521,42.854248,0.3187967936197893
53961,40.70035129123264,41.3555,0.6551479763454822
3069,42.85104370117188,42.43851,-0.4125328063964915
4243,39.264678955078125,38.239426,-1.0252532958984375
26317,43.20651245117188,42.864918,-0.341594696044929
19107,41.34883626302084,41.54181,0.1929728190104072
32040,41.28255547417535,42.382713,1.1001578436957402
25155,40.59514363606771,40.235355,-0.3597882588704451
14826,44.17037963867188,43.53964,-0.6307411193847727
22591,42.45968627929688,42.363094,-0.09659194946289773
30758,40.356737772623696,41.094902,0.7381642659505232
18669,43.63223944769965,44.003193,0.37095345391168166
34676,43.89276462131076,43.15155,-0.7412143283420107
53902,37.994049072265625,37.456333,-0.5377159118652344
29296,41.01898532443576,42.168205,1.149219936794708
4149,41.35814073350694,41.52075,0.1626074049207915
46873,44.36073303222656,43.586708,-0.7740249633789062
31014,44.74177551269531,44.672035,-0.06974029541015625
42495,41.81596374511719,41.20289,-0.6130752563476562
34995,43.40741305881076,42.16665,-1.240764194064667
8997,41.49809773763021,41.168644,-0.3294537862141951
12120,40.95670912000868,41.284504,0.327794816758896
3936,40.51349555121528,41.995415,1.4819191826714402
6756,39.29705471462674,39.55513,0.25807529025607323
36057,39.40396118164063,39.226593,-0.1773681640625071
29101,39.15350002712674,39.230232,0.07673221164279198
30171,40.18868001302084,40.460392,0.2717119852701728
47640,40.770609537760414,40.569664,-0.20094553629557055
50995,41.53093465169271,40.81159,-0.7193463643391951
8912,39.94229634602865,40.14483,0.20253245035807055
4636,41.60765245225694,42.346165,0.7385122511121978
44218,37.95901107788086,37.20521,-0.7537994384765625
29219,43.02384101019965,41.47848,-1.545359717475037
22881,41.49951426188151,41.299522,-0.1999918619791643
31457,45.29322560628256,44.836647,-0.4565785725911553
4238,39.26012420654297,41.46568,2.205554962158203
26144,40.81134033203125,40.789696,-0.02164459228515625
17244,42.61007690429688,43.197964,0.5878868103027273
26315,41.00189208984375,42.000443,0.9985504150390625
6932,38.22704060872396,37.675045,-0.5519955952962263
46024,39.920936584472656,41.120308,1.199371337890625
4474,38.98291015625,38.54437,-0.4385414123535156
8475,41.71285671657986,42.102703,0.3898463779025647
30286,39.89671834309896,39.679424,-0.21729405721028883
2978,35.37886216905382,35.44063,0.06176969740126026
34229,39.46947224934896,39.48277,0.013296763102211173
10048,43.94213528103299,43.647984,-0.29415173000759864
39503,44.35639190673828,44.64697,0.2905769348144531
8429,38.112155490451386,38.01399,-0.09816699557833886
28861,39.146759033203125,39.56769,0.4209327697753906
12330,43.33411661783854,42.5921,-0.7420183817545549
53796,40.88715744018555,40.894466,0.0073089599609375
35233,44.7523136138916,44.81481,0.06249809265136719
32743,39.798736572265625,39.969677,0.17094039916992188
2056,38.882720947265625,39.00711,0.1243896484375
49750,39.42596435546875,39.06576,-0.3602027893066406
24240,43.9866689046224,43.751747,-0.23492177327474195
40458,44.59423149956597,46.212765,1.618533240424263
19086,40.69711558024088,40.86943,0.17231496175130445
34175,41.21581522623698,41.445206,0.2293904622395857
43938,37.79314846462674,38.364902,0.5717540317111514
37521,39.47706773546007,40.127407,0.6503393385145415
44005,40.05205620659722,39.9758,-0.07625664605034643
20637,41.81910196940104,40.885056,-0.9340464274088518
8241,42.77300008138021,42.857178,0.0841776529947893
6293,38.06810506184896,38.13512,0.06701532999674242
46018,38.352294921875,39.270462,0.9181671142578125
39926,43.429443359375,43.26987,-0.15957260131835938
26083,35.47494697570801,35.521427,0.04648017883300781
15433,43.11764526367188,43.734055,0.6164093017578054
16349,41.30534871419271,41.360744,0.05539576212564867
19914,42.436614990234375,42.29654,-0.14007568359375
50320,38.609283447265625,38.268658,-0.3406257629394531
31585,41.91302490234375,41.812904,-0.10012054443359375
54266,39.73265584309896,39.60392,-0.12873586018880445
53563,37.79200236002604,37.200943,-0.5910593668619768
4377,40.647562662760414,41.539635,0.8920720418294295
20479,40.317905002170136,40.469074,0.1511692470974424
5939,41.06256612141927,41.37511,0.3125445048014299
26919,40.89024098714193,40.597202,-0.2930386861165388
49791,40.62876129150391,40.5876,-0.041160583496100855
3645,39.09691365559896,39.837452,0.7405382792154924
3117,44.98920355902778,44.49985,-0.48935233222113794
5574,38.33100382486979,38.48505,0.15404637654622633
43514,37.98303561740451,40.193718,2.210682339138458
12859,38.79233466254341,39.522026,0.7296913994683081
37169,40.89518229166666,40.43545,-0.4597307840982978
21962,41.281039767795136,41.08746,-0.19358020358615136
45588,40.85777028401693,40.825783,-0.0319875081380232
28665,41.14546034071181,41.03703,-0.10843107435438526
24829,40.60844251844618,41.41466,0.806218889024521
5791,42.14048597547743,41.620613,-0.5198728773329009
15130,43.62863159179688,44.0375,0.40886688232421164
46519,40.123453776041664,38.85546,-1.2679926554361955
33890,35.461560567220054,35.556374,0.0948130289713518
46734,37.937839084201386,37.91462,-0.02321963840060448
40806,41.93502807617188,41.850784,-0.0842437744140696
50025,41.0152842203776,39.90226,-1.1130243937174455
50956,40.59895155164931,40.427692,-0.171259138319229
42887,41.66898854573568,39.751602,-1.917386372884117
27270,40.37895711263021,39.483223,-0.8957341512044295
19007,42.89205932617188,43.300854,0.40879440307616477
52995,39.60467190212674,39.418762,-0.18590969509548927
10369,39.60676066080729,40.928665,1.3219045003255232
29490,38.480919731987846,38.46866,-0.012261284722221433
35439,38.864776611328125,39.2369,0.37212371826171875
21149,41.06940714518229,41.290974,0.22156651814778883
30271,40.105611165364586,40.039543,-0.06606801350911695
2766,41.50920104980469,41.41203,-0.09717178344726562
639,41.26708221435547,41.0459,-0.22118377685546875
20003,40.650980631510414,40.8021,0.15112050374349195
19834,38.88037109375,38.794315,-0.08605575561523438
34707,44.6019287109375,45.27519,0.6732597351074219
28961,42.089691162109375,41.022682,-1.0670089721679688
42715,33.08500501844618,34.17967,1.0946634080674897
14590,41.81805759006076,41.978615,0.16055721706814552
22313,43.65967814127604,43.119316,-0.5403620402018205
53059,42.015160454644096,41.26465,-0.7505120171440964
6752,41.593505859375,41.396194,-0.1973114013671875
19090,41.185333251953125,41.15574,-0.02959442138671875
18420,43.65882364908854,43.08408,-0.5747439066568987
10110,39.23847452799479,39.35186,0.11338551839192945
25659,39.50365193684896,39.04262,-0.4610303243001326
26114,37.00851694742838,38.264977,1.2564595540364607
40577,37.14352416992188,38.277637,1.134113311767571
52243,36.33021375868056,36.732395,0.4021814134385835
47858,41.14403279622396,41.6049,0.4608675638834612
14716,35.799652099609375,35.8647,0.0650482177734375
46468,40.68781534830729,42.385094,1.6972783406575545
50658,41.12808227539063,40.341385,-0.7866973876953196
47230,42.37518649631076,42.14594,-0.2292476230197451
43894,35.668250189887154,36.626472,0.9582222832573777
29530,42.56393432617188,42.8226,0.2586669921874929
22817,41.18951076931424,41.06371,-0.12580151028103614
34631,44.23723008897569,44.368008,0.1307775709364165
5052,42.83737182617188,42.132366,-0.7050056457519602
24461,37.2981923421224,37.44754,0.1493479410807268
36824,41.20755259195963,40.796974,-0.4105784098307268
35291,44.29600270589193,43.76884,-0.5271619160970076
10659,42.745941162109375,42.9697,0.22375869750976562
9157,40.55071004231771,41.13691,0.5861994425455705
41626,43.868330001831055,41.304653,-2.5636768341064453
18156,42.57561238606771,42.65757,0.08195749918619555
20317,39.60922919379341,39.91627,0.3070420159233862
29088,39.173248291015625,39.767776,0.5945281982421875
15074,41.37048085530599,40.79698,-0.5734990437825545
7538,38.45813327365451,38.425106,-0.033027225070526356
8950,43.1986083984375,43.536457,0.3378486633300781
5586,40.944925944010414,41.193882,0.24895604451497633
30743,39.26667277018229,38.986706,-0.2799669901529924
9365,45.398048400878906,45.80782,0.4097709655761719
40028,40.53628540039063,39.99297,-0.543315887451179
40627,39.60092544555664,40.575497,0.9745712280273438
40815,43.23727416992188,43.216824,-0.02045059204102273
22878,42.16346232096354,42.177296,0.013833363850913827
50279,41.50179799397787,40.886017,-0.615781148274742
3403,43.96060180664063,43.867584,-0.0930175781250071
38509,37.874420166015625,37.88045,0.006031036376953125
11342,41.02268981933594,41.4256,0.4029083251953125
52862,40.47746930803572,41.57831,1.1008387974330276
33012,38.33356730143229,39.115257,0.7816899617513045
40401,40.1773918999566,40.803955,0.6265631781683965
42,40.88715744018555,40.35634,-0.5308189392089844
13151,39.661163330078125,40.173363,0.5121994018554688
37961,41.95752970377604,41.099617,-0.857912699381508
46148,40.98224131266276,41.30827,0.3260281880696638
33095,42.47563680013021,42.645588,0.16995112101236742
3554,38.3349863688151,38.718296,0.3833096822102888
48458,39.09007771809896,39.087162,-0.002915700276695077
38933,42.70464324951172,42.308422,-0.3962211608886719
17068,39.105743408203125,38.567284,-0.5384597778320312
7884,41.2616704305013,41.478264,0.2165934244791714
43780,44.52928670247396,45.31137,0.7820841471354143
21811,42.95092434353299,42.763794,-0.18713039822048927
50494,37.11924362182617,36.782734,-0.33650970458984375
20652,38.67223103841146,37.254242,-1.4179890950520857
7039,40.88715744018555,41.128704,0.241546630859375
34112,44.34869639078776,44.343933,-0.004763285319008048
5029,42.107445610894096,42.337826,0.23038016425238794
21587,42.68641153971354,42.506493,-0.17991892496744555
371,43.63660685221354,43.39018,-0.24642817179361742
7880,41.69263712565104,40.95365,-0.738985697428383
37319,41.58942667643229,41.723118,0.13369115193685133
18057,40.91986592610677,40.69452,-0.2253468831380232
40549,38.599029541015625,39.043438,0.4444084167480469
15140,40.90134938557943,41.112656,0.21130625406900805
14989,37.53337266710069,37.081085,-0.45228746202256787
12699,38.68761189778646,39.67281,0.9851977030436174
52669,39.90545315212674,39.085384,-0.8200687832302549
18076,41.474876403808594,41.707848,0.23297119140625
3200,40.46982065836588,40.683594,0.21377309163411695
38470,38.63776652018229,38.18683,-0.4509379069010393
11340,40.15611097547743,40.07587,-0.08024046156141651
36357,37.80748494466146,39.163967,1.3564821879068987
21770,41.76185099283854,41.470108,-0.2917429606119768
50876,38.653717041015625,39.518764,0.8650474548339844
991,42.33948771158854,42.436363,0.09687550862630445
12175,41.74552069769965,41.568314,-0.17720709906683396
12405,42.95586140950521,42.18009,-0.7757695515950545
10045,42.53545125325521,42.933792,0.3983408610026018
6983,41.543375651041664,41.457195,-0.08618036905924242
664,44.852081298828125,44.730576,-0.1215057373046875
50217,35.083777533637154,35.574753,0.49097527398003393
48332,39.96195475260416,39.45348,-0.5084749857584541
48992,41.52221001519097,40.97655,-0.5456589592827683
3813,42.63457234700521,42.170982,-0.46358998616536695
25746,39.69771999782986,40.7393,1.0415797763400647
1392,41.93502807617188,41.79338,-0.1416473388671946
15325,36.21837043762207,36.05618,-0.16219139099121094
5928,44.089877658420136,43.836338,-0.2535396152072451
686,45.40032704671224,45.124374,-0.27595265706380445
43250,39.19717661539713,40.098736,0.9015591939290388
47275,38.93588935004341,38.776672,-0.15921698676216067
16993,41.24201965332031,41.005604,-0.23641586303710938
32898,41.06940460205078,41.486137,0.4167327880859375
53666,40.919104682074654,40.327206,-0.5918990241156692
48399,39.37604777018229,39.178165,-0.19788233439127367
21943,44.79399617513021,43.43968,-1.3543179829915388
35059,43.491058349609375,44.26486,0.7737998962402344
1817,39.30199178059896,39.991146,0.6891543070475237
38645,44.70617421468099,43.68429,-1.0218823750813826
13613,43.19739786783854,43.656406,0.4590085347493513
11700,43.11963907877604,41.952366,-1.1672732035318987
3979,42.73331366644965,42.805717,0.07240380181207229
24687,41.55164082845052,41.10339,-0.4482510884602888
23211,43.90301852756076,43.47914,-0.42387729220919823
41958,47.34459431966146,47.14166,-0.20293553670247633
23369,41.75843302408854,41.67247,-0.0859629313151018
38677,40.0194091796875,39.994125,-0.0252838134765625
49003,38.30242580837674,38.47666,0.17423587375216698
26686,35.890051947699654,37.032757,1.1427048577202683
17096,37.73912556966146,36.89375,-0.8453763326009138
18915,37.16916147867838,37.814453,0.645291646321617
35211,42.24122111002604,42.30979,0.06857045491536695
15759,40.80327012803819,40.197956,-0.6053140428331147
39272,39.51561482747396,39.4364,-0.0792134602864607
26155,43.118499755859375,41.23513,-1.8833694458007812
33713,41.42308213975694,41.565186,0.14210340711805713
22954,37.33702596028646,38.4561,1.1190745035807268
36237,41.65132141113281,41.25489,-0.39643096923828125
51727,38.76537068684896,37.852234,-0.9131368001302107
16040,42.874114990234375,42.872616,-0.001499176025390625
32833,43.99150594075521,43.29385,-0.6976559956868513
44872,32.435574001736114,32.717037,0.2814631991916201
48593,42.62488810221354,42.21263,-0.4122568766276018
7906,39.45587730407715,39.76312,0.30724143981933594
33858,38.32292683919271,39.298122,0.9751955668131487
32651,43.92011176215278,43.042862,-0.8772498236762161
26185,41.59514808654785,40.846565,-0.7485828399658203
30882,41.752733866373696,42.088474,0.3357404073079451
11271,40.244222005208336,40.74802,0.5037981669108049
42430,38.610137939453125,38.44204,-0.16809844970703125
28264,40.55374823676216,40.785328,0.23157967461479245
8702,41.79546101888021,41.714962,-0.08049901326497633
12503,40.88715744018555,40.02492,-0.8622360229492188
36786,40.39766099717882,40.731316,0.3336546156141509
50942,40.51691691080729,40.789192,0.27227528889974195
5448,40.34363810221354,40.274178,-0.06946055094400805
51805,40.009521484375,38.370144,-1.6393775939941406
25395,42.38533782958984,43.732258,1.3469200134277415
48434,41.583544413248696,41.58583,0.002286275227866952
4688,40.99657864040799,41.017357,0.02077823215060448
24421,43.14028930664063,43.113647,-0.026641845703132105
46088,39.117706298828125,39.03113,-0.08657455444335938
1330,43.525902642144096,42.852005,-0.6738976372612839
30400,37.00888400607639,37.499523,0.49063915676540404
49070,40.234347873263886,40.239914,0.005566067165801769
38884,37.80263137817383,40.63481,2.8321800231933594
5377,35.755645751953125,35.86623,0.11058425903320312
17295,40.79282633463541,40.64032,-0.1525065104166572
29072,40.37032063802084,40.135757,-0.2345631917317803
46101,41.15172322591146,40.99043,-0.16129430135091383
23459,40.978535970052086,41.224384,0.24584833780924242
51130,36.470357259114586,36.893948,0.4235903422037737
19716,40.80535888671875,39.58865,-1.2167091369628906
39714,41.56929524739584,40.640755,-0.9285405476888116
39743,41.32433827718099,41.060272,-0.26406606038411695
4001,40.89850616455078,41.29384,0.39533233642578125
12209,39.47203572591146,39.48669,0.014654795328773673
22509,40.899070739746094,40.29601,-0.6030616760253906
50057,39.80063544379341,39.959797,0.15916146172416745
46769,41.11896514892578,40.108776,-1.0101890563964844
51707,34.96262953016493,35.981083,1.0184533860948335
13844,38.238243950737846,38.84754,0.6092978583441848
10835,36.4975102742513,37.687016,1.1895052591959683
5430,34.646087646484375,35.041294,0.3952064514160156
38826,41.91281127929688,41.04629,-0.8665199279785227
28968,39.01288859049479,39.629616,0.616727193196617
36693,40.29283989800347,39.34502,-0.9478196038140183
45850,40.24346584743924,40.15638,-0.08708614773220802
22712,43.22891913519965,43.610046,0.38112725151910354
557,40.88715744018555,40.866707,-0.020450592041015625
31201,43.94291178385416,40.63471,-3.3082033793131416
22356,39.76028696695963,40.55305,0.7927640279134138
12943,40.07408311631944,40.406235,0.33215162489149463
15892,38.586876763237846,37.833447,-0.7534302605522996
36843,42.54969278971354,42.053864,-0.4958292643229143
30348,43.689968532986114,43.385986,-0.30398220486111427
42370,37.204057693481445,36.706158,-0.49790000915527344
12723,38.968170166015625,39.293324,0.3251533508300781
46798,40.86821492513021,40.828304,-0.03991063435872633
7886,42.65564982096354,42.258472,-0.3971773783365862
16787,40.05964914957682,40.180344,0.12069447835286695
53187,44.04192860921224,43.39064,-0.6512883504231795
42817,41.75805324978299,41.993454,0.23540072970919823
30008,38.74296400282118,38.53774,-0.205225202772354
51925,43.50729370117188,43.2213,-0.2859954833984446
32488,41.112131118774414,41.655357,0.5432262420654297
27722,40.677754720052086,41.041336,0.3635813395182268
35558,39.82000732421875,40.523205,0.7031974792480469
49543,39.300140380859375,40.02159,0.7214508056640625
22619,43.27999877929688,43.342205,0.06220626831053977
10261,39.65138414171007,40.318104,0.6667196485731353
43456,45.41050720214844,47.46515,2.0546417236328125
29683,40.28516960144043,39.500828,-0.7843418121337891
34504,37.39286295572917,38.13068,0.7378171284993442
28606,44.01011488172743,43.189636,-0.8204786512586821
15700,38.53256903754341,40.51264,1.9800728691948706
20421,39.81088935004341,40.150402,0.3395127190483862
44529,35.749247233072914,35.315067,-0.4341799418131487
45578,39.96090698242188,41.094654,1.133747100830071
14346,37.19053395589193,37.844894,0.654360453287758
31013,42.18302069769965,42.097706,-0.08531485663519334
35845,42.15567694769965,42.212593,0.05691613091363479
4863,40.188012017144096,39.835045,-0.3529671563042527
16057,39.3306884765625,39.816418,0.4857292175292969
17435,41.32889811197917,39.300407,-2.0284907023112027
30401,37.915435791015625,37.793575,-0.12186050415039062
16526,36.74570041232639,36.518528,-0.2271724277072522
14709,36.05286661783854,35.837383,-0.21548334757486742
41141,41.11924997965495,39.69455,-1.4247004191080777
12095,38.762237548828125,39.35945,0.5972137451171875
19607,41.259961446126304,40.577717,-0.6822446187337263
39806,44.35154724121094,44.80716,0.4556121826171875
20791,39.5477294921875,40.228653,0.6809234619140625
28674,41.36839124891493,41.50847,0.14007737901475537
32601,44.32648213704427,44.48153,0.15504709879557055
4025,43.48906707763672,41.217194,-2.2718734741210938
8127,36.87719980875651,37.59116,0.7139600118001326
12242,38.74543253580729,38.229015,-0.5164171854654924
29687,39.16157023111979,40.024963,0.8633931477864607
5501,42.87420993381076,43.04175,0.1675419277615049
7176,41.58240000406901,42.228115,0.6457150777181013
36231,41.45337168375651,42.951862,1.49849065144857
38343,43.1296132405599,43.3838,0.2541872660318987
10456,43.32993910047743,42.918198,-0.41174146864149463
33132,43.416527642144096,43.289886,-0.12664116753472143
23135,42.0646235148112,41.967587,-0.09703699747721828
41336,51.71823120117188,50.944126,-0.7741050720214915
45668,39.17467244466146,39.06053,-0.1141408284505232
20609,40.61850992838541,40.800056,0.18154652913412406
32320,42.708343505859375,42.034733,-0.6736106872558594
23544,39.955963134765625,40.60147,0.6455078125
45896,42.54883829752604,42.101463,-0.44737497965494555
41756,39.02133856879341,39.229866,0.20852745903862058
31622,45.38636525472005,45.086422,-0.29994328816731297
2943,41.70659383138021,41.81958,0.1129862467447893
48480,42.828637017144096,41.297962,-1.5306748284233933
28278,38.41730753580729,38.531597,0.11428960164388258
22250,41.29186248779297,41.10032,-0.1915435791015625
22082,44.91553243001302,44.921974,0.006441752115883048
53366,40.35673522949219,40.115135,-0.24160003662109375
50413,41.61296929253472,42.925972,1.3130026923285598
49351,40.36651950412326,39.824364,-0.542155795627167
20025,43.80009969075521,41.12368,-2.676419576009117
33313,39.46997833251953,38.993176,-0.4768028259277344
34610,41.378268771701386,40.973183,-0.4050860934787295
4174,39.34946356879341,39.061153,-0.2883101569281763
28313,43.963406032986114,43.235043,-0.7283634609646299
45503,40.18763563368056,39.74198,-0.4456541273329009
47850,42.13725789388021,41.032406,-1.1048520406087263
5120,36.80143229166666,36.33751,-0.4639231363932197
16445,39.75999959309896,39.65055,-0.10944875081380445
13136,35.76176961263021,36.492077,0.7303072611490862
3243,41.56512790256076,41.63972,0.07459301418728614
20436,40.09117296006944,40.018967,-0.07220628526475537
30083,40.37601386176216,41.00476,0.6287468804253393
3988,41.112033420138886,41.96272,0.8506855434841611
28969,38.001312255859375,39.82298,1.8216667175292969
43949,40.02033996582031,39.07771,-0.9426307678222656
21741,37.87926228841146,38.205532,0.3262697855631487
36249,40.90875752766927,41.60076,0.6920038859049455
38410,42.44772338867188,41.08973,-1.3579940795898509
26867,41.45279947916666,41.517406,0.06460698445638968
36902,39.66003163655599,41.673912,2.013880411783852
4261,38.92843818664551,40.396065,1.4676265716552734
52843,38.24773830837674,38.51529,0.26755099826388573
32881,43.70097859700521,43.260513,-0.4404652913411482
34057,39.772911919487846,39.60248,-0.1704300774468308
18753,44.28318786621094,43.68461,-0.5985794067382812
7942,41.83227348327637,42.298363,0.46608924865722656
7302,41.07282002766927,40.79652,-0.2762997945149763
1309,43.918212890625,43.850315,-0.06789779663085938
15015,35.570648193359375,35.63309,0.062442779541015625
43744,42.61368476019965,41.29085,-1.3228331671820683
2116,39.22907511393229,39.53878,0.30970509847005445
44188,38.68682670593262,37.35179,-1.3350353240966797
34668,39.599639892578125,39.463196,-0.136444091796875
51718,38.411041259765625,38.79706,0.386016845703125
7747,44.24141099717882,44.099384,-0.14202668931748974
35183,41.01215362548828,41.143635,0.13148117065429688
47824,42.00531005859375,42.316387,0.3110771179199219
23502,41.20413716634115,42.087967,0.8838297526041643
44230,30.393218994140625,30.3167,-0.07651901245117188
53941,42.22593519422743,41.67247,-0.5534651014539946
48510,39.30616929796007,40.70702,1.4008505079481353
33232,44.02960395812988,43.110935,-0.9186687469482422
27295,40.91226535373264,40.09531,-0.8169551425510022
13803,35.976819356282554,35.68494,-0.2918790181477888
9691,39.57700538635254,39.247902,-0.3291034698486328
49882,39.41137356228299,38.523174,-0.8881992763943174
36903,39.60363260904948,39.62315,0.019517262776695077
51571,39.68017768859863,39.789024,0.10884666442871094
10741,41.44923400878906,40.49749,-0.9517440795898438
7744,43.53121948242188,43.516094,-0.01512527465821023
6558,42.04269409179688,41.25737,-0.7853240966796946
50771,36.681905110677086,36.665565,-0.016339619954429452
47895,40.76434326171875,40.498295,-0.2660484313964844
36166,41.15207481384277,41.140232,-0.011842727661132812
30685,40.986942291259766,40.657043,-0.3298988342285156
4009,43.39108276367188,43.62154,0.23045730590819602
46806,42.39721340603299,41.41523,-0.981983608669708
13001,39.84972890218099,39.921562,0.0718332926432268
11549,43.86817423502604,43.192028,-0.6761461893717424
32003,42.77622816297743,41.491596,-1.284631941053604
4893,42.144378662109375,42.045254,-0.09912490844726562
12543,39.85143025716146,40.42548,0.5740496317545549
14730,37.679595947265625,37.797146,0.11754989624023438
38533,40.09117635091146,40.335217,0.24404017130533617
43344,38.30707550048828,37.965576,-0.34149932861328125
45265,45.26801681518555,46.02022,0.7522048950195312
50663,39.37206013997396,39.57858,0.20651880900064867
30756,41.49951171875,41.347977,-0.1515350341796875
37218,39.56574503580729,39.00951,-0.5562349955240862
42927,41.22672865125868,40.532196,-0.6945326063368071
5768,41.26224263509115,41.22951,-0.03273137410482008
18411,43.62321980794271,43.372795,-0.25042470296224195
18697,40.13713243272569,40.402752,0.265619489881729
46305,42.52519734700521,43.16119,0.6359926859537737
36360,38.16466267903646,38.87869,0.7140261332193987
9605,42.21672058105469,42.43653,0.21981048583984375
6248,39.21739705403646,40.75069,1.5332934061686174
10695,41.186754862467446,40.404324,-0.7824312845865862
27493,40.97265285915799,41.45617,0.4835162692599795
34433,43.184105767144096,42.902122,-0.2819832695855027
47342,39.09083726671007,39.371433,0.28059599134657276
38355,41.1135508219401,41.44986,0.3363087972005232
16867,40.97758653428819,40.964615,-0.012971666124130365
39492,39.18920559353299,38.94653,-0.2426762051052549
34849,40.50247870551216,40.665726,0.16324700249565183
34371,41.708300272623696,41.49557,-0.21272913614908617
5763,42.31100463867188,41.976067,-0.33493804931641336
29262,39.72981516520182,40.853233,1.1234181722005232
3111,44.197347005208336,44.278233,0.08088556925455492
32089,36.6070793999566,37.78597,1.1788893805609746
50421,40.54540337456597,39.77916,-0.7662438286675339
26843,39.54096476236979,37.70829,-1.832674662272133
12324,39.670003255208336,39.024708,-0.6452954610188826
37751,41.06983184814453,42.149525,1.0796928405761719
30803,43.755950927734375,42.87949,-0.8764610290527344
49752,38.96332804361979,39.577168,0.6138394673665388
53006,37.747100830078125,38.178387,0.4312858581542969
13394,37.0970942179362,38.42591,1.3288167317708286
112,40.88715744018555,41.1991,0.31194305419921875
35373,41.850433349609375,41.51484,-0.33559417724609375
33259,44.44832420349121,43.865025,-0.5832996368408203
40025,39.17628648546007,39.643505,0.467218610975479
44689,42.292015923394096,41.349987,-0.9420288933647996
49972,39.34946356879341,40.619606,1.2701424492729956
4526,34.00123087565104,34.126286,0.12505467732747633
48311,42.07744344075521,41.97052,-0.1069234212239607
37803,44.07297007242838,42.753407,-1.31956354777018
8348,43.94479370117188,44.436237,0.491443634033196
46451,40.97303263346354,41.98056,1.0075276692708357
18722,43.11023966471354,41.924953,-1.18528620402018
13852,41.188744439019096,41.794773,0.6060286627875442
19073,40.106353759765625,40.793903,0.6875495910644531
46935,40.29805755615234,40.487976,0.18991851806641336
7400,39.25717841254341,40.019073,0.7618950737847143
32935,45.194671630859375,45.744278,0.5496063232421875
8078,40.92584482828776,41.47286,0.5470136006673201
52075,37.55464002821181,37.6798,0.125158098008896
23898,43.42906019422743,43.28985,-0.13921186659071338
47073,40.94549814860026,40.58367,-0.3618265787760393
13125,40.71022203233507,40.90091,0.19068739149305713
45707,38.72236124674479,39.62937,0.907010396321617
10086,39.29771931966146,38.697712,-0.6000073750813826
44760,41.15684678819444,40.875008,-0.2818391587999116
28493,38.78872680664063,39.203457,0.41473007202147727
12306,36.93976508246528,38.125374,1.1856087578667527
52277,42.38449096679688,42.892517,0.5080261230468679
42693,39.36095174153646,39.040504,-0.32044728597005445
2927,42.83471340603299,42.545403,-0.2893108791775205
9828,38.560577392578125,38.50261,-0.0579681396484375
354,43.40133666992188,42.840553,-0.5607833862304759
14464,39.06515502929688,39.40162,0.33646392822264914
43019,34.508514404296875,34.713684,0.205169677734375
41713,42.00186835394965,42.24784,0.2459725273980098
20089,39.61606513129341,40.86164,1.2455757988823706
3178,41.98174031575521,41.341805,-0.6399358113606795
47054,40.65268198649088,40.85106,0.19837697347005445
50127,44.09860483805338,44.002636,-0.09596888224283617
19573,39.923312717013886,40.333813,0.41049999660916114
16512,36.07566324869792,36.174202,0.09853871663410985
31301,40.34705607096354,38.930355,-1.416700998942055
718,41.70111083984375,41.59912,-0.10198974609375
19778,42.429768880208336,41.034264,-1.395505269368492
7516,40.30575222439237,40.461708,0.15595584445528488
14766,38.63805135091146,40.069717,1.4316660563151018
24870,38.614220513237846,39.380917,0.7666960822211379
50173,39.19603474934896,39.284,0.08796564737955492
3253,38.22419230143229,38.550846,0.3266537984212263
2463,39.97020975748698,39.82226,-0.14794794718424242
24852,39.65936618381076,40.610806,0.9514393276638486
46364,37.35032484266493,36.782284,-0.5680410597059478
4379,40.35616556803385,41.46812,1.11195500691732
7147,43.66473388671875,42.56611,-1.0986251831054688
18137,44.53840806749132,44.11622,-0.4221895005967866
26136,40.54815165201823,40.468895,-0.07925669352213305
464,42.698089599609375,41.975952,-0.722137451171875
7412,40.105224609375,39.861816,-0.243408203125
48043,40.44095526801216,42.955223,2.514267815483933
40517,43.05840047200521,43.266422,0.20802179972330492
48402,38.915001763237846,39.29954,0.38453971015082544
27433,42.72989569769965,42.499107,-0.2307883368598027
5060,40.749247233072914,39.847874,-0.9013735453287737
39064,38.21013047960069,36.989986,-1.2201440599229585
28750,41.39048767089844,40.47883,-0.9116592407226562
49739,38.05073038736979,38.03249,-0.018240610758461173
41558,40.66891733805338,41.172237,0.5033200581868513
6500,39.497955322265625,40.062008,0.5640525817871094
8213,42.96459621853299,42.78249,-0.18210644192166114
33596,37.42285495334201,38.387085,0.9642300075954893
30941,40.20055474175347,40.762077,0.5615225897894973
22058,41.32689666748047,40.90716,-0.4197349548339844
53074,39.873558892144096,39.695152,-0.17840660942925268
7259,38.60168796115451,39.865925,1.2642368740505674
40771,40.406585693359375,41.31196,0.9053726196289062
48935,41.75007798936632,41.903797,0.15371916029188526
5311,40.93802261352539,41.32733,0.3893089294433594
43674,39.91181945800781,40.908722,0.9969024658203125
24626,39.80329725477431,39.375263,-0.428034040662979
43690,37.88315497504341,37.383415,-0.4997397528754419
18464,41.60945892333984,42.367477,0.7580184936523509
30220,42.93307495117188,44.292503,1.3594284057617116
15519,39.12682088216146,39.066788,-0.0600331624348982
13189,37.543246799045136,39.257893,1.7146458095974424
14222,43.99463907877604,43.435123,-0.5595156351725237
13798,36.42023383246528,36.549065,0.12883080376519018
26528,43.04017130533854,42.07067,-0.9695002237955705
49874,38.37648179796007,38.402164,0.02568266126844776
50565,38.55573527018229,38.38439,-0.17134348551432055
27252,42.02588907877604,42.8399,0.8140118916829451
8515,42.13023206922743,41.785133,-0.3450987074110259
21331,41.96275160047743,42.01716,0.054406907823349115
3829,40.4850090874566,41.29257,0.8075591193305058
31799,39.93621487087674,39.262856,-0.673359341091583
40979,39.34528944227431,39.2672,-0.07808897230360401
46605,43.02118259006076,42.628117,-0.3930659823947451
36043,38.80368041992188,39.908432,1.1047515869140554
46971,37.84222157796224,38.020016,0.17779413859049242
23990,44.755165100097656,43.658924,-1.0962409973144531
504,43.19284057617188,38.102764,-5.09007644653321
14737,40.10028415256076,40.27913,0.17884487575955177
24448,41.51055335998535,40.701817,-0.8087368011474609
17690,40.49745178222656,39.660652,-0.8367996215820312
47570,38.14643096923828,38.58306,0.4366302490234375
36525,40.99392954508463,42.139107,1.1451772054036482
46754,40.32027689615885,41.07843,0.7581532796223982
35675,43.25949096679688,42.448235,-0.8112564086914134
446,40.19495137532552,41.156815,0.9618631998697893
40152,42.47505696614584,45.503235,3.028177897135407
38598,43.61211140950521,42.20781,-1.4043019612630232
10201,41.282562255859375,40.203823,-1.0787391662597656
20191,43.666039360894096,42.69329,-0.9727486504448777
42867,46.25768025716146,46.309135,0.05145517985025805
53579,41.82109578450521,41.38871,-0.43238576253255445
42462,40.64784749348959,40.046013,-0.6018346150716241
14274,42.84449259440104,41.791046,-1.0534464518229143
12249,39.57923380533854,39.534016,-0.04521814982096117
53588,36.99750434027778,36.85741,-0.14009390936957544
51489,37.75194295247396,37.68083,-0.07111485799153883
42810,39.78820546468099,41.71194,1.9237353006998674
42641,41.97300550672743,41.024433,-0.948572370741104
16889,42.10649617513021,42.35976,0.2532641092936174
45189,38.52070109049479,38.864502,0.3438008626302107
43430,39.61303456624349,40.756992,1.1439577738443987
6300,38.449493408203125,37.93393,-0.51556396484375
48421,41.94110446506076,41.97955,0.038444942898223644
23821,37.01458740234375,38.59539,1.5808029174804688
44509,39.25641886393229,38.834038,-0.42238108317057055
48437,42.024749755859375,41.937096,-0.08765411376953125
5854,42.155297173394096,41.606853,-0.5484436882866746
39138,40.977681477864586,41.347355,0.3696734110514299
49210,39.77215237087674,39.973064,0.2009120517306826
29810,42.86642456054688,41.760574,-1.1058502197265696
21268,39.93545871310764,41.465157,1.5296978420681384
53447,36.1995849609375,35.764416,-0.4351692199707031
18754,42.62481689453125,41.62916,-0.9956550598144531
43052,39.40880330403646,39.45664,0.04783503214517992
36090,40.974266052246094,40.450535,-0.5237312316894531
27469,39.21312459309896,40.179432,0.9663073221842424
7415,38.65257771809896,39.081127,0.4285494486490862
13289,40.88715744018555,41.094814,0.2076568603515625
25368,40.88715744018555,41.19639,0.3092308044433594
21983,42.39683363172743,42.60702,0.21018770005967724
30746,40.08300526936849,40.73454,0.6515337626139299
51677,42.00489976671007,42.672104,0.6672041151258696
48807,41.21837361653646,40.041588,-1.176785786946617
13912,40.037624782986114,41.534695,1.497069888644745
4736,41.90577867296007,42.037853,0.132074568006729
44575,34.68995496961806,35.18535,0.49539354112413037
42792,38.95164998372396,39.24325,0.2916018168131487
26608,41.448147243923614,41.142467,-0.3056797451443174
35744,39.82921346028646,39.524345,-0.30486806233724195
35014,45.36443413628472,43.36676,-1.9976738823784714
42121,37.55578952365451,38.663982,1.1081928677029111
28147,43.47387356228299,41.54997,-1.9239048428005674
3928,39.16185506184896,39.743965,0.5821100870768205
37282,40.34562852647569,39.799877,-0.545751359727646
24340,41.7271728515625,41.5363,-0.1908721923828125
23881,39.022857666015625,40.042618,1.0197601318359375
1779,33.09088897705078,33.08346,-0.007427215576171875
52300,37.84812927246094,39.63508,1.7869491577148438
48203,43.04700724283854,43.23565,0.18864186604817945
26695,40.60920545789931,41.11723,0.5080240037706147
3187,41.282938639322914,41.563248,0.2803090413411482
7207,36.79153633117676,37.292454,0.5009174346923828
7612,44.84185112847222,44.368053,-0.47379769219292456
34711,45.36405436197917,45.03882,-0.3252360026041714
41938,51.385833740234375,50.72752,-0.6583137512207031
41690,42.36455281575521,42.99189,0.6273371378580705
33654,40.03685506184896,40.111202,0.07434717814127367
45373,41.3243408203125,39.751644,-1.5726966857910156
2006,40.43830023871528,40.3317,-0.10660086737738794
10663,39.84659576416016,40.03987,0.19327545166014914
53036,43.43010457356771,42.53097,-0.8991330464681013
50682,39.13138071695963,38.85015,-0.2812296549479143
8659,41.38927883572049,41.864616,0.4753375583224795
4465,38.697296142578125,38.275703,-0.42159271240234375
19851,40.58916473388672,39.711353,-0.8778114318847656
17137,37.77209281921387,38.886635,1.114542007446289
39080,37.89910549587674,38.241413,0.34230762057833886
39129,41.98658243815104,41.7638,-0.22278086344400805
27471,40.79681396484375,41.902767,1.1059532165527344
37177,40.96620008680556,40.722576,-0.24362394544813526
38515,41.21343994140625,40.63727,-0.5761680603027344
49173,41.35082499186198,41.43277,0.0819447835286482
37098,43.70382690429688,43.517345,-0.18648147583008523
29834,38.87816619873047,36.289993,-2.5881729125976562
3183,42.57342868381076,42.695923,0.12249416775173927
19442,40.96458435058594,39.873993,-1.0905914306640625
12301,39.38213433159722,39.91999,0.5378562079535598
13025,40.17102305094401,40.36347,0.19244511922200758
41404,43.867462158203125,43.36183,-0.5056304931640625
39186,38.558868408203125,36.75029,-1.8085784912109375
16571,42.59013875325521,42.18631,-0.4038289388020857
27003,41.28246053059896,41.803364,0.5209032694498674
4010,43.61524454752604,43.268875,-0.3463694254557268
6617,38.39281209309896,38.296867,-0.09594472249349195
25879,39.58264499240451,39.474102,-0.10854297214083886
28557,39.501373291015625,39.068554,-0.4328193664550781
41830,38.70612589518229,39.668907,0.9627812703450545
40672,41.33280944824219,41.67887,0.34606170654296875
48183,41.20470682779948,40.870667,-0.3340403238932268
19463,40.18040974934896,40.274128,0.09371821085611742
4570,40.68591986762153,40.355663,-0.3302565680609817
30219,42.39607069227431,42.499146,0.10307481553819287
21283,43.89277140299479,42.808224,-1.084547678629555
26314,41.43676079644097,41.879894,0.44313346015082544
16049,39.967071533203125,40.146435,0.17936325073242188
6323,36.81538899739584,37.93977,1.124380747477204
11718,39.47289021809896,39.527336,0.05444590250650805
36290,40.498311360677086,41.639458,1.141146341959633
32208,40.65135701497396,40.430653,-0.22070439656575758
50878,41.2487555609809,39.78695,-1.4618064032660527
23551,37.6575927734375,37.575226,-0.082366943359375
30439,35.73433430989584,37.0304,1.2960650126139228
26978,41.32604471842448,41.375122,0.0490773518880232
22921,43.29386054144965,43.32855,0.03468788994683791
8510,39.15843709309896,39.62233,0.4638926188151018
6711,38.69701131184896,40.907387,2.2103754679361955
39123,40.35104370117188,40.498287,0.14724349975585227
36512,44.494730631510414,45.29088,0.7961476643880232
48190,38.61346096462674,38.527668,-0.08579296535916114
49952,42.19403415256076,41.87112,-0.32291369967990136
45246,38.64289347330729,39.587997,0.9451039632161482
42055,43.04814656575521,39.665947,-3.382199605305992
24590,45.837646484375,44.727627,-1.1100196838378906
37338,45.33452860514323,43.93147,-1.40305964152018
49216,41.24799601236979,40.87688,-0.3711153666178362
5540,42.233910454644096,42.028057,-0.20585335625542456
17337,38.48851521809896,39.786465,1.2979494730631487
47896,40.83270454406738,40.917427,0.08472251892089844
19199,40.530968560112846,40.53006,-0.0009087456597214327
33951,39.730377197265625,40.133648,0.4032707214355469
17376,40.807637532552086,41.151165,0.3435274759928362
54001,40.35550604926216,40.5192,0.16369332207572995
22639,37.94683647155762,39.412712,1.4658756256103516
24735,38.681060791015625,39.869698,1.1886367797851562
33300,38.75597127278646,37.88696,-0.8690121968587263
46165,39.95447731018066,39.51264,-0.4418354034423757
9446,44.62585194905599,44.073322,-0.5525296529134138
7917,44.46406046549479,44.03376,-0.43030039469400805
31899,40.8913828531901,41.053013,0.16162999471028883
25101,42.06576283772787,42.531506,0.4657427469889299
54338,42.56450398763021,41.143852,-1.420651753743492
16340,43.49666002061632,43.53677,0.04010984632704151
14318,39.70918579101563,40.28908,0.5798957824707003
49324,41.96844821506076,41.26993,-0.6985164218478701
5702,38.77524481879341,39.242138,0.4668930901421362
2810,44.50536092122396,44.618774,0.1134134928385393
24348,41.7228266398112,41.822617,0.09978993733723485
29383,38.35939195421007,40.203037,1.8436453077528228
15751,40.780483669704864,40.317066,-0.46341747707791114
37465,41.89287312825521,41.4336,-0.45927174886067945
50219,34.45838419596354,36.40239,1.9440053304036482
22667,41.018225775824654,41.28795,0.26972283257378393
39764,41.718841552734375,41.58003,-0.13881301879882812
1265,43.699554443359375,43.690952,-0.008602142333984375
26678,41.68238321940104,41.38942,-0.2929636637369768
34557,40.664082845052086,40.644447,-0.019635518391929452
1160,33.528601752387154,33.569256,0.04065407647026831
15923,36.05742390950521,35.821625,-0.2357991536458357
5260,42.52313232421875,42.463497,-0.059635162353515625
16156,40.67910194396973,40.331,-0.3481006622314453
21134,37.56641981336806,37.82555,0.259130265977646
37090,41.77480125427246,41.527214,-0.2475872039794922
14373,40.797953287760414,40.157784,-0.640169779459633
1803,35.65752156575521,34.953194,-0.7043279012044295
10316,40.592872619628906,40.423847,-0.16902542114257812
22439,43.65569051106771,42.18064,-1.4750493367513045
46848,42.64596557617188,43.766743,1.120777130126946
8902,38.776763916015625,39.177998,0.4012336730957031
36713,41.87977091471354,41.788555,-0.09121576944986742
34266,41.11697133382162,41.01886,-0.09811147054036695
10890,44.51931508382162,43.52451,-0.9948056538899763
46842,43.33810424804688,42.39346,-0.9446449279785227
36549,37.908599853515625,40.085423,2.1768226623535156
28326,41.33373769124349,40.758793,-0.5749448140462263
34373,42.188524881998696,41.893032,-0.2954928080240862
26902,39.636810302734375,39.780396,0.143585205078125
41441,37.73627217610677,38.683266,0.946993509928383
35812,42.88864135742188,42.271973,-0.6166687011718821
44058,45.83992173936632,43.05798,-2.7819421556260835
28796,38.65001424153646,38.476,-0.17401250203450758
33534,44.65945688883463,43.484463,-1.1749941507975237
50271,38.50180731879341,39.285442,0.7836350335015112
14794,42.27074856228299,42.14161,-0.12913937038845802
47157,43.00513712565104,41.32644,-1.6786982218424455
39233,41.56284247504341,41.563793,0.0009507073296362023
6205,40.36228942871094,40.204426,-0.15786361694335938
12752,43.79668172200521,43.59989,-0.19679005940755445
21593,40.65582021077474,40.648952,-0.006867726643882577
8656,43.34323120117188,43.01114,-0.3320922851562571
50924,40.197509765625,39.980263,-0.21724700927734375
3687,41.701751708984375,41.823513,0.12176132202148438
24350,41.164825439453125,41.260334,0.09550857543945312
44206,38.671661376953125,39.514065,0.8424034118652344
51108,41.2282477484809,41.880005,0.6517571343316035
14663,40.30879041883681,40.75257,0.4437806871202241
2889,42.49927775065104,42.621624,0.12234624226888258
32339,42.06120808919271,42.922874,0.861666361490883
52573,42.74812486436632,42.901093,0.15296766493055713
39727,40.03223419189453,40.780136,0.7479019165039062
46841,43.97042846679688,44.42964,0.4592132568359304
5295,40.805928548177086,40.721924,-0.0840047200520857
22516,40.679534912109375,40.911285,0.23175048828125
23116,40.73642306857639,41.280045,0.5436214870876697
11577,41.34769948323568,41.2318,-0.11589940388997633
40702,37.973745346069336,38.36745,0.3937053680419922
9045,35.66265106201172,36.544884,0.882232666015625
20046,37.405293782552086,37.69294,0.28764597574869555
33064,40.95593939887153,41.564278,0.6083382500542527
50365,40.570088704427086,40.126923,-0.4431660970052107
18286,40.932776557074654,40.729126,-0.20365058051215357
1336,41.47853257921007,41.854218,0.37568495008680713
36900,38.90493774414063,39.148575,0.2436370849609304
41040,42.15946960449219,41.22494,-0.9345283508300781
10254,36.20384216308594,35.954742,-0.2490997314453125
35001,43.55628458658854,43.08141,-0.4748751322428362
51879,40.28866068522135,40.90557,0.616910298665367
47689,41.48726399739584,42.312332,0.8250681559244697
49106,40.10332573784722,40.007725,-0.09560097588433081
27385,40.231689453125,40.708405,0.476715087890625
18436,42.42151896158854,42.32898,-0.0925394694010393
16389,39.88646697998047,40.00213,0.11566162109375
43471,44.0958309173584,43.557705,-0.5381259918212891
20627,43.18287150065104,43.29247,0.10959752400716383
6071,37.50298309326172,39.29928,1.796295166015625
33769,41.77437337239584,42.478745,0.7043711344400947
21036,43.44833628336588,40.974464,-2.473871866861977
48006,39.17894999186198,40.027737,0.8487866719563826
33512,42.94617716471354,41.74301,-1.2031656901041643
26239,40.52422332763672,40.55526,0.031036376953125
23559,39.80443827311198,40.208168,0.40372975667317945
36250,42.60001288519965,42.40225,-0.1977645026312871
27835,39.682966232299805,41.75568,2.072713851928711
35100,36.40421676635742,37.94994,1.5457229614257812
20575,42.89398193359375,42.816074,-0.07790756225585938
10589,43.30193074544271,42.315342,-0.9865887959798201
34750,43.64477199978299,42.79003,-0.8547405666775205
9158,38.657623291015625,40.56062,1.9029960632324219
1137,40.19323984781901,40.059166,-0.1340738932291643
22785,42.20646667480469,42.113243,-0.09322357177734375
39487,45.93751017252604,44.7419,-1.1956087748209612
319,39.287190755208336,40.222202,0.9350115458170549
31910,39.66771443684896,39.764275,0.09656016031900805
13531,39.088653564453125,39.557255,0.4686012268066406
41412,42.180267333984375,42.465176,0.2849082946777344
41622,39.43416086832682,39.547726,0.11356480916341383
49808,43.427825927734375,43.41556,-0.012264251708984375
34678,44.70133463541666,44.137722,-0.5636126200357978
46586,41.95582071940104,41.810863,-0.14495722452799242
40193,43.13615926106771,43.209084,0.07292429606119555
48882,41.19017791748047,41.046494,-0.14368438720703125
52477,40.83398246765137,40.138664,-0.6953182220458984
14525,44.07771470811632,43.21757,-0.860143449571396
4154,41.84730021158854,41.797848,-0.04945246378580492
9979,38.98298814561632,40.067898,1.0849096510145415
36575,41.66073099772135,42.543873,0.8831418355306013
20989,40.00001695421007,40.492565,0.492548200819229
41318,41.0298080444336,40.512897,-0.5169105529785227
44248,40.57634925842285,39.367233,-1.209115982055664
1785,34.181243896484375,34.13061,-0.050632476806640625
20844,39.99214680989584,41.132866,1.140719095865876
9118,42.44544474283854,42.294815,-0.1506296793619768
20749,41.26465797424317,41.44688,0.1822223663330007
27859,42.69937133789063,41.57536,-1.1240119934082102
26883,38.410186767578125,39.367085,0.9568977355957031
50254,42.20087009006076,41.589382,-0.6114879184299014
31679,39.51219685872396,40.54738,1.0351816813151018
24405,40.72645823160807,40.6069,-0.11955897013346117
43835,42.487884521484375,42.41318,-0.07470321655273438
25929,41.31788126627604,41.488613,0.17073186238607008
5597,40.54540337456597,40.932964,0.38756095038520044
9096,43.72034708658854,42.867214,-0.8531328837076799
19732,40.58745765686035,39.768322,-0.8191356658935547
31743,41.65247599283854,40.129436,-1.5230394999186174
34197,35.04656982421875,36.845715,1.7991447448730469
30354,40.90542941623264,41.55969,0.6542591518825915
24991,43.82555135091146,42.636826,-1.1887257893880232
49685,38.23444620768229,37.230213,-1.0042330423990862
6157,41.54494667053223,41.783737,0.23879051208496094
11266,41.67830064561632,41.185646,-0.4926545884874116
8199,39.89928436279297,40.789566,0.8902816772460938
28406,43.64116414388021,42.757195,-0.883969624837242
35764,39.820393880208336,39.650135,-0.17025883992513258
10228,38.169884575737846,37.41978,-0.7501038445366746
37890,38.81977335611979,39.017742,0.19796880086263258
44604,39.12710571289063,38.957623,-0.16948318481446023
7914,44.688232421875,44.5254,-0.16283416748046875
10286,43.16435750325521,42.194996,-0.9693616231282576
28669,41.448523627387154,40.25251,-1.1960135565863723
46883,42.73112996419271,43.162895,0.43176523844400805
47849,40.57948303222656,40.879044,0.299560546875
44178,37.51239013671875,38.618206,1.1058158874511719
40231,41.56854587131076,41.97441,0.40586513943142677
8806,42.841426849365234,41.24291,-1.5985183715820312
11231,39.945149739583336,40.152103,0.20695368448892992
31936,38.13265313042535,37.737694,-0.3949593438042598
20446,40.56894259982639,40.524555,-0.04438739352756471
26395,41.521823459201386,41.69769,0.17586559719509864
6786,38.82879299587674,39.28307,0.45427661471896386
53209,44.47459983825684,44.241257,-0.23334312438965554
39674,31.82166035970052,32.812073,0.9904123942057304
46453,43.26044040256076,42.379845,-0.880595737033417
35057,42.14124552408854,42.58614,0.4448941548665388
33751,37.50147162543403,37.741646,0.24017418755425268
19839,39.026563008626304,37.775826,-1.2507375081380232
44502,42.23751831054688,41.73834,-0.49917984008789773
50270,38.24640909830729,38.49158,0.24517186482747633
22036,39.65632459852431,40.21392,0.5575959947374116
34448,42.96801418728299,41.687653,-1.2803615993923643
48323,43.20879109700521,42.51215,-0.6966412862141951
52198,40.08471001519097,40.473854,0.3891440497504348
29934,42.86272176106771,43.517853,0.6551310221354143
15921,35.80534871419271,35.97774,0.17239252726236742
35877,41.03379991319444,41.403397,0.36959669325086963
19269,39.33958943684896,39.45993,0.1203409830729143
891,33.64936998155382,33.713417,0.06404707166883838
7714,39.21692233615451,39.348972,0.1320499844021299
37629,41.78729587131076,41.232822,-0.5544734530978701
15799,41.49866739908854,40.776615,-0.7220522562662737
22536,41.80970255533854,41.749466,-0.0602366129557268
13827,43.40674845377604,42.501724,-0.9050242106119768
22389,44.58683013916016,44.53752,-0.049308776855475855
45049,40.38515281677246,40.556484,0.17133140563964844
27324,39.51020304361979,41.10189,1.5916875203450545
28822,37.85882186889648,38.387318,0.5284957885742259
49228,40.59477064344618,40.823196,0.22842576768663037
13997,36.76212056477865,36.860844,0.09872309366861742
1950,40.81675211588541,40.644104,-0.1726481119791572
35149,39.61224365234375,38.5452,-1.0670433044433594
32258,43.38908894856771,43.06493,-0.3241589864095076
9874,40.82586669921875,41.189564,0.3636970520019531
52931,39.32763163248698,36.921314,-2.4063173929850237
18838,40.23176765441895,39.444935,-0.7868328094482493
23180,40.62762451171875,41.2365,0.6088752746582031
6463,40.997717963324654,40.444157,-0.5535613165961379
7019,41.39327239990234,41.073166,-0.32010650634764914
35676,43.09485880533854,41.879005,-1.215853373209633
6069,41.0691172281901,42.309822,1.2407048543294295
9523,40.42120700412326,39.73164,-0.6895671420627139
51155,39.55207316080729,39.916832,0.36475880940755445
35905,43.77655368381076,43.083317,-0.6932368808322451
26626,40.932393391927086,42.28626,1.35386530558268
7684,42.86395602756076,41.264168,-1.5997882419162295
16367,42.22061835394965,42.075798,-0.1448203192816777
44838,30.72808498806424,31.946207,1.2181220584445498
27149,38.938262939453125,38.59153,-0.34673309326171875
53595,38.866485595703125,38.883656,0.017169952392578125
49558,42.32317543029785,42.286728,-0.03644752502441406
29463,41.3353508843316,42.177746,0.8423949347601933
16074,41.65133412679037,41.51512,-0.13621266682942945
43233,39.17524210611979,40.18526,1.0100186665852888
29291,39.60429212782118,40.153217,0.548925187852646
38871,40.4493153889974,40.40619,-0.0431264241536482
23553,37.29762268066406,37.906178,0.6085548400878906
21265,42.34442477756076,41.686554,-0.6578708224826357
2190,43.86656019422743,43.644264,-0.22229597303602588
5314,40.55391502380371,41.650467,1.0965518951416016
6454,37.41753811306424,37.852642,0.4351039462619326
28952,41.72282918294271,41.466248,-0.2565816243489607
42368,37.33863830566406,37.820267,0.48162841796875
35020,40.056243896484375,39.66532,-0.39092254638671875
6602,39.32477823893229,39.46212,0.13734181722005445
53216,42.86157989501953,42.1883,-0.67327880859375
17658,39.67113240559896,39.52777,-0.1433614095052107
34659,40.58631896972656,41.111332,0.5250129699707031
37108,45.25797462463379,44.958035,-0.2999401092529297
10965,41.32034810384115,40.897137,-0.4232114156087263
16621,45.66523234049479,44.594757,-1.0704752604166643
48417,41.726525200737846,41.60946,-0.11706627739800268
34060,40.05204942491319,40.387848,0.33579847547743213
6019,37.752892388237846,37.23634,-0.5165528191460496
21902,40.25334337022569,40.32646,0.07311842176649463
5595,41.298413594563804,40.700424,-0.597989400227867
13494,39.96794128417969,38.945423,-1.0225181579589844
13536,41.26166788736979,40.569317,-0.6923510233561174
38259,40.74013010660807,41.99878,1.2586491902669295
26019,40.45614878336588,41.919174,1.4630254109700545
18926,36.19444020589193,36.01116,-0.1832784016927107
25875,40.751241048177086,40.16796,-0.583279927571617
29444,42.39332071940104,42.022446,-0.3708750406901018
52702,38.120513916015625,38.037838,-0.08267593383789062
35630,43.378173828125,42.920296,-0.45787811279296875
33019,39.485802544487846,39.453293,-0.03250969780815893
1242,41.366115993923614,41.787247,0.42113071017794823
6339,35.56666056315104,35.112038,-0.45462290445963305
8807,41.01670837402344,40.705666,-0.31104278564453125
41015,41.06608412000868,41.82568,0.7595956590440522
13498,36.402740478515625,36.429306,0.0265655517578125
53331,41.510335286458336,41.68945,0.17911402384439867
31042,38.09620836046007,37.907448,-0.18876054551866162
30806,42.85294257269965,41.564148,-1.2887946234808965
25800,41.53815375434028,41.55918,0.021027459038627683
33912,38.4342041015625,38.39972,-0.03448486328125
20431,42.47506713867188,44.403957,1.9288902282714773
874,32.912007649739586,32.956223,0.0442148844401018
27927,40.04853820800781,41.019196,0.9706573486328125
18827,40.91246032714844,41.17961,0.26715087890625
2576,41.07453155517578,41.416515,0.3419837951660156
50746,38.867150200737846,39.648003,0.7808524237738723
3639,38.68333943684896,39.30721,0.6238695780436174
18936,38.30736287434896,38.65903,0.3516680399576799
31466,43.64030965169271,42.934906,-0.7054036458333357
24015,40.08850436740451,40.573204,0.484699673122833
5339,41.94869995117188,40.92442,-1.0242805480957102
37365,41.036641438802086,41.425125,0.3884836832682268
16712,42.559661865234375,42.077267,-0.4823951721191406
13261,40.94530571831597,40.794872,-0.15043343438042456
35981,41.30040995279948,41.155373,-0.14503733317057055
22841,42.886742485894096,42.295383,-0.5913590325249558
44512,39.30616929796007,39.209328,-0.09684160020616162
49122,39.75914510091146,39.119877,-0.6392682393391951
26737,40.91834174262153,41.00979,0.09144677056206518
13584,41.5997797648112,41.967484,0.36770375569660985
53753,43.42223103841146,40.157295,-3.2649358113606795
5981,37.8146006266276,39.011177,1.1965764363606795
17931,38.66596476236979,37.877598,-0.7883669535318987
5790,41.04937405056424,41.479294,0.42991977267794823
7977,40.63075764973959,40.724117,0.09335962931314157
45669,38.77638414171007,38.497715,-0.27866914537217724
36677,38.131622314453125,39.06785,0.9362258911132812
22927,41.60613674587674,41.766487,0.16035037570529198
29216,41.52791002061632,41.476147,-0.05176332261827099
47190,40.86517588297526,41.87348,1.0083058675130232
28827,39.13764444986979,39.37701,0.23936589558919508
13828,41.789574517144096,41.404686,-0.3848885430230027
18161,41.557525634765625,41.524788,-0.03273773193359375
22872,41.46932220458984,41.69291,0.2235870361328196
16305,41.79090118408203,42.22601,0.4351081848144531
53876,40.124732971191406,40.004242,-0.12049102783203125
25001,40.69854736328125,40.68525,-0.01329803466796875
9521,39.648345947265625,39.613495,-0.03485107421875
16532,36.28427463107639,36.70837,0.42409557766384154
19739,40.44076792399088,40.281498,-0.15926996866861742
33134,43.55742390950521,43.284122,-0.2733014424641951
47312,37.852013481987846,38.014385,0.16237174140082544
36771,40.944925944010414,40.23877,-0.7061564127604143
11191,42.48189290364584,43.187363,0.7054697672525947
31896,41.58810424804688,42.098213,0.5101089477538991
53482,42.02503458658854,43.231533,1.20649846394857
1884,42.935638427734375,43.188957,0.25331878662109375
1095,39.86225382486979,39.908752,0.0464986165364607
44790,41.560943603515625,41.65433,0.09338760375976562
43366,40.6417236328125,40.789948,0.148223876953125
2732,41.74779595269097,41.59779,-0.15000618828667456
31554,43.005706787109375,41.820953,-1.18475341796875
50701,43.8240966796875,43.739944,-0.0841522216796875
46739,39.98388671875,39.090984,-0.8929023742675781
3972,41.70146687825521,41.89545,0.19398371378580492
45524,39.46909586588541,40.09313,0.6240323384602959
4384,39.95639610290527,40.662643,0.7062473297119141
26293,41.09228854709201,41.05487,-0.03741794162326073
9431,43.55713907877604,43.463074,-0.0940653483072893
42691,39.19109768337674,38.014942,-1.1761555141872861
46818,40.040283203125,39.295914,-0.7443695068359375
49948,41.74590047200521,41.816936,0.07103602091471117
53228,34.89189656575521,34.67823,-0.21366628011067945
29002,39.106408013237846,41.26238,2.1559706793891067
33649,39.71252780490451,39.8612,0.14867062038845802
4055,42.97722371419271,42.798798,-0.1784261067708357
18619,36.242106119791664,37.102673,0.8605664571126326
9830,38.963897705078125,39.35812,0.3942222595214844
22811,40.282199435763886,40.156414,-0.12578540378146386
13197,36.28009711371528,36.51926,0.23916329277886206
42527,48.410448710123696,47.836567,-0.5738817850748674
18396,40.63417307535807,41.59057,0.9563954671223982
35435,37.421722412109375,38.289406,0.8676834106445312
35856,40.32588365342882,40.203754,-0.12212922837998974
22946,37.79694620768229,37.13426,-0.6626879374186174
15369,39.04308064778646,38.873253,-0.16982777913411695
36958,40.04932022094727,40.05707,0.007751464843742895
29686,38.77633666992188,39.206474,0.43013763427733664
20518,39.66885715060764,39.963097,0.2942394680447009
32561,42.53858439127604,42.97454,0.43595631917317945
3387,43.22929890950521,43.32819,0.09889094034830492
41574,41.91765340169271,41.308765,-0.6088879903157576
41521,38.850677490234375,38.75499,-0.0956878662109375
5990,39.32335408528646,38.48856,-0.8347943623860701
48256,39.16071573893229,39.947414,0.7866986592610701
33728,42.52367824978299,44.07117,1.5474925571017764
12344,38.54291788736979,39.978756,1.435838063557945
42800,40.02660454644097,40.018616,-0.007988823784721433
18395,41.79259914822049,41.588375,-0.2042240566677549
1585,43.56689453125,42.95794,-0.6089553833007812
45143,32.008522033691406,31.379877,-0.6286449432373047
42002,43.25436401367188,43.299873,0.045509338378899145
14837,41.71542104085287,41.696987,-0.018433888753257577
42505,39.180938720703125,39.57256,0.3916206359863281
13030,41.28522067599826,40.362312,-0.9229083591037295
49218,43.5260976155599,43.927635,0.40153757731119555
52021,37.89682685004341,37.030987,-0.8658400641547388
5382,38.44835408528646,38.12862,-0.3197339375813826
32425,40.16019630432129,39.37896,-0.7812366485595703
15660,40.92755381266276,42.152355,1.2248013814290388
6218,39.76541392008463,40.12494,0.35952504475911695
43018,33.52100287543403,33.93584,0.41483773125542456
2007,43.00713094075521,42.354492,-0.6526387532552107
21286,42.45000203450521,42.197838,-0.25216420491536695
22351,38.8795166015625,38.41785,-0.4616661071777344
22995,44.86121961805556,43.813175,-1.0480444166395415
11763,38.054718017578125,38.12819,0.0734710693359375
2796,41.61088053385416,42.399406,0.7885258992513116
43193,43.67563120524088,42.842445,-0.8331858317057268
7655,41.14716593424479,40.518673,-0.6284929911295549
42029,43.54004923502604,43.391094,-0.14895502726236742
31721,46.87519327799479,47.43294,0.5577481587727888
2313,39.51960245768229,40.351902,0.8322995503743513
32854,41.46751573350694,41.28127,-0.18624666002061474
32945,45.14197794596354,43.702934,-1.4390436808268205
46940,41.175923665364586,40.007614,-1.1683095296223982
20669,40.76434071858724,41.00339,0.23905054728189867
47105,43.01909383138021,42.79389,-0.22520192464192945
4024,44.79399617513021,43.969357,-0.8246396382649763
1749,38.74913533528646,38.953762,0.20462671915689867
34109,45.14908854166666,44.294132,-0.8549563090006416
17366,38.732330322265625,38.660053,-0.07227706909179688
17106,35.95488484700521,35.890392,-0.06449254353841383
18116,43.48849487304688,42.62715,-0.8613433837890696
16063,42.202056884765625,41.756298,-0.4457588195800781
32857,40.17017279730903,39.64922,-0.5209532843695754
30261,40.10332573784722,39.921204,-0.18212212456597143
33530,40.640346950954864,42.756092,2.115745120578339
11043,42.23353068033854,40.808357,-1.425173441569008
1490,35.26331583658854,35.766094,0.5027783711751326
16355,40.69009738498264,40.378155,-0.31194263034397096
795,40.11491139729818,40.413113,0.2982012430826799
52778,40.44018893771701,40.08439,-0.3558002048068545
32982,34.32611762152778,35.302143,0.9760254753960496
16470,43.545745849609375,41.497276,-2.0484695434570312
10683,38.50845336914063,39.22749,0.7190361022949148
12846,39.91894276936849,39.40337,-0.5155728658040388
29825,39.95568339029948,40.24784,0.29215749104817945
20660,38.92573038736979,39.98657,1.060838063557945
19816,40.93865966796875,41.331272,0.3926124572753906
29158,41.69804890950521,42.397346,0.6992975870768205
35015,44.68480936686198,43.570988,-1.1138216654459612
25897,40.95936754014757,41.09215,0.13278410169813526
40998,40.5715077718099,40.308067,-0.26344045003255445
15748,40.15155707465278,40.167988,0.016430748833549558
11774,38.80866495768229,38.968746,0.16008122762044508
28621,42.13782755533854,41.758453,-0.3793741861979143
49110,41.209546407063804,40.807972,-0.4015744527181013
27846,43.61809285481771,42.655056,-0.9630368550618513
30033,40.3285395304362,40.89145,0.5629094441731723
5107,38.43230862087674,37.89003,-0.5422787136501768
52806,40.07104237874349,40.918568,0.8475252787272112
42784,39.26857164171007,40.794537,1.525964948866104
1210,37.95075480143229,38.14476,0.1940053304036482
41567,40.14310963948568,41.165863,1.0227533976236955
27203,41.51270887586806,39.684364,-1.8283445570204009
35584,42.438988579644096,41.640217,-0.7987717522515183
18903,39.31395467122396,40.058575,0.7446200052897112
13748,41.23546346028646,41.22833,-0.007134755452476327
9406,38.78094482421875,40.469013,1.6880683898925781
35344,42.52937486436632,42.606377,0.07700178358290088
21151,41.35547553168403,40.829887,-0.5255881415473098
40189,39.885335286458336,41.48168,1.596346537272133
21463,41.12153244018555,41.337513,0.21598052978515625
48065,37.48741319444444,38.80496,1.3175451490614165
882,33.38048977322049,33.19714,-0.1833500332302549
49738,38.311065673828125,38.947178,0.6361122131347656
24855,41.868184407552086,41.77538,-0.09280522664388258
38616,43.577172173394096,43.511692,-0.06548012627495581
30236,42.77413940429688,43.334778,0.5606384277343679
15538,40.51615058051216,40.962868,0.4467171563042456
29160,41.75159708658854,41.088326,-0.663271586100258
44816,41.9757563273112,42.432728,0.45697148640950047
2538,42.648529052734375,42.160263,-0.4882659912109375
1530,39.27578989664713,41.21002,1.9342282613118513
54262,40.98822021484375,41.081654,0.09343338012695312
14089,36.09056260850694,36.115677,0.025114271375869635
20410,39.98216756184896,40.54528,0.563112894694008
53939,43.09656778971354,42.47534,-0.6212259928385393
53885,40.46611785888672,40.92482,0.45870208740234375
32975,35.5655263264974,36.488823,0.9232966105143205
14814,44.791720920138886,44.291164,-0.5005565219455264
14643,43.31076049804688,41.815533,-1.4952278137207102
25537,39.846588134765625,40.334213,0.4876251220703125
23513,43.767913818359375,44.246624,0.4787101745605469
6595,37.51857164171007,38.050312,0.5317404005262603
38205,36.420605977376304,38.133545,1.7129389444986955
42969,36.47301567925347,36.569244,0.09622870551215357
2692,37.57255363464356,36.964428,-0.6081256866455149
9570,42.51190524631076,41.512054,-0.9998508029513857
25922,41.41035461425781,41.497253,0.0868988037109375
348,40.19903225368924,39.590565,-0.6084675259060361
37746,44.26457383897569,43.794434,-0.47014024522569287
25690,39.50099351671007,39.599613,0.09861967298719776
1377,43.79326375325521,43.647247,-0.1460164388020857
28118,42.25935533311632,42.18325,-0.07610490587022412
37926,41.80628458658854,41.847157,0.04087193806966383
36405,41.44653574625651,41.36816,-0.07837549845377367
41648,42.624603271484375,41.52941,-1.0951919555664062
51791,38.732330322265625,39.721027,0.9886970520019531
32685,36.23574574788412,36.232224,-0.003522237141929452
8973,42.40870157877604,41.74903,-0.659670511881508
14218,43.65106201171875,43.103863,-0.5471992492675781
50571,39.83406066894531,40.231163,0.39710235595703125
15024,36.17563883463541,35.851734,-0.32390467325845407
22064,43.18970743815104,42.88877,-0.30093638102213305
32576,47.76415506998698,45.703545,-2.060610453287758
52580,40.4671630859375,38.115654,-2.3515090942382812
36927,40.73443603515625,40.184574,-0.5498619079589844
22325,41.99541219075521,40.90293,-1.0924809773763045
23506,42.86236572265625,42.671555,-0.1908111572265625
13891,43.915554470486114,43.58204,-0.333515591091583
46371,37.280537923177086,35.880424,-1.400113423665367
27006,40.52878824869792,41.38292,0.8541310628255161
30158,42.18378024631076,42.792004,0.6082233852810361
46705,39.47175089518229,39.62193,0.15017827351888258
17758,40.89745415581597,40.76111,-0.13634575737847143
45615,44.40091959635416,43.621445,-0.7794748942057197
17000,40.488616943359375,40.815147,0.32653045654296875
7221,37.85676066080729,37.91325,0.05648930867513258
4983,38.99855211046007,40.011505,1.0129530164930571
21806,44.78602091471354,44.457836,-0.3281847635904924
27103,40.3492603302002,40.465317,0.11605644226073508
53287,37.48112487792969,37.78595,0.3048248291015625
34927,43.02498033311632,43.741417,0.7164365980360259
11617,39.31894111633301,39.425014,0.10607337951660156
6404,44.12442694769965,44.26415,0.13972176445855666
40316,38.79157511393229,38.205143,-0.5864321390787737
1032,41.58326212565104,41.885246,0.30198415120442945
1103,39.66733805338541,39.471252,-0.1960856119791572
13994,39.282910664876304,38.23566,-1.0472501118977888
34325,43.01567586263021,43.00513,-0.010545094807945077
5453,38.504845513237846,39.339645,0.8347998725043411
12861,41.267651875813804,41.287003,0.019350687662758048
27067,38.414886474609375,39.737896,1.3230094909667969
16204,36.48028373718262,36.474335,-0.0059490203857421875
11330,38.459747314453125,38.589558,0.12981033325195312
8736,37.768463134765625,37.586666,-0.18179702758789062
39963,40.51111602783203,40.266037,-0.24507904052734375
44329,40.218523025512695,40.05436,-0.16416358947753906
49682,37.91742451985677,38.330704,0.4132792154947893
15749,40.66636149088541,40.695732,0.029370625813811557
14688,37.81688435872396,37.830032,0.013147989908851798
12210,39.50023396809896,39.28241,-0.2178243001302107
4020,44.51409912109375,44.366657,-0.14744186401367188
3303,36.79127332899306,37.156914,0.3656404283311616
26905,37.53602409362793,37.754185,0.21816062927246094
20456,42.352874755859375,41.57791,-0.77496337890625
45533,40.63540988498264,40.88588,0.25046963161891966
34315,41.51695442199707,42.02477,0.5078144073486328
19576,40.45386759440104,40.161114,-0.2927538553873674
45937,41.86175155639648,42.872543,1.0107917785644602
46927,41.84700584411621,41.196934,-0.6500720977783203
50452,40.900421142578125,41.415222,0.514801025390625
54056,40.03201802571615,40.387474,0.35545603434244555
21040,42.31404283311632,40.545826,-1.7682168748643647
19488,40.00419447157118,40.624737,0.6205423143174897
19998,41.14859008789063,41.12132,-0.02727127075196023
33848,42.344329833984375,42.354916,0.010585784912109375
53367,39.727246602376304,39.617233,-0.11001332600911695
43121,42.22498575846354,41.754875,-0.47011057535807055
51792,38.69957478841146,38.798756,0.09918085734049242
14385,37.536598205566406,37.620384,0.0837860107421875
28312,42.89585706922743,42.425793,-0.47006437513563526
27339,41.06513214111328,40.474773,-0.5903587341308594
16943,43.10682169596354,43.260635,0.1538136800130232
49130,37.01192220052084,37.3107,0.2987772623697822
30156,43.03390502929688,41.88921,-1.144695281982429
26260,42.43063354492188,41.15156,-1.2790718078613352
26733,38.96057467990451,39.31117,0.35059399074978614
47706,43.19967651367188,43.232758,0.033081054687492895
48010,43.06488037109375,43.580288,0.5154075622558594
48725,42.84135945638021,42.431183,-0.4101765950520857
9667,44.848663330078125,44.80653,-0.042133331298828125
42670,38.458892822265625,38.472305,0.0134124755859375
19651,45.77431869506836,45.619797,-0.15452194213867188
47882,40.08812967936198,40.727417,0.6392873128255232
19615,43.04093085394965,42.959618,-0.08131323920355271
35776,36.744174533420136,37.05338,0.3092045254177549
29803,40.96750068664551,40.773968,-0.19353294372558594
25532,41.536644829644096,41.212086,-0.3245591057671433
38409,43.344750298394096,43.12728,-0.21746910942925268
47921,38.158111572265625,37.51496,-0.6431503295898438
10969,40.895178900824654,40.80596,-0.08921729193793482
27146,40.35104115804037,40.120567,-0.2304738362630232
12564,41.110705057779946,40.94425,-0.16645685831705492
23779,41.66386922200521,41.51968,-0.14418919881185133
1375,44.23532104492188,43.95203,-0.2832908630371165
14255,40.51311492919922,40.413853,-0.09926223754882812
4319,44.284322102864586,44.05524,-0.22908147176107008
29794,38.31768798828125,39.011765,0.6940765380859375
29182,39.01032511393229,39.305744,0.2954190572102888
52335,37.94904581705729,37.266953,-0.6820933024088518
6102,43.96558634440104,44.055626,0.09003957112630445
45433,36.55960761176216,36.014362,-0.5452452765570825
49377,40.56590440538194,40.358772,-0.20713212754991162
15090,46.26033189561632,46.406715,0.14638349745008838
19469,40.65325673421224,40.352016,-0.3012402852376326
44147,39.68309529622396,39.241386,-0.44170888264974195
25617,41.15342712402344,41.34898,0.19555282592773438
19726,39.091217041015625,39.91342,0.82220458984375
15122,42.499847412109375,43.105473,0.6056251525878906
33178,42.84382798936632,42.03906,-0.8047693040635835
26321,41.342563205295136,41.96965,0.6270870632595518
8606,39.645782470703125,39.051804,-0.5939788818359375
12294,36.60860188802084,37.08642,0.47781626383462594
43570,37.81136745876736,38.40281,0.5914416842990491
7748,44.13307189941406,44.018158,-0.1149139404296875
3375,43.17774454752604,42.78164,-0.39610544840494555
49016,40.59210544162326,40.509556,-0.0825496249728701
28684,39.46833292643229,40.40001,0.9316762288411482
53293,38.883575439453125,38.73414,-0.14943695068359375
6012,38.33204820421007,38.502674,0.17062589857313526
20434,38.06810506184896,38.370243,0.3021380106608049
43158,45.97284952799479,45.502674,-0.4701754252115862
13213,40.191813151041664,38.66745,-1.5243631998697893
20748,39.66344706217448,40.43092,0.7674725850423201
20330,39.16442108154297,39.005127,-0.15929412841796875
2350,40.15003797743056,39.482708,-0.6673300001356353
29705,39.05988566080729,38.95785,-0.10203425089517992
13615,43.91099378797743,43.575928,-0.33506605360243213
6361,37.416781955295136,38.094704,0.6779217190212705
28195,38.045318603515625,38.58642,0.5410995483398438
24586,42.75534057617188,43.266705,0.5113639831542898
39372,33.202735053168404,35.34138,2.1386460198296433
37625,40.741841634114586,42.180584,1.4387423197428362
11569,41.896575927734375,42.0959,0.1993255615234375
24879,41.96768866644965,41.395557,-0.5721312628851933
7179,42.00366973876953,42.1465,0.14282989501953125
7256,43.312472873263886,42.11342,-1.1990542941623232
52667,41.85679117838541,40.86729,-0.9895006815592353
31956,42.78895060221354,41.93714,-0.851809183756508
48716,38.79157511393229,40.430634,1.6390584309895857
21086,42.052758110894096,41.97058,-0.08217705620659643
34802,40.88715744018555,35.694508,-5.192649841308594
47359,41.01898193359375,40.43509,-0.583892822265625
41715,41.51062266031901,41.995583,0.4849599202473982
38395,39.51542494032118,39.800186,0.28476121690538037
3441,41.81141153971354,41.563282,-0.24812952677408617
7070,39.54580942789713,39.22034,-0.3254686991373674
5559,41.700042724609375,41.72641,0.0263671875
42310,43.134307861328125,43.213043,0.0787353515625
33689,42.70331149631076,43.195587,0.49227566189236427
5978,36.96236928304037,36.985844,0.023474375406898673
9617,43.924293518066406,43.78031,-0.14398193359375
47142,43.51811726888021,43.206905,-0.3112119038899763
19477,39.82722642686632,40.36928,0.5420553419325103
29459,42.305023193359375,42.185085,-0.11993789672851562
27976,38.332855224609375,39.287163,0.9543075561523438
16904,43.80807495117188,43.326897,-0.48117828369141336
46236,44.94828287760416,44.705368,-0.2429148356119697
15275,39.59166463216146,40.265095,0.6734301249186174
9278,42.86091783311632,42.73846,-0.12245729234483349
52412,38.56655883789063,38.75749,0.19092941284178977
46288,40.48652818467882,40.19697,-0.289556291368271
35095,35.569366455078125,35.4588,-0.110565185546875
32155,40.842007107204864,41.35882,0.5168147616916201
7849,34.3006829155816,34.125446,-0.1752365960015254
34768,42.73787095811632,42.951042,0.21317121717665088
48169,38.95563761393229,39.191708,0.23606999715169508
36162,41.09560902913412,41.065315,-0.030293782552085702
18571,36.64961751302084,37.46031,0.8106943766275947
53246,37.8869374593099,38.77183,0.8848940531412737
11238,44.117214626736114,43.76372,-0.35349316067166114
13700,40.22295125325521,39.906414,-0.3165372212727888
7937,41.71114857991537,41.992867,0.2817179361979143
23620,41.91376071506076,42.402874,0.48911327785916114
19889,43.19853719075521,42.297497,-0.9010403951009138
27800,42.10621134440104,42.13763,0.03141911824544508
7365,39.176666259765625,39.866005,0.6893386840820312
18961,42.12664794921875,42.178894,0.05224609375
9977,41.018225775824654,40.92856,-0.08966742621527857
31090,45.18555704752604,45.11373,-0.07182566324869555
486,40.44475301106771,40.96912,0.5243670145670549
16639,43.683129204644096,43.83446,0.1513320075141067
40919,37.36474948459201,37.841774,0.4770245022243955
33281,34.601654052734375,33.605244,-0.9964103698730469
48388,40.037251790364586,40.59414,0.556887308756508
26279,40.24460856119792,40.223995,-0.02061335245768703
16297,42.797637939453125,43.408287,0.6106491088867188
27515,42.07003529866537,42.492252,0.4222170511881487
2747,39.957482231987846,40.57512,0.6176367865668411
49840,42.38126288519965,41.652004,-0.7292586432562871
15509,39.24692789713541,38.653168,-0.5937601725260322
20275,41.83894517686632,42.45637,0.617426130506729
25355,39.49226379394531,39.746624,0.2543601989746094
49677,41.92762247721354,41.341225,-0.586397806803383
44669,45.70434909396701,45.835155,0.13080639309353614
17265,40.41229248046875,40.5518,0.13950729370117188
24426,37.7903798421224,36.055523,-1.7348569234212263
52939,35.07618204752604,37.33686,2.260678609212242
4350,42.76758829752604,41.93253,-0.8350588480631487
29035,44.69297960069444,44.46305,-0.22992875840928662
35017,43.23917304144965,44.40608,1.1669052971734004
14666,39.73304239908854,40.73502,1.0019772847493513
22083,44.253936767578125,44.284653,0.0307159423828125
8014,39.541107177734375,40.42686,0.8857536315917969
8023,40.685089111328125,40.89324,0.20815277099609375
18921,37.148938496907554,37.254833,0.10589472452799242
52278,41.06114196777344,38.552753,-2.5083885192871094
10846,37.791748046875,38.573036,0.7812881469726562
50854,40.39956325954861,41.492043,1.092479281955299
53607,36.799723307291664,36.859287,0.05956395467122633
50444,39.53385416666666,39.24933,-0.2845255533854072
50177,38.811798095703125,40.7705,1.9587020874023438
26458,41.35167439778646,40.640026,-0.7116483052571638
9492,41.475867377387154,41.350723,-0.12514411078559107
14691,36.48270670572917,36.832493,0.3497861226399692
34971,41.04291788736979,41.329014,0.2860959370931013
47691,43.41235012478299,42.484653,-0.9276966518825986
14061,41.55030992296007,40.26084,-1.2894685533311616
31248,42.322777642144096,41.149597,-1.1731804741753464
28842,44.625562032063804,43.81219,-0.8133710225423201
41285,36.22179667154948,37.425983,1.2041867574056013
37910,42.00680541992188,40.644455,-1.3623504638671946
24228,43.26518758138021,43.196106,-0.0690816243489607
22106,43.96530151367188,44.45893,0.49362945556639914
17392,39.91912502712674,40.01099,0.09186511569552636
46225,44.14000786675347,44.542564,0.4025565253363723
34341,38.468292236328125,39.42094,0.9526481628417969
34480,40.889858669704864,41.328102,0.438243442111542
34179,41.26195780436198,39.58747,-1.6744867960611955
49659,39.97277577718099,40.255096,0.28232065836588305
34038,40.135230170355904,39.93093,-0.20429907904730982
6757,39.000450981987846,38.693386,-0.30706490410698706
17032,38.845550537109375,37.98396,-0.8615913391113281
46757,41.9586664835612,41.72488,-0.23378626505534328
12641,40.12090047200521,40.35663,0.2357279459635393
24216,44.5147705078125,44.660694,0.14592361450195312
37075,40.75537109375,40.643303,-0.11206817626953125
5492,42.63001505533854,41.822422,-0.8075930277506487
30475,40.70110744900174,40.972458,0.27135043674044823
27449,38.05632866753472,38.663536,0.6072074042426223
28568,40.06677754720052,40.041084,-0.025693257649741952
8686,40.227515326605904,39.490364,-0.7371512518988723
41666,47.740509033203125,47.55026,-0.19025039672851562
28753,43.63825798034668,42.15571,-1.4825496673583984
46030,37.9942569732666,38.894466,0.9002094268798828
46516,39.46263631184896,38.965023,-0.4976132710774763
8075,39.92236328125,41.29923,1.3768653869628906
45396,39.57457478841146,38.682053,-0.8925221761067732
43724,38.26330905490451,39.369186,1.1058773464626768
34549,38.52345445421007,39.356358,0.8329031202528228
9434,43.34180704752604,43.68328,0.34147389729817945
2426,41.1186777750651,40.008556,-1.110121409098305
44577,32.99974568684896,33.54969,0.5499445597330705
43319,32.02361297607422,33.050144,1.0265312194824219
12890,41.50359429253472,39.86933,-1.6342629326714402
16079,41.45394388834635,40.36883,-1.0851122538248674
23267,40.066200256347656,40.137115,0.07091522216796875
53353,41.653465270996094,41.12831,-0.5251541137695312
30266,42.470794677734375,41.62413,-0.8466644287109375
49888,38.03088717990451,40.506763,2.4758762783474424
38626,41.22748480902778,41.970146,0.7426613701714402
18440,45.788848876953125,45.34117,-0.4476776123046875
42668,37.31842041015625,37.21199,-0.1064300537109375
1090,41.543477376302086,41.008186,-0.5352910359700545
42525,46.9270273844401,47.644836,0.7178090413411482
38224,42.17618476019965,41.796368,-0.3798171149359746
17291,42.175804985894096,41.929024,-0.24678124321831518
1787,34.19035847981771,34.179237,-0.011121114095054452
43081,44.05872599283854,41.78375,-2.274977366129555
49944,42.875823974609375,42.31717,-0.55865478515625
6880,40.90618896484375,40.685276,-0.22091293334960938
15113,45.31828816731771,45.26581,-0.0524800618489607
52324,38.96774291992188,38.265194,-0.7025489807128977
32243,39.08836873372396,39.434563,0.34619394938150805
2200,43.92504543728299,44.250458,0.32541232638888573
38659,43.062744140625,42.745594,-0.3171501159667969
49904,41.17469618055556,41.072285,-0.10241148206922901
39594,41.42146301269531,41.83673,0.4152679443359375
5420,37.29449717203776,37.72764,0.4331410725911482
19812,39.794759114583336,38.856445,-0.9383138020833357
45998,43.76990763346354,43.396675,-0.37323252360025805
9146,43.59008449978299,43.883533,0.29344897800021386
26619,43.548312717013886,42.31912,-1.2291942172580264
35139,38.90522257486979,37.514336,-1.3908869425455705
49927,38.21697319878472,37.836037,-0.3809365166558152
51144,41.94414265950521,41.575928,-0.3682149251302107
7521,36.956103006998696,37.115494,0.15939076741536695
5012,40.53675079345703,40.870483,0.33373260498046875
20490,41.93463473849826,42.645153,0.7105183071560361
33869,42.97409057617188,42.94286,-0.03123092651367898
31908,41.31720987955729,41.557354,0.24014409383138258
49980,40.95518239339193,40.648182,-0.3070004781087263
10408,37.5086907280816,38.253784,0.7450934516058965
45241,42.237091064453125,40.626923,-1.61016845703125
46753,39.738732231987846,39.528996,-0.2097367180718308
14866,38.49155341254341,39.33643,0.844876183403855
20943,38.198272705078125,38.57374,0.37546539306640625
21146,39.00035603841146,39.86262,0.8622652689615862
35432,40.75579833984375,39.13011,-1.6256866455078125
45352,41.88945176866319,42.704967,0.815515730116104
3103,43.484887017144096,43.588573,0.10368643866645044
40810,42.15909491644965,42.26193,0.10283364189996291
31900,41.43751356336806,40.294727,-1.142786237928604
27514,40.71667819552951,41.093994,0.37731594509548927
44868,38.03278266059028,36.93698,-1.0958014594184036
38859,41.73877207438151,41.40664,-0.3321329752604143
1439,39.33617146809896,39.379616,0.04344431559244555
33479,41.150299072265625,40.991974,-0.1583251953125
37073,40.96002197265625,41.06986,0.10983657836914062
42222,47.328643798828125,48.44663,1.1179847717285156
48040,42.95548163519965,43.648125,0.6926430596245723
2974,36.46466742621528,35.549267,-0.9154006110297317
8506,40.06420220269097,40.842293,0.7780905829535598
11618,40.44247690836588,39.914288,-0.5281893412272112
45543,42.629730224609375,41.616932,-1.0127983093261719
30015,40.01976521809896,40.242302,0.22253672281900805
7916,44.53185780843099,44.029854,-0.5020039876302107
3517,42.14886093139648,42.033657,-0.1152038574218679
52561,40.88715744018555,41.15172,0.2645606994628906
35977,43.95762062072754,41.943516,-2.0141048431396484
28151,43.77161661783854,42.067406,-1.7042109171549455
27587,42.15406290690104,41.05056,-1.1035029093424455
31345,39.06843058268229,37.74568,-1.3227488199869768
29957,40.93846978081597,40.530384,-0.4080857170952683
35292,44.29970296223959,44.427315,0.12761179606118844
47254,40.81086561414931,39.94419,-0.8666746351454009
46467,40.95831553141276,40.50227,-0.4560457865397112
39506,43.94251505533854,44.616993,0.6744778951009138
44672,45.37620713975694,45.60247,0.22626325819227588
11986,42.35050116644965,42.43369,0.08318795098199416
44197,38.252742767333984,39.31125,1.0585060119628906
3446,43.69613901774088,44.2039,0.5077603658040388
45496,42.61596340603299,41.88637,-0.7295917934841611
9540,43.84149509006076,42.30455,-1.5369449191623232
43600,39.873931884765625,41.187946,1.3140144348144531
14771,40.90580919053819,40.25476,-0.6510484483506929
30413,42.51380157470703,42.20458,-0.3092231750488281
53824,43.00485229492188,42.65161,-0.3532409667968821
9273,41.84673055013021,41.508392,-0.3383382161458357
42878,42.92471991644965,42.854393,-0.07032691107855271
19859,42.32325236002604,41.337322,-0.9859301249186174
28860,39.825233459472656,39.434288,-0.3909454345703125
45486,38.53465779622396,37.969048,-0.565610249837242
21911,40.61831325954861,40.221283,-0.39703030056423216
24750,40.9281260172526,40.838806,-0.0893198649088518
40126,42.06794908311632,42.309464,0.24151441786024463
23272,40.483205795288086,40.42056,-0.06264686584472656
41470,37.381155014038086,38.015976,0.6348209381103516
21055,41.84350246853299,41.565243,-0.2782597011990049
52680,41.14944712320963,41.142887,-0.006560007731117423
6433,38.99399820963541,40.195248,1.2012494405110772
20045,37.61920505099826,38.429543,0.8103374905056455
11857,44.836154513888886,44.175533,-0.6606212192111514
49960,39.393517388237846,39.883915,0.4903975592719192
6861,41.32851155598959,40.760826,-0.5676854451497491
19860,41.86495971679688,40.986305,-0.8786544799804759
13155,41.16140407986112,41.039318,-0.1220859951443245
23800,40.90619235568576,41.66405,0.7578587002224424
35220,42.54143269856771,42.33406,-0.2073720296223982
1619,40.22144571940104,41.159084,0.9376386006673201
2615,40.30916849772135,40.23962,-0.06954828898111742
16749,38.56067233615451,39.283604,0.7229313320583799
26440,38.89753214518229,39.259373,0.3618405659993513
40969,42.77015177408854,42.99297,0.22281773885091383
39249,48.5446039835612,47.75982,-0.7847849527994839
52316,42.887786865234375,42.592648,-0.2951393127441406
51920,43.754906548394096,43.427685,-0.32722176445854956
8406,41.612884521484375,41.24934,-0.3635444641113281
19091,40.75731743706597,40.792896,0.03557883368598169
46559,43.09884643554688,43.13675,0.037902832031242895
14309,37.84821319580078,38.391506,0.5432929992675781
31324,44.02341715494792,42.710613,-1.3128039042154995
8006,40.9059092203776,40.285763,-0.6201464335123674
50018,38.50712415907118,38.211937,-0.2951872083875884
34533,38.72179158528646,38.96553,0.2437388102213518
20563,42.84912109375,43.151325,0.3022041320800781
25083,39.12938435872396,38.923916,-0.20546849568685133
41409,42.67188517252604,41.826706,-0.8451792399088518
15597,36.4849853515625,36.199234,-0.2857513427734375
23118,41.58715142144097,41.040455,-0.5466965569390183
7226,38.20966593424479,38.326824,0.11715825398763258
9720,41.91936238606771,41.30714,-0.6122220357259138
14242,39.176666259765625,39.509087,0.33242034912109375
41925,39.40112050374349,41.51223,2.111109415690102
13719,40.814188639322914,40.935978,0.12178929646810133
43108,38.49231296115451,39.188053,0.6957401699490049
7761,42.88142564561632,42.537598,-0.34382798936631787
51176,38.434112548828125,39.136528,0.7024154663085938
52566,40.31373087565104,41.81806,1.504330952962242
43054,38.34723917643229,38.35988,0.012639363606773202
31723,45.45710923936632,44.031315,-1.4257943895128022
27282,40.78399658203125,40.675472,-0.10852432250976562
2512,44.2752857208252,40.851345,-3.423940658569343
29759,42.32296752929688,42.435368,0.11240005493163352
16782,41.49980672200521,42.121357,0.6215502421061174
38902,43.5908203125,43.533756,-0.057064056396484375
47013,38.654571533203125,39.071,0.4164276123046875
35225,44.908121744791664,44.592064,-0.31605784098307055
46650,39.16527303059896,38.88644,-0.2788327534993513
21661,40.32404899597168,40.76197,0.43792152404785156
3880,39.817345513237846,39.16253,-0.6548165215386277
19953,44.10032399495443,43.934708,-0.16561635335286695
8802,39.99014790852865,40.252502,0.2623545328776018
6104,43.37199910481771,43.18311,-0.18888982137044508
53515,42.99118041992188,41.799355,-1.1918258666992259
17824,40.89187431335449,42.71107,1.8191967010498047
15283,37.29036903381348,37.43896,0.1485919952392578
19694,41.59749603271485,41.230095,-0.3674011230468821
2036,40.27081298828125,40.45777,0.18695831298828125
33757,39.84924655490451,39.799023,-0.050223880343963856
15511,40.16827053493924,40.940914,0.7726436191134951
46045,35.98124122619629,36.454136,0.47289466857910156
30419,42.41952260335287,41.753025,-0.6664975484212263
30918,41.07652791341146,40.504093,-0.5724347432454451
32686,37.186245388454864,37.73309,0.5468440585666201
28586,40.75123850504557,41.074116,0.3228772481282576
11680,41.92498588562012,41.392403,-0.5325832366943359
32301,43.43855455186632,44.000713,0.562158796522354
6727,42.134789360894096,42.92095,0.7861624823676223
7987,43.64209175109863,42.72409,-0.9180011749267578
3339,39.466339111328125,38.927395,-0.5389442443847656
39616,44.73778533935547,43.783638,-0.9541473388671875
41578,41.46012878417969,40.63648,-0.8236503601074219
19052,44.453331841362846,43.73926,-0.7140702141655808
43860,42.16934882269965,42.112213,-0.05713568793402146
31141,44.04582044813368,44.325066,0.2792451646592866
27645,40.11775037977431,41.1344,1.0166490342881929
15793,41.68323771158854,42.031425,0.34818776448567945
15131,43.18714396158854,43.912582,0.7254384358723982
105,44.7591552734375,43.288235,-1.4709205627441406
20569,44.345781326293945,44.201393,-0.14438819885253906
40593,37.62775675455729,38.67904,1.0512822469075545
30564,40.8657455444336,40.857826,-0.007919311523444605
15224,39.48960028754341,40.837852,1.348252190483933
23915,44.2595469156901,44.58543,0.3258832295735701
36533,41.46827528211806,43.187984,1.7197091844346772
22093,43.324242485894096,43.39466,0.07041846381293482
45053,40.705668131510414,40.208485,-0.4971834818522112
50133,40.58185492621528,41.813087,1.2312325371636277
14713,35.481781005859375,35.67658,0.19479751586914062
22224,43.05916002061632,42.5083,-0.5508592393663179
52060,39.22755601671007,39.565678,0.33812162611219776
8662,42.14808146158854,42.696815,0.548734029134117
20845,40.15307278103299,40.97443,0.8213573031955264
25361,37.80890146891276,37.502777,-0.30612436930338305
654,42.154632568359375,42.853756,0.6991233825683594
5654,39.07108900282118,39.141327,0.07023790147569287
24767,41.13634236653646,42.350204,1.2138621012369768
5101,38.92487589518229,39.18516,0.2602856953938826
37793,41.676676432291664,42.45159,0.7749150594075545
51410,40.43592325846354,41.150166,0.7142422993977888
3350,41.0469004313151,40.89519,-0.15170923868814867
24114,44.83045789930556,43.6454,-1.1850568983289946
15107,42.91598510742188,42.811115,-0.10486984252930398
44270,39.32677714029948,39.479935,0.1531575520833357
6919,37.76428561740451,38.05459,0.290302700466583
21334,44.55055406358507,45.579567,1.0290128919813384
12118,40.35968356662326,41.447422,1.08773846096463
22687,42.503929985894096,42.930435,0.42650519476996607
19679,39.98672739664713,40.316353,0.3296254475911482
9991,42.44468519422743,42.01046,-0.4342252943250884
48693,38.287139892578125,38.383144,0.09600448608398438
49035,40.6338857014974,41.10146,0.4675738016764299
15686,42.780785454644096,43.168293,0.3875075446234817
36464,40.78504096137153,41.394054,0.6090134514702683
15829,41.30193074544271,40.81607,-0.4858601888020857
50015,39.93659464518229,39.933815,-0.002779642740883048
19589,41.14432017008463,41.8627,0.718381245930992
12757,43.31702677408854,43.116566,-0.20046106974283617
9169,39.70455932617188,38.794212,-0.9103469848632884
3491,42.06434122721354,41.910793,-0.15354792277017992
39087,37.877838134765625,37.714306,-0.16353225708007812
33921,39.10754733615451,39.41314,0.305592007107208
38640,45.155551486545136,43.767555,-1.3879962497287295
17760,38.83410983615451,39.11028,0.2761692470974424
35255,39.17381795247396,39.04513,-0.12868626912435133
44647,38.96057467990451,39.754757,0.7941822475857236
33315,37.84878540039063,37.977856,0.12907028198241477
22968,41.63120185004341,41.003136,-0.6280661688910669
31021,45.47305636935764,44.407597,-1.0654597812228772
47667,39.25376044379341,38.328716,-0.9250441657172388
33287,37.0250244140625,38.89603,1.8710060119628906
43578,38.40278116861979,37.124016,-1.2787653605143205
42208,40.4200676812066,41.53761,1.1175414191351933
44735,40.67803700764974,40.99329,0.3152529398600237
11725,43.31097412109375,43.334312,0.02333831787109375
15728,42.81543986002604,42.887234,0.07179387410482008
35125,40.276628494262695,40.499756,0.2231273651123047
18988,42.14971923828125,41.620235,-0.5294837951660156
6780,37.74187893337674,38.561417,0.8195376925998232
25726,44.72412109375,44.67208,-0.05204010009765625
17293,39.85190497504341,39.534393,-0.3175116644965357
6030,39.19261678059896,38.432873,-0.7597440083821638
12146,42.845062255859375,42.28192,-0.563140869140625
1077,44.18263244628906,42.838547,-1.344085693359375
9999,41.41605122884115,41.543312,0.12726084391275805
4084,41.14089626736112,41.008842,-0.13205379909940262
17956,39.2657470703125,39.622665,0.3569183349609375
48688,43.24069213867188,43.408794,0.16810226440428977
9388,38.55193752712674,39.255264,0.7033267550998232
17745,42.30189005533854,42.17814,-0.12375132242838305
26011,42.30694580078125,42.96325,0.6563034057617188
20606,40.84751129150391,42.033257,1.1857452392578054
48665,40.20719909667969,40.885098,0.6778984069824219
24465,43.075775146484375,43.618004,0.5422286987304688
44304,40.71734364827474,40.504955,-0.21238835652669508
23288,44.730387369791664,45.56443,0.834042867024742
12629,42.79179890950521,42.446526,-0.34527333577474195
30346,41.31066555447049,41.38473,0.0740657382541201
9718,40.35972785949707,40.877472,0.5177440643310547
46914,41.41491444905599,41.332954,-0.0819600423177107
36429,42.36113484700521,41.088493,-1.272641499837242
23134,41.42042371961806,41.721836,0.3014123704698335
28840,42.3424072265625,43.29887,0.9564628601074219
28710,41.21467081705729,40.306602,-0.9080683390299455
13489,36.36151123046875,36.208397,-0.15311431884765625
4262,40.98964691162109,42.397682,1.4080352783203196
2665,39.02072143554688,39.19033,0.16960906982421164
48036,42.638275146484375,42.47627,-0.16200637817382812
53541,34.87309773763021,35.57981,0.7067133585611955
4387,41.011505126953125,41.34704,0.33553314208984375
4314,43.36943562825521,43.073147,-0.2962888081868513
20245,41.89249335394965,43.000786,1.1082924736870723
3498,41.21752166748047,41.34499,0.12746810913085938
36371,38.91993882921007,38.890667,-0.02927186754014599
4176,39.19755384657118,38.680977,-0.5165769788954009
28158,42.19080607096354,42.141468,-0.04933802286783617
34435,42.84496731228299,42.358624,-0.4863438076443174
11501,40.58717346191406,41.817627,1.2304534912109375
45875,41.24742889404297,41.35501,0.10758209228515625
6664,38.73764716254341,40.38719,1.6495446099175268
21090,43.998914082845054,43.25231,-0.7466023763020857
9311,41.81236097547743,42.29652,0.48415925767686474
18310,38.31571790907118,38.73737,0.4216516282823335
14442,42.13811238606771,41.953674,-0.1844380696614607
42703,37.52464124891493,37.62804,0.10339906480577099
2786,45.06667751736112,44.266205,-0.8004726833767464
51778,39.49149915907118,39.30371,-0.18778822157118213
28475,39.197461446126304,40.78868,1.591219584147133
52430,39.70048014322917,40.53407,0.8335889180501255
44856,40.77174546983507,39.594704,-1.1770417955186616
14353,37.22818946838379,38.437862,1.2096729278564453
41947,41.98971557617188,43.00189,1.0121726989746023
48072,38.08974965413412,38.541473,0.45172373453775805
35662,41.419284396701386,40.552635,-0.866649203830292
507,38.462310791015625,38.303123,-0.15918731689453125
47725,40.16105842590332,40.723705,0.5626468658447266
45500,41.186848958333336,40.267696,-0.9191525777181013
38078,39.42465888129341,39.344223,-0.08043585883247317
38768,37.74395751953125,37.52977,-0.2141876220703125
27954,39.18521118164063,39.197468,0.01225662231444602
50341,38.36508856879341,39.508575,1.1434868706597143
23197,42.91674465603299,42.25654,-0.660206264919708
41493,35.004119873046875,35.011505,0.00738525390625
8783,39.37006632486979,40.543888,1.1738217671712263
30655,42.32232666015625,42.568607,0.24628067016601562
38164,38.371544731987846,38.2734,-0.09814537896050268
52390,39.60734176635742,37.63005,-1.9772911071777344
51254,40.044830322265625,41.343163,1.2983322143554688
21773,42.82142130533854,42.097965,-0.7234560648600237
35935,41.04519314236112,41.262135,0.21694140964083175
41704,41.10064358181424,42.86555,1.7649074130588076
12346,40.31866115993924,39.602207,-0.7164539761013486
22713,43.21477254231771,43.483013,0.2682406107584612
47065,41.22556495666504,40.449566,-0.7759990692138672
21083,42.29239569769965,42.60049,0.3080948723687129
50503,37.975677490234375,38.632885,0.6572074890136719
27290,39.10223049587674,38.89215,-0.21007961697048927
4341,41.64079284667969,41.786045,0.14525222778320312
42736,37.678073459201386,37.75514,0.07706493801541114
1488,33.65430704752604,33.64827,-0.006037394205726798
52134,43.37019517686632,42.799946,-0.5702493455674897
11284,39.71480984157986,39.72762,0.012809329562720961
50645,39.00377400716146,39.946915,0.9431406656901018
7634,40.52963511149088,40.55133,0.021695454915366952
43163,45.500590006510414,45.70334,0.2027486165364607
30367,43.76554022894965,42.71088,-1.0546599494086308
13304,41.6111577351888,40.272243,-1.338914235432938
5384,38.71808878580729,38.172832,-0.5452562967936174
8013,40.67889404296875,40.114697,-0.5641975402832031
1064,39.17932467990451,40.534916,1.355591244167755
7033,44.00994873046875,43.484905,-0.5250434875488281
27174,43.60499064127604,42.046036,-1.5589548746744768
53088,40.45196872287326,40.53792,0.0859531826443174
32023,45.82928805881076,45.880367,0.051079220241973644
26549,38.59675089518229,39.0329,0.4361508687337263
31487,41.20328013102213,41.046562,-0.1567179361979143
7152,41.45137278238932,42.042168,0.5907948811848982
8428,37.69478352864584,37.986496,0.2917124430338447
23530,37.14743995666504,36.451233,-0.6962070465087891
26655,41.96578979492188,41.94953,-0.016258239746100855
19355,43.70525105794271,43.646454,-0.0587972005208357
12508,40.42531776428223,40.599373,0.1740550994873047
42389,38.28628540039063,37.79434,-0.49194717407227273
34560,39.573150634765625,40.298447,0.7252960205078125
29669,38.21792602539063,38.11254,-0.10538482666016336
45052,40.2700080871582,39.006863,-1.2631454467773438
21056,40.68477376302084,39.85324,-0.8315327962239678
15100,41.89173380533854,43.371098,1.4793637593587263
11420,41.92790222167969,42.894985,0.9670829772949219
47519,41.70345560709635,42.067566,0.3641103108723982
8833,43.36544799804688,43.802963,0.4375152587890554
10918,41.12645806206597,40.754505,-0.3719529045952683
47661,41.628929985894096,39.94617,-1.6827591790093308
19211,39.46567789713541,40.64278,1.177102406819671
24442,37.081003189086914,38.10194,1.0209369659423828
39268,38.55307685004341,38.643158,0.09008110894096433
40392,42.73521253797743,41.763035,-0.9721777174207915
35068,40.57144165039063,40.533985,-0.03745651245117898
38208,39.23648071289063,40.123333,0.8868522644042898
39141,42.78467814127604,41.850254,-0.9344240824381487
50489,37.417833964029946,38.574425,1.1565907796223982
12592,37.41938591003418,37.63854,0.21915245056152344
53223,41.068555196126304,41.752678,0.6841227213541643
20336,40.09496815999349,39.508167,-0.5868008931477888
27668,40.75522867838541,40.810574,0.05534489949545218
13898,37.82855478922526,39.208683,1.3801282246907576
32372,38.58905792236328,37.859818,-0.7292404174804688
10881,45.59942118326823,45.60623,0.006810506184898202
26602,36.040435791015625,37.808273,1.7678375244140625
19535,39.180938720703125,38.91544,-0.2654991149902344
25030,35.78295220269097,36.407806,0.6248541937934036
38462,37.24692789713541,38.635303,1.388375600179046
39341,39.78906758626302,39.781563,-0.007504781087241952
545,40.88715744018555,40.435074,-0.4520835876464844
18956,41.091898600260414,41.669327,0.5774281819661482
7510,37.903656005859375,38.23413,0.330474853515625
17637,38.662072075737846,39.134388,0.4723158942328567
6644,34.76685587565104,34.427914,-0.3389422098795549
44601,41.75272878011068,41.80322,0.05049006144205492
22149,41.24495781792535,40.76508,-0.4798783196343379
2397,38.56219143337674,38.12991,-0.4322819179958799
21645,43.6611073811849,42.648228,-1.0128796895345076
16665,41.44511244032118,41.76141,0.31629731920030224
29721,41.26166788736979,40.592434,-0.6692339579264299
46989,42.00224049886068,41.091797,-0.9104436238606795
20091,40.85634358723959,40.780624,-0.07571919759115531
28043,41.847015380859375,42.239723,0.39270782470703125
5210,41.0745366414388,41.260513,0.18597666422526515
27318,39.92890421549479,39.776905,-0.15199915568033617
47685,44.26115587022569,42.93012,-1.3310373094346772
17279,41.47739325629341,41.472942,-0.004450903998488798
3869,38.96019490559896,38.882286,-0.07790883382161695
34748,42.35857137044271,42.688812,0.3302408854166643
6410,40.34260389539931,41.303192,0.9605882432725679
31035,37.96954600016276,36.46639,-1.50315729777018
50994,39.74975077311198,39.941452,0.1917012532552107
45043,42.74700927734375,42.34921,-0.3978004455566406
49801,43.27700805664063,43.642902,0.365894317626946
34949,39.13935343424479,39.74754,0.6081860860188826
48363,40.90656873914931,40.240917,-0.6656515333387603
16574,41.81805419921875,41.318775,-0.4992790222167969
20598,42.45313517252604,41.511772,-0.9413630167643205
36839,42.02076212565104,42.279675,0.2589124043782576
9331,40.031168619791664,40.13542,0.1042531331380232
869,33.26892852783203,33.27655,0.00762176513671875
53565,38.19200642903646,37.31225,-0.879758199055992
5571,39.15672810872396,39.052895,-0.10383351643880445
1302,45.05756293402778,45.05918,0.0016182793511276827
6642,34.740936279296875,35.05939,0.3184547424316406
6653,39.45238240559896,40.219868,0.7674853006998674
12901,37.02977159288194,37.09617,0.06639692518446338
11123,40.47969563802084,40.171158,-0.3085378011067803
21228,40.84884643554688,41.234577,0.385730743408196
51967,37.316141764322914,38.259224,0.943082173665367
9781,39.81198120117188,39.80226,-0.009719848632819605
42115,36.97053019205729,36.638374,-0.33215586344400805
26240,41.19644927978516,41.733166,0.5367164611816335
49714,39.84552383422852,40.12579,0.28026580810546164
22311,43.41500854492188,43.262856,-0.15215301513672586
48011,42.61805216471354,41.533978,-1.0840746561686174
7106,40.18184153238932,39.882374,-0.2994677225748674
32859,39.289459228515625,39.817894,0.5284347534179688
37724,41.840738932291664,41.983887,0.1431477864583357
28546,37.872521294487846,38.676712,0.8041907416449661
28436,44.85029856363932,45.305553,0.4552548726399763
44910,40.29892306857639,40.8033,0.5043758816189197
13383,41.76070658365885,41.94546,0.18475468953450758
5910,41.98667738172743,40.826164,-1.1605131361219634
31136,42.99459838867188,43.45126,0.45666122436522727
52294,38.701995849609375,40.105896,1.403900146484375
41125,41.731469048394096,42.61401,0.8825408087836379
52257,41.636810302734375,41.7276,0.090789794921875
45921,44.53584543863932,43.59009,-0.9457537333170549
10434,38.004302978515625,38.788017,0.7837142944335938
4487,37.21160125732422,37.886246,0.6746444702148438
17196,42.41582234700521,42.63109,0.2152659098307268
20493,43.54185316297743,43.287563,-0.25428983900282276
36552,42.78610229492188,42.097244,-0.6888580322265696
116,40.88715744018555,41.09003,0.20287322998046875
49567,38.68682861328125,41.268803,2.5819740295410156
47907,39.08979288736979,40.05819,0.9683965047200545
32234,40.9862314860026,40.988247,0.002015431722007577
33405,41.16966247558594,41.850067,0.6804046630859375
31213,39.456939697265625,39.514515,0.057575225830078125
52451,41.60547892252604,41.23332,-0.3721605936686174
23464,40.662445068359375,40.02199,-0.6404533386230469
5194,42.07024383544922,41.786068,-0.2841758728027344
936,39.230499267578125,40.01711,0.7866096496582031
29221,40.920627170138886,40.856956,-0.06367068820529198
40130,43.90454440646701,43.258366,-0.6461787753634951
7272,43.21534220377604,41.13269,-2.0826517740885393
25307,41.02154541015625,41.89829,0.8767433166503906
54326,39.57258097330729,40.532608,0.9600270589192732
19599,41.700707329644096,41.826115,0.1254073248969192
54288,39.17096964518229,39.50212,0.3311513264973982
40271,39.95540873209635,39.6758,-0.2796084086100237
6148,37.97439384460449,39.616196,1.6418018341064453
27943,41.01044464111328,41.521587,0.5111427307128906
18328,37.68187120225694,37.495197,-0.18667390611436474
42446,40.14908854166666,39.159836,-0.9892527262369697
44200,42.25759696960449,41.920326,-0.33727073669433594
40865,38.63358900282118,38.656605,0.02301576402452099
18573,38.94196573893229,39.608192,0.666226704915367
27543,42.86091783311632,42.63871,-0.22220781114366162
35203,42.60260009765625,42.72499,0.1223907470703125
897,34.64172024197049,35.169697,0.5279765658908389
18618,36.979651557074654,37.060417,0.08076561821831518
2078,33.40099758572049,33.516827,0.1158290439181826
21063,41.6425043741862,41.29326,-0.34924570719401515
17886,40.85007985432943,41.318085,0.46800486246744555
38778,37.55084482828776,37.265373,-0.2854715983072893
28876,39.72674560546875,41.120834,1.3940887451171875
15840,40.40411376953125,40.49756,0.09344482421875
18391,40.562113444010414,40.025517,-0.5365969340006487
50430,43.09713745117188,43.23069,0.13355255126952414
32970,39.67113918728299,40.20772,0.5365825229220889
24901,40.66541205512153,41.856453,1.1910408867730027
49348,42.13213094075521,41.848183,-0.28394826253255445
26160,41.66102091471354,41.096798,-0.5642229715983049
38669,41.18648020426432,42.284126,1.0976460774739607
36092,41.12636566162109,41.14871,0.02234268188477273
25846,41.64981418185764,41.66787,0.018055386013450914
50411,43.31902058919271,43.57336,0.2543398539225237
21991,39.694298638237846,40.983467,1.2891684638129348
52197,39.90241495768229,40.240242,0.33782704671224195
26045,41.51403554280599,41.51106,-0.002976735432945077
35339,43.88061184353299,44.01988,0.1392665439181826
12645,39.69591267903646,40.023113,0.3272005716959612
24917,40.63218180338541,40.30183,-0.3303515116373603
37116,44.66031392415365,44.3145,-0.3458150227864607
40846,39.31376478407118,40.389168,1.0754030015733491
4139,40.52308146158854,40.354733,-0.16834894816080492
19180,37.91391669379341,38.673805,0.7598885430229956
35480,41.719689263237846,40.084137,-1.6355523003472214
20828,42.93136596679688,41.03805,-1.8933143615722727
50076,41.42203776041666,40.305313,-1.1167246500650947
40567,38.124141693115234,37.713852,-0.4102897644042969
36599,41.07424672444662,41.761288,0.6870409647623674
43686,37.38307189941406,37.362926,-0.020145416259765625
27064,40.26423454284668,40.877792,0.6135578155517578
33038,39.360382080078125,39.7521,0.3917198181152344
11279,39.57827758789063,38.67026,-0.9080162048339915
35531,42.35126071506076,44.538254,2.1869930691189268
35605,44.56840345594618,43.855442,-0.7129614088270415
50456,39.033966064453125,39.443306,0.40933990478515625
9888,43.33183797200521,42.498093,-0.8337453206380232
41856,39.42674763997396,39.988735,0.5619875590006487
23481,40.06249745686849,40.930233,0.8677355448404924
4491,39.04365030924479,38.53318,-0.510470072428383
20013,40.6689198811849,40.689507,0.020586649576820548
33619,38.51471964518229,38.813633,0.2989133199056013
49761,39.83918253580729,40.047554,0.20837148030599195
33057,39.56061808268229,40.922367,1.3617490132649763
7156,41.055307388305664,39.995407,-1.0599002838134766
10503,41.006076388888886,40.057243,-0.948833041720917
23452,46.7913818359375,46.17879,-0.6125907897949219
26925,43.58676401774088,42.979958,-0.6068064371744768
27565,40.6338873969184,40.003376,-0.6305113898383183
39221,42.48418172200521,42.06573,-0.4184506734212263
39972,41.23717498779297,41.121456,-0.11571884155273438
7381,40.10142686631944,38.541473,-1.5599534776475679
11146,39.31262546115451,39.056705,-0.2559199863009951
36565,43.05612182617188,42.198364,-0.8577575683593821
11395,41.83286878797743,41.831516,-0.0013525221082915095
28815,42.24435424804688,41.23304,-1.0113143920898509
20538,40.31429545084635,40.220802,-0.09349314371744555
42573,47.356842041015625,46.581158,-0.7756843566894531
2554,41.6605224609375,41.421482,-0.23904037475585938
2514,45.264739990234375,45.25514,-0.009601593017578125
52930,40.86479356553819,41.51316,0.6483671400282134
27536,41.30468241373698,39.982292,-1.322390238444008
47478,43.44121297200521,43.84566,0.4044481913248674
8270,37.59452311197917,38.6022,1.007676442464188
26506,40.00875854492188,40.940304,0.9315452575683523
41550,42.58899943033854,41.75363,-0.8353678385416643
35227,44.9052734375,43.167454,-1.7378196716308594
21297,40.45614284939237,41.238323,0.7821803622775505
12716,41.88147989908854,42.23764,0.3561604817708357
34019,43.82488250732422,43.00022,-0.8246612548828125
18628,36.95799424913194,36.87321,-0.08478334214952099
43498,42.76331583658854,42.781693,0.018376668294273202
42021,41.31104532877604,41.482586,0.17154057820638258
18445,47.18888685438368,46.16734,-1.0215475294325103
40909,36.57593451605903,36.608994,0.03305901421440893
38393,39.98388163248698,39.55299,-0.4308916727701799
37263,39.85570780436198,38.960793,-0.8949152628580705
803,41.12295277913412,41.09135,-0.03160222371419508
1935,42.81458536783854,41.491074,-1.3235117594401018
49158,40.704813639322914,40.333443,-0.37137095133463305
51363,38.11566925048828,38.386944,0.2712745666503906
50560,38.16622924804688,38.747314,0.5810852050781179
2215,44.87982855902778,44.916836,0.03700722588433081
1789,33.64654541015625,33.58779,-0.05875396728515625
4838,41.94471232096354,42.008102,0.0633900960286482
28612,42.81610446506076,42.284496,-0.5316081576877139
50931,41.78463490804037,40.462635,-1.3219998677571638
46633,39.73607381184896,40.025063,0.28898874918619555
36397,41.422698974609375,41.118763,-0.3039360046386719
37302,40.54587046305338,40.49252,-0.05335108439127367
41438,37.30589040120443,37.275974,-0.029916127522788827
14351,39.780235290527344,40.171276,0.3910408020019531
17796,41.90159776475694,42.1504,0.24880048963758838
33050,40.19807688395182,39.977467,-0.22061030069986742
11783,46.115264892578125,46.250443,0.1351776123046875
40739,41.35167439778646,41.098053,-0.2536214192708357
27940,40.91409492492676,39.37875,-1.5353450775146484
16753,39.286041259765625,40.129906,0.8438644409179688
22748,42.20200941297743,41.758984,-0.44302580091688526
35067,39.13422648111979,39.663113,0.5288861592610701
22158,37.889611138237846,37.43634,-0.45327080620659643
36920,40.7475331624349,40.606926,-0.14060719807942945
28714,41.71391677856445,40.28529,-1.4286270141601562
29393,39.21597290039063,39.818443,0.6024703979492116
2316,40.821499294704864,41.212166,0.390666537814667
42003,42.94408840603299,43.397285,0.453197055392792
46691,42.06775919596354,41.752327,-0.31543223063150805
53959,41.95515611436632,40.731804,-1.2233522203233491
39512,44.119405110677086,44.345165,0.22576014200846117
54315,41.67981974283854,41.446064,-0.23375574747721117
50868,38.84569295247396,38.173145,-0.6725476582845076
5622,44.29400889078776,43.63426,-0.6597506205240862
20924,41.28711954752604,41.367176,0.08005650838216383
4964,38.62238566080729,39.103626,0.4812405904134138
39300,38.55687459309896,38.29841,-0.25846608479817945
34205,39.112579345703125,38.28265,-0.8299293518066406
30380,41.60405476888021,41.93714,0.33308664957682055
45312,41.82393391927084,40.217323,-1.6066106160481866
49489,40.73453097873264,41.230648,0.49611706203884154
32953,43.24980672200521,42.989086,-0.2607205708821638
19046,46.113745795355904,45.857216,-0.2565299140082473
31682,43.065521240234375,42.86459,-0.20093154907226562
10855,38.31021118164063,38.283577,-0.026634216308600855
14782,40.70110744900174,40.49861,-0.20249599880642677
34323,43.84567260742188,43.273277,-0.5723953247070384
44370,45.942657470703125,46.03339,0.09073257446289062
37944,45.15451304117838,44.49179,-0.662722269694008
25371,40.56524403889974,41.258774,0.6935297648111955
11880,40.47067515055338,40.244854,-0.22582117716471117
4902,44.388763427734375,44.030125,-0.3586387634277344
20608,40.54537963867188,40.340946,-0.20443344116211648
48248,39.65100775824653,39.456734,-0.19427405463324732
48119,42.40594821506076,42.436565,0.030617184109161144
27838,40.5007266998291,40.593,0.09227180480957031
31423,46.222076416015625,46.058674,-0.16340255737304688
11971,41.03037855360243,41.305378,0.274999406602646
53452,41.74874114990234,40.194927,-1.5538139343261648
47263,38.158111572265625,37.786198,-0.3719139099121094
10327,40.96278211805556,41.723854,0.7610719468858491
34015,41.38890245225694,41.69685,0.307947370741104
15317,35.850067138671875,35.77335,-0.07671737670898438
5259,43.12334187825521,42.74677,-0.3765729268391951
25915,42.48456149631076,41.947624,-0.536937289767792
3255,38.930572509765625,39.11301,0.18243789672851562
28675,41.45764499240451,40.55838,-0.8992648654513857
22399,43.65255737304688,43.9752,0.32264328002928977
29616,40.57349904378256,39.34545,-1.2280476888020928
8,42.06642320421007,42.35096,0.2845365736219634
52364,39.47317759195963,39.352734,-0.12044397989908617
38437,37.67730373806424,38.18661,0.5093074374728701
42634,40.703389485677086,40.686104,-0.017285664876304452
16743,41.13103230794271,40.15455,-0.9764836629231795
8850,41.50292460123698,42.698704,1.1957791646321638
5599,40.490336100260414,40.56855,0.07821400960286695
29396,38.71751912434896,39.101788,0.3842684427897112
7296,42.23381551106771,41.49874,-0.735074361165367
9428,41.92078653971354,42.10501,0.1842244466145857
29361,43.14005194769965,43.69127,0.551216973198791
21920,42.203148735894096,41.51582,-0.6873291863335496
40624,39.77610206604004,39.92492,0.1488170623779297
26585,42.918548583984375,42.961617,0.04306793212890625
1150,38.56409030490451,38.399902,-0.16418796115451073
46345,38.28191799587674,37.854427,-0.4274906582302549
45935,43.806653340657554,42.900536,-0.9061177571614607
25376,44.39977349175347,44.726128,0.3263541327582473
26013,41.51688893636068,41.326534,-0.19035466512044508
30565,39.800241470336914,40.009777,0.2095355987548828
13730,42.39987182617188,41.30827,-1.0916023254394602
40147,44.44004991319444,46.84285,2.4027998182508696
29517,41.73412746853299,40.9131,-0.8210262722439268
46677,37.13270399305556,36.19664,-0.9360639784071196
21397,42.03642781575521,42.506218,0.46979014078775805
35409,35.779151916503906,36.88184,1.1026878356933594
13175,40.39547220865885,39.325024,-1.070448557535805
19487,40.4789301554362,40.96863,0.48970158894856297
40145,46.44869656032986,47.393604,0.944907718234596
49939,41.89629109700521,41.727516,-0.16877492268880445
4103,41.00076802571615,41.420177,0.4194094340006487
36122,45.66266377766927,42.499207,-3.163457234700523
27499,43.14460923936632,43.06828,-0.07632997300889599
30312,37.75592380099826,39.21488,1.4589580959743955
43207,42.910430908203125,43.173393,0.26296234130859375
14672,42.36569213867188,41.314907,-1.0507850646972727
53180,42.04383087158203,40.848392,-1.1954383850097656
2995,37.25081719292535,37.21969,-0.031128777398009788
18273,41.12665557861328,40.64171,-0.48494720458984375
50094,41.58268483479818,41.572517,-0.010167439778648202
16945,42.71624755859375,42.78774,0.07149124145507812
12864,39.105743408203125,39.4431,0.3373565673828125
32190,42.61748250325521,42.63087,0.013388315836586173
27104,40.94806162516276,41.097706,0.14964421590169508
45526,38.841705322265625,40.05979,1.2180862426757812
49346,42.25005086263021,41.86245,-0.38760121663411695
38813,36.97803751627604,37.63465,0.656613667805992
53576,41.06950208875868,40.52976,-0.5397436353895415
5799,43.63793606228299,42.618694,-1.0192417568630674
26604,36.95799763997396,38.81566,1.8576609293619768
13034,39.83348592122396,39.684406,-0.14907964070638258
36632,37.61948394775391,38.49858,0.8790969848632741
13396,40.00595664978027,39.828373,-0.1775836944580078
45317,44.223175048828125,43.672474,-0.5507011413574219
49057,40.57654486762153,40.928127,0.3515824211968308
44626,42.33948771158854,41.9128,-0.4266878763834612
44006,40.93353780110677,40.40477,-0.5287679036458357
25231,40.57591819763184,40.571945,-0.003973007202155543
39780,50.04228210449219,49.036324,-1.0059585571289062
30578,40.4584223429362,40.09118,-0.3672434488932339
25579,40.37335544162326,41.254704,0.8813480801052549
53265,38.65741984049479,39.041893,0.38447316487630445
32424,40.34619394938151,39.69864,-0.647555033365883
34883,40.69085439046224,40.779793,0.0889383951822893
48341,41.55676523844401,40.28488,-1.271883646647133
33101,41.81282806396485,41.82869,0.015861511230461645
12003,39.54866790771485,40.275894,0.7272262573242116
1776,33.31934611002604,33.269184,-0.05016199747721117
21368,42.26714070638021,42.05466,-0.21247990926107008
13445,41.01044209798177,41.411003,0.40056101481119555
17229,45.03344980875651,45.52322,0.4897702534993513
42316,42.4697265625,41.823612,-0.6461143493652344
37469,41.285888671875,40.48208,-0.8038101196289062
24892,44.4502936469184,43.544254,-0.9060393439398808
20581,43.009552001953125,43.232117,0.222564697265625
11003,42.562035454644096,41.90823,-0.6538056267632371
50333,42.11788940429688,42.44448,0.32659149169921164
29961,40.983385721842446,41.43877,0.4553845723470076
3858,39.84601847330729,38.669746,-1.176272074381508
8320,39.16755167643229,39.788864,0.6213124593098982
37182,39.758008321126304,38.76931,-0.9886983235677107
54339,42.18852742513021,42.035408,-0.15311940511067945
5296,41.035003662109375,40.87475,-0.16025543212890625
22237,44.33407931857639,42.503166,-1.830913119845924
9438,43.43551635742188,43.20128,-0.2342376708984446
16476,40.77203369140625,40.034546,-0.73748779296875
48550,40.51425509982639,40.22286,-0.2913966708713147
6203,40.315722147623696,40.68245,0.36672719319661695
46690,43.272972954644096,42.21169,-1.0612839592827683
42239,50.79480997721354,50.73522,-0.05958811442057055
38988,41.8065668741862,41.597775,-0.20879236857096828
8460,44.859700520833336,44.71673,-0.14297231038411695
4803,38.417877197265625,38.446667,0.028789520263671875
10738,40.99506187438965,40.656803,-0.3382587432861328
40662,40.43022664388021,40.63827,0.20804468790689867
37308,40.85748291015625,41.598537,0.7410545349121094
35008,44.17151896158854,44.32136,0.14984258015950758
4282,42.990325927734375,42.736187,-0.2541389465332031
51327,38.30394490559896,39.016655,0.712710062662758
42652,39.677978515625,41.015865,1.3378868103027344
31330,41.28749593098959,41.081425,-0.20607121785482718
13138,35.53608873155382,36.07091,0.5348226759168853
24671,41.03190443250868,40.353523,-0.6783811781141509
12490,39.6767578125,39.99674,0.3199806213378906
11125,39.456939697265625,38.765194,-0.6917457580566406
26266,38.38732719421387,38.368687,-0.018640518188476562
8714,39.30256652832031,39.051632,-0.2509346008300781
30920,41.23547024197049,40.38751,-0.8479618496365049
3484,42.07965087890625,40.33433,-1.7453193664550781
43971,40.80706787109375,40.026634,-0.7804336547851562
16212,36.03948720296224,35.851585,-0.1879018147786482
18981,42.29106648763021,41.452286,-0.8387807210286482
41658,46.71312459309896,46.698875,-0.014249165852866952
17491,42.01743910047743,41.04445,-0.9729902479383696
6,38.203966776529946,39.221737,1.0177701314290388
18635,40.55698394775391,40.186073,-0.3709106445312571
16348,41.89287312825521,41.465748,-0.4271252950032576
6423,40.797953287760414,40.963116,0.16516240437825758
47985,43.51583862304688,43.853714,0.3378753662109304
1138,38.66586981879341,39.025276,0.3594063652886206
12913,40.24574449327257,40.166935,-0.07880952623155224
39918,43.93112436930338,43.48858,-0.4425455729166643
34149,43.40617879231771,43.940376,0.5341974894205705
43438,41.43534851074219,42.37944,0.944091796875
51962,44.09547678629557,43.278587,-0.8168894449869768
30960,42.233805338541664,41.94779,-0.2860171000162737
1812,33.492950439453125,33.52708,0.034130096435546875
49474,41.35927327473959,40.93425,-0.4250233968099053
7940,42.40727742513021,42.552666,0.14538828531900805
45884,42.05721537272135,42.831028,0.7738126118977888
38448,42.16782972547743,43.974335,1.8065049913194429
25456,42.42379760742188,41.87138,-0.5524177551269602
15897,36.46656629774306,37.44767,0.9811036851670991
53425,44.26523971557617,43.86605,-0.3991889953613281
52577,41.04443359375,39.642796,-1.4016380310058594
7509,36.65046946207682,37.120754,0.4702847798665388
51627,39.21454874674479,39.779327,0.5647786458333357
48152,41.00493706597222,40.296814,-0.7081231011284714
1711,39.56439208984375,40.49521,0.930816650390625
22374,42.23011271158854,41.61771,-0.6124025980631487
45313,43.94556342230903,42.83337,-1.1121932135687942
34188,34.99956258138021,34.20847,-0.7910931905110701
28747,38.80090522766113,40.92741,2.126504898071289
16203,36.20953623453776,36.276413,0.06687672932942945
53567,38.93095228407118,38.69369,-0.23726103040907276
48959,43.683129204644096,44.84093,1.1578017340766067
38910,42.35515340169271,42.9909,0.635744730631508
20868,42.30958048502604,42.243492,-0.06608835856119555
52376,39.358105977376304,39.317005,-0.04110081990560133
1720,36.82785415649414,37.101955,0.27410125732421875
26244,38.20538584391276,37.17523,-1.0301577250162737
22855,41.20546129014757,41.201466,-0.0039956834581147405
19293,41.57300313313802,41.49657,-0.07643254597982008
16226,36.5858154296875,36.469296,-0.11651992797851562
42661,39.43871053059896,39.18808,-0.2506306966145857
19595,41.47273508707682,41.55789,0.08515675862630445
21841,37.77263047960069,39.129345,1.356714460584854
32375,36.26081085205078,36.541885,0.28107452392578125
24973,42.47772555881076,41.842632,-0.6350932651095889
4268,40.71421305338541,41.15369,0.43947728474935843
29822,41.447672526041664,41.7272,0.2795270284016951
49409,39.638946533203125,39.270386,-0.368560791015625
53068,39.53935072157118,40.052853,0.5135019090440522
15349,38.635772705078125,38.820663,0.1848907470703125
21092,42.64444647894965,42.212452,-0.43199454413519334
52010,36.36306508382162,35.863415,-0.4996503194173201
53080,40.193335639105904,40.801235,0.6078995598687058
30785,43.902076721191406,43.02578,-0.8762969970703125
26464,39.912679036458336,40.799793,0.8871142069498674
10566,36.7977294921875,37.248074,0.4503440856933594
49245,37.89074028862847,37.3568,-0.5339402092827683
11498,41.62883504231771,42.061913,0.43307749430338305
50488,38.03805351257324,37.516197,-0.5218563079833984
23462,40.568092346191406,41.975002,1.4069099426269531
25227,40.33651479085287,39.923386,-0.41312917073567945
22799,41.44966634114584,41.47705,0.027384440104157193
5283,40.778584798177086,41.092125,0.31354014078775805
48223,38.711822509765625,39.76298,1.0511589050292969
30441,37.21739027235243,36.805008,-0.41238233778211963
48408,42.03794691297743,41.54003,-0.4979154798719634
39337,36.62644788953993,36.504967,-0.12148115370008838
25907,40.82216644287109,42.177567,1.3554000854492259
48009,42.81714884440104,44.277683,1.4605344136556013
45619,44.59993150499132,43.801205,-0.7987268235948335
39490,36.81785753038194,38.465324,1.6474668714735259
38220,40.906481424967446,41.572,0.6655171712239607
31298,42.00794474283854,41.492058,-0.5158869425455705
7157,40.55554962158203,41.296696,0.7411460876464844
14212,42.889068603515625,42.865204,-0.02386474609375
41755,40.06535169813368,40.19247,0.12711885240342724
33510,44.10572306315104,44.425037,0.3193143208821638
47660,41.52201843261719,40.786747,-0.7352714538574219
9506,39.08893839518229,39.284515,0.1955769856770857
3958,39.08855862087674,39.753,0.664439731174042
40733,47.61234537760416,47.736427,0.12408192952474906
29932,41.38737996419271,42.89691,1.5095316569010393
47750,43.24040730794271,43.20608,-0.03432591756185133
27279,39.67625935872396,39.993782,0.31752268473307055
22750,42.58026462131076,42.113388,-0.46687655978732323
17529,44.22507731119792,43.03138,-1.1936976114908902
51060,38.96892971462674,38.746357,-0.22257275051541114
33152,38.009422302246094,37.06548,-0.9439430236816406
34380,41.70403035481771,41.78415,0.0801188151041643
45787,38.54548136393229,38.5655,0.020016988118491952
48167,40.30878702799479,40.102894,-0.20589319864908617
29576,41.735921223958336,41.01465,-0.7212727864583357
40204,41.17394002278646,41.61417,0.4402300516764299
50114,40.297393798828125,39.719913,-0.5774803161621094
1875,41.64164225260416,40.95604,-0.6856028238932197
3881,38.65105862087674,38.276913,-0.3741459316677549
19810,39.8613338470459,40.15941,0.29807472229003906
3873,38.602447509765625,38.702324,0.09987640380859375
17452,40.37677680121528,39.834145,-0.5426322089301223
38876,40.99363199869792,39.99009,-1.0035425821940152
8328,42.81202189127604,43.025192,0.2131703694661482
48623,42.61861928304037,43.617565,0.9989458719889299
12525,40.25903574625651,40.19274,-0.0662943522135393
51074,39.09264373779297,38.979023,-0.11362075805664062
36905,37.48846181233724,37.60747,0.11900965372721117
17056,40.25398254394531,40.62302,0.3690376281738281
15468,40.1641845703125,40.297028,0.132843017578125
12869,39.714806450737846,40.1619,0.4470931159125442
8713,40.34031507703993,39.66275,-0.6775648328993071
25171,36.31557273864746,35.75317,-0.5624027252197266
35973,41.85185750325521,41.20765,-0.6442082722981795
3482,41.68751017252604,41.912693,0.22518285115560133
18424,39.02209811740451,37.537174,-1.484923892550995
53580,41.35167948404948,41.27819,-0.07348887125650805
32461,41.9630126953125,41.701385,-0.261627197265625
23813,45.52735731336806,43.760223,-1.7671339246961821
24674,41.51195949978299,42.024937,0.5129771762424014
2791,38.499908447265625,42.610798,4.110889434814453
3214,44.34965345594618,43.690525,-0.6591284010145415
7040,40.88715744018555,41.435177,0.5480194091796875
46854,44.12254079182943,42.980698,-1.141843159993492
39581,39.03197224934896,40.573673,1.541700998942055
4466,37.29363505045573,37.061073,-0.23256174723307055
45414,38.933135986328125,38.9081,-0.025035858154296875
20547,41.87806193033854,41.829082,-0.04897944132486742
34077,42.51532321506076,43.06806,0.5527386135525205
36487,37.59337700737847,38.720543,1.1271659003363723
16386,39.49482727050781,41.056175,1.5613479614257812
51435,39.55777231852213,38.809814,-0.747957865397133
6082,42.43939208984375,41.70002,-0.7393722534179688
44327,39.29686482747396,40.07792,0.7810541788736955
27755,39.06843058268229,40.0495,0.9810689290364607
11314,38.24621921115451,39.267612,1.02139324612088
48298,42.87838745117188,43.20899,0.3306007385253835
15233,39.75316365559896,39.863922,0.1107584635416643
31530,41.05658721923828,40.71443,-0.34215545654296875
34068,41.37788560655382,40.609367,-0.7685182359483491
34589,42.07858276367188,43.021954,0.9433708190917898
12323,40.09498087565104,39.46485,-0.630129496256508
11635,37.95772933959961,39.022633,1.0649032592773438
21882,41.973480224609375,41.67748,-0.2960014343261719
42681,38.03506215413412,37.541645,-0.4934171040852888
28180,38.58839586046007,39.299324,0.7109281751844634
40438,42.58519490559896,43.576054,0.9908587137858049
22698,43.73971557617188,43.799305,0.05958938598632102
39900,40.09070332845052,40.94034,0.8496348063151018
50792,36.395538330078125,40.89434,4.498802185058594
20232,37.293932596842446,37.360817,0.0668843587239607
34113,44.76133897569444,44.056984,-0.7043550279405366
29421,34.893893771701386,37.160156,2.2662624782986143
35423,41.13900078667535,39.520885,-1.6181153191460567
40563,40.39575703938802,39.40955,-0.9862073262532576
24639,42.08883666992188,41.088573,-1.0002632141113352
33992,42.65280151367188,43.002132,0.34933090209960227
32827,42.27910359700521,42.614662,0.33555857340494555
31610,39.688507080078125,40.21551,0.5270042419433594
36099,41.24145253499349,41.914883,0.6734301249186174
33710,40.48956976996528,41.44192,0.9523514641655808
2833,39.737213134765625,40.30423,0.5670166015625
2624,42.349456787109375,41.858986,-0.49047088623046875
18000,39.38459269205729,39.32796,-0.05663172403971117
52816,40.387786865234375,40.631264,0.24347686767578125
10501,42.23656887478299,42.678074,0.44150500827365136
47967,39.85969034830729,40.157528,0.2978375752766951
9023,38.54291788736979,39.25276,0.7098439534505232
29471,40.63957977294922,40.578987,-0.0605926513671875
14068,42.27606540256076,42.0031,-0.2729640536838076
16912,43.57109578450521,43.279545,-0.2915509541829451
31921,44.02036878797743,42.930824,-1.0895445081922759
20387,38.8949712117513,39.671566,0.776594797770187
16662,41.68931410047743,41.120106,-0.569208357069229
2502,43.62151082356771,44.385223,0.7637125651041643
17084,41.98686726888021,42.120354,0.13348642985025805
3761,39.88456556532118,40.376156,0.49159028795030224
6648,43.84073554144965,43.999973,0.15923775566949416
18363,43.46058400472005,42.516335,-0.9442494710286411
17973,41.71114857991537,40.95877,-0.752377827962242
6883,39.251861572265625,38.713062,-0.5387992858886719
7358,41.85679456922743,41.7344,-0.12239286634657276
49746,41.54423522949219,40.152134,-1.3921012878417969
47077,44.092206954956055,40.97476,-3.1174488067626953
39348,36.45782470703125,38.250206,1.7923812866210938
17898,39.562042236328125,40.004623,0.4425811767578125
3248,40.98081970214844,40.42979,-0.5510292053222656
29486,38.52924601236979,38.59171,0.06246312459310133
7394,41.25749037000868,41.647495,0.3900048997667085
51098,35.90675608317057,36.27676,0.3700040181477888
36748,41.56436835394965,41.836296,0.2719277275933223
6544,41.72615220811632,41.961422,0.2352697584364165
23024,42.95301310221354,42.796238,-0.15677515665689867
43882,40.37981499565972,40.183758,-0.19605721367729956
7831,38.13456556532118,38.29724,0.16267564561631787
10678,39.435577392578125,39.880344,0.4447669982910156
5280,41.03778076171875,41.165302,0.12752151489257812
36335,40.56363254123264,39.983017,-0.5806155734592053
28022,40.766621907552086,40.593105,-0.17351659138997633
14406,36.424598693847656,36.273285,-0.15131378173828125
41928,47.44058227539063,44.23937,-3.201213836669929
39246,48.23726145426432,47.777817,-0.45944468180338305
52112,37.07345581054688,36.784214,-0.2892417907714915
12969,39.208282470703125,39.767097,0.5588150024414062
48220,37.65869818793403,39.066677,1.4079789055718308
43136,43.32501220703125,44.20641,0.8813972473144531
23657,41.11166042751736,41.433403,0.3217425876193616
13543,38.98248291015625,39.793922,0.8114395141601562
13192,41.66614786783854,39.409252,-2.2568957010904924
27277,41.71817355685764,41.153496,-0.5646777682834241
41875,39.99546644422743,40.684643,0.6891763475206147
24213,44.51561737060547,44.368046,-0.14757156372070312
3210,43.04282972547743,42.39458,-0.648248884412979
27957,40.42794545491537,41.11523,0.6872851053873674
21180,43.03979153103299,43.12291,0.08311801486544823
26052,42.807464599609375,42.642937,-0.16452789306640625
14175,40.52184719509549,40.311317,-0.21052975124783302
35747,40.03999582926432,39.932262,-0.10773340861002367
26479,38.901329888237846,39.78939,0.8880606757269973
9025,39.04742431640625,38.93529,-0.11213302612304688
51468,35.306610107421875,35.513065,0.20645523071289062
29525,36.42060089111328,35.999355,-0.4212455749511719
29863,42.937774658203125,41.386585,-1.5511894226074219
39284,39.74518839518229,40.2947,0.5495122273763045
42930,41.20357259114584,42.137257,0.9336840311686103
47748,43.69528198242188,44.72118,1.025897979736321
42772,41.541954888237846,40.162212,-1.3797425164116746
21175,45.68344794379341,45.716747,0.0332993401421362
43080,43.710472954644096,42.801834,-0.9086388481987839
38106,43.82915242513021,43.133087,-0.6960652669270857
20875,44.013159857855904,44.030685,0.017525566948783933
14874,42.03870646158854,41.92154,-0.1171671549479143
36344,37.44488186306424,37.78485,0.33996921115451073
42329,41.29841105143229,40.258953,-1.0394579569498674
3638,39.542388916015625,38.490032,-1.0523567199707031
26061,40.9890874226888,40.64277,-0.3463185628255161
8955,42.805755615234375,43.227177,0.4214210510253906
44903,41.17992146809896,40.47829,-0.7016309102376326
2274,40.92821926540799,40.83662,-0.0915989345974424
1338,41.87577989366319,41.634842,-0.24093797471788037
11976,39.68281046549479,39.64643,-0.03637949625650805
24381,41.77381134033203,41.25354,-0.5202713012695312
17794,42.35923597547743,41.9163,-0.44293424818251026
36391,40.750101725260414,40.343857,-0.4062449137369768
32592,42.65422566731771,42.62877,-0.025456746419273202
39584,38.30878702799479,38.854916,0.5461285909016951
39006,45.81048583984375,45.90149,0.09100341796875
30705,39.96138509114584,41.395035,1.4336496988932197
29281,40.62325032552084,40.017475,-0.6057751973470147
4644,42.506683349609375,42.98368,0.47699737548828125
52969,40.743265787760414,40.98279,0.23952611287435133
2997,38.55089314778646,37.94428,-0.6066144307454451
35623,41.25938924153646,41.437645,0.17825571695963305
23820,38.647448221842446,38.435547,-0.21190134684244555
29206,41.95135837131076,42.49225,0.5408901638454893
12707,43.32044474283854,43.001915,-0.31852976481119555
41819,37.35412258572049,37.89201,0.5378871493869326
36121,44.22166252136231,42.402138,-1.8195247650146555
6194,39.46747843424479,39.019283,-0.4481951395670549
30709,43.083038330078125,43.342,0.2589607238769531
5803,43.03789265950521,43.240517,0.20262400309244555
1215,40.034586588541664,38.825253,-1.20933405558268
14781,40.94293975830078,40.844856,-0.09808349609375
19156,40.922522650824654,40.278397,-0.6441260443793411
31600,41.41676330566406,41.157272,-0.259490966796875
41060,48.24580891927084,48.837456,0.5916468302408759
37983,43.11451466878256,43.036594,-0.07792027791342093
29258,41.19330851236979,40.835987,-0.3573214213053362
46893,40.77231852213541,41.25351,0.4811909993489678
3234,38.077599419487846,39.723866,1.6462660895453567
19369,40.59818861219618,40.135612,-0.4625761244032134
28683,39.63315497504341,38.943092,-0.6900626288520044
1431,41.05999755859375,40.64108,-0.4189186096191406
22525,41.27939796447754,41.707462,0.42806434631347656
38646,45.83612399631076,46.82485,0.9887241787380674
48629,41.25312805175781,40.388256,-0.8648719787597656
3202,40.027367485894096,40.24291,0.2155409918891067
31771,40.94721137152778,41.79784,0.8506287468804246
41725,42.56621297200521,42.922806,0.3565928141276018
45749,33.52897644042969,32.8804,-0.6485748291015625
15675,39.35155232747396,39.59307,0.24151865641275805
5621,42.71774291992188,42.919437,0.20169448852538352
40457,44.95967610677084,46.52797,1.5682932535807197
3433,38.11281967163086,38.984947,0.8721275329589844
25972,40.88715744018555,40.879055,-0.0081024169921875
50820,38.26691691080729,37.4491,-0.8178164164225237
21610,40.72503089904785,40.983555,0.25852394104003906
9860,42.091400146484375,42.079933,-0.01146697998046875
16464,41.11327362060547,40.51398,-0.5992927551269531
5997,38.14330037434896,38.344902,0.20160166422525805
21611,40.23026021321615,40.952877,0.7226168314615862
5034,42.93345472547743,42.413166,-0.520288679334854
12414,41.46932474772135,42.588318,1.1189931233723982
53638,41.66159057617188,40.979652,-0.6819381713867259
15459,41.08422088623047,41.2053,0.1210784912109375
41105,43.28968302408854,43.59044,0.3007558186848982
29511,41.99883015950521,42.177063,0.1782328287760393
32565,40.656962076822914,40.870396,0.21343358357747633
43827,40.28676011827257,40.451992,0.1652319166395415
9262,42.09871080186632,41.443443,-0.6552675035264741
30580,41.874359130859375,41.74057,-0.1337890625
13794,37.60838317871094,38.581203,0.9728202819824219
10652,43.09884643554688,44.09006,0.9912147521972585
45996,42.76331583658854,42.638073,-0.12524286905924242
36563,42.58415730794271,41.72442,-0.859738667805992
15836,40.63530985514323,40.420544,-0.21476618448892992
42973,37.65528700086806,37.30745,-0.34783766004774463
4254,38.64517211914063,38.79241,0.14723968505858664
1465,33.93799845377604,33.766613,-0.17138544718424242
2489,40.124603271484375,42.493893,2.3692893981933594
43142,37.19565073649088,37.242184,0.04653294881185133
35447,39.101470947265625,40.028427,0.9269561767578125
37071,39.61929321289063,39.845924,0.22663116455077414
30326,39.77595520019531,39.599136,-0.17681884765625
17979,40.80621337890625,40.611835,-0.19437789916992188
43614,36.54137929280599,37.205547,0.6641680399576799
24500,43.50843302408854,43.481388,-0.027044932047523673
53050,40.766811794704864,40.534657,-0.23215527004666114
42174,41.73298475477431,42.050705,0.31772020128038037
13675,43.01966349283854,43.455395,0.4357312520345076
17921,41.53454844156901,40.39941,-1.1351381937662737
8567,37.306739807128906,38.461548,1.1548080444335938
18393,42.54655965169271,42.588,0.04144159952799242
19596,42.30151028103299,41.62817,-0.6733402676052549
50837,39.08893839518229,38.99735,-0.09158960978189867
30319,40.042941623263886,40.384125,0.34118313259548927
45513,37.95331827799479,38.27883,0.32551320393880445
3739,42.38126288519965,42.509556,0.12829293145074416
4313,43.36203002929688,43.164803,-0.19722747802735086
10118,39.43035549587674,39.623856,0.19350009494357323
49417,39.22565714518229,39.92982,0.7041638692220076
43810,42.87762790256076,42.353035,-0.5245929294162295
5273,39.12511189778646,40.165417,1.0403048197428362
12004,38.791965060763886,39.863045,1.0710796780056455
1924,40.81011284722222,40.492073,-0.3180397881401902
52903,37.52691989474826,39.089287,1.562366909450958
28472,37.982940673828125,38.17535,0.19240951538085938
6075,39.06700897216797,40.03598,0.9689712524414062
41079,46.70049709743924,46.343323,-0.35717434353298927
44519,39.22565714518229,37.902214,-1.3234430948893205
4527,34.05791219075521,34.145157,0.0872446695963518
17445,39.04792277018229,37.589375,-1.4585482279459612
6390,40.25846354166666,40.437996,0.17953236897787406
36718,44.03480021158854,43.43277,-0.6020304361979143
25848,42.24492390950521,41.870636,-0.3742879231770857
12431,39.074127197265625,39.640434,0.5663070678710938
49861,41.74437459309896,42.610065,0.8656908671061174
7573,44.54144287109375,42.799843,-1.7416000366210938
32564,41.64478047688802,42.151367,0.5065867106119768
36084,40.34990946451823,39.89567,-0.4542376200358049
23060,37.828837076822914,39.682415,1.8535779317220076
19960,44.24558851453993,44.332546,0.08695771959092724
36332,41.59397718641493,40.55039,-1.0435888502332915
4352,44.54353332519531,43.162178,-1.3813552856445312
16812,37.76466539171007,37.970142,0.20547697279188526
9063,45.99478149414063,44.99281,-1.0019721984863352
25568,42.04136488172743,42.34559,0.3042238023545991
31562,43.7551015218099,43.155525,-0.599576314290367
32238,39.22907850477431,38.846054,-0.38302442762586963
12388,41.53468704223633,41.72546,0.19077301025390625
30306,37.83226521809896,37.63821,-0.19405492146810133
5116,37.847076416015625,37.438427,-0.4086494445800781
45281,43.46058400472005,41.787495,-1.6730893452962192
40777,45.25239732530382,44.41547,-0.8369272020128022
3038,39.57030487060547,39.56342,-0.006885528564453125
47927,39.92320760091146,39.288902,-0.634305318196617
42735,37.295064290364586,38.13264,0.8375765482584612
14521,43.60071818033854,43.137466,-0.4632517496744768
6743,40.88715744018555,40.844627,-0.042530059814453125
8277,40.23909759521485,40.5423,0.30320358276366477
26794,40.82605658637153,41.811188,0.9851311577690964
37638,45.95348103841146,45.1705,-0.7829793294270857
12421,39.71734619140625,40.62572,0.9083747863769531
27373,39.66543918185764,39.66589,0.00045055813259153865
42326,41.18960571289063,41.591145,0.401538848876946
50427,42.06756930881076,42.63813,0.5705608791775205
42532,48.9697265625,48.797173,-0.17255401611328125
31665,40.13285827636719,39.98435,-0.14850997924804688
7874,43.39336140950521,42.369125,-1.0242360432942732
6088,40.71649169921875,40.587837,-0.12865447998046875
35484,40.45586649576823,40.09441,-0.3614565531412737
1696,42.909576416015625,42.79319,-0.11638641357421875
21649,43.247955322265625,43.206985,-0.0409698486328125
21206,43.97213745117188,43.758442,-0.21369552612305398
33501,42.149505615234375,41.859985,-0.289520263671875
679,44.24109077453613,43.76356,-0.47752952575683594
46541,40.50656127929688,41.806534,1.2999725341796804
17939,38.939971923828125,38.729603,-0.21036911010742188
42024,41.5020751953125,41.9617,0.459625244140625
23957,35.870872497558594,36.912815,1.0419425964355469
3322,33.417327880859375,33.71651,0.2991828918457031
43140,42.49290635850694,42.22295,-0.26995637681748974
46240,40.565531412760414,41.00837,0.44283803304036695
10748,42.78809611002604,43.26295,0.4748547871907576
18401,43.99341498480903,43.36157,-0.6318465338812942
41565,41.51460520426432,41.3298,-0.18480555216471117
23461,40.59835243225098,41.645866,1.0475139617919922
43880,40.17558034261068,39.354885,-0.8206952412923201
32467,43.42633056640625,43.2159,-0.21043014526367188
19104,41.71770222981771,41.79028,0.07257715861002367
9246,42.62033081054688,42.898876,0.27854537963866477
1510,33.46119181315104,33.488766,0.027573903401695077
45928,43.91595458984375,44.27298,0.357025146484375
1141,39.03387112087674,39.503998,0.47012668185763573
14796,42.74821980794271,43.11549,0.3672701517740862
14768,37.77567545572917,39.407215,1.6315396626790317
6107,40.04854329427084,40.874264,0.8257204691568916
19474,38.224572075737846,39.526672,1.3021002875434036
38944,45.99370574951172,45.037117,-0.9565887451171875
25042,37.32145521375868,36.64905,-0.6724035474989165
51305,44.79133860270182,43.781784,-1.009554545084633
41519,37.617218017578125,37.94397,0.326751708984375
5236,43.3037109375,43.608734,0.305023193359375
27827,43.9353993733724,43.163532,-0.7718671162923201
38864,39.81953430175781,39.82619,0.006656646728515625
18927,36.75871022542318,36.951317,0.1926066080729143
9127,41.95477634006076,41.906597,-0.048179202609588856
11780,45.785237630208336,45.045723,-0.7395146687825545
52401,36.62996164957682,37.13405,0.504086812337242
9853,42.58636474609375,43.024334,0.4379692077636719
44526,35.22173055013021,35.65491,0.4331804911295549
22844,46.277808295355904,46.224754,-0.05305396185980982
24136,35.79395887586806,36.092655,0.2986963060167085
35804,42.43291219075521,43.164692,0.7317797342936174
9282,41.13519795735677,41.037506,-0.0976918538411482
4082,39.59878540039063,39.89791,0.29912567138671164
12607,37.132272720336914,37.34898,0.2167072296142578
5596,40.91150580512153,40.507843,-0.40366278754340357
16326,44.89331309000651,45.513714,0.6204007466634138
46055,35.61736551920573,35.51817,-0.09919611612955492
29498,40.700826009114586,41.4458,0.7449747721354143
46689,43.48412746853299,42.922577,-0.5615505642361143
38667,41.08393096923828,41.634735,0.5508041381835938
11290,40.08965725368924,39.77632,-0.31333584255642677
53230,37.79665565490723,36.389214,-1.4074420928955078
51721,38.129245334201386,37.86648,-0.26276355319552636
9108,44.47972615559896,42.149727,-2.3299992879231795
34507,39.150841606987846,38.85216,-0.2986801995171433
35509,40.94985961914063,41.474747,0.5248870849609304
19583,39.08409627278646,39.18695,0.1028544108072893
12682,42.43276786804199,41.533554,-0.8992137908935547
32710,37.35563151041666,37.974976,0.6193440755208428
25151,42.98462931315104,42.596397,-0.38823191324869555
48560,40.678324381510414,40.44935,-0.22897593180338305
16412,43.45450507269965,42.950336,-0.5041686164008183
24699,41.57271321614584,41.326206,-0.24650700887045218
3527,41.35794321695963,42.525787,1.167844136555992
36985,43.42868614196777,43.443996,0.015310287475585938
21977,41.06493801540799,41.552822,0.4878840976291201
41166,37.873270670572914,36.417957,-1.4553133646647112
21761,43.14688788519965,43.371033,0.22414482964410354
10920,40.55841064453125,40.83727,0.2788581848144531
7763,43.265472412109375,42.552063,-0.713409423828125
47039,38.972442626953125,39.45932,0.48687744140625
49169,40.15991550021701,40.331944,0.1720280117458799
5083,37.853912353515625,38.12945,0.2755393981933594
24691,40.87885199652778,40.473557,-0.40529547797309107
1350,39.90925767686632,39.759773,-0.14948442247178662
24509,43.71692911783854,44.069702,0.3527730305989607
32094,38.70232815212674,38.98744,0.2851100497775576
30846,43.185150146484375,43.345127,0.15997695922851562
2661,38.94965616861979,38.962112,0.012456258138023202
6803,39.78335571289063,40.273792,0.490436553955071
9464,40.88715744018555,40.72847,-0.15868759155273438
27635,39.84972127278646,40.533115,0.6833941141764299
42403,36.029733657836914,36.16672,0.13698768615722656
9687,40.45813496907552,39.41593,-1.042203267415367
16423,39.96735636393229,39.36364,-0.6037165323893205
3865,38.703087700737846,39.411263,0.7081748114691848
25791,41.92819213867188,41.857517,-0.07067489624024148
29127,39.63752746582031,39.19946,-0.4380683898925781
29674,39.66864013671875,39.77618,0.10754013061523438
27236,43.291965060763886,40.289562,-3.002402835422089
13782,36.86410268147787,37.43237,0.5682665506998674
33817,41.36383734809028,41.2073,-0.15653906928168482
18865,40.6964111328125,40.758587,0.062175750732421875
24809,43.96558634440104,43.916904,-0.04868189493814867
36660,38.67840237087674,39.13219,0.45378833346896386
39358,39.29249742296007,39.80083,0.5083334181043853
22885,40.88530137803819,41.452522,0.5672208997938384
8417,39.53365749782986,38.629642,-0.9040150112575915
38521,40.70718722873264,40.8861,0.1789135403103259
50780,42.05807495117188,41.08577,-0.9723052978515696
12132,39.06577216254341,39.391933,0.3261612786186987
23652,36.44909159342448,38.170944,1.7218526204427107
20239,38.44560072157118,39.383385,0.9377839830186616
22276,42.22061835394965,41.64249,-0.5781279669867558
51760,39.52377997504341,40.266647,0.7428673638237768
1835,42.34214613172743,41.654987,-0.687158796522354
22914,43.70982360839844,43.157837,-0.5519866943359375
11268,41.0205078125,40.002506,-1.0180015563964844
5956,40.90961371527778,40.832077,-0.07753668891059107
2781,43.41159057617188,43.406734,-0.00485610961914773
52026,37.62072414822049,38.38469,0.7639651828341982
5251,42.419525146484375,41.874172,-0.5453529357910156
37450,41.84615749782986,42.20258,0.35642200046115846
39360,40.03192477756076,39.674458,-0.3574672275119326
49634,40.9409408569336,41.087,0.14606094360350852
5914,39.743672688802086,39.78523,0.04155604044596117
34248,38.01854451497396,39.918446,1.8999010721842424
28666,39.75772772894965,40.6381,0.8803719414605098
32053,42.54190741644965,42.423653,-0.11825476752386521
32902,43.700219048394096,43.968914,0.26869498358832544
12711,43.48707071940104,43.59132,0.10424931844075758
42664,36.78025987413194,37.54625,0.7659895155164946
42252,47.403839111328125,47.498558,0.09471893310546875
46103,38.04332478841146,38.50514,0.4618136088053362
44101,41.16831588745117,40.727398,-0.44091796875
13713,39.22907511393229,40.56389,1.3348134358723982
17740,40.19105699327257,39.233685,-0.957372453477646
48569,40.424825032552086,40.605423,0.1805979410807268
45157,37.320905685424805,37.876755,0.5558490753173828
25669,34.98237779405382,35.109695,0.12731764051649463
31209,38.810943603515625,38.71578,-0.09516525268554688
23418,40.693135579427086,40.77842,0.08528391520182055
45229,41.49260330200195,41.63179,0.13918685913085938
9553,44.12291802300347,43.27267,-0.8502472771538621
7736,43.89380900065104,43.79026,-0.10354868570963305
29423,35.97198486328125,37.679962,1.707977294921875
27390,40.76605224609375,41.48925,0.7231979370117188
24100,41.65702650282118,42.290165,0.6331384446885835
50145,39.14932929144965,39.518314,0.36898507012261916
18507,39.65404256184896,39.997387,0.3433443705240862
3221,41.81596883138021,41.78123,-0.03473790486653883
48400,39.98445298936632,41.34803,1.3635771009657134
16517,35.96143595377604,36.10587,0.14443333943685133
18344,43.043969048394096,42.47256,-0.5714081658257371
26835,41.05658976236979,41.070473,0.013882954915366952
46554,41.91376071506076,42.80591,0.8921474880642393
50812,39.391998291015625,38.433315,-0.9586830139160156
50337,39.67872789171007,39.698967,0.020239088270400885
8477,38.99380493164063,39.522472,0.5286674499511648
40427,41.98572540283203,42.4392,0.4534759521484375
36797,44.07581583658854,43.796833,-0.2789827982584612
2758,40.208902994791664,41.56281,1.3539059956868513
19946,42.87155151367188,43.32722,0.45566940307616477
45976,41.494733810424805,42.688698,1.1939640045166016
31482,39.71414438883463,38.75733,-0.9568125406901018
37897,41.76326560974121,40.322594,-1.4406719207763672
449,39.83633931477865,40.673073,0.836733500162758
8765,45.45985666910807,45.471184,0.011327107747398202
22134,41.90996297200521,41.216408,-0.6935551961263045
14169,41.17774115668403,41.464157,0.28641594780815893
33979,40.922139485677086,41.07703,0.15489069620767992
27274,40.46032036675347,40.34565,-0.11467064751519018
11563,43.45431518554688,43.151173,-0.303142547607429
12300,38.39166598849826,38.78868,0.39701504177517677
7366,39.80139499240451,40.207726,0.406330532497833
21067,41.54195827907986,41.647247,0.10528903537326784
48022,41.767540825737846,41.380737,-0.38680352105034643
47573,40.588033040364586,40.801434,0.21340052286783617
41733,42.46424357096354,42.600456,0.13621266682942945
5593,40.637308756510414,40.54923,-0.08808008829752367
52285,45.61196899414063,44.322105,-1.2898635864257884
8884,41.03350830078125,40.97504,-0.058467864990234375
4549,40.66275024414063,41.446396,0.7836456298828054
53667,40.22713470458984,39.429115,-0.7980194091796804
1699,40.48534202575684,39.46353,-1.021810531616218
6063,42.20020548502604,41.207527,-0.992678324381508
44267,40.30973815917969,40.302383,-0.007354736328125
35141,39.29743448893229,39.16433,-0.13310496012369555
24209,44.66943359375,44.246452,-0.42298126220703125
8728,38.40534464518229,38.44246,0.0371144612630232
3917,37.27739800347222,35.77802,-1.4993790520562058
4434,41.36734517415365,42.44915,1.0818049112955705
6813,39.85000949435764,40.628456,0.7784466213650134
15430,44.20153130425347,43.838627,-0.3629044426812058
26542,40.93049452039931,41.13212,0.20162370469834912
43046,39.17638142903646,38.501534,-0.6748479207356795
45529,39.55188327365451,40.392975,0.8410915798611143
641,41.5089111328125,41.589657,0.08074569702148438
8280,40.544453938802086,40.87401,0.3295542399088518
44135,43.253509521484375,42.30949,-0.9440193176269531
31331,41.163970947265625,40.800365,-0.3636054992675781
15441,41.89258829752604,41.47481,-0.4177767435709612
7660,41.13710191514757,40.38427,-0.7528322007920991
23738,43.13739352756076,42.315083,-0.8223109775119326
12190,41.26470947265625,40.262768,-1.0019416809082031
24764,40.88715744018555,40.636562,-0.2505950927734375
49436,39.054473876953125,38.80363,-0.2508430480957031
41447,41.966356913248696,41.315838,-0.6505190531412737
13532,38.87759399414063,39.788208,0.9106140136718679
16917,40.63160196940104,40.068172,-0.5634295145670549
29470,40.57957628038194,39.8397,-0.7398774888780366
17486,39.59746636284722,40.08489,0.4874220954047317
44636,38.672325981987846,40.09175,1.419425116644966
6888,40.92859564887153,40.60282,-0.3257742987738723
44475,42.32980346679688,41.20376,-1.1260452270507884
23310,43.70040893554688,44.665638,0.965229034423821
12477,41.90113321940104,41.714264,-0.1868693033854143
36524,41.39383951822917,41.276752,-0.11708704630534328
39741,41.68779500325521,41.64822,-0.03957494099935133
22584,41.35510508219401,41.439804,0.08469899495442945
6698,40.9375228881836,40.794483,-0.14303970336914773
36056,37.99006144205729,38.080723,0.09066136678060133
22423,42.266143798828125,41.9913,-0.2748451232910156
25598,42.82977634006076,42.153236,-0.6765399509006045
17870,41.15399932861328,41.03127,-0.12273025512695312
42734,37.77339680989584,38.668674,0.8952776590982978
5938,41.03759087456597,41.49582,0.45822821723090357
25548,41.78947448730469,40.825336,-0.9641380310058594
23933,42.368255615234375,42.976406,0.6081504821777344
7499,38.88993665907118,40.106846,1.2169091966417085
3713,43.55856323242188,43.87992,0.32135772705077414
38336,43.01244778103299,42.03006,-0.9823879665798643
46547,44.542676289876304,44.524754,-0.017922719319663827
14669,41.28369818793403,41.905685,0.6219872368706589
23021,42.932220458984375,42.97802,0.04579925537109375
41436,37.23980204264323,37.259922,0.020119984944663827
17945,40.1288579305013,39.429897,-0.698960622151688
2648,37.969268798828125,38.402843,0.4335746765136719
32068,43.16967434353299,41.02715,-2.142525143093536
39985,37.23145209418403,38.364643,1.1331910027397996
3805,39.03956773546007,38.1129,-0.9266679551866304
28569,39.24768405490451,39.20859,-0.039092593722870106
3438,41.12808481852213,40.431225,-0.6968599955240862
17873,40.87058766682943,41.1109,0.24031321207682055
9200,38.00848049587674,38.453075,0.4445949130588076
38773,39.305267333984375,38.94191,-0.3633575439453125
8664,41.57955932617188,42.11895,0.5393905639648366
34069,40.78162299262153,40.60757,-0.1740523444281692
30556,41.49345588684082,42.946705,1.4532489776611328
15287,38.53693644205729,37.963787,-0.5731493631998674
53057,42.21900431315104,41.727104,-0.49190012613932055
16623,43.87986246744792,43.930916,0.051053365071609846
2958,39.12739054361979,39.238693,0.1113026936848982
8471,39.74207051595052,40.266712,0.5246416727701799
30868,38.77790323893229,39.372334,0.5944302876790388
30369,41.86439005533854,41.488678,-0.3757120768229143
14518,42.729515923394096,42.749275,0.019759284125434817
19482,37.99632771809896,38.834713,0.8383852640787737
32487,41.72083536783854,42.279404,0.5585683186848982
24121,42.52975463867188,41.29882,-1.2309341430664134
1945,42.01819864908854,41.264816,-0.7533823649088518
42315,43.33468627929688,43.908783,0.5740966796874929
41613,37.796653747558594,37.44067,-0.3559837341308594
22279,41.33990817599826,41.111813,-0.22809558444552636
48989,42.81420559353299,41.509514,-1.3046917385525205
34749,43.382347954644096,43.412514,0.030165778266059817
46157,36.96720886230469,37.944637,0.9774284362792969
24064,41.33116997612847,40.860153,-0.47101677788628393
14480,40.25761413574219,40.04063,-0.21698379516601562
28463,43.06267293294271,42.07661,-0.9860623677571638
36750,41.64450073242188,41.749153,0.10465240478514914
30833,43.778832329644096,43.927155,0.14832221137152857
53897,37.387351989746094,37.74932,0.361968994140625
13753,37.42134602864584,38.215008,0.7936617533365791
31158,45.385704888237846,44.976997,-0.4087075127495652
12142,42.31328328450521,41.823486,-0.4897969563802107
39261,41.80228678385416,41.42557,-0.37671534220376657
1124,41.45497300889757,41.405163,-0.04981019761827099
38302,43.71237182617188,43.652184,-0.060188293457038355
25785,41.16482204861112,40.90863,-0.2561916775173714
24627,40.67433420817057,40.461563,-0.21277109781900805
15623,36.33667670355903,36.471985,0.13530815972222143
44141,38.739166259765625,38.29822,-0.4409446716308594
41583,33.35807037353516,33.66346,0.3053894042968679
48362,42.76189168294271,41.865242,-0.8966496785481795
40027,40.179660373263886,40.540405,0.36074490017361427
14906,40.527923583984375,40.59857,0.070648193359375
36531,39.41450754801432,40.89031,1.4758008321126326
38822,40.89394124348959,40.77953,-0.11441167195638968
21035,43.98163859049479,44.54125,0.5596097310384138
35861,40.82073974609375,40.04521,-0.7755279541015625
44491,39.04374525282118,39.55307,0.5093248155381929
52785,39.50479380289713,39.958256,0.4534619649251326
53427,44.106292724609375,43.52846,-0.5778312683105469
1018,42.38202243381076,41.645363,-0.7366595798068545
28246,40.31524319118924,40.915245,0.6000018649631045
46752,39.55833943684896,39.27539,-0.2829488118489607
2657,39.67882283528646,39.458733,-0.22009023030599195
434,41.22065734863281,41.22369,0.003032684326171875
24335,38.4323984781901,39.61117,1.1787732442220076
14188,41.69310167100694,42.184666,0.49156400892469776
19502,39.26695760091146,40.18874,0.9217821756998674
12613,40.08030128479004,40.287327,0.20702552795410156
9708,37.50526682535807,39.911156,2.405888875325523
30970,41.10746934678819,42.040245,0.9327757093641509
11324,41.71883900960287,40.549007,-1.1698315938313826
27183,40.59315745035807,40.94051,0.3473523457845076
35247,39.09634399414063,39.439083,0.34273910522460227
47091,43.25208536783854,43.08301,-0.16907374064127367
49998,37.5104014078776,38.840733,1.3303311665852888
36870,37.8325449625651,38.553513,0.7209676106770857
25043,39.08980051676432,39.173264,0.08346303304036695
16580,37.189670138888886,38.218987,1.029316372341583
42056,42.49956258138021,41.313286,-1.186276753743492
34422,41.134063720703125,41.531948,0.3978843688964844
5454,40.04540761311849,40.441833,0.39642588297525805
50965,38.865631103515625,39.359276,0.49364471435546875
13142,40.50201416015625,40.883617,0.3816032409667969
40156,44.64094373914931,48.038124,3.397180345323349
28571,41.68721771240234,41.56912,-0.11809921264647727
53868,38.86107381184896,40.00534,1.1442667643229143
11234,40.88255310058594,41.99533,1.1127777099609375
47603,41.71883392333984,41.092613,-0.6262207031249929
11902,40.69047037760416,40.255074,-0.43539683024087594
9177,39.50365193684896,40.159428,0.6557757059733049
42069,38.44787936740451,38.93233,0.4844517178005674
24755,38.41863674587674,38.317905,-0.10073131985134864
49101,38.350372314453125,40.269516,1.9191436767578125
39914,40.53628200954861,41.54119,1.0049090915256116
33343,37.98358154296875,37.807945,-0.17563629150390625
25905,41.13177829318576,40.77099,-0.360789828830292
43682,41.94110446506076,40.53621,-1.4048953586154482
37948,44.19966697692871,41.496784,-2.702882766723633
42492,40.02946217854818,40.17441,0.14494959513346117
8554,40.88715744018555,40.919365,0.032207489013671875
48549,39.75658162434896,39.60786,-0.14872105916341383
19629,40.056233723958336,40.813305,0.7570711771647112
39187,37.37690226236979,38.49435,1.11744817097982
29872,40.36442756652832,40.670815,0.30638694763183594
40416,45.09781901041666,44.936306,-0.16151301066079782
7557,45.38988240559896,44.914703,-0.4751790364583357
2855,41.513092041015625,41.583878,0.0707855224609375
43401,41.49751790364584,41.46104,-0.03647740681967093
54348,37.43690999348959,38.287125,0.8502146402994697
48215,39.79380628797743,38.67583,-1.117975446912979
45660,39.37415228949653,39.31846,-0.05569373236762232
20124,38.4882329305013,36.63815,-1.850083669026688
25032,36.93559095594618,37.78136,0.845769670274521
50169,36.4532708062066,36.989048,0.5357771979437871
41236,41.12076822916666,41.153538,0.03276952107748343
42298,42.0638427734375,43.278404,1.2145614624023438
31889,42.41354370117188,42.48401,0.0704650878906179
40964,42.66153632269965,41.466076,-1.1954604254828496
31820,39.14666408962674,38.369457,-0.7772068447536924
4607,40.68629625108507,41.138885,0.45258924696180713
41941,47.11407809787326,45.317146,-1.7969317966037295
7921,43.1490478515625,43.834835,0.6857872009277344
34845,39.78202650282118,39.555847,-0.22617933485243213
11355,41.67070515950521,41.468616,-0.20208867390950758
13673,42.02161661783854,43.149113,1.1274960835774763
45581,44.569546169704864,44.268982,-0.30056423611111427
42308,41.853851318359375,42.388073,0.5342216491699219
50180,37.76276652018229,37.889545,0.12677892049153883
16022,45.07190450032552,44.124954,-0.9469502766927107
41757,38.99067179361979,41.454926,2.4642537434895857
17434,40.61375935872396,39.85653,-0.757230122884117
12429,40.653544108072914,40.981594,0.3280499776204451
15199,42.54876708984375,42.586594,0.0378265380859375
37771,40.55776405334473,40.19898,-0.35878562927246094
37651,41.47245619032118,41.46235,-0.010107252332900885
19427,39.17866007486979,39.455666,0.27700551350911695
32749,40.27992418077257,40.31772,0.037794325086807135
42657,39.79503377278646,39.92753,0.13249460856119555
1797,37.05009969075521,37.53319,0.4830919901529924
24117,45.04541354709201,44.21309,-0.8323245578341982
28662,40.88568454318576,41.491806,0.6061214870876768
26696,40.93125661214193,41.159245,0.22798792521158617
12527,37.3204091389974,36.528275,-0.7921346028645857
5050,40.93277994791666,40.38371,-0.5490709940592353
28742,44.53668975830078,45.254864,0.7181739807128906
14705,35.977386474609375,36.025574,0.048187255859375
2187,42.17352634006076,42.349873,0.1763462490505674
48163,41.50587293836806,41.68629,0.18041780259873974
24033,40.14814249674479,40.95289,0.804745992024742
5864,40.75836181640625,40.898556,0.14019393920898438
36656,40.30119323730469,40.13837,-0.16282272338867188
49304,37.5044174194336,38.54252,1.0381011962890554
8557,40.88715744018555,40.04882,-0.8383369445800781
40908,37.240946451822914,36.380394,-0.8605524698893205
30761,40.64499155680338,40.853256,0.20826466878255445
32045,40.769752502441406,39.36984,-1.3999137878417969
45554,36.90558878580729,38.878155,1.9725659688313826
53722,39.55302259657118,39.933956,0.38093354966905224
11442,38.28381686740451,37.3737,-0.9101176791720889
23520,41.20356241861979,40.485798,-0.7177645365397112
50172,37.82960340711806,39.553932,1.7243287828233491
21961,41.79602728949653,41.70196,-0.09406577216254419
48885,41.24031066894531,41.49784,0.25753021240234375
18736,42.680999755859375,42.026783,-0.6542167663574219
7164,40.6390126546224,40.29061,-0.34840138753255445
47789,42.37309773763021,42.589993,0.21689478556314867
48916,43.09885215759277,43.347416,0.2485637664794922
32690,37.828087700737846,38.16288,0.3347922431098098
5079,37.452484130859375,37.553703,0.10121917724609375
19039,43.20917087131076,43.83328,0.6241077846950986
24981,42.53583102756076,42.23881,-0.29701953464083886
13726,41.58905029296875,41.11271,-0.47634124755859375
14214,39.78820037841797,40.879864,1.0916633605957031
30471,43.15980360243056,41.721924,-1.4378797743055571
18856,39.49282836914063,39.648952,0.15612411499022727
28574,39.462921142578125,40.681885,1.218963623046875
20001,40.41455841064453,40.556423,0.14186477661132812
35951,41.0366465250651,41.114433,0.07778676350911695
13916,43.773048400878906,43.285355,-0.48769378662109375
33753,39.53498331705729,39.94973,0.41474660237630445
13780,37.893405490451386,38.695362,0.8019566006130674
14225,44.20683797200521,44.364033,0.15719477335611742
21124,42.45417616102431,42.779793,0.3256166246202241
35913,45.41989135742188,44.826317,-0.5935745239257884
17866,40.21958541870117,40.60853,0.3889427185058594
34571,39.05551825629341,39.968575,0.9130562676323706
40620,39.20201619466146,38.44492,-0.7570966084798201
6164,41.196154276529946,40.895966,-0.30018870035807055
53229,35.965433756510414,35.667965,-0.2974688212076799
44106,40.482922871907554,40.36763,-0.11529286702474195
22137,43.32196384006076,42.034218,-1.2877460055881045
52181,39.238189697265625,39.9576,0.7194099426269531
34117,41.31902058919271,40.99416,-0.3248608907063826
6517,41.06455824110243,40.77101,-0.29354688856336963
33536,41.35699801974826,42.26218,0.9051823086208799
20774,42.76673380533854,42.50892,-0.25781504313150805
4061,39.39684041341146,39.97299,0.5761477152506487
50679,41.434852600097656,40.433846,-1.001007080078125
43722,38.376861572265625,39.10309,0.726226806640625
51994,39.60163709852431,39.200138,-0.4014990064832915
18845,39.38801574707031,39.361755,-0.0262603759765625
30096,37.92084757486979,38.594604,0.6737569173177107
35774,39.2273686726888,39.65465,0.4272829691569058
51743,40.076744927300346,39.0637,-1.0130432976616746
47307,39.97448221842448,39.015255,-0.9592272440592424
2404,35.31543986002604,36.275166,0.9597256978352888
47593,41.48460218641493,42.081894,0.5972917344835054
37601,39.61644490559896,39.693462,0.07701746622721117
25508,39.09501478407118,39.458035,0.36301973130967724
22700,43.12296210394965,43.603672,0.48070992363824416
30433,34.50652058919271,34.66217,0.1556498209635393
48395,39.50194549560547,38.97592,-0.5260238647460938
7707,40.695031060112846,40.741703,0.04667197333441919
47622,39.08703952365451,38.30553,-0.7815089755588076
21670,41.80364608764648,41.430653,-0.37299346923827414
24210,44.505933125813804,44.462185,-0.04374821980794508
51203,37.86872355143229,37.877277,0.008553822835288827
47089,42.44964599609375,42.372684,-0.07696151733398438
16676,41.31892395019531,40.888702,-0.4302215576171875
37112,45.09497578938802,44.51966,-0.575314839680992
27128,42.22242228190104,42.362312,0.13989003499349195
12189,40.813147650824654,39.7363,-1.076846228705513
14016,40.012179904513886,40.327023,0.31484264797634864
5412,37.741119384765625,37.575882,-0.1652374267578125
23849,40.83137681749132,39.21334,-1.6180360582139741
11836,39.09007771809896,39.679745,0.5896670023600237
46947,36.680094401041664,38.21381,1.5337155659993513
45481,40.47096082899306,40.273617,-0.19734403822157276
12154,42.79825507269965,43.3197,0.5214432610405879
11910,42.22384643554688,41.73265,-0.4911956787109446
1368,42.92965698242188,41.579826,-1.3498306274414134
32730,40.06334940592448,40.522346,0.45899709065755445
11111,39.47478908962674,39.249943,-0.22484631008572364
1196,37.05864461263021,36.92833,-0.1303151448567732
28236,42.72685750325521,41.227352,-1.4995053609212263
44949,40.02887980143229,40.056236,0.027356465657554452
17038,40.65453910827637,40.778713,0.12417411804199219
12577,38.49883270263672,38.75208,0.2532463073730469
35223,43.22531127929688,43.159138,-0.06617355346680398
9919,42.42550659179688,41.559643,-0.8658638000488352
18621,36.259195963541664,35.92003,-0.3391672770182268
15533,40.40450032552084,41.151646,0.7471453348795478
8976,42.71375528971354,42.735455,0.021699269612632577
17064,39.30911509195963,39.357098,0.04798253377278883
38481,38.39281209309896,38.59849,0.20567957560221117
14651,39.041466606987846,38.807568,-0.23389901055229956
17791,42.77888658311632,40.05435,-2.724534776475693
52524,43.66850789388021,43.17191,-0.4965985616048201
33114,41.46941460503472,41.81207,0.34265433417426294
26366,40.64527723524306,40.335495,-0.30978224012586963
6917,38.510162353515625,38.799793,0.2896308898925781
12799,39.13603040907118,39.066578,-0.06945249769422901
22512,40.44020334879557,40.712883,0.2726796468098982
54270,39.04450480143229,38.85116,-0.19334665934244555
38352,43.26176961263021,43.391487,0.12971750895182055
22255,41.12988620334201,42.286674,1.156788296169708
18794,41.50236256917318,40.87739,-0.6249707539876326
13393,36.10514450073242,36.89899,0.7938461303710938
51053,40.88027191162109,41.081696,0.20142364501953836
2114,33.574554443359375,33.421192,-0.15336227416992188
31413,42.98976135253906,44.738205,1.748443603515625
44308,41.93502616882324,40.92269,-1.0123348236083984
31172,39.34642537434896,39.50499,0.1585642496744768
52898,38.62665812174479,40.55737,1.930711110432945
39112,42.50582885742188,42.669918,0.16408920288085227
48767,39.361236572265625,39.667217,0.3059806823730469
29688,39.03026326497396,39.450333,0.4200693766276018
15867,42.79217868381076,42.032024,-0.7601543002658389
42520,41.14182472229004,41.523556,0.3817310333251953
22055,40.61110178629557,41.274555,0.6634534200032576
46609,42.06908840603299,42.49772,0.428630405002167
3621,34.22453816731771,33.980335,-0.24420293172200758
35825,44.73323059082031,45.196823,0.463592529296875
44226,34.54069519042969,33.627907,-0.9127883911132812
9214,39.65822007921007,39.431858,-0.22636201646592724
23218,42.34480455186632,40.76144,-1.5833642747667085
8533,43.71844821506076,43.36191,-0.3565364413791201
2578,41.86260414123535,41.70702,-0.15558433532714844
19048,45.37659369574653,46.55165,1.175057305230034
9044,36.61429850260416,36.962433,0.3481343587239678
31098,43.26490275065104,42.976128,-0.28877512613932055
13617,43.85564168294271,43.835335,-0.020306905110679452
38594,41.0580088297526,40.8319,-0.22610727945963305
3086,44.59166971842448,43.38192,-1.209749857584633
33918,39.79608154296875,39.494877,-0.3012046813964844
12725,38.35407511393229,37.727264,-0.6268107096354143
51303,43.56615871853299,43.49567,-0.07048839992947364
5373,39.58539835611979,38.53162,-1.0537783304850237
27035,39.641797383626304,39.18373,-0.45806630452474195
22079,45.03202565511068,44.860558,-0.1714680989583357
796,39.329193115234375,39.44392,0.11472702026367188
21577,39.7408447265625,39.95982,0.21897506713867188
37205,38.90550740559896,38.341618,-0.5638898213704451
3048,40.662373860677086,40.925674,0.2633005777994768
50215,36.76962619357639,37.631004,0.8613781399197009
43024,38.02936808268229,37.26628,-0.7630869547526018
41700,43.53947957356771,43.06687,-0.47260793050130445
45870,44.621195475260414,44.371502,-0.24969355265299242
51015,43.26661173502604,42.518116,-0.7484957377115862
22836,43.42811075846354,41.971317,-1.4567934672037737
31918,41.46220228407118,41.941402,0.47920015123155224
50870,39.81544664171007,39.460262,-0.3551843431260835
4928,44.61275227864584,43.25619,-1.3565610249837334
18269,38.41331312391493,39.65345,1.2401368882920991
43732,38.37610202365451,39.12897,0.7528690761990049
46903,42.4586181640625,42.348675,-0.10994338989257812
18209,41.21647135416666,41.108723,-0.10774866739907907
44752,39.14134724934896,40.172726,1.0313784281412737
53112,40.77250840928819,40.28497,-0.4875390794542085
29617,42.00274467468262,40.463375,-1.5393695831298828
27666,40.16789076063368,40.281075,0.11318376329209912
34830,38.61232164171007,38.483074,-0.129247453477646
39181,48.150112575954864,45.671024,-2.4790882534450986
4451,41.48214213053385,41.711464,0.22932179768880445
37491,42.80509101019965,43.65238,0.8472908867730098
33847,41.72501288519965,40.949043,-0.7759696112738652
48426,42.86737399631076,42.132687,-0.7346873813205264
5479,40.17054918077257,40.68943,0.5188810560438384
19059,42.95415242513021,42.98399,0.029837290445961173
14583,40.993927001953125,41.029297,0.035369873046875
10696,40.59344100952149,39.99384,-0.5996017456054759
18725,37.864166259765625,40.251747,2.3875808715820312
37442,42.00186835394965,42.47365,0.47178353203668166
19661,42.826263427734375,42.824436,-0.001827239990234375
48656,43.18600463867188,42.96922,-0.21678543090821023
17410,35.89079793294271,35.959217,0.06841913859049242
31478,39.22138468424479,38.766262,-0.4551226298014299
47655,42.00300767686632,42.598373,0.5953657362196196
6422,40.17547946506076,41.4044,1.2289204067654111
49732,38.98995971679688,39.56983,0.5798721313476491
45618,44.35534328884549,43.764103,-0.5912403530544736
41997,41.547268337673614,42.921677,1.3744082980685732
6629,37.93632337782118,37.415398,-0.5209257337782134
22642,37.50015068054199,38.539253,1.039102554321289
25899,42.51038614908854,41.785793,-0.7245928446451799
30252,44.763997395833336,44.31672,-0.44727834065755445
36819,42.16251288519965,40.73933,-1.4231825934515996
9984,43.78558349609375,42.882614,-0.9029693603515625
28745,40.69341532389323,41.276062,0.5826466878255232
25266,41.88062540690104,41.283653,-0.5969721476236955
43409,39.07384236653646,39.24723,0.17338816324869555
19190,41.04746839735243,41.520256,0.4727876451280366
26923,44.44512367248535,44.156113,-0.28901100158691406
10070,40.88715744018555,39.906433,-0.9807243347167969
8709,41.96844821506076,41.575985,-0.39246326022677636
7009,44.48015594482422,44.15104,-0.3291168212890625
18588,40.70946587456597,40.269295,-0.4401711357964402
54251,40.88715744018555,40.857063,-0.030094146728515625
12717,41.60747273763021,41.735188,0.12771479288736742
23019,42.61482408311632,42.897076,0.282251569959854
43666,40.72883436414931,40.347084,-0.3817503187391509
29458,42.24112616644965,42.166286,-0.07483969794378709
13211,38.02794392903646,37.381298,-0.6466458638509138
41367,46.97621324327257,46.552296,-0.42391755845811474
35893,43.65655517578125,42.66527,-0.9912834167480469
43939,37.16270616319444,37.86592,0.7032148573133696
49032,42.02531941731771,42.024765,-0.0005544026692732018
42845,40.179663764105904,39.573082,-0.6065817938910598
25682,42.69438680013021,43.102287,0.40790049235025805
35735,40.22201029459635,39.97002,-0.2519900004068987
43442,43.42013549804688,45.945335,2.5251998901367116
34198,36.865234375,36.29415,-0.5710830688476562
41697,43.22132364908854,41.447987,-1.7733370463053362
3219,40.81238471137153,41.30869,0.49630440606011206
27422,41.25749037000868,41.31107,0.05357911851670849
40275,36.62037489149306,38.590256,1.9698808458116304
32891,43.09068128797743,43.07385,-0.01683256361219776
41776,36.250464545355904,36.63001,0.37954415215386206
3997,44.18406168619792,43.49816,-0.6859003702799527
36440,45.46432156032986,44.091377,-1.372944302029076
28789,39.47872924804688,39.689976,0.21124649047850852
1500,35.64204915364584,36.224606,0.5825564066568916
9692,40.179003397623696,40.7235,0.5444959004720076
28570,39.70569525824653,40.390545,0.6848496331108933
34828,39.97723388671875,40.081184,0.10395050048828125
12828,39.028839111328125,39.590466,0.5616264343261719
36331,43.04358927408854,40.506092,-2.537497202555336
50354,41.025533040364586,40.90567,-0.1198628743489607
28982,40.41085561116537,39.81507,-0.5957845052083357
47722,38.85302734375,39.150074,0.2970466613769531
51446,39.79931640625,39.53231,-0.26700592041015625
15175,41.24308776855469,41.44201,0.19892120361328125
26295,40.63843790690104,39.986076,-0.6523615519205705
28423,43.652367485894096,43.451683,-0.20068444146050268
5692,37.4129876030816,37.703365,0.29037772284613084
48552,41.46068318684896,41.45552,-0.005162556966148202
28756,40.336870193481445,39.718582,-0.6182880401611328
4071,41.97528415256076,41.37858,-0.5967059665256045
39363,40.8355475531684,40.053844,-0.7817031012640996
43214,39.56119537353516,40.251816,0.6906204223632741
42963,40.08508978949653,39.950542,-0.1345473395453567
7647,39.350982666015625,40.964394,1.6134109497070312
26489,41.361175537109375,41.903526,0.5423507690429688
17020,43.1353759765625,41.673748,-1.4616279602050781
53020,38.60320705837674,39.172047,0.5688396030002139
50647,39.491546630859375,39.387802,-0.1037445068359375
20846,40.070285373263886,40.054096,-0.016189151340057606
3295,36.23260837131076,36.934364,0.7017559475368955
12135,38.18583509657118,39.127583,0.941747453477646
3172,41.56816270616319,41.45311,-0.11505296495225537
29465,41.368202209472656,41.84821,0.4800071716308594
15758,39.55150604248047,40.179684,0.6281776428222656
31309,39.73987155490451,40.08321,0.3433384365505674
42134,38.471710205078125,38.659878,0.18816757202148438
3313,37.49577501085069,37.389313,-0.10646226671006787
50269,38.90170966254341,38.86134,-0.0403700934516138
26848,39.85304429796007,41.40113,1.5480863783094634
51835,40.29132080078125,39.594704,-0.6966171264648438
52313,41.07681274414063,41.492413,0.41559982299803977
53254,36.359148025512695,36.679127,0.3199787139892578
31955,43.31322903103299,41.497055,-1.8161739773220518
34858,40.65705702039931,40.830784,0.1737268235948335
51230,41.11355336507162,40.15944,-0.9541142781575545
8685,41.91375732421875,41.731834,-0.18192291259765625
34922,43.368011474609375,43.97616,0.6081466674804688
6182,39.57457478841146,40.021374,0.4467989603678362
41482,37.24292945861816,38.01687,0.7739391326904368
15544,40.17091539171007,40.298126,0.12721082899305713
44068,45.97208997938368,45.892284,-0.07980558607313526
41962,46.06969197591146,46.511448,0.4417559305826799
28480,39.66429646809896,38.972145,-0.6921513875325545
9885,42.03072865804037,42.258804,0.22807566324869555
20211,43.837415059407554,43.636234,-0.20118077596028883
49504,43.02915785047743,43.143658,0.11449983384873974
29892,40.52564748128256,40.648758,0.12311045328775094
17859,40.41855112711588,40.682724,0.26417287190755445
24781,37.49387953016493,37.611526,0.11764695909288037
41003,40.15611097547743,40.894882,0.7387712266710054
22547,42.660491943359375,42.421402,-0.2390899658203125
23022,43.02042304144965,42.83126,-0.1891623602973027
23498,42.34575398763021,42.116837,-0.2289174397786482
28052,37.15150197347005,36.29547,-0.8560307820637973
18146,43.54603407118056,44.437817,0.8917825486924897
14256,40.844950358072914,40.60202,-0.2429300944010393
50590,37.86715698242188,37.638565,-0.2285919189453196
8056,42.28302001953125,40.82568,-1.4573402404785156
38268,41.40181223551432,41.7873,0.3854878743489607
5837,44.258236694335935,42.977398,-1.2808387756347628
48861,40.26672871907552,40.66504,0.3983103434244768
40151,42.64178805881076,43.652805,1.01101726955838
11349,39.884185791015625,40.72575,0.8415641784667969
53821,42.73483276367188,42.583996,-0.15083694458008523
16382,39.04108683268229,39.21438,0.17329152425130445
16056,39.52701314290365,39.153946,-0.3730672200520857
20968,41.01671006944444,40.636684,-0.3800256517198335
46836,42.54912312825521,43.447624,0.898501078287758
14850,39.51694403754341,39.466045,-0.0508986579047388
52182,39.71366712782118,39.419006,-0.29466078016493213
14231,43.82146199544271,43.373734,-0.4477284749348982
19055,44.58891805013021,44.776108,0.1871897379557268
43217,42.75192260742188,41.272842,-1.4790802001953196
14291,42.38477579752604,42.52877,0.14399464925130445
1613,41.61628977457682,41.901325,0.2850354512532576
33937,39.54200914171007,39.081028,-0.46098115709092724
11157,37.36114247639974,37.13603,-0.22511418660482008
14084,36.61572265625,37.058155,0.4424324035644531
10097,43.57907104492188,41.981464,-1.597606658935554
10376,39.452667236328125,39.93093,0.47826385498046875
24635,40.74136691623264,41.226894,0.48552746242946654
13691,40.05281236436632,39.70599,-0.3468225267198335
39170,40.25865342881944,40.684464,0.42581007215711963
8611,40.55945502387153,40.108395,-0.4510604010687942
9659,37.52606455485026,36.97774,-0.5483233133951799
26854,39.761138916015625,40.28224,0.5211029052734375
40154,42.864339192708336,47.08182,4.217482248942055
49241,39.69107818603516,40.63402,0.9429435729980398
8396,41.644493950737846,41.012455,-0.6320389641655808
13301,38.76280212402344,40.867805,2.1050033569335938
34183,36.08634567260742,35.85012,-0.23622512817382812
39049,39.43035888671875,39.784557,0.3541984558105469
20874,44.49966430664063,45.099922,0.6002578735351491
4747,41.66689046223959,41.734303,0.06741205851236032
36676,37.842135959201386,37.821068,-0.02106814914279198
45034,40.6338119506836,41.42465,0.7908363342285085
31272,40.862514919704864,41.676796,0.814281039767792
52417,37.066049575805664,37.274143,0.20809364318847656
33454,39.80087471008301,37.932003,-1.8688716888427734
4329,44.94828287760416,44.575058,-0.3732248942057197
3855,41.133496602376304,41.12527,-0.008225758870445077
11909,41.13292439778646,41.063385,-0.0695393880208357
53457,41.735931396484375,41.59973,-0.136199951171875
31226,40.821879069010414,39.914337,-0.9075419108072893
45942,43.73458862304688,44.0237,0.289112091064446
25039,37.08105129665799,36.59399,-0.4870609707302549
47836,41.861328125,41.4267,-0.4346275329589844
20965,39.56061808268229,40.57996,1.0193417867024763
3229,42.72192043728299,42.365067,-0.35685390896267677
7930,41.46996688842773,41.636032,0.16606521606446023
11206,41.70260620117188,41.746574,0.043968200683586645
7920,43.62863159179688,43.324726,-0.303905487060554
34223,39.39684041341146,39.028866,-0.3679745992024763
7121,41.50378672281901,41.412792,-0.09099451700846117
38157,37.89263153076172,38.60205,0.7094192504882812
16421,39.05779690212674,39.215237,0.1574397616916201
7858,45.39982795715332,45.065147,-0.33468055725097656
626,44.20000203450521,44.073895,-0.12610753377278883
7216,40.65090751647949,41.135963,0.48505592346191406
16473,40.91132100423177,41.163647,0.2523256937662737
38032,43.20843505859375,42.94639,-0.26204681396484375
33559,42.38391791449653,41.4008,-0.9831191168891067
690,42.06320190429688,43.0147,0.9514999389648366
30694,39.44498062133789,38.632553,-0.8124275207519531
26054,42.76701863606771,42.536774,-0.2302449544270857
30532,44.20008087158203,44.123657,-0.07642364501953125
41339,44.3538335164388,42.998142,-1.3556912740071567
25650,39.474884033203125,40.204567,0.7296829223632812
19070,40.507415771484375,40.55278,0.0453643798828125
1858,40.58603244357639,41.06185,0.4758190578884509
36666,39.405670166015625,39.33909,-0.06658172607421875
31944,39.22935994466146,38.39519,-0.8341687520345076
10707,38.91034952799479,39.805355,0.8950055440266951
5945,40.68116760253906,40.8347,0.153533935546875
30483,41.49712795681424,42.365284,0.8681560092502139
28282,37.82200792100694,38.587162,0.7651540968153228
37268,38.12469143337674,37.989014,-0.13567776150173927
37950,41.45421854654948,40.243183,-1.2110354105631487
21641,45.97797648111979,45.78772,-0.1902567545572893
34054,38.445220947265625,39.389153,0.9439315795898438
43944,39.648345947265625,40.364876,0.7165298461914062
46827,40.89736175537109,42.445698,1.5483360290527415
41388,42.55909220377604,42.59353,0.03443654378255445
52883,40.26045735677084,40.954617,0.6941591898600166
48892,40.89871406555176,41.254177,0.35546302795410156
35535,43.55058797200521,44.579937,1.0293490091959612
46520,39.406524658203125,39.14938,-0.2571449279785156
2067,34.345306396484375,34.43889,0.0935821533203125
339,41.15684339735243,41.10969,-0.04715177747938526
18129,46.00532023111979,46.11868,0.11335881551107008
47924,38.67564900716146,38.596275,-0.07937367757161695
1854,42.31328328450521,41.905777,-0.4075063069661482
11235,42.07858276367188,41.06136,-1.017223358154304
52204,41.142795138888886,40.88735,-0.2554469638400576
33167,42.80490112304688,42.426865,-0.3780364990234446
27057,40.88938649495443,40.979084,0.08969751993814867
33601,41.25407579210069,41.24163,-0.012445237901474115
41542,41.88524627685547,41.294724,-0.5905227661132812
27244,44.42181396484375,44.720383,0.2985687255859375
18461,42.05693562825521,42.213432,0.15649668375650805
23177,41.236890157063804,40.753654,-0.4832356770833357
23844,39.41507466634115,37.416298,-1.998776753743492
49043,42.37594604492188,42.172405,-0.20354080200196023
774,44.61958821614584,44.160088,-0.45950063069662406
35524,44.56384955512153,44.78581,0.2219590081108933
46017,37.88524373372396,38.064724,0.17948023478189867
15209,41.1352055867513,41.73709,0.6018854777018277
29159,41.82261488172743,41.925186,0.10257127549913037
15008,35.75920613606771,35.796352,0.03714625040689867
30995,41.55258856879341,41.608727,0.05613793267143308
17949,39.56090291341146,39.60178,0.04087702433267992
17314,40.259796142578125,40.757866,0.49806976318359375
3220,41.57879977756076,41.79749,0.2186893886990049
42371,37.8462168375651,38.48114,0.6349232991536482
13066,42.48646036783854,42.763454,0.2769940694173201
16528,36.68379720052084,36.69694,0.013144175211579068
31851,42.15548197428385,40.746708,-1.4087740580240862
36246,38.77220662434896,39.948917,1.176710764567055
35852,38.875030517578125,40.1338,1.2587699890136719
7502,37.305887858072914,38.344322,1.0384343465169295
16336,44.11304050021701,44.129417,0.01637691921658302
43952,38.74885050455729,38.52138,-0.22746912638346117
3709,44.068990071614586,43.65717,-0.4118207295735701
38713,42.61456298828125,42.365543,-0.24901962280273438
48209,37.99290974934896,39.305325,1.3124148050943987
28999,40.811625162760414,40.991768,0.18014272054036695
2656,40.09781455993652,40.04706,-0.05075645446777344
15792,41.56360541449653,41.77191,0.20830620659722143
12663,38.811798095703125,38.824184,0.012386322021484375
13893,40.88715744018555,42.284344,1.397186279296875
11984,41.70678032769097,42.286373,0.5795928107367629
13003,40.794155544704864,41.97626,1.1821055942111514
22256,41.23518625895182,41.884254,0.6490681966145857
30707,40.356737772623696,41.804005,1.4472668965657576
48312,42.68185424804688,43.00803,0.3261756896972585
28685,38.94310506184896,41.34397,2.4008661905924455
8586,41.79754977756076,42.675484,0.8779339260525205
7146,43.79098510742188,42.99536,-0.7956237792968821
43381,42.21145248413086,42.310223,0.0987701416015625
50727,39.01402791341146,39.914368,0.9003397623697893
11538,42.74651082356771,41.369335,-1.3771756490071638
32241,39.25755818684896,39.186684,-0.07087453206380445
29318,43.86732228597005,43.77762,-0.08970387776692235
3953,39.38260142008463,40.582016,1.1994145711263045
26296,41.01861233181424,40.098637,-0.9199757046169736
32940,42.59013875325521,42.712193,0.12205378214517992
12105,41.56930202907986,42.405994,0.836692386203346
23903,43.26233927408854,43.81795,0.5556119283040388
17998,39.98052978515625,39.157104,-0.82342529296875
746,41.136914571126304,39.911736,-1.2251790364583357
26294,40.89214409722222,40.626392,-0.2657517327202683
18333,41.12723032633463,40.315952,-0.8112780253092424
28754,43.33326975504557,42.222984,-1.1102854410807268
6417,41.93844095865885,41.759796,-0.1786448160807268
26420,37.529205322265625,36.913704,-0.6155014038085938
22328,42.145215352376304,40.57109,-1.574124654134117
28903,41.938232421875,42.11495,0.17671585083007812
838,39.65924072265625,39.213898,-0.445343017578125
49767,39.47118886311849,39.938953,0.4677645365397112
38108,40.95518663194444,39.595787,-1.3593995836045991
38453,38.763092041015625,35.65884,-3.1042518615722656
9367,45.3465813530816,44.867676,-0.47890557183160354
47991,41.44824473063151,42.226746,0.778500874837242
17422,36.7362060546875,36.936504,0.20029830932617188
9858,41.88489786783854,42.269764,0.3848660786946638
35368,38.08823310004341,38.905083,0.8168496025933081
52270,38.58172607421875,38.586327,0.00460052490234375
14148,40.74516465928819,40.92742,0.18225691053602588
33226,41.10443878173828,42.049847,0.9454078674316406
30216,42.731421576605904,43.527245,0.7958229912651902
5934,42.784203423394096,42.827488,0.04328452216254419
19608,40.37487114800347,40.11689,-0.2579811943901902
15309,36.01299031575521,36.129807,0.1168162027994768
14243,38.340118408203125,39.18325,0.8431320190429688
43764,45.91645304361979,45.772087,-0.14436594645182055
34577,40.43944295247396,40.777294,0.3378512064615862
51810,36.668701171875,37.514843,0.8461418151855469
31093,43.57641262478299,43.316463,-0.2599491543240049
49081,39.30692884657118,39.171513,-0.1354162428114165
20934,36.91422780354818,38.763382,1.849154154459633
9766,40.88715744018555,40.039814,-0.8473434448242188
12505,39.85027371920072,40.07838,0.22810686551607517
5114,37.121594746907554,37.582615,0.4610201517740862
17841,46.07994588216146,45.260227,-0.8197186787923201
27871,37.69903564453125,37.76316,0.06412506103515625
6475,38.31267971462674,37.61863,-0.694050259060333
45541,43.19018215603299,42.710064,-0.4801182217068174
23675,42.88826158311632,42.683064,-0.20519807603623974
8423,39.44554646809896,38.164093,-1.2814534505208357
45821,38.40904744466146,38.551495,0.14244715372721117
21270,41.39573838975694,41.245613,-0.15012529161241162
47111,41.32490539550781,41.991264,0.6663589477539062
30407,42.63172403971354,42.192184,-0.4395395914713518
51738,38.57197062174479,38.49052,-0.08145014444986742
24220,43.13665771484375,43.481865,0.34520721435546875
34362,40.30689748128256,39.74511,-0.5617879231770928
5442,42.337493896484375,42.056503,-0.2809906005859375
21963,41.87208048502604,41.539795,-0.3322855631510393
28987,38.54904174804688,39.613758,1.064716339111321
25778,34.9152577718099,35.051247,0.13598887125650805
20928,42.66818237304688,42.68798,0.019798278808586645
35798,40.61736551920573,40.97659,0.3592236836751326
43753,44.15595838758681,43.00875,-1.1472074720594634
26583,41.04480658637153,42.206024,1.1612175835503464
31003,38.569786919487846,38.236233,-0.33355416191948706
10414,39.29211764865451,39.70407,0.41195339626736427
51861,39.136505126953125,39.800526,0.6640205383300781
1409,41.79801432291666,41.983147,0.18513234456381156
53502,42.58471934000651,43.553055,0.9683354695638045
45966,38.29796346028646,41.357426,3.059462229410805
5449,38.22114393446181,38.174908,-0.04623625013563526
19705,41.42318344116211,41.187084,-0.2360992431640625
1702,38.74365234375,39.006096,0.26244354248046875
36978,37.64939371744792,37.626286,-0.02310816446940578
25937,41.07994842529297,39.877434,-1.2025146484375
44597,40.73756239149306,40.7021,-0.03546354505751026
48032,37.77339680989584,37.465042,-0.3083546956380303
53891,37.40614700317383,37.79291,0.3867645263671875
39494,47.0919443766276,46.61102,-0.4809252421061174
20111,40.04483710394965,40.487366,0.44252861870660354
10955,43.58172946506076,43.90235,0.3206219143337705
21987,42.07288614908854,42.05936,-0.013525644938148673
20261,43.91175842285156,44.163315,0.251556396484375
10481,43.43380737304688,42.392403,-1.0414047241211009
34917,44.37547810872396,43.636288,-0.7391904195149763
12875,37.57325575086806,36.976665,-0.5965902540418853
38192,39.590240478515625,39.68169,0.09144973754882812
12670,39.237335205078125,38.811462,-0.425872802734375
11998,40.94531589084201,41.97432,1.0290035671658018
40447,44.47346327039931,43.304245,-1.1692182752821196
31465,43.19091796875,42.26129,-0.92962646484375
20766,41.194732666015625,40.89805,-0.29668426513671875
48340,41.29205322265625,41.02189,-0.27016448974609375
29435,39.7426274617513,39.57137,-0.17125829060871922
7712,40.191813151041664,42.00119,1.8093770345052107
30547,43.64508056640625,44.025955,0.3808746337890625
30895,40.466410319010414,39.89143,-0.5749804178873674
43122,42.35202026367188,41.132965,-1.219055175781257
53327,41.49238586425781,41.53132,0.03893280029296875
5714,38.182037353515625,37.897327,-0.2847099304199219
39072,37.54058583577474,37.93602,0.39543406168619555
24666,41.688079833984375,41.356277,-0.3318023681640625
35396,37.66667344835069,37.639046,-0.027627733018661615
16622,45.312591552734375,45.17776,-0.13483047485351562
30791,42.09367879231771,41.593227,-0.5004514058431013
14000,38.58165486653646,39.099358,0.517702738444008
14095,36.251983642578125,36.125973,-0.12601089477539062
14039,40.06762440999349,40.736946,0.6693216959635393
36157,40.11981964111328,40.329037,0.20921707153320312
52434,43.933685302734375,43.249695,-0.683990478515625
16159,41.38985061645508,41.08123,-0.3086204528808594
28091,40.30878702799479,40.449223,0.14043553670247633
30923,40.77098931206597,39.814404,-0.9565857781304246
36195,43.79297892252604,43.620743,-0.1722361246744768
20869,43.23423597547743,43.123882,-0.11035368177626026
37129,41.41035270690918,42.372147,0.9617938995361328
35288,43.15609995524088,42.574257,-0.5818430582682268
45367,39.76151869032118,39.563557,-0.197962019178604
49569,40.942647298177086,41.698364,0.7557169596354143
1783,33.473724365234375,33.270832,-0.20289230346679688
6978,37.8650156656901,38.439484,0.5744679768880232
23061,38.85651652018229,39.003082,0.1465657552083357
50003,39.04792277018229,39.47644,0.4285176595052107
39863,43.802093505859375,43.75882,-0.04327392578125
18912,40.05765787760416,40.523193,0.4655354817708428
47452,41.24648030598959,42.298965,1.0524851481119697
44347,40.91345024108887,40.35749,-0.5559597015380859
10825,38.291839599609375,39.010227,0.7183876037597656
47929,39.97796821594238,39.5279,-0.45006752014160156
2353,39.70341322157118,39.54791,-0.15550443861219776
53729,44.21861775716146,43.858723,-0.3598950703938826
14390,36.85298665364584,36.99422,0.14123407999673532
43933,34.78489515516493,35.104,0.31910493638780224
21946,42.68888007269965,42.051975,-0.6369048224555058
27841,39.920515060424805,40.874714,0.9541988372802734
25933,39.717854817708336,38.79424,-0.9236157735188826
45363,37.18397776285807,38.943134,1.7591565450032576
18703,43.74085489908854,42.943115,-0.7977396647135393
15316,35.623199462890625,35.77809,0.1548919677734375
13761,41.4730224609375,40.563076,-0.9099464416503906
34866,40.58186170789931,40.38195,-0.19991132948133838
48485,41.17280069986979,40.674076,-0.4987246195475237
21482,43.93540445963541,44.091984,0.15657933553060843
42941,41.30183664957682,42.044277,0.7424405415852888
43058,39.38459269205729,40.09993,0.7153371175130232
48611,41.82850138346354,41.993618,0.16511662801107008
30656,41.518310546875,41.64822,0.12990951538085938
13072,44.5049811469184,44.098724,-0.40625678168402146
1334,41.490966796875,41.93708,0.44611358642578125
12307,37.32335408528646,39.19914,1.8757845560709612
38284,46.588843451605904,45.35535,-1.233492957221138
43683,41.38215891520182,41.14866,-0.2335001627604143
53053,42.14656236436632,42.02673,-0.11983278062608349
25684,43.785668267144096,43.894997,0.10932837592230982
36245,40.7774420844184,39.780064,-0.9973784552680058
51205,37.30171034071181,37.66941,0.3677003648545991
33001,37.99670749240451,38.76418,0.7674717373318174
14238,40.418261210123696,40.340816,-0.07744471232096117
10950,43.16378784179688,43.64776,0.48397064208983664
27781,38.69321356879341,39.09624,0.40302742852104245
21167,42.89775594075521,42.49951,-0.3982442220052107
42041,37.92169698079427,39.040993,1.119295756022133
34413,44.89274597167969,44.551155,-0.34159088134765625
27828,44.97591400146485,44.645233,-0.33068084716797586
51704,38.48319837782118,37.06004,-1.4231588575575103
649,40.464406967163086,40.647274,0.18286705017089844
1061,38.94348483615451,40.39074,1.447254604763458
3790,39.92596435546875,40.562664,0.6366996765136719
1651,37.9464111328125,38.5235,0.57708740234375
51426,38.21023305257162,38.226818,0.016585032145179923
35537,43.69869995117188,44.03693,0.3382301330566335
39206,42.79331800672743,43.242134,0.4488160875108491
54038,41.77153523763021,42.227577,0.45604197184244555
20448,43.14157104492188,42.35777,-0.7838020324707102
29277,43.221038818359375,42.559605,-0.6614341735839844
8580,40.47552490234375,40.866306,0.3907814025878906
9145,44.748803032769096,44.629086,-0.11971749199761206
5794,42.74964396158854,42.028454,-0.7211901346842424
2237,43.37598673502604,41.859432,-1.516554514567055
42391,37.90047836303711,38.082626,0.18214797973632812
35335,44.601643880208336,43.92199,-0.679654439290367
35768,41.67269388834635,41.357037,-0.3156572977701799
41173,36.19425116644965,37.53951,1.3452576531304317
13642,40.56894259982639,41.23129,0.6623463100857165
36901,38.81457710266113,41.18547,2.3708934783935547
43878,37.41943698459201,40.054516,2.635078854031036
39967,41.11583116319444,41.14787,0.03203794691297901
861,33.378868103027344,33.502235,0.1233673095703125
7452,42.09367879231771,41.826977,-0.2667020161946638
32313,41.05165269639757,41.205696,0.15404340955946338
50031,41.22577921549479,41.459507,0.23372777303060133
33520,39.662017822265625,40.0659,0.4038810729980469
34316,42.29932657877604,42.541016,0.2416890462239607
12855,40.41769409179688,40.905415,0.487720489501946
35075,43.12248738606771,42.001083,-1.1214040120442732
24453,39.57828013102213,39.902912,0.3246320088704451
53895,36.79032389322917,37.743763,0.9534390767415317
38382,39.13337198893229,38.666653,-0.4667193094889299
23540,36.54223124186198,36.133644,-0.40858713785807055
40419,43.56312052408854,44.04521,0.4820912679036482
9074,37.659084743923614,39.386353,1.7272677951388857
37822,38.59326171875,38.76065,0.167388916015625
46866,37.97724405924479,37.820145,-0.1570994059244768
42494,42.14637247721354,41.91024,-0.23613230387369555
44186,40.73870849609375,41.07337,0.33466339111328125
39030,38.59931437174479,38.51222,-0.08709589640299242
32034,42.17808363172743,42.37439,0.19630601671006787
11059,41.03531222873264,41.93627,0.9009594387478259
30398,37.3802235921224,38.776108,1.3958841959635393
1747,38.88101196289063,39.309772,0.428760528564446
5959,40.261695014105904,40.686817,0.42512215508354956
39665,42.20875040690104,40.687473,-1.5212771097818987
53566,38.46648830837674,38.01562,-0.4508671230740049
3440,41.63139343261719,41.77379,0.14239501953125
23547,39.25243123372396,39.023296,-0.22913487752278883
47304,41.66842142740885,41.14578,-0.5226427714029924
3824,40.56363254123264,40.92989,0.3662571377224353
18463,42.22137790256076,41.731,-0.49037890964083886
51700,38.88310072157118,41.027763,2.1446626451280366
16255,38.06069946289063,38.09037,0.029670715332024145
4013,43.54773966471354,43.627625,0.0798848470052107
11589,40.379241943359375,40.22099,-0.15825271606445312
49556,40.82073974609375,41.581116,0.7603759765625
8154,34.688812255859375,34.791092,0.1022796630859375
51177,38.49079386393229,38.13947,-0.3513247172037737
1072,43.64135403103299,44.241795,0.6004405551486514
12975,41.905120849609375,41.521698,-0.3834228515625
6714,42.941429985894096,42.45028,-0.4911507500542527
19550,40.60455322265625,41.247498,0.6429443359375
31785,39.01773071289063,40.36174,1.3440093994140554
35192,41.76355234781901,41.98553,0.22197850545247633
21277,39.17894490559896,39.92629,0.7473436991373674
25275,41.9279047648112,42.8701,0.9421933492024692
51300,42.21226331922743,40.72508,-1.4871847364637603
14094,36.19918823242188,36.370247,0.17105865478514914
6758,39.41706339518229,39.466946,0.04988225301107008
31542,40.98965199788412,41.004368,0.014715830485023673
30812,46.90025838216146,45.850986,-1.04927190144857
8885,41.07708740234375,41.413963,0.33687591552734375
30755,40.71563466389974,40.947952,0.23231760660807055
2284,43.53881496853299,42.948757,-0.5900577969021299
675,43.36373901367188,43.137577,-0.22616195678711648
22040,38.20102606879341,38.936966,0.7359398735894018
9628,37.391337076822914,37.52345,0.13211186726888258
13425,42.19593302408854,40.592854,-1.6030794779459612
25784,39.235633850097656,40.264534,1.028900146484375
51823,43.05536227756076,44.056053,1.000690884060333
37745,43.01225789388021,42.919655,-0.09260304768880445
52295,39.830352783203125,40.296524,0.4661712646484375
50081,37.345004611545136,38.2568,0.9117969936794736
10463,40.0308837890625,40.149845,0.11896133422851562
31276,43.26461791992188,42.703312,-0.5613059997558665
14992,37.80188327365451,37.325912,-0.47597079806857323
21356,42.356292724609375,42.053482,-0.3028106689453125
36505,42.92699856228299,43.1544,0.2274013095431826
34447,42.40025160047743,41.682526,-0.7177259657118071
42293,42.22527058919271,41.997463,-0.22780736287435133
39666,41.94072469075521,40.724083,-1.216641743977867
25890,40.68553670247396,41.51362,0.8280817667643205
48289,42.51494344075521,43.540154,1.025210062662758
33677,42.60381062825521,43.52382,0.9200083414713518
49992,37.13554890950521,38.078228,0.9426790873209612
37305,41.03009033203125,41.23682,0.20672988891601562
15904,35.79737345377604,36.24687,0.4494946797688826
5532,43.470550537109375,43.43532,-0.035228729248046875
11972,40.97569444444444,40.815605,-0.16008928087022412
36029,44.04591369628906,41.086235,-2.9596786499023438
18384,41.94357299804688,41.65189,-0.2916831970214915
50352,40.245361328125,39.0234,-1.2219619750976562
28061,41.08535512288412,40.790176,-0.29517873128255445
366,42.85825941297743,43.28935,0.43108918931748974
48432,41.91376071506076,42.17759,0.2638287014431455
35974,42.4569091796875,41.08444,-1.3724708557128906
53635,42.23884752061632,42.16541,-0.07343843248155224
8185,42.53393215603299,41.444767,-1.0891651577419736
35924,43.40162658691406,42.476448,-0.9251785278320312
1657,41.82736206054688,41.265682,-0.5616798400878977
8940,42.31100463867188,42.445587,0.1345825195312429
3285,35.37202962239584,35.32166,-0.05037053426107718
3837,40.761494954427086,40.110996,-0.6504987080891951
48479,42.28536987304688,41.806095,-0.4792747497558665
50066,39.11362372504341,39.446,0.3323754204644018
20062,40.83023410373264,40.79187,-0.038363986545142836
5974,41.139383951822914,39.64748,-1.4919039408365862
883,33.79700724283854,33.61383,-0.1831766764322893
21107,43.22132364908854,43.137497,-0.0838267008463518
12920,43.04472859700521,42.271107,-0.7736218770345076
6721,41.60348171657986,40.50045,-1.1030315823025134
26745,40.210425482855904,40.61437,0.40394295586479956
38743,43.13473892211914,42.32551,-0.8092308044433594
19198,41.525241427951386,40.669926,-0.8553157382541201
41418,42.96867879231771,43.21976,0.2510821024576799
50458,37.28651237487793,36.90566,-0.38085365295410156
38697,38.92060343424479,39.046394,0.12579091389974195
24503,43.66566297743056,43.742004,0.07634141710069287
28898,41.89030202229818,41.09468,-0.795621236165367
10701,42.29676310221354,41.616627,-0.6801363627115862
50673,39.854278564453125,39.54175,-0.3125267028808594
51072,38.94196573893229,39.52176,0.5797932942708357
27920,39.66685994466146,39.87572,0.20886103312174242
12041,38.178615993923614,37.970085,-0.20853084988064552
2634,41.77124277750651,41.743805,-0.027437845865883048
21037,42.46747165256076,42.461338,-0.006133609347870106
30206,42.94389851888021,42.506958,-0.4369405110677107
51582,41.35395812988281,41.020473,-0.3334846496582031
50636,42.50098673502604,42.928005,0.4270184834798201
2325,39.30730862087674,38.60815,-0.6991581386990049
23549,39.12682088216146,38.880585,-0.2462361653645857
20168,42.32429673936632,41.650856,-0.6734407212999116
16696,40.95898098415799,41.834423,0.8754420810275576
20905,42.31024509006076,42.04987,-0.2603755527072451
33762,40.32569122314453,41.691406,1.3657150268554688
14357,40.10551198323568,40.626804,0.5212923685709612
34602,41.07937876383463,41.19679,0.11741002400716383
50050,39.24920315212674,39.369568,0.12036471896701073
43277,36.85583750406901,36.621197,-0.23464075724283617
23612,44.59233262803819,44.889385,0.297052595350479
8532,43.42868041992188,42.270947,-1.1577339172363352
52599,36.59777577718099,39.093998,2.4962221781412737
25466,41.08241441514757,41.479027,0.3966123792860259
21266,40.75550842285156,41.939228,1.1837196350097656
6124,42.85809326171875,42.57466,-0.2834320068359375
48617,42.02247111002604,41.499302,-0.5231691996256487
51112,41.026204427083336,41.120598,0.09439341227213305
46363,37.14789157443576,36.2523,-0.8955913119845889
51107,40.23739115397135,40.90347,0.6660779317220076
19696,40.99932861328125,41.5788,0.5794715881347656
33377,41.99654897054037,43.203217,1.206667582194008
17268,41.11953481038412,41.71354,0.5940043131510393
25315,41.63381767272949,41.495388,-0.1384296417236328
38999,38.066199408637154,38.68986,0.6236618889702683
53987,38.685333251953125,39.08376,0.3984260559082031
18631,38.92107815212674,38.724564,-0.19651455349392677
15264,39.693929036458336,40.58993,0.8960024515787737
51004,44.24292331271701,44.068363,-0.1745601230197451
1173,33.19771321614584,33.129845,-0.06786855061849906
40096,35.729024251302086,35.54967,-0.17935307820638258
50370,41.37333170572917,39.97932,-1.3940111796061245
10613,39.743194580078125,40.216976,0.4737815856933594
33892,37.4634772406684,36.462345,-1.0011321173773808
16937,42.65251668294271,43.40155,0.7490336100260393
694,44.18918418884277,43.615265,-0.5739192962646484
8579,39.98871866861979,40.940105,0.9513867696126326
21745,37.42095947265625,38.695282,1.274322509765625
7757,43.76022338867188,43.394047,-0.3661766052246165
4160,40.93268839518229,40.202065,-0.730623881022133
22293,40.67908053927951,41.064007,0.38492626614041114
37388,41.27876112196181,40.855286,-0.42347547743055713
46811,40.77601369222005,41.44714,0.671126047770187
18061,41.2791862487793,39.547832,-1.731353759765625
18983,42.83025105794271,42.311344,-0.5189069112141951
21191,43.74370320638021,42.9475,-0.7962048848470076
23920,42.09833102756076,42.13135,0.033020443386504894
31839,39.21568806966146,39.977158,0.7614695231119768
26226,42.0594965616862,41.89023,-0.16926829020182765
48668,41.81140645345052,40.260704,-1.5507024129231795
52872,38.22039116753472,37.744625,-0.47576607598198706
50646,38.66026814778646,38.73304,0.07277170817057055
47906,39.92720286051432,39.989513,0.06231053670247633
42577,41.17045021057129,41.136986,-0.03346443176269531
29936,43.53349812825521,42.74738,-0.7861188252766951
48987,44.12083180745443,43.0898,-1.0310300191243513
39265,39.15160115559896,38.271633,-0.8799680074056013
19500,42.05541653103299,41.522167,-0.5332493252224424
23930,43.09314982096354,42.948723,-0.14442698160807055
43911,37.355255126953125,37.03869,-0.31656646728515625
35892,44.65916951497396,44.522408,-0.13676198323567945
38587,46.37123277452257,45.561348,-0.8098848130967866
23268,40.3182856241862,39.316616,-1.0016695658365933
7127,41.47672271728516,41.968624,0.491901397705071
23194,42.18491956922743,42.36939,0.1844690110948335
14568,42.24264526367188,41.77472,-0.4679260253906321
38113,36.59758843315972,37.121113,0.5235243903266067
49748,39.24303181966146,39.392376,0.14934412638346117
6461,40.042931450737846,40.904343,0.8614112006293411
51716,40.53780110677084,39.35368,-1.184121449788421
32925,42.01933797200521,42.173767,0.1544291178385393
31204,37.944671630859375,39.363808,1.4191360473632812
23798,42.00566609700521,42.39858,0.3929125467936174
35184,40.22058614095052,39.775883,-0.4447034200032576
2347,40.3722161187066,40.21387,-0.1583451165093379
12083,45.834704081217446,44.346886,-1.4878184000651018
30768,40.02261352539063,40.066486,0.04387283325194602
29692,39.40951919555664,38.93789,-0.4716300964355469
53611,36.56150648328993,36.95981,0.39830186631944287
35827,44.00822279188368,44.25369,0.24546602037217724
13281,42.71812269422743,41.900917,-0.8172056410047759
37493,42.64966837565104,43.48835,0.838681538899742
24248,41.77580261230469,41.21874,-0.5570640563964844
43729,38.88879733615451,40.002716,1.1139187282986143
17559,41.05923800998264,40.317165,-0.7420726352267835
42919,40.633507622612846,39.614292,-1.0192154778374558
53248,35.0577392578125,36.697655,1.6399154663085938
14386,37.20790100097656,37.017746,-0.190155029296875
14653,38.56371053059896,38.559307,-0.004403432210288827
48456,38.69397311740451,39.109406,0.41543240017361427
10559,37.33095296223959,37.33547,0.004515329996735318
7598,41.91850789388021,41.771446,-0.14706166585286695
8671,40.48424953884549,40.87789,0.3936420016818545
50595,36.763264973958336,37.25632,0.4930559794108049
29906,42.17466566297743,42.31855,0.14388444688584912
24433,41.506269454956055,41.39024,-0.11602973937988281
30248,44.15443674723307,44.31551,0.16107304890950758
33833,44.01515197753906,43.316917,-0.6982345581054688
37436,40.93733045789931,40.841034,-0.09629652235243213
37833,38.47398122151693,38.5394,0.06541697184244555
16110,43.81861368815104,43.83909,0.020474751790366952
15768,42.79293823242188,41.938736,-0.8542022705078196
42926,41.32490793863932,41.234863,-0.09004465738932055
40253,39.196319580078125,39.407124,0.21080398559570312
45812,38.390533447265625,38.080017,-0.310516357421875
50667,40.66351318359375,39.44414,-1.2193717956542969
5880,39.174767388237846,39.412605,0.23783789740668482
25165,41.64491653442383,41.158104,-0.4868125915527344
1444,38.91386244032118,39.724537,0.810674455430771
33574,41.32585313585069,40.92978,-0.39607408311631787
8855,41.09803771972656,41.079487,-0.018550872802734375
24874,35.27708265516493,34.475624,-0.8014585706922759
36628,40.396518283420136,40.053406,-0.34311252170138573
12882,36.6968994140625,37.674034,0.9771347045898438
41540,41.25797017415365,41.484493,0.22652308146158617
24830,41.0110117594401,41.13224,0.12122853597005445
45437,38.54016452365451,38.026516,-0.5136485629611514
27593,37.589579264322914,38.20435,0.6147702534993513
10829,37.92198689778646,39.014137,1.0921503702799455
29801,39.94001261393229,40.314545,0.3745320638020857
43212,38.88499959309896,39.307026,0.4220263163248674
38119,37.17029147677951,37.214603,0.044311947292754894
45242,42.19707234700521,41.058075,-1.1389973958333357
31184,42.12415313720703,41.75447,-0.36968231201171875
4996,41.20394219292535,41.204723,0.0007811652289433368
33945,38.70916408962674,39.645355,0.9361911349826357
38913,42.70919799804688,43.2907,0.581501007080071
1393,41.813500298394096,41.99119,0.17769156561957544
38562,39.83748033311632,40.689987,0.8525068495008696
15387,42.53003946940104,43.102962,0.5729230244954451
4538,42.29163614908854,42.0412,-0.2504374186197893
22135,42.27302720811632,42.273827,0.0007993910047758845
53918,38.176055908203125,37.578705,-0.59735107421875
43635,39.57286580403646,39.196907,-0.37595876057942945
24911,40.599141438802086,41.12769,0.5285479227701799
26265,40.31145731608073,39.62473,-0.6867281595865862
21231,43.27069430881076,42.72621,-0.5444827609591982
4449,42.74622599283854,42.019287,-0.7269388834635393
20201,41.94414265950521,42.013252,0.06910959879557055
38012,43.47026570638021,43.82477,0.3545061747233049
20274,41.45916069878472,41.69918,0.24001990424262232
38855,38.368883768717446,40.21527,1.8463872273763045
43857,39.37226698133681,38.28771,-1.084558698866104
20260,43.29158189561632,44.024487,0.732904646131729
53238,36.84444173177084,35.16233,-1.6821111043294366
45993,41.246289571126304,42.196472,0.9501825968424455
40779,41.92363484700521,41.77507,-0.1485646565755232
2171,43.12277221679688,43.47289,0.350116729736321
4286,40.88715744018555,41.132145,0.24498748779296875
15984,40.76111518012153,41.930237,1.1691216362847214
1918,43.74199422200521,43.362106,-0.3798878987630232
35475,36.88147226969401,37.322872,0.4413998921712263
27130,41.89571952819824,42.056995,0.16127586364746094
39685,37.38093948364258,36.755074,-0.6258659362792969
25374,43.49162801106771,43.73222,0.24059168497721117
9364,44.98122829861112,43.514706,-1.466522640652137
23314,41.81090927124024,41.43914,-0.37176895141602273
35489,41.79792955186632,41.42812,-0.36980989244248974
37879,37.8011474609375,37.963425,0.1622772216796875
17627,41.67069753011068,43.23797,1.5672709147135393
26610,39.56555514865451,40.625298,1.059742397732208
45551,35.74762980143229,36.704205,0.9565747578938826
711,43.04985555013021,42.449974,-0.599881490071617
23594,43.21942477756076,44.124264,0.9048389858669736
24664,41.60917833116319,41.99155,0.38237211439344776
11091,41.78662618001302,41.951126,0.1644999186197893
43133,45.85064951578776,44.36133,-1.489321390787758
49844,40.001929389105904,38.301014,-1.7009154425727004
39647,38.98469034830729,38.907745,-0.0769449869791643
11489,41.27392069498698,39.901524,-1.3723971048990862
3651,40.44988250732422,40.859547,0.4096641540527344
54023,40.28040059407552,41.12483,0.8444277445475237
715,41.77352142333984,42.039074,0.26555252075196023
14760,41.53141530354818,41.152653,-0.3787625630696638
52117,40.01597764756944,41.709644,1.6936666700575103
17838,42.27967325846354,42.634274,0.3546002705891951
45833,39.713287353515625,39.38859,-0.3246955871582031
433,41.64942762586806,41.437595,-0.2118322584364165
27186,39.64777628580729,41.084522,1.4367459615071638
9147,43.06238810221354,42.65148,-0.41090647379557055
1635,41.09446716308594,42.148724,1.0542564392089844
41263,43.01814439561632,40.88054,-2.1376054551866304
49168,40.387786865234375,40.15777,-0.23001861572265625
52384,36.37089920043945,36.481808,0.11090850830078125
10087,40.11244032118056,40.612564,0.5001237657335054
40913,37.99328952365451,37.72159,-0.27170138888888573
22221,41.49980672200521,41.34794,-0.15186818440755445
46918,40.73272895812988,41.807728,1.0749988555908203
30040,39.75696139865451,40.000923,0.24396175808377052
17954,39.76342010498047,39.880993,0.11757278442382812
10287,43.80161878797743,43.604923,-0.1966955396864165
53734,43.09447903103299,43.502113,0.407634311252167
1326,42.70293172200521,42.63678,-0.0661519368489607
53078,39.167266845703125,39.86891,0.7016448974609375
9481,40.92669677734375,40.40351,-0.5231857299804688
42471,41.94071706136068,41.660694,-0.2800229390462263
34831,38.31951565212674,39.6336,1.3140826755099795
46433,37.69364420572917,38.412045,0.718400319417313
1610,44.852294921875,44.54651,-0.3057861328125
2984,33.884070502387154,34.375946,0.49187554253472143
51755,39.85418701171875,40.658978,0.8047904968261719
10549,37.8539055718316,37.70621,-0.1476944817437129
42479,41.13833618164063,41.513393,0.37505722045897727
45864,38.622955322265625,38.645706,0.0227508544921875
17354,38.39850870768229,39.104176,0.7056668599446638
46652,37.52720642089844,37.199085,-0.3281211853027344
40483,41.43406867980957,41.29561,-0.1384601593017578
43041,36.66822306315104,37.51111,0.8428853352864607
21182,43.13188680013021,43.73775,0.6058642069498674
28633,41.95477634006076,41.645744,-0.309032016330292
3429,43.668792724609375,43.38117,-0.2876243591308594
12929,40.89480251736112,40.43507,-0.4597324795193245
6428,43.51261054144965,43.079628,-0.4329825507269902
44633,40.85644192165799,40.5482,-0.3082432217068174
11717,39.55378214518229,39.110115,-0.44366709391275805
22907,45.03858100043403,44.364723,-0.6738577948676223
52839,37.767608642578125,38.669857,0.9022483825683594
52600,36.72823079427084,40.476765,3.7485338846842353
28037,42.77385457356771,42.56007,-0.21378453572591383
37453,42.08617824978299,42.441036,0.3548579745822451
26379,40.21118418375651,39.236916,-0.9742685953776018
17551,42.32657538519965,42.346012,0.019436730278869163
4292,42.89319864908854,41.667625,-1.2255732218424455
31841,40.43374294704861,40.562862,0.1291194491916272
31646,39.303985595703125,39.65613,0.3521461486816406
16408,41.59512668185764,40.931705,-0.6634212070041272
49283,40.92670186360677,40.525116,-0.4015858968098982
32507,40.99677022298177,41.014828,0.018057505289711173
44676,45.519673665364586,45.058697,-0.4609769185384138
33715,43.26917521158854,42.98317,-0.2860056559244768
52821,44.25726826985677,44.343884,0.08661524454752367
38031,42.47535196940104,41.30854,-1.166811625162758
26675,40.49972534179688,40.102734,-0.39699172973633523
41596,41.10465240478516,40.495476,-0.6091766357421946
41323,42.38316175672743,41.514095,-0.8690664503309478
6551,40.36423746744792,40.514454,0.15021642049153172
31117,45.92613050672743,46.50933,0.5832002427842866
3596,35.96570841471354,36.740883,0.775174458821617
41684,44.64132690429688,44.007904,-0.6334228515625071
47862,41.63338470458984,41.179207,-0.4541778564453054
14479,40.01044273376465,40.25607,0.24562644958496094
20204,42.21378241644965,42.00531,-0.20847235785589646
35097,35.605682373046875,36.936646,1.330963134765625
49286,37.99375915527344,39.118755,1.1249961853027344
37186,42.56089613172743,42.78073,0.21983506944444287
41896,40.29017808702257,39.331264,-0.9589135911729585
45891,43.34550984700521,42.37999,-0.9655202229817732
29253,41.71827189127604,41.58505,-0.13322321573892992
12851,39.78089735243056,38.83333,-0.9475691053602446
29620,45.19923210144043,43.897453,-1.301778793334961
44618,40.49678548177084,38.683575,-1.813210805257171
18695,41.49239349365234,41.07429,-0.41810226440428977
29526,36.6575927734375,37.80715,1.1495590209960938
41810,38.92943318684896,37.16993,-1.7595036824544295
10985,37.773400200737846,39.025272,1.2518721686469192
6619,38.11937459309896,38.09034,-0.029034932454429452
41595,40.451019287109375,41.122158,0.6711387634277344
8746,36.94395277235243,37.35909,0.415136125352646
46830,42.96241251627604,44.441936,1.4795239766438826
5436,34.050079345703125,34.135654,0.08557510375976562
32385,39.242462158203125,38.820534,-0.42192840576171875
50777,43.79630872938368,44.445034,0.6487252977159272
45403,39.56859334309896,39.822567,0.2539736429850237
49704,39.54751586914063,39.742607,0.19509124755858664
47383,43.68958536783854,42.559208,-1.1303774515787737
45250,37.92589569091797,39.134117,1.208221435546875
12386,44.8984375,44.90209,0.003650665283203125
14800,40.17054578993056,40.774418,0.6038720872667085
4871,40.966575622558594,41.184975,0.2183990478515625
1547,42.68555704752604,41.80964,-0.875918070475258
42658,39.93280368381076,40.26259,0.32978481716580177
35389,39.658599853515625,38.699013,-0.9595870971679688
31658,42.87439982096354,41.829533,-1.0448671976725237
32230,42.52177937825521,42.0853,-0.4364789326985701
46553,43.10340372721354,40.69914,-2.4042650858561174
47173,42.25973171657986,42.21453,-0.045200771755638414
42633,40.670631408691406,41.111164,0.4405326843261719
10173,41.78121439615885,42.501244,0.720029195149742
45586,43.05460272894965,43.261623,0.2070206536187129
27782,37.92853800455729,37.308395,-0.6201426188151018
24819,45.07237413194444,44.915592,-0.15678193834092724
30154,41.306864420572914,41.49252,0.18565495808919508
40499,43.03219604492188,42.580257,-0.45193862915039773
36617,37.9291025797526,39.372845,1.44374211629232
50119,40.58945041232639,41.19602,0.6065678066677478
49938,41.15001424153646,41.282127,0.13211313883463305
41304,39.52112155490451,40.027794,0.506672329372833
28863,40.89251963297526,41.785843,0.8933232625325545
16220,35.87598673502604,35.866756,-0.009230295817054923
2570,40.36813100179037,40.380516,0.012385050455726798
40708,48.93661308288574,48.318054,-0.6185588836669922
32152,40.73072984483507,40.998558,0.2678281995985259
34683,40.23681640625,39.99996,-0.23685455322265625
41486,36.8695068359375,37.32894,0.45943450927734375
19257,41.25711313883463,41.62441,0.3672955830891951
45716,38.87075805664063,40.045105,1.174346923828118
41026,41.45118543836806,41.81641,0.3652246263292085
30268,42.84268866644965,42.95154,0.10885323418511916
27885,39.03795369466146,39.311775,0.27382151285807055
1044,38.87104288736979,39.21068,0.3396352132161482
37738,43.05156453450521,45.43593,2.384363810221352
35689,40.60540432400174,38.025024,-2.5803799099392393
45108,39.76855977376302,39.703106,-0.06545384724935133
33215,38.67792765299479,38.489212,-0.1887156168619768
12600,37.82428487141927,37.67469,-0.14959462483724195
14532,43.83000691731771,43.010414,-0.8195927937825545
40814,42.61748250325521,42.96771,0.3502260843912737
26158,41.248849868774414,41.49036,0.24151039123535156
1917,43.80180867513021,44.106785,0.3049761454264299
42262,46.29565768771701,46.782898,0.48724026150173927
21644,43.77931213378906,43.469643,-0.30966949462890625
22077,44.68082682291666,43.86227,-0.8185564676920478
17776,41.17660183376736,41.43151,0.2549090915256116
46847,42.92823282877604,43.62728,0.6990483601888045
39677,33.34723409016927,33.00975,-0.3374837239583357
19287,41.70801035563151,41.277912,-0.4300982157389299
25475,35.50457763671875,35.78341,0.27883148193359375
6772,42.79673597547743,41.469288,-1.327448103162979
6497,40.162570529513886,39.859356,-0.30321460300021386
25616,40.91986083984375,40.98129,0.061428070068359375
15762,41.60386488172743,42.02434,0.420476701524521
47145,44.17267608642578,42.62295,-1.5497245788574219
3355,42.06170654296875,40.725002,-1.3367042541503906
49289,42.99687703450521,43.053856,0.05697886149088305
29704,39.19696044921875,39.018017,-0.17894363403320312
2156,41.62768809000651,40.616375,-1.0113131205240862
17083,42.281524658203125,42.2664,-0.015125274658203125
9088,39.287560356987846,40.675003,1.387442694769966
7433,44.36179945203993,42.660896,-1.7009031507704009
27488,40.0941162109375,41.96349,1.8693733215332031
42497,39.72069803873698,40.045685,0.3249867757161482
7135,44.61068534851074,43.935276,-0.6754093170166016
53386,37.39268684387207,38.348373,0.9556865692138672
20419,39.88115098741319,40.573925,0.692774030897354
26245,38.755615234375,39.07089,0.3152732849121094
32642,42.415062798394096,43.31749,0.9024268256293411
22140,38.142913818359375,36.80156,-1.3413543701171875
12649,39.75750732421875,39.65348,-0.10402679443359375
43485,41.23034159342448,41.441006,0.21066411336263258
34310,41.68266296386719,41.924885,0.24222183227539062
40101,48.96018727620443,47.464336,-1.4958508809407576
33077,42.26030476888021,42.938007,0.6777025858561174
23179,40.677944607204864,41.50778,0.8298335605197451
16001,40.39234670003256,41.352924,0.9605776468912666
27423,41.19586181640625,41.66833,0.4724693298339844
27095,41.45706685384115,40.354908,-1.102158864339195
1952,39.88988240559896,39.769844,-0.12003835042317945
13409,40.88715744018555,40.359142,-0.52801513671875
13371,42.52120971679688,43.2376,0.716388702392571
35738,37.77672322591146,39.109623,1.332899729410805
38883,36.22092946370443,37.112522,0.8915926615397112
31224,41.86363050672743,40.92004,-0.9435903761121978
6336,35.924407958984375,36.53596,0.6115531921386719
40782,42.50924682617188,42.244244,-0.26500320434571023
45012,43.2039540608724,41.639862,-1.5640920003255232
24561,35.905906677246094,35.764156,-0.14175033569335938
22554,41.58411407470703,41.859924,0.27581024169921875
34593,44.81725819905599,44.015038,-0.8022206624348982
32396,38.40534464518229,38.095596,-0.3097483317057268
36134,45.53077952067057,44.495945,-1.03483454386393
40684,46.80611610412598,47.11233,0.3062152862548828
29622,45.441627502441406,44.758644,-0.6829833984375
52239,39.55795966254341,39.464428,-0.0935317145453638
32558,42.30445098876953,42.787464,0.4830131530761719
3585,42.12784576416016,40.65684,-1.4710044860839915
9934,39.53683853149414,39.017834,-0.5190048217773438
18601,39.087799072265625,39.528553,0.4407539367675781
11903,40.61148410373264,40.131557,-0.47992663913303346
32063,43.41814168294271,43.648636,0.2304941813151018
29535,40.102945963541664,39.520206,-0.5827395121256487
7328,40.19864569769965,40.79754,0.5988930596245723
48499,40.80858357747396,40.62415,-0.18443425496419508
32697,37.61436716715495,38.8688,1.2544339497884067
1273,44.33711412217882,43.33159,-1.0055253770616304
35282,43.56169637044271,43.88641,0.3247133890787737
1894,44.57486979166666,44.467567,-0.10730234781900094
29931,42.785247802734375,40.84073,-1.94451904296875
28363,40.56059434678819,40.772095,0.21150037977430713
14900,43.24411010742188,42.779346,-0.464763641357429
4846,35.99107530381944,36.57539,0.584314558241104
29558,40.54587046305338,41.844067,1.2981961568196638
35720,38.84369913736979,38.452244,-0.3914553324381487
7000,40.9314022064209,40.54981,-0.3815937042236328
46177,42.05828285217285,42.324394,0.2661113739013672
17377,41.28331502278646,41.20417,-0.07914479573567945
23595,43.12846883138021,42.481926,-0.646542867024742
32446,40.55392456054688,41.021107,0.467182159423821
13228,39.36845228407118,39.954235,0.5857827928331147
6540,42.92937215169271,42.794865,-0.13450749715169508
19626,38.36394924587674,38.085907,-0.27804226345486427
15941,40.52508544921875,40.79517,0.2700843811035156
40456,45.5379876030816,45.625954,0.08796607123480271
25781,35.48833465576172,34.98218,-0.5061531066894531
31949,39.48504299587674,40.10672,0.6216769748263857
2979,35.70537312825521,35.60428,-0.1010945638020857
50819,38.01341756184896,36.951958,-1.061459859212242
30975,42.09082794189453,42.42649,0.335662841796875
52273,44.69164276123047,43.668655,-1.0229873657226562
51258,40.16028849283854,40.22766,0.0673726399739607
4106,40.84124755859375,41.201977,0.3607292175292969
42803,39.84051513671875,40.115585,0.2750701904296875
46725,39.74937269422743,39.57805,-0.17132398817274463
53351,40.05480448404948,40.68661,0.6318066914876326
6287,36.089619954427086,37.26785,1.1782290140787737
21436,37.42058648003472,37.497654,0.07706748114691919
3271,39.52112494574653,39.310272,-0.21085272894965357
10702,41.43812942504883,41.248173,-0.1899566650390625
48652,44.4615650177002,43.680237,-0.7813282012939524
51542,41.88005574544271,41.843018,-0.0370381673177107
37340,44.34053548177084,44.132256,-0.20827992757162406
45679,40.53513929578993,38.913967,-1.6211721632215728
8275,40.891377766927086,40.103348,-0.7880299886067732
9699,41.423177083333336,41.444836,0.021658579508461173
52829,43.13663397894965,43.331127,0.1944931877984004
52966,38.33849419487847,38.71713,0.37863455878363794
2560,40.45757293701172,40.96118,0.5036087036132812
33461,42.30359903971354,42.737568,0.4339688618977888
7801,40.10977851019965,40.287407,0.1776284111870723
45007,38.61569213867188,38.897724,0.282032012939446
38489,38.40933227539063,38.439896,0.030563354492180395
42883,41.12494913736979,41.14525,0.020299275716148202
8065,42.908935546875,42.56521,-0.34372711181640625
47784,43.72632853190104,43.950687,0.22435887654622633
5037,41.94832017686632,41.549156,-0.3991639879014741
28302,43.109954833984375,42.7379,-0.3720550537109375
21870,42.580169677734375,43.188953,0.6087837219238281
39746,42.25603230794271,42.116856,-0.13917668660482008
36886,43.12960815429688,43.516136,0.38652801513671164
14608,38.17064412434896,39.06747,0.8968264261881487
6459,41.36735280354818,41.110584,-0.2567685445149763
48319,41.16937255859375,42.107464,0.9380912780761719
3601,39.20700073242188,38.90049,-0.30651092529297586
47899,42.96405029296875,43.428516,0.4644660949707031
19727,38.274322509765625,38.63725,0.3629264831542969
10611,38.70042928059896,39.41232,0.7118899027506487
12747,38.73603312174479,39.517406,0.7813733418782576
10837,38.60415649414063,37.855408,-0.7487487792968821
6241,41.14353370666504,40.610695,-0.5328388214111328
27007,40.77630615234375,41.671173,0.894866943359375
15701,40.40260145399306,42.469845,2.0672433641221772
18568,40.51957533094618,39.86143,-0.6581442091200103
791,41.71257527669271,41.37228,-0.3402951558431013
49152,40.3695551554362,40.112923,-0.2566324869791714
18225,42.26372273763021,42.742493,0.4787699381510393
21959,42.38506062825521,41.908073,-0.47698720296224195
48325,41.22331407335069,41.829643,0.6063291761610259
6004,38.99741278754341,38.881042,-0.11637030707466067
2400,37.95151435004341,37.452415,-0.4990988837348169
25351,41.0194206237793,40.787636,-0.23178482055664062
39870,38.19456990559896,39.974403,1.7798334757486955
53664,39.90754699707031,40.395718,0.4881706237792969
49918,34.4681633843316,35.857494,1.3893309699164433
51257,40.33708699544271,40.93989,0.6028048197428362
20532,37.28575981987847,37.710117,0.4243575202094192
32342,42.72941589355469,42.687767,-0.04164886474609375
30977,43.16055976019965,42.701702,-0.4588576422797246
23776,41.51043023003472,41.22733,-0.2831009758843308
2143,42.36455281575521,43.659943,1.2953898111979143
19466,40.397473653157554,39.99803,-0.39944203694661695
36609,39.75696139865451,39.63051,-0.12645297580294823
42961,38.74030558268229,39.919163,1.1788571675618513
30001,35.88548109266493,37.86404,1.9785592820909272
27934,42.10976028442383,40.210735,-1.8990249633789062
13509,36.477294921875,36.56527,0.08797454833984375
670,42.739532470703125,43.039387,0.2998542785644531
41662,46.898193359375,46.52886,-0.3693351745605469
27034,39.26617431640625,39.455544,0.18936920166015625
35473,38.75549655490451,40.116013,1.3605160183376768
19286,42.98282538519965,42.436497,-0.5463286505805058
50294,37.724586486816406,37.823757,0.09917068481445312
19197,41.40124003092448,41.356754,-0.04448572794596117
1955,39.63011678059896,40.665115,1.0349985758463518
17500,40.14207288953993,40.75275,0.6106775071885835
31069,39.14970228407118,39.99496,0.8452585008409272
48525,37.363986545138886,38.53672,1.1727337307400205
19600,42.09149509006076,41.473488,-0.6180072360568545
32287,43.44652981228299,42.980816,-0.4657139248318174
38850,44.01515197753906,42.870773,-1.144378662109375
12756,42.48731486002604,43.260906,0.7735913594563826
11183,43.800394694010414,44.56778,0.7673848470052107
40817,42.29847208658854,42.181545,-0.11692682902017992
25823,40.01463826497396,40.10038,0.08574167887369555
45754,33.85557386610243,33.98239,0.12681749131944287
46367,36.27552964952257,36.47621,0.20068189832899463
53623,40.35436672634549,39.620052,-0.7343143886990049
30715,43.258209228515625,42.75734,-0.5008697509765625
32180,44.262962341308594,42.888336,-1.3746261596679688
22455,39.48314412434896,38.99422,-0.4889233907063826
30788,43.333831787109375,43.061146,-0.2726860046386719
36988,43.51349449157715,42.214924,-1.2985706329345703
50863,36.39175075954861,38.593636,2.201884799533424
30731,40.79254150390625,41.786224,0.993682861328125
35378,43.05270385742188,42.217575,-0.8351287841796946
11627,39.46464029947917,39.644886,0.18024571736653172
14248,38.29803466796875,37.766335,-0.5317001342773438
14848,39.61644490559896,39.69872,0.08227411905924242
49108,40.323218451605904,39.43459,-0.8886290656195754
15478,39.89710150824653,40.848686,0.9515847100151902
27461,39.74518839518229,40.27091,0.5257199605306013
16406,40.737569173177086,41.03407,0.2964998881022112
33496,42.90444946289063,43.402973,0.498523712158196
7332,40.74981435139974,43.029243,2.2794291178385393
7375,41.1701422797309,41.475903,0.3057602776421504
47547,40.79605102539063,41.045105,0.2490539550781179
41342,45.12858327229818,44.295807,-0.8327763875325545
15093,48.15465630425347,47.33013,-0.8245247734917527
40158,46.166534423828125,46.34928,0.18274688720703125
9985,44.00745646158854,42.993557,-1.01389948527018
43199,43.28341674804688,43.40797,0.12455368041991477
2380,33.50505574544271,33.617058,0.11200205485025805
41325,41.09533013237847,42.0849,0.9895697699652786
52372,40.97690200805664,40.478836,-0.4980659484863281
14208,42.96184285481771,43.21982,0.2579752604166643
11115,40.5697987874349,40.926674,0.35687510172525805
20933,37.150166829427086,36.779438,-0.3707288106282576
48232,39.94798787434896,38.932365,-1.015622456868492
8927,39.854278564453125,40.264267,0.4099884033203125
13236,41.32737562391493,40.427143,-0.900232526991104
24189,44.62955474853516,44.87562,0.24606704711913352
43747,42.93649291992188,44.52484,1.588348388671868
9673,43.51263618469238,43.395836,-0.11680030822753906
37038,44.4406992594401,44.61643,0.17572911580403883
2429,42.92453002929688,42.390507,-0.5340232849121165
44240,36.25539906819662,36.74223,0.4868303934733049
18138,44.221946716308594,44.787636,0.5656890869140625
18829,41.233259201049805,40.98462,-0.2486400604248047
11833,38.89221530490451,39.101616,0.20940060085720802
46078,38.854095458984375,38.870697,0.0166015625
39343,40.78238254123264,41.761627,0.9792446560329822
45691,40.814663357204864,41.211185,0.39652209811740136
44958,41.28863525390625,41.253723,-0.034912109375
5394,38.23814900716146,38.407993,0.16984430948892992
50569,39.888893127441406,40.5907,0.7018051147460938
19654,44.32590866088867,44.749966,0.4240570068359375
3460,41.09568214416504,40.511513,-0.5841693878173828
42183,41.02924262152778,38.398026,-2.631217108832466
4672,40.408304850260414,40.11057,-0.2977358500162737
33086,42.60466512044271,43.13286,0.5281931559244768
21842,40.40145534939237,41.085438,0.6839824252658318
8070,41.82479349772135,41.583435,-0.2413584391276018
12953,38.73157077365451,39.346996,0.6154255337185361
8415,38.75483194986979,38.447876,-0.3069559733072893
502,41.72083536783854,42.967033,1.2461980183919295
33836,43.56141662597656,42.54929,-1.0121269226074219
322,41.1120368109809,40.614223,-0.4978133307562871
19346,44.656044006347656,44.969543,0.31349945068359375
36939,39.7434819539388,39.576588,-0.16689427693684422
45309,39.538970947265625,39.628307,0.08933639526367188
46676,38.095733642578125,37.40548,-0.6902542114257812
17331,37.27740224202474,38.667374,1.3899714152018205
51297,42.08921644422743,41.480984,-0.6082327100965728
47166,40.20976003011068,38.99092,-1.218839009602867
49026,41.645345052083336,41.06518,-0.5801633199056013
49728,40.38465118408203,40.445663,0.06101226806640625
3475,41.63273811340332,41.61739,-0.015348434448242188
36622,40.802510579427086,40.10259,-0.6999219258626326
49871,39.77253892686632,41.772858,2.000318739149307
48007,39.20807075500488,41.19665,1.9885807037353516
44809,38.24090237087674,39.104805,0.863902621799042
29456,41.30040995279948,41.999966,0.6995557149251326
38502,38.38217841254341,38.49399,0.11181343926322995
45356,41.76299031575521,41.7084,-0.05458958943685133
45489,39.65347544352213,39.724144,0.0706685384114607
5270,39.64179484049479,39.1455,-0.49629465738932055
36491,42.52595689561632,40.958813,-1.567144181993271
2748,40.83697509765625,41.794914,0.9579391479492188
32346,42.55254109700521,42.482353,-0.07018788655599195
20921,39.49833509657118,39.918858,0.4205224778917085
37741,42.85901896158854,44.326653,1.4676335652669295
19167,40.2137451171875,40.50341,0.28966522216796875
49054,38.44028388129341,39.929638,1.4893540276421362
25725,44.84033203125,44.897953,0.057621002197265625
23631,42.10222371419271,42.444878,0.34265391031900805
52496,38.529815673828125,38.794735,0.2649192810058594
41630,41.64392852783203,42.31902,0.6750907897949219
37593,42.12149726019965,40.897163,-1.2243338690863652
6655,39.13451470269097,40.123783,0.9892684088812942
44951,39.48741658528646,39.255592,-0.23182423909505445
23343,40.76234690348307,41.58459,0.8222440083821638
17260,40.11851331922743,40.144184,0.02567079332139599
38493,39.48960028754341,40.271694,0.7820938958061987
49350,42.24188571506076,41.372154,-0.869731479220917
2881,41.82071601019965,41.983547,0.1628312004937129
29926,43.94555324978299,44.317326,0.37177234225802636
11849,43.91441175672743,43.57972,-0.3346922132704009
32949,42.86129760742188,42.473545,-0.3877525329589915
11197,41.31104532877604,41.429924,0.11887868245442945
30451,40.15687052408854,41.234478,1.0776074727376326
22916,43.61287095811632,43.547436,-0.06543519761827099
12202,40.14964803059896,40.42598,0.2763315836588518
31152,44.32762315538194,44.046432,-0.28119066026475537
31720,46.17906358506944,47.07308,0.8940145704481353
15087,41.98174031575521,41.15196,-0.8297818501790388
46780,42.69077894422743,42.7509,0.060121324327255365
4127,41.89286804199219,42.40531,0.5124435424804688
30513,41.8062744140625,42.681034,0.8747596740722656
4368,41.61145273844401,40.217056,-1.3943964640299455
9565,42.83395385742188,42.44963,-0.3843231201171946
47672,41.53340148925781,41.21332,-0.3200798034667969
41721,42.14067586263021,42.174946,0.03426996866861742
40552,40.25846862792969,40.311382,0.052913665771484375
38652,42.45228068033854,42.233196,-0.21908442179361742
29658,40.973409016927086,42.396984,1.4235750834147112
2445,40.51254526774088,40.96199,0.44944508870442945
41258,41.4018071492513,41.375156,-0.02665074666340672
11820,41.40466054280599,40.59377,-0.8108914693196638
3597,36.10271453857422,37.006092,0.9033775329589844
46477,42.67634752061632,41.928333,-0.7480142381456147
6990,41.78520711263021,41.35395,-0.43125661214192945
52142,41.465901692708336,41.80437,0.3384691874186174
24703,41.71931627061632,41.461826,-0.25748994615342724
9936,39.66544087727865,39.014996,-0.6504453023274763
10819,41.41804885864258,41.667995,0.24994659423828125
9759,43.08175659179688,42.4837,-0.5980567932128977
40558,38.3770751953125,38.604656,0.22758102416992188
54281,38.71068318684896,39.17126,0.4605776468912737
38483,37.82685343424479,39.281105,1.454251607259117
29594,40.81732177734375,40.213463,-0.6038589477539062
41581,38.37301063537598,38.772873,0.39986228942871094
52236,41.36876763237847,41.136883,-0.23188485039604956
3072,42.59697469075521,42.361355,-0.23561986287435133
53731,42.88066609700521,43.06954,0.18887201944986742
42146,39.82095336914063,40.312527,0.49157333374022727
36209,44.26124827067057,44.45682,0.19557317097982008
33007,39.35478040907118,39.27886,-0.07592222425672901
8687,39.43130493164063,39.015247,-0.416057586669929
32144,40.88995361328125,40.579285,-0.3106689453125
7708,40.96087646484375,40.745796,-0.21508026123046875
15835,40.64338514539931,40.73612,0.09273317125108349
8706,41.78577338324653,42.340218,0.5544442070855027
41881,40.71819729275174,39.393723,-1.3244747585720518
2652,40.83441162109375,39.845764,-0.9886474609375
33868,43.61780802408854,43.152138,-0.46567026774088305
3405,43.655120849609375,43.88028,0.22515869140625
21734,39.36921183268229,39.979595,0.6103833516438826
130,40.88715744018555,40.821808,-0.06534957885742188
4083,40.965433756510414,40.748455,-0.21697870890299242
30792,42.035003662109375,41.76961,-0.2653923034667969
4057,42.04364352756076,42.39961,0.35596508449978614
2734,42.17124769422743,41.942436,-0.22881147596571338
26697,41.47359890407986,41.421165,-0.052433437771263414
5727,38.074938456217446,37.33491,-0.7400271097818987
3369,41.65104420979818,41.439365,-0.21167882283528883
21082,42.00984361436632,42.519073,0.5092298719618071
39829,43.308837890625,42.489037,-0.8198013305664062
11542,42.50775146484375,42.879566,0.3718147277832031
10666,40.93139839172363,41.925407,0.9940090179443359
46592,40.22315216064453,41.469448,1.2462959289550781
1494,35.63446044921875,36.08574,0.4512786865234375
43,40.2875244140625,41.513523,1.2259986877441378
32048,41.99256388346354,43.03585,1.0432866414388045
5312,41.59151713053385,40.9041,-0.6874186197916643
6612,38.711822509765625,38.345272,-0.3665504455566406
41698,43.51944647894965,42.555504,-0.9639426337348027
34645,39.72203233506944,39.690685,-0.03134706285264599
38698,38.863067626953125,39.40534,0.5422706604003906
25082,39.62755839029948,38.645096,-0.9824625651041643
30195,42.962982177734375,40.88934,-2.0736427307128906
15747,39.78278605143229,40.29321,0.5104230244954451
15366,40.33367156982422,39.99395,-0.3397216796875
28219,40.76795111762153,40.1058,-0.6621504889594192
9293,41.17241753472222,41.914116,0.7416983710394973
40837,38.60700480143229,40.093925,1.4869206746419295
41110,42.12301635742188,42.421883,0.29886627197264914
48477,39.945339626736114,40.73196,0.7866206698947451
29120,36.53530544704861,39.093037,2.557731204562721
13607,41.96692233615451,41.077522,-0.8894000583224795
28178,39.453521728515625,39.684032,0.23051071166992188
28126,44.04087660047743,43.48454,-0.5563375684950103
35317,45.42418098449707,44.729504,-0.6946773529052734
35634,40.49487813313802,41.917778,1.4228998819986955
13641,40.14509836832682,40.29252,0.1474202473958357
37699,43.63641696506076,43.64205,0.005634731716583019
21365,42.547698974609375,41.85569,-0.6920089721679688
6277,40.740840911865234,41.031345,0.29050445556640625
16430,40.37981160481771,40.260265,-0.11954625447591383
3503,39.490264892578125,40.229343,0.7390785217285156
40351,42.50506930881076,40.799473,-1.70559649997287
25928,42.12643432617188,41.80863,-0.31780242919922586
21970,41.64335801866319,42.114723,0.4713651869032134
41960,46.882408989800346,45.55695,-1.3254593743218308
20537,39.172393798828125,39.280937,0.10854339599609375
3337,39.35974311828613,40.156513,0.7967700958251953
53405,39.60903930664063,39.36681,-0.24222946166992898
38196,42.11902109781901,42.120506,0.0014851888020857018
23616,42.181976318359375,41.738873,-0.4431037902832031
26486,40.60767618815104,39.743504,-0.8641726175943987
18069,42.43860880533854,42.49769,0.05907948811849195
14953,38.978424072265625,39.738316,0.7598915100097656
33759,39.26097615559896,39.06911,-0.19186528523763258
25292,42.85474650065104,41.986156,-0.8685900370279924
3714,44.15784962972005,43.648254,-0.5095952351887973
2032,42.04402330186632,41.854946,-0.1890771653917085
4330,44.613677978515625,44.360016,-0.253662109375
39480,50.6456536187066,48.358078,-2.287575615776916
20125,37.97468058268229,38.966454,0.9917729695638045
8983,43.60235595703125,43.039154,-0.563201904296875
11874,40.26445007324219,39.741966,-0.5224838256835938
49529,40.00553131103516,39.63437,-0.37116241455078836
6576,39.18236287434896,38.17238,-1.0099843343098982
959,42.98054673936632,43.07494,0.09439298841688526
30417,39.86899481879341,40.053062,0.18406762017143308
35176,39.69577598571777,40.271015,0.5752391815185547
45522,40.42595418294271,40.357834,-0.0681203206380232
53808,40.88715744018555,41.249714,0.36255645751953125
7437,43.91005198160807,44.329758,0.41970570882161695
43871,40.9529062906901,40.76968,-0.18322626749674242
3715,44.473849826388886,43.904903,-0.5689464145236514
15980,40.09041086832682,40.269142,0.1787312825520857
23591,43.772003173828125,43.88482,0.11281585693359375
13850,42.069847954644096,41.49866,-0.5711869133843308
33586,34.80198499891493,35.48047,0.6784837510850679
51660,43.84169006347656,42.354626,-1.4870643615722656
49386,40.16675143771701,40.190807,0.024055904812286144
33399,42.31954956054688,42.262074,-0.05747604370117898
8982,41.80513509114584,41.836567,0.03143183390298532
20782,41.589162826538086,41.580914,-0.008249282836914062
19924,45.423540115356445,44.365532,-1.0580081939697266
36767,40.838968912760414,40.90875,0.06977971394857008
48451,40.89784071180556,40.24169,-0.6561491224500884
28197,38.041046142578125,38.04953,0.00848388671875
17365,38.84398396809896,39.67334,0.8293558756510393
31650,42.07345581054688,40.958534,-1.1149215698242259
29412,38.89829169379341,40.00655,1.1082581414116675
17715,35.83990817599826,36.014572,0.17466396755642677
52938,34.86616685655382,36.16277,1.2966024610731353
6430,42.87003241644965,42.026653,-0.8433791266547246
2778,42.80148315429688,43.288254,0.4867706298828054
4741,43.01890394422743,42.883305,-0.1355993482801665
23279,40.832132975260414,40.996815,0.16468175252278883
5749,41.832482231987846,42.639256,0.8067732916937942
46379,39.837853325737846,39.040756,-0.7970971001519089
16598,43.70591566297743,41.765163,-1.9407522413465728
52545,35.39519246419271,36.88687,1.4916788736979143
31502,43.62094879150391,42.71907,-0.9018783569336009
41976,41.41035970052084,41.306416,-0.10394414265951468
8152,34.262847900390625,34.436882,0.17403411865234375
3615,36.338854471842446,36.479977,0.14112218221028883
20899,44.12595621744792,43.42015,-0.7058054606119839
40615,36.52129554748535,37.25371,0.7324161529541016
7901,41.85584513346354,42.557243,0.7013982137044295
11062,43.64705064561632,42.405106,-1.2419450547960054
40642,40.63916206359863,40.615307,-0.023855209350585938
19995,42.212738037109375,41.912563,-0.3001747131347656
19495,41.31712171766493,41.123444,-0.19367811414930713
41296,40.53172471788194,40.21043,-0.321294572618271
40129,43.01396687825521,42.79603,-0.21793874104817945
52098,37.341586642795136,38.061543,0.7199558681911924
39120,40.89564768473307,39.870827,-1.0248209635416643
15873,38.058990478515625,37.388,-0.670989990234375
43627,32.8897942437066,32.955105,0.06531058417425584
14154,41.591332329644096,40.996727,-0.5946053398980027
13104,40.88715744018555,40.052902,-0.8342552185058594
39386,37.586161295572914,38.150436,0.5642751057942732
52897,41.344462076822914,40.294994,-1.0494677225748674
7572,43.58932495117188,42.607975,-0.9813499450683665
4495,39.460357666015625,39.26501,-0.19534683227539062
48122,41.71931627061632,42.046814,0.32749769422743213
19145,38.11405436197917,37.902332,-0.21172205607096828
8621,39.607617696126304,39.288677,-0.3189404805501326
49924,41.18305799696181,41.251846,0.06878831651475537
9776,40.134847005208336,39.869724,-0.2651227315266951
23503,40.53256034851074,41.81511,1.2825489044189453
52146,39.97191365559896,39.836967,-0.13494618733724195
41012,40.65933227539063,44.07331,3.413978576660149
50943,40.31059265136719,40.10804,-0.20255279541015625
1040,39.982930501302086,40.96603,0.9830996195475237
28527,39.854953342013886,39.645634,-0.2093196445041201
33318,38.60985310872396,38.972607,0.3627535502115862
21584,44.40310414632162,43.22926,-1.17384465535482
41617,42.14565086364746,42.56874,0.42308998107910156
40421,43.04871622721354,43.601486,0.5527699788411482
53955,42.44278293185764,41.79204,-0.6507411532931897
689,42.00709025065104,41.8636,-0.1434885660807268
28970,40.30831654866537,39.499924,-0.8083928426106795
35741,39.08295694986979,40.066143,0.9831860860188826
40203,40.61945258246528,41.050728,0.4312752617730027
24499,43.33677503797743,43.494007,0.157232072618271
24505,40.45729234483507,40.66749,0.21019575330946338
41916,38.767364501953125,40.162235,1.3948707580566406
40822,40.65857272677951,40.495197,-0.1633754306369326
3008,36.82887437608507,36.213352,-0.6155221727159272
8725,39.31908162434896,38.58034,-0.7387402852376326
22404,44.260963439941406,44.396,0.13503646850585938
40484,41.39468892415365,41.60088,0.20619074503580492
11861,44.880208333333336,44.30487,-0.5753377278645857
14816,42.90202840169271,42.83603,-0.0659993489583357
24591,44.097757975260414,43.476433,-0.6213251749674455
49866,39.35240681966146,41.44166,2.089255015055336
7956,39.682525634765625,40.976337,1.2938117980957031
18102,42.76417032877604,42.700203,-0.06396738688150805
15071,38.86790974934896,39.79816,0.9302508036295549
16981,41.62783622741699,41.42022,-0.20761680603027344
52586,45.42596435546875,45.70454,0.2785758972167969
2492,43.79668172200521,43.3693,-0.42738087972005445
15262,40.556692123413086,40.736607,0.1799144744873047
41554,41.44133377075195,41.66228,0.220947265625
52612,37.89605712890625,36.375946,-1.520111083984375
33828,44.19279988606771,44.366528,0.17372767130533617
54334,43.398773193359375,42.932987,-0.4657859802246094
44531,33.492889404296875,32.834564,-0.6583251953125
37107,45.96800740559896,45.40106,-0.5669492085774763
37106,45.56040954589844,45.25377,-0.306640625
16973,42.82740275065104,42.047207,-0.7801958719889299
24594,44.36664326985677,43.858208,-0.5084355672200545
36715,43.39374118381076,42.03036,-1.3633800082736514
7052,42.27027384440104,41.521595,-0.7486788431803362
25773,40.63085259331597,40.600735,-0.030117882622612058
24694,41.63614569769965,41.44349,-0.1926566229926152
13439,36.451367696126304,36.323433,-0.1279347737630232
47015,38.51842244466146,38.896843,0.37842051188150805
13936,39.68784247504341,39.908543,0.22070015801322995
17462,40.165608723958336,39.05351,-1.1120999654134138
21432,39.35022311740451,39.107758,-0.24246554904513573
41553,40.67319488525391,41.647594,0.9743995666503835
53098,38.340783013237846,38.14856,-0.19222344292534643
34695,42.54798380533854,42.548225,0.0002415974934919518
26367,42.50782267252604,42.363216,-0.14460627237955492
26400,41.09446461995443,41.811035,0.7165705362955705
32875,43.87188042534722,43.07636,-0.7955216301812058
32319,42.31328328450521,41.874233,-0.4390500386556013
23107,39.91191270616319,40.114788,0.202875349256729
18676,42.42797512478299,41.8035,-0.6244739956325986
16096,41.705596923828125,41.948654,0.2430572509765625
6328,37.58324813842773,38.235996,0.6527481079101634
2077,33.5077141655816,33.635338,0.1276236640082402
49661,41.90711466471354,40.79627,-1.1108462015787737
28082,38.37401326497396,38.481903,0.1078898111979143
32134,39.20476955837674,39.789017,0.5842471652560732
8774,42.23267618815104,41.326687,-0.9059893290201799
7644,40.88715744018555,40.499874,-0.3872833251953125
12235,41.636138916015625,41.322872,-0.3132667541503906
33730,44.12784491644965,44.387936,0.2600907219780879
35039,43.31560262044271,41.060776,-2.254826863606773
49511,39.82152303059896,40.31745,0.49592844645182055
53910,36.316925048828125,36.80217,0.4852447509765625
31671,42.18083190917969,42.3116,0.130767822265625
40527,39.21056620279948,40.32204,1.1114743550618513
41689,42.34556410047743,42.426113,0.08054902818467724
48465,40.00116305881076,39.92774,-0.0734248691134951
47483,44.35325368245443,44.255383,-0.09787114461263258
41177,39.92264302571615,39.239956,-0.6826871236165388
33610,37.637057834201386,38.42059,0.7835316128200986
47648,39.856842041015625,39.603966,-0.25287628173828125
1816,39.01564195421007,38.835197,-0.18044450547959912
23416,38.55801010131836,38.757454,0.19944381713867188
403,45.62877400716146,45.64071,0.011934916178383048
47662,40.845052083333336,39.543938,-1.301114400227867
41691,41.78748321533203,41.749508,-0.037975311279296875
42546,41.58495076497396,42.390385,0.8054339090983049
16201,35.9053955078125,35.87225,-0.033145904541015625
6937,39.311486138237846,38.594925,-0.7165612114800339
22587,40.58916982014974,41.665627,1.0764567057291643
50111,43.43931410047743,44.02528,0.5859658983018647
28654,40.82681613498264,40.598656,-0.2281604342990491
7994,38.36546834309896,38.366978,0.0015093485514299232
38542,43.24145168728299,43.109344,-0.13210720486111427
40522,42.70407104492188,43.386875,0.6828041076660085
9404,38.90977986653646,40.104134,1.1943537394205705
11714,39.39399210611979,39.485344,0.09135182698567945
50006,38.638146294487846,39.950275,1.3121291266547317
34030,42.05882771809896,43.903645,1.8448168436686174
52973,41.33602142333984,40.763145,-0.5728759765624929
36424,44.75070190429688,43.726353,-1.0243492126464915
45368,39.02133856879341,38.84556,-0.17578040228950442
14237,39.80358123779297,39.635677,-0.16790390014648438
36620,38.65058390299479,39.97884,1.3282559712727888
29593,40.64109632703993,40.78584,0.14474275377061474
2219,44.18946838378906,44.06141,-0.12805938720703125
45779,39.07526652018229,38.414886,-0.6603800455729143
3225,42.85674031575521,44.087795,1.2310549418131487
46953,39.09833780924479,38.66579,-0.4325472513834612
26876,35.63958485921224,39.17464,3.535055796305336
30980,40.21952989366319,41.351055,1.131525251600479
13860,39.25983683268229,39.619156,0.3593190511067732
4999,40.314480251736114,40.78879,0.47431140475802636
26652,42.28707885742188,42.252377,-0.03470230102539773
6357,38.19029744466146,38.46694,0.27664438883463305
48017,41.06939697265625,41.684715,0.6153182983398438
7233,37.88581339518229,37.34357,-0.5422426859537737
35243,42.69011433919271,42.159714,-0.5304005940755232
38531,40.71136474609375,40.94419,0.23282623291015625
14537,40.556416829427086,40.760353,0.20393625895182055
17767,42.15491739908854,40.80447,-1.35044733683268
8255,40.88715744018555,40.62157,-0.26558685302734375
37031,44.03822072347005,44.89321,0.8549906412760464
4006,43.81756930881076,43.886703,0.06913418240017677
25583,41.88526746961806,41.459846,-0.4254209730360259
33643,38.17064412434896,39.040848,0.8702036539713518
3010,36.95496283637153,36.45782,-0.4971419440375442
46628,40.78969065348307,39.92267,-0.8670221964518205
44372,44.49026743570963,44.282482,-0.20778528849283617
19875,40.28723653157552,40.757534,0.4702974955240862
36083,42.11873881022135,41.181747,-0.9369913736979143
45552,35.62933095296224,36.840904,1.2115732828776018
53332,41.384084701538086,41.010384,-0.3737010955810547
47059,41.16062545776367,41.170002,0.00937652587890625
14370,42.78724161783854,41.454094,-1.3331476847330705
26782,39.75696478949653,39.778404,0.021439446343315183
25113,41.07566833496094,41.771393,0.6957244873046875
45595,43.07662963867188,42.611004,-0.46562576293946023
37301,40.987080891927086,39.946224,-1.0408566792806013
7354,42.31822035047743,41.583115,-0.7351057264539946
49358,40.8580576578776,39.1988,-1.6592585245768205
35077,43.381256103515625,43.030094,-0.3511619567871094
48713,40.85520680745443,39.316982,-1.53822453816732
17444,39.581515842013886,38.48599,-1.0955272250705264
32534,42.149505615234375,41.799675,-0.34983062744140625
20469,42.09415351019965,42.089684,-0.004469977484802712
24857,42.351165771484375,42.441414,0.09024810791015625
46332,39.52843729654948,38.664124,-0.8643137613932268
18309,38.46943155924479,38.51275,0.04331715901692945
21955,42.19745212131076,42.445076,0.24762386745877052
45834,39.37073092990451,38.904037,-0.46669345431857323
38033,42.61377970377604,42.12085,-0.4929300944010393
53931,39.20781114366319,40.388237,1.1804258558485259
34242,39.37775675455729,38.93656,-0.44119517008463305
42563,45.56610616048177,45.401955,-0.16415150960286695
20066,40.84048800998264,40.57779,-0.26269870334201784
513,39.44896443684896,39.46571,0.016745249430336173
32799,42.405853271484375,41.593117,-0.8127365112304688
31199,40.59002176920573,39.104275,-1.4857470194498674
53656,42.75837877061632,42.31654,-0.441839006212021
37272,40.27356211344401,39.539845,-0.7337176005045549
53237,40.06677500406901,40.904186,0.8374112447102888
14033,41.34883117675781,41.25505,-0.093780517578125
5961,40.96391465928819,40.86747,-0.09644487169053662
51801,37.15548960367838,37.89186,0.7363713582356795
33124,41.552208794487846,41.11999,-0.43221749199761206
24012,40.40639919704861,40.864983,0.4585834079318616
29228,42.548363579644096,42.011322,-0.5370415581597214
16599,42.51067097981771,40.823532,-1.6871388753255232
24274,41.95361328125,40.516945,-1.4366683959960938
50629,40.927764892578125,40.288113,-0.6396522521972656
8413,37.835673014322914,37.43743,-0.39824167887369555
32571,41.66842651367188,41.90384,0.2354125976562429
36399,41.31408182779948,41.653442,0.3393605550130232
4207,37.840240478515625,37.699287,-0.14095306396484375
36918,38.969024658203125,38.769875,-0.19915008544921875
50301,38.12810940212674,38.634594,0.5064845614963076
23383,44.74441337585449,44.474957,-0.2694568634033203
15629,37.19194878472222,37.498158,0.3062087164984817
1903,45.42406209309896,45.311604,-0.11245854695638258
47637,40.51121690538194,39.83022,-0.6809976365831147
52814,40.31449381510416,41.67588,1.361386617024749
26734,39.29515584309896,40.202675,0.9075190226236955
9131,43.83503892686632,44.084198,0.24915907118055713
17188,40.35631561279297,39.813034,-0.5432815551757812
9925,37.59904861450195,38.409126,0.8100776672363281
43737,40.29578399658203,39.360867,-0.9349174499511719
865,33.59613037109375,34.019604,0.4234733581542969
28274,41.16520182291666,41.215504,0.05030186971029593
10250,39.00614759657118,39.35729,0.351140764024521
13609,40.034206814236114,41.827965,1.7937579684787295
51959,40.88715744018555,40.777283,-0.10987472534179688
9834,40.93438720703125,40.104645,-0.829742431640625
15500,41.95895385742188,41.939823,-0.01913070678711648
8701,42.38657972547743,41.895035,-0.49154493543836963
39282,38.06088935004341,38.9078,0.8469094170464331
10902,42.19166056315104,42.208458,0.016797383626304452
45291,43.19654337565104,42.957737,-0.23880640665689867
18305,41.72956000434028,40.06498,-1.6645804511176223
10229,37.86454603407118,37.793877,-0.07066938612196338
49239,40.84770372178819,40.019405,-0.8282983567979585
23231,40.91302744547526,40.490017,-0.4230105082193987
16211,36.443389892578125,36.563026,0.11963653564453125
24187,42.17321395874024,43.271805,1.098590850830071
3081,41.802699497767854,41.631187,-0.17151205880301035
19979,40.98366970486112,40.62907,-0.3545994228786995
50971,39.47972615559896,39.73648,0.2567545572916643
42992,38.017974853515625,38.525455,0.5074806213378906
50532,35.49859364827474,36.795006,1.2964121500651018
30734,35.80336252848307,35.541794,-0.26156870524088305
50715,40.48519643147787,40.489845,0.004648844401039298
44490,40.41712443033854,40.540936,0.12381108601888258
39104,37.58274671766493,38.54584,0.9630944993760835
20443,38.63055080837674,38.616653,-0.013897365993926769
43841,37.93964131673177,37.904766,-0.03487523396810133
38474,37.087415059407554,37.763977,0.6765619913736955
43612,39.051720513237846,38.790318,-0.2614029778374558
50791,36.94318305121528,37.833508,0.8903244866265183
31073,38.935509575737846,39.88119,0.9456816779242629
111,42.493011474609375,42.03094,-0.4620704650878906
47080,42.14373779296875,42.63779,0.4940528869628906
48082,43.14612833658854,42.76844,-0.37768809000650805
24267,37.803199768066406,37.876038,0.07283782958984375
25131,41.46988932291666,41.906662,0.4367726643880303
23491,41.4244556427002,41.669693,0.24523735046386008
35763,38.89183553059896,39.10496,0.21312586466471117
13200,35.85395982530382,35.873684,0.01972410413954151
4630,44.66031901041666,44.70344,0.04312260945638968
35536,43.74237738715278,43.813854,0.07147683037651831
46391,40.19712999131944,40.328407,0.13127729627821338
27322,40.38398912217882,41.022377,0.6383878919813384
24864,37.56337144639757,37.616203,0.052831861707900885
5825,42.58501180013021,42.429985,-0.15502675374349195
16438,40.56818305121528,40.85019,0.28200615776909643
51914,45.20264689127604,44.538815,-0.6638323465983049
53384,37.3827870686849,37.758114,0.3753267923990862
11889,40.54986063639323,40.10542,-0.4444414774576799
32031,45.75446912977431,45.502186,-0.252283308241104
2169,42.99118041992188,43.32328,0.33209991455077414
39273,39.59137980143229,39.312218,-0.27916208902994555
23984,43.58106486002604,43.561596,-0.019468943277992423
31776,40.06962076822917,40.291103,0.22148259480793797
20972,40.186116536458336,40.713623,0.5275065104166643
47556,41.06342230902778,41.08393,0.020508660210502683
34590,42.93649291992188,43.15559,0.21909713745116477
2331,40.63654920789931,40.60057,-0.035978529188369635
50150,40.67005920410156,40.61687,-0.053188323974609375
28223,37.964806450737846,40.12523,2.160422431098091
33354,40.168739318847656,40.029274,-0.13946533203125
32206,39.99888441297743,39.985905,-0.01297971937391651
42496,40.49794769287109,40.01561,-0.48233795166014914
36554,42.37708536783854,41.696342,-0.6807428995768205
19790,40.11376190185547,40.614563,0.5008010864257812
42120,37.67010158962674,38.117405,0.44730334811740136
6303,39.05191040039063,39.17765,0.12574005126952414
8324,40.75086127387153,40.419777,-0.3310843573676223
18408,43.01168823242188,43.736877,0.7251892089843679
9861,41.579833984375,42.51016,0.9303245544433594
39429,42.19745212131076,41.180576,-1.01687579684787
17904,41.18021138509115,40.362877,-0.8173344930013045
4418,42.60551961263021,42.34943,-0.2560895284016951
43113,38.77410549587674,39.19236,0.418254428439667
35164,40.86752510070801,40.891987,0.024461746215820312
15016,35.671668158637154,35.723507,0.05183876885308081
4468,36.409576416015625,37.6922,1.282623291015625
30722,42.39816284179688,41.36366,-1.0345039367675852
28088,41.44093153211806,41.49092,0.049989488389755365
25230,40.98337809244792,41.23852,0.25514348347981297
44488,41.06759643554688,41.445713,0.3781166076660085
10202,39.45807902018229,39.530262,0.07218297322591383
31414,43.91790199279785,45.220154,1.3022518157958984
8896,38.96282958984375,38.94678,-0.016048431396484375
23830,41.88945176866319,41.571476,-0.31797578599717724
13879,41.97642008463541,41.125652,-0.8507677714029853
49967,39.57846747504341,39.941467,0.3629998101128393
4684,38.26634724934896,38.51051,0.24416224161783617
4279,42.147369384765625,42.199234,0.0518646240234375
25133,42.42208862304688,41.46254,-0.9595489501953196
316,42.27302720811632,42.059914,-0.21311357286241162
39772,38.58685302734375,39.81123,1.2243766784667969
39228,41.43513488769531,41.5336,0.0984649658203125
36639,39.31756252712674,39.05764,-0.2599224514431455
9299,40.84618462456597,40.8789,0.03271399603949732
40970,43.586669921875,43.233196,-0.3534736633300781
41940,50.37495930989584,50.343567,-0.03139241536459281
51361,41.71712493896485,40.721127,-0.9959983825683665
35235,43.12391153971354,43.53369,0.4097798665364607
51354,40.786844889322914,40.822964,0.03611882527669508
16422,39.245880126953125,39.383755,0.13787460327148438
16290,43.37114461263021,42.782494,-0.588651021321617
1643,42.73796590169271,41.9922,-0.7457669576009138
44673,45.040852864583336,45.113792,0.07293955485025805
21481,43.638458251953125,43.549637,-0.0888214111328125
11579,40.919576009114586,39.121483,-1.798093159993492
22044,38.625518798828125,38.896976,0.2714576721191406
15360,43.05982462565104,43.020416,-0.0394083658854143
45326,42.74774509006076,43.494217,0.7464718288845518
30500,43.27031453450521,43.278957,0.008642832438148673
30362,42.694671630859375,43.063232,0.368560791015625
17289,43.36060587565104,42.629368,-0.7312380472818987
33158,42.19678751627604,41.38055,-0.8162371317545549
37463,40.05993906656901,41.552124,1.492184956868492
30678,40.26529947916666,40.629654,0.3643544514974053
451,39.46073744032118,40.83867,1.3779313829210054
36507,42.96497599283854,42.358463,-0.6065127054850237
26832,42.48152330186632,42.48826,0.0067350599500883845
9300,41.81026458740234,41.85206,0.041793823242194605
17254,41.27685885959201,41.51428,0.23741955227322364
38955,43.91773478190104,42.756992,-1.1607424418131487
37854,38.71837361653646,39.72638,1.0080057779947893
44210,38.38483683268229,38.41745,0.0326131184895857
37250,40.140160454644096,40.6168,0.4766379462348098
29040,45.63902282714844,45.51153,-0.12749099731445312
7461,42.528900146484375,42.412758,-0.11614227294921875
64,42.34062703450521,42.849354,0.5087267557779924
41009,45.36708577473959,47.41847,2.051382700602204
10128,40.55441284179688,39.607006,-0.9474067687988352
27753,38.923736572265625,40.19657,1.2728347778320312
37445,43.83503892686632,42.663506,-1.1715333726670991
13101,38.66169230143229,39.080444,0.4187520345052107
1333,41.06494479709201,42.27187,1.2069248623318174
46304,42.25213962131076,41.475433,-0.7767062717013857
23188,41.15759955512153,41.473625,0.3160256279839402
36994,38.83102416992188,39.10279,0.27176666259764914
47436,45.59116617838541,46.062817,0.4716504414876397
32820,41.3308842976888,40.547,-0.7838834126790317
12817,39.27502780490451,40.953537,1.6785091824001768
24850,41.04367065429688,40.41173,-0.631938934326179
32590,43.726898193359375,42.92577,-0.8011283874511719
23694,40.561543782552086,42.413883,1.85233942667643
467,43.938812255859375,44.498966,0.5601539611816406
20081,44.42104763454861,42.947437,-1.473610348171654
52438,42.38278198242188,42.248116,-0.13466644287110086
40823,40.99392361111112,40.961243,-0.032680935329871375
41457,38.75938924153646,38.29803,-0.4613583882649763
38251,43.61743842230903,42.98587,-0.6315680609809036
6973,39.81305122375488,39.910744,0.09769248962402344
23286,43.902923583984375,44.885727,0.9828033447265625
19731,40.16874440511068,40.85309,0.6843439737955705
18433,44.4537116156684,43.814316,-0.639395819769959
44605,38.71410115559896,39.725655,1.0115534464518205
23557,39.81126912434896,39.865837,0.05456797281900805
25849,41.67298380533854,41.63137,-0.04161326090494555
38724,37.52549489339193,38.671585,1.146090189615883
6745,40.88715744018555,41.154533,0.2673759460449219
9824,39.57884724934896,39.478733,-0.10011418660482008
14316,40.88715744018555,41.018986,0.13182830810546875
30841,42.13289048936632,42.179256,0.04636594984266651
16490,36.61809624565972,37.80384,1.1857443915473098
13743,37.28395080566406,38.717705,1.4337539672851562
2299,42.63685099283854,42.017166,-0.6196848551432268
18253,39.79835679796007,40.74622,0.9478628370496978
47889,39.334747314453125,39.479343,0.14459609985351562
10718,41.04462178548177,40.799065,-0.24555714925130445
11212,41.47967529296875,40.75702,-0.72265625
15177,40.78599039713541,41.504745,0.7187550862630303
28357,40.242709689670136,41.2709,1.0281910366482236
39586,39.258697509765625,40.539345,1.2806472778320312
45341,43.68502807617188,43.91725,0.2322235107421804
31233,40.84276665581597,40.141136,-0.7016304863823777
41861,40.19219970703125,41.340496,1.1482963562011719
26974,41.867095947265625,41.35086,-0.5162353515625
609,35.6877187093099,36.75565,1.0679308573404924
12293,37.26543680826823,36.926033,-0.33940378824869555
39374,34.67114512125651,33.87017,-0.8009745279947893
6577,39.51770358615451,40.857952,1.3402485317654111
44123,43.88099416097005,43.896137,0.015143076578780779
41885,33.076266818576386,35.659245,2.58297771877713
23715,39.60220336914063,39.728508,0.12630462646483664
39021,38.400787353515625,38.736977,0.33618927001953125
33373,43.994361877441406,42.922077,-1.0722846984863281
9338,37.30512491861979,38.05514,0.7500165303548201
26313,41.49410502115885,40.162052,-1.3320528666178362
11000,40.507425944010414,41.03164,0.5242131551106795
48862,41.13071632385254,40.579056,-0.5516605377197266
31945,38.59257337782118,38.291718,-0.30085584852430713
31107,42.97522989908854,42.875465,-0.09976450602213305
15335,38.32331339518229,39.135242,0.8119290669759138
10010,36.641635470920136,39.53862,2.8969845241970518
20397,39.76532321506076,38.899162,-0.866160922580292
5966,39.9967041015625,40.694035,0.6973304748535156
31207,37.77795749240451,38.389782,0.6118244594997861
49819,38.38604736328125,38.85826,0.4722137451171875
33860,38.23870595296224,38.571728,0.3330217997233049
32165,43.68616739908854,43.745407,0.0592397054036482
38730,39.823524475097656,39.975227,0.151702880859375
13169,41.36051686604818,40.40138,-0.9591382344563826
4361,39.90526326497396,39.74445,-0.16081364949544508
2521,44.58590698242188,44.678932,0.09302520751952414
34272,41.2659428914388,41.176052,-0.08989079793293797
7432,45.08415052625868,43.966225,-1.1179258558485259
32050,43.26841566297743,42.788963,-0.4794523451063384
2650,40.843170166015625,40.394665,-0.4485054016113281
22879,41.52449205186632,41.55933,0.03483793470594776
48881,41.57527923583984,40.023777,-1.551502227783196
21460,43.11551284790039,42.295383,-0.82012939453125
9502,38.53180948893229,38.540936,0.009126027425132577
23158,40.99809434678819,41.392536,0.39444181654188526
53025,42.02085706922743,42.63852,0.6176622178819429
47802,41.6951904296875,41.74378,0.048587799072265625
34512,40.85320790608724,41.01202,0.15881220499674242
53727,43.82288614908854,43.470352,-0.3525339762369768
39496,47.46498277452257,47.40846,-0.05652406480577099
22187,43.12077840169271,43.244263,0.1234842936197893
20737,40.77289009094238,41.811813,1.0389232635498047
37254,37.259167989095054,36.387836,-0.8713315327962263
29302,40.959747314453125,41.28368,0.3239326477050781
52145,39.97732798258463,40.81104,0.8337109883626326
4631,44.61018202039931,44.553577,-0.05660459730360401
23100,40.76452975802951,40.726658,-0.037871890597870106
11703,41.2591069539388,41.32199,0.06288401285807765
24103,40.14813232421875,41.44102,1.2928886413574219
11274,41.45347086588541,41.409718,-0.04375330607095407
31840,39.87431504991319,40.500217,0.6259023878309478
35200,43.185577392578125,41.970116,-1.2154617309570312
26212,42.875823974609375,41.766148,-1.1096763610839844
44220,36.96607462565104,36.77155,-0.19452540079752367
43784,40.004964192708336,41.007504,1.0025393168131487
39810,45.18925984700521,44.923748,-0.2655118306477888
30802,43.57565307617188,43.116096,-0.45955657958985086
43162,46.30781046549479,45.89457,-0.41324106852213305
11052,41.29927062988281,41.703762,0.4044914245605469
46194,43.28170776367188,41.9172,-1.3645095825195384
31220,41.87037150065104,40.927948,-0.9424235026041643
1374,43.78870646158854,43.61801,-0.1706949869791643
50408,43.82516479492188,43.756165,-0.0690002441406321
33600,40.66294097900391,40.977314,0.31437301635741477
8640,42.85370212131076,42.648914,-0.2047877841525576
9409,45.546725802951386,43.139927,-2.406798892550995
39938,41.87235514322917,40.55636,-1.3159968058268277
45527,38.93361070421007,40.239212,1.3056013319227446
46585,42.55368041992188,41.949417,-0.6042633056640696
15412,44.89577907986112,44.371174,-0.5246052212185432
37352,41.73374769422743,41.722942,-0.01080534193251026
9263,42.36645168728299,42.03796,-0.3284916347927549
10317,40.257897271050346,40.24856,-0.009335411919487058
39213,42.67558797200521,43.32813,0.6525408426920549
44942,39.51590474446615,39.875004,0.3590990702311174
41592,39.57058970133463,39.67659,0.10600026448567945
13897,37.63818359375,38.223057,0.5848731994628906
32987,35.800801595052086,35.501663,-0.2991383870442732
34816,38.32407294379341,39.291378,0.9673050774468237
49525,41.38586764865451,40.94625,-0.439616733127167
14910,39.941918267144096,39.396606,-0.5453118218315964
43035,38.96665106879341,38.316948,-0.6497031317816919
32451,39.82067362467448,40.615078,0.7944043477376326
14831,43.82687377929688,43.25307,-0.573802947998054
13187,36.43314615885416,36.612404,0.17925771077474906
43083,41.94565497504341,40.25719,-1.6884642706977075
8079,39.851155598958336,41.071114,1.2199579874674455
51193,38.19874742296007,38.255436,0.05668852064344776
5461,42.84952460394965,42.74159,-0.10793601142034959
28844,43.37968953450521,42.512184,-0.8675053914388045
24252,42.37623087565104,42.060215,-0.3160158793131487
41462,37.67018127441406,38.092136,0.4219551086425781
1885,43.20689222547743,42.80058,-0.40631315443251026
49380,39.39161851671007,39.44135,0.04973051283094776
12031,42.23467000325521,42.32585,0.0911814371744768
43994,39.01089477539063,38.884663,-0.12623214721680398
32924,39.98360697428385,40.92355,0.9399426778157576
12110,42.51124064127604,42.56606,0.05481847127278883
31037,34.865027533637154,34.864605,-0.00042258368598169227
24975,41.35358344184028,42.1344,0.7808159722222214
32878,45.993737114800346,45.25113,-0.7426079644097214
34670,41.49979654947917,41.931133,0.43133672078450047
31221,42.028832329644096,41.84775,-0.1810807122124558
50068,41.27192518446181,40.281082,-0.9908430311414946
17317,42.63077460394965,42.83474,0.2039650811089473
46537,44.92274305555556,44.404015,-0.5187284681532134
28373,41.16557820638021,41.520046,0.3544680277506487
21603,39.86937459309896,39.511753,-0.3576215108235701
2126,41.95040639241537,42.86632,0.9159151713053362
51449,37.74083455403646,37.70764,-0.0331929524739607
46972,37.00494384765625,36.922195,-0.0827484130859375
49608,36.84273274739584,36.30743,-0.5353024800618584
42426,39.37946573893229,38.927475,-0.4519907633463518
23423,41.37162526448568,41.216194,-0.1554311116536482
37899,39.12055460611979,39.160206,0.03965123494466383
24793,43.35766262478299,43.90064,0.5429759555392764
16666,41.54537963867188,41.673386,0.1280059814453054
16292,43.20423380533854,42.752773,-0.4514605204264299
32298,44.72222222222222,44.704224,-0.017998589409721433
5550,43.33269246419271,41.950718,-1.38197453816732
35244,43.27601114908854,42.934593,-0.34141794840494555
12399,43.27516174316406,44.09327,0.8181076049804688
4034,40.66493733723959,41.730007,1.0650698343912666
37156,39.855712890625,41.031765,1.1760520935058594
32402,38.64802042643229,38.77506,0.12703831990560133
14817,42.02085706922743,42.003773,-0.01708433363172901
4533,39.920936584472656,40.285564,0.3646278381347656
48121,41.5054931640625,41.93935,0.4338569641113281
39917,43.34247165256076,41.516567,-1.8259044223361514
28602,42.30796644422743,42.87958,0.5716150071885835
42802,40.01750013563368,39.91049,-0.10701200697157276
12063,39.03823852539063,39.42881,0.39057159423827414
6094,41.73507690429688,41.79824,0.06316375732421164
32410,38.08932495117188,38.577248,0.48792266845702414
51163,37.85808987087674,37.319347,-0.5387424892849424
39907,42.18036227756076,41.925858,-0.25450473361544823
26429,39.53403388129341,40.122734,0.5887001885308081
43280,38.38996378580729,37.7662,-0.6237627665201799
53748,36.76982625325521,35.998047,-0.7717793782552107
13512,37.15776570638021,36.9816,-0.17616399129232008
35290,44.61452865600586,44.179585,-0.43494415283203125
26618,41.67468770345052,42.625717,0.9510294596354143
42946,39.88190714518229,39.947384,0.06547673543294508
39211,43.67477416992188,43.19036,-0.48441314697266336
22196,39.33617146809896,40.896473,1.5603014628092424
13381,41.30995750427246,41.186485,-0.12347221374511719
21780,45.26161193847656,45.034454,-0.2271575927734375
28808,39.02656046549479,40.470413,1.4438527425130232
31901,41.91755845811632,41.39562,-0.5219400193956147
4553,42.29581366644965,41.490013,-0.8058005438910527
26648,42.11276245117188,41.753727,-0.3590354919433665
38076,37.941925048828125,38.21513,0.2732048034667969
525,40.074462890625,40.516014,0.44155120849609375
45974,41.34398396809896,40.03964,-1.3043454488118513
967,44.94742838541666,44.335075,-0.6123530069986884
44731,43.18144734700521,43.16708,-0.014367421468101327
44091,39.53156534830729,39.5104,-0.021166483561195548
32696,37.678070068359375,38.672455,0.994384765625
17638,37.708835177951386,37.696342,-0.012492709689666981
819,41.06029510498047,40.817493,-0.24280166625976562
14118,36.42744276258681,36.237717,-0.18972608778211963
8126,36.81453704833984,37.04242,0.22788238525391336
46116,38.17975870768229,38.243954,0.06419499715169508
46773,39.71443006727431,41.072147,1.3577173021104585
28434,46.32452053493924,46.019043,-0.30547756618923927
29346,45.22618950737847,45.478672,0.2524825202094192
52078,38.556115044487846,37.99878,-0.5573357476128464
46523,39.15929158528646,38.81654,-0.3427518208821638
41714,41.77856106228299,42.048836,0.270274692111542
43611,38.30052693684896,38.517097,0.21657053629557055
38392,39.501373291015625,39.854317,0.35294342041015625
38561,39.365509033203125,39.877373,0.5118637084960938
25378,44.35914442274306,44.04215,-0.3169958326551665
4019,44.30255126953125,44.540413,0.23786163330078125
18630,38.554595947265625,38.329987,-0.224609375
38613,43.19018215603299,43.127884,-0.06229824490017677
24141,36.49732462565104,36.536915,0.03959019978841383
32004,41.486122131347656,41.12897,-0.3571510314941406
14131,41.54347059461806,41.37393,-0.16953870985243213
43909,37.95037502712674,37.688797,-0.26157803005642677
23404,41.87499237060547,41.470154,-0.40483856201171875
13619,43.38538614908854,43.275272,-0.11011377970377367
2749,42.72040134006076,42.72697,0.006569332546661144
8753,35.73500315348307,35.874084,0.13908131917317945
29680,38.626800537109375,39.56418,0.9373779296875
50764,38.291412353515625,37.31869,-0.9727210998535156
37837,37.606523513793945,37.62371,0.017187118530273438
4525,34.26690673828125,34.309544,0.042636871337890625
11392,40.54007975260416,42.13819,1.598111470540374
1901,43.36146036783854,42.541565,-0.8198954264322893
34650,40.5663808186849,40.05339,-0.5129903157552107
25832,40.74753824869792,40.272987,-0.47455088297526515
37587,39.900899251302086,39.245125,-0.6557744344075545
28940,42.689544677734375,42.347828,-0.3417167663574219
23589,44.67797597249349,44.934353,0.2563769022623674
52717,38.13950263129341,38.527912,0.38840950859916745
14562,40.04313151041666,40.619347,0.5762151082356866
35984,41.7809321085612,40.948673,-0.832258860270187
52587,45.16219584147135,45.762287,0.6000912984212263
12738,39.36152140299479,39.003456,-0.35806528727213305
18699,40.86669243706597,41.97347,1.1067763434516067
17659,40.253336588541664,40.18457,-0.0687662760416643
53945,40.41626993815104,41.512093,1.095822652180992
22090,43.70933363172743,43.891045,0.18171098497178662
39204,43.21961466471354,43.141594,-0.07802073160807055
42599,41.50359429253472,40.55055,-0.9530457390679246
38098,43.38614569769965,43.726162,0.3400162590874629
47893,40.68316459655762,40.982216,0.29905128479003906
21450,40.04454803466797,40.18167,0.13712310791015625
18940,42.07708740234375,41.63965,-0.43743896484375
13971,42.41772121853299,42.22423,-0.19348949856228614
29345,45.39861551920573,45.49087,0.09225591023763258
1438,40.58945041232639,39.817566,-0.7718844943576428
9018,38.16181437174479,38.01263,-0.14918390909830492
44295,39.60419718424479,39.03133,-0.5728670756022112
33871,42.57304890950521,43.295387,0.7223383585611955
46514,38.26349894205729,38.99734,0.7338422139485701
17699,37.91315714518229,38.652493,0.7393353780110701
47531,42.68925984700521,41.81827,-0.8709882100423201
41727,42.98491414388021,42.91604,-0.06887563069661695
37483,40.29967922634549,39.331528,-0.9681515163845518
41876,40.949866400824654,39.681366,-1.2685004340277786
41302,39.33503553602431,38.91769,-0.41734525892469776
52189,39.59555731879341,40.04524,0.4496811760796362
47169,36.22007497151693,39.170254,2.95017878214518
19900,42.00338745117188,42.082874,0.07948684692382102
10482,41.99845038519965,42.070885,0.07243431939019729
42159,39.74784681532118,40.1146,0.3667543199327241
15208,39.660959243774414,41.300808,1.6398487091064453
36627,39.173248291015625,40.23544,1.0621910095214844
48578,40.885396321614586,40.81652,-0.06887563069661695
9260,42.73521253797743,42.34938,-0.38583204481336963
5205,44.10828653971354,43.784527,-0.3237597147623674
39538,51.57572089301216,50.11501,-1.4607115851508325
23121,41.22901068793403,41.25782,0.028809441460502683
10393,41.35357666015625,40.744946,-0.6086311340332031
10553,39.498809814453125,39.44159,-0.057220458984375
12144,40.84276665581597,40.520992,-0.32177437676323706
39373,34.35612996419271,32.689457,-1.666673024495445
27208,40.136749267578125,40.92689,0.7901420593261719
51883,42.34138658311632,41.800056,-0.5413301255967866
50541,41.18162027994792,41.367355,0.1857350667317661
41359,47.123565673828125,47.196724,0.07315826416015625
13851,41.60376993815104,41.284893,-0.3188769022623674
31706,42.19764200846354,42.36424,0.16659673055013258
31439,38.58392842610677,38.437656,-0.14627202351888258
6987,41.90654500325521,41.552105,-0.3544400533040388
47333,39.573150634765625,39.948215,0.3750648498535156
6100,42.28045272827149,43.365707,1.085254669189446
33099,42.08959621853299,42.103874,0.014277988009979481
11601,40.60995737711588,40.29581,-0.3141466776529924
22471,41.63060760498047,42.56662,0.9360122680664062
19930,37.38542747497559,37.50789,0.12246131896971946
38408,42.77784220377604,43.122356,0.3445142110188826
14459,39.91124979654948,40.008358,0.09710820515950758
43276,36.82913589477539,36.48749,-0.341644287109375
33856,40.64186265733507,40.141636,-0.5002267625596772
28157,41.27799818250868,40.485092,-0.7929060194227446
4437,44.22451019287109,43.632694,-0.591815948486321
27442,41.36307779947917,41.51005,0.14697392781575047
10363,41.15722995334201,41.89495,0.737720913357208
42061,37.558444552951386,38.51076,0.9523167080349424
17001,40.29121907552084,40.82257,0.5313517252604072
17854,42.967041015625,42.576546,-0.39049530029296875
37532,39.32905069986979,40.02857,0.6995175679524763
11339,40.765769958496094,40.229427,-0.5363426208496094
48644,41.07681020100912,41.07924,0.002428690592445548
11080,40.937710232204864,41.895924,0.9582133822970889
10044,42.11646525065104,43.369446,1.2529805501302107
52835,39.22565714518229,38.49184,-0.7338167826334612
6767,41.43030039469401,40.527245,-0.9030558268229143
51365,37.099945068359375,38.026123,0.926177978515625
48758,38.67878214518229,39.75012,1.071336110432945
982,44.59499782986112,43.601788,-0.9932102627224495
43711,38.39129299587674,39.492,1.100707583957245
20792,41.02838389078776,41.635967,0.6075833638509138
36600,41.94794040256076,41.722614,-0.2253261142306826
45392,41.56968519422743,41.620224,0.050538804796005365
10804,42.736328125,42.617077,-0.11925125122070312
7170,42.63742065429688,42.295906,-0.34151458740235086
15431,44.212921142578125,44.053707,-0.15921401977539062
50674,40.36614227294922,40.37275,0.0066070556640625
2948,39.23705037434896,39.08112,-0.15593083699544508
2863,39.85533311631944,40.593132,0.7377989027235259
14878,41.88831244574653,42.843998,0.9556855095757371
45046,42.507110595703125,42.2994,-0.20771026611328125
7206,37.2255605061849,38.13168,0.9061190287272112
26938,42.14565467834473,41.98916,-0.1564960479736328
18531,43.51488918728299,43.314182,-0.20070690578884864
47635,39.59935506184896,40.16274,0.5633837381998674
4424,42.10193888346354,41.718845,-0.3830935160318987
44297,41.19131724039713,41.77556,0.5842412312825545
39029,38.56788804796007,38.712017,0.144129011366104
46028,39.41393025716146,39.912434,0.4985033671061174
9623,38.50161743164063,38.37221,-0.12940597534180398
35260,39.90640258789063,40.10017,0.19376754760741477
48806,41.59064737955729,40.63023,-0.9604174296061174
20391,39.60695054796007,40.359257,0.7523061964246978
856,34.025299072265625,34.399708,0.3744087219238281
19408,41.83894517686632,41.155106,-0.6838395860460054
33519,39.54295857747396,39.849113,0.30615488688150805
49363,39.45314195421007,39.4465,-0.0066430833604584905
12159,44.542199028862846,43.893234,-0.6489647759331589
43979,39.74149576822917,40.91041,1.1689160664876255
21965,41.428009033203125,40.50022,-0.9277877807617188
1911,44.68424479166666,45.111694,0.4274495442708428
41525,38.32957967122396,38.60171,0.2721316019693987
722,41.27163696289063,41.304012,0.03237533569335227
45047,43.383392333984375,43.423347,0.03995513916015625
17978,40.942649841308594,41.07992,0.13727188110351562
53389,41.30588722229004,40.69083,-0.6150569915771484
29894,42.51408386230469,41.687065,-0.8270187377929688
34192,34.46371241978237,35.190285,0.7265723092215381
48977,42.58330281575521,42.909206,0.3259035746256487
1205,33.35124715169271,33.509857,0.1586100260416643
33219,40.17358059353299,40.51467,0.3410907321506045
25211,41.38785552978516,41.20563,-0.18222427368164773
25826,39.96650187174479,39.661728,-0.3047739664713518
28092,41.41377766927084,40.29298,-1.120797475179046
33846,41.70602416992188,40.229176,-1.476848602294929
14805,40.78846232096354,40.63574,-0.15272394816080492
18795,41.47786712646485,40.965134,-0.5127334594726634
29874,40.15023040771485,39.668144,-0.4820861816406321
29875,40.65688705444336,39.967968,-0.6889190673828125
39856,47.546756744384766,47.640877,0.09412002563476562
4403,40.204915364583336,41.049316,0.8444010416666643
28932,40.56866455078125,40.950806,0.38214111328125
11701,42.13689994812012,42.441944,0.30504417419433594
12247,38.15241495768229,39.171852,1.019437154134117
4502,38.17463175455729,38.08174,-0.0928904215494768
45374,42.11162312825521,42.58162,0.4699961344401018
5865,41.38244967990451,41.850754,0.46830410427517677
39892,42.66951158311632,42.467056,-0.20245530870225537
44478,40.330810546875,40.93124,0.6004295349121094
51905,42.02503458658854,42.48895,0.4639142354329451
47115,39.91581471761068,39.815296,-0.10051854451497633
14915,37.96062893337674,39.556778,1.5961490207248232
42974,36.32688649495443,36.63046,0.3035723368326799
15954,38.07494099934896,38.21414,0.1392008463541643
50246,42.57646687825521,42.361664,-0.2148030598958357
23599,43.81491088867188,43.853462,0.038551330566399145
21997,43.68123033311632,43.42658,-0.25465181138780224
10253,37.058264838324654,36.439236,-0.6190291510687942
20320,41.4439697265625,41.35655,-0.08742141723632812
17548,41.72006903754341,42.323532,0.6034630669487768
321,40.96125962999132,40.58688,-0.3743798997667085
633,40.98765563964844,41.778778,0.7911224365234375
40683,40.11719258626302,40.99281,0.8756167093912737
21695,44.050183614095054,42.315945,-1.734238942464195
51249,38.36243014865451,38.355637,-0.006793551974823231
49641,42.911712646484375,42.256493,-0.6552200317382812
36480,44.44697062174479,43.590004,-0.856966654459633
48443,40.20890808105469,40.533985,0.3250770568847656
33844,41.89248996310764,42.822758,0.9302677578396228
42111,37.97581651475694,38.23678,0.2609617445204009
5371,39.450531005859375,40.289207,0.8386764526367188
3724,43.743136935763886,42.790344,-0.9527926974826357
13478,39.073272705078125,38.84606,-0.22721099853515625
53019,38.65067884657118,38.68957,0.03889253404405224
35534,44.34623209635416,44.49088,0.14464696248373343
37341,43.12448120117188,42.00084,-1.1236419677734446
25312,40.80001640319824,41.155376,0.3553600311279297
35443,40.674526638454864,39.452618,-1.2219089931911924
16295,42.38278198242188,43.29449,0.9117088317871023
10775,42.86984252929688,42.205963,-0.6638793945312571
2270,39.41108703613281,40.322758,0.9116706848144531
370,43.73895602756076,43.661213,-0.0777431064181826
21696,43.52210489908854,41.84747,-1.674635569254555
1661,42.84904988606771,42.455685,-0.3933652242024763
4152,40.50475735134549,41.10069,0.5959315829806826
5960,40.684303283691406,41.259315,0.57501220703125
22001,42.18226114908854,42.9111,0.7288373311360701
15624,36.80000813802084,36.93403,0.13402048746743844
44191,38.76629638671875,38.79236,0.02606201171875
35003,43.34323120117188,43.91865,0.5754203796386648
17262,39.74518839518229,40.443714,0.6985257466634138
17454,40.31487019856771,40.14043,-0.17443974812825758
21949,42.377465142144096,42.734238,0.35677252875434107
21954,41.91879018147787,42.342834,0.42404429117838305
28249,41.10709635416666,40.51921,-0.5878855387369697
41210,37.92341105143229,37.78439,-0.13902155558267992
7225,38.89190673828125,38.74392,-0.14798736572265625
28545,38.750939263237846,38.998344,0.24740515814887232
27516,43.35690307617188,42.44024,-0.9166641235351634
30077,41.06798299153646,40.92918,-0.13880284627278883
10976,38.92791408962674,39.26796,0.34004550509982323
10340,42.610931396484375,42.904785,0.293853759765625
38001,43.487640380859375,43.40444,-0.08319854736328125
33456,38.70213826497396,38.161438,-0.5407002766927107
24770,40.18783315022787,40.209076,0.021242777506508048
18864,40.50599670410156,40.195408,-0.3105888366699219
15723,44.09405517578125,43.301632,-0.7924232482910156
6064,41.705596923828125,40.955708,-0.7498893737792969
11993,37.50298055013021,36.955227,-0.5477536519368513
23400,39.00890096028646,40.128624,1.119723002115883
18353,42.72989569769965,42.14029,-0.5896063910590215
6413,41.24989827473959,42.289726,1.039827982584626
8704,41.65892537434896,41.29138,-0.3675435384114607
6159,40.78485107421875,41.50142,0.7165679931640625
38989,40.58983357747396,40.466316,-0.12351735432942945
4742,42.48759969075521,42.31495,-0.17265065511067945
25017,41.48233710394965,41.731403,0.24906624688043166
31325,41.606048583984375,42.594437,0.9883880615234375
39023,38.15089586046007,38.54066,0.389764997694229
24547,41.81084187825521,40.679382,-1.1314595540364607
30789,43.20964558919271,44.344868,1.1352221171061174
10004,41.44739447699653,41.83538,0.3879860772026902
30929,40.05432807074653,39.686054,-0.36827384101020044
18761,42.54228719075521,42.864487,0.3221995035807268
52861,41.97186279296875,41.582695,-0.38916778564453125
19284,42.968109130859375,42.70349,-0.264617919921875
30886,39.89254421657986,40.90422,1.0116763644748303
12494,40.57606506347656,40.244312,-0.3317527770996094
31254,42.43746948242188,42.024277,-0.4131927490234446
51945,38.27887980143229,39.22967,0.9507916768391951
50117,39.748986138237846,40.025352,0.2763663397894973
8219,44.17494371202257,44.23552,0.060575697157119635
43130,42.14636484781901,41.700706,-0.4456583658854143
41496,31.76440938313802,32.057964,0.2935549418131522
53641,42.68090481228299,43.30785,0.6269450717502139
20944,39.07944403754341,40.13672,1.0572747124565893
4837,40.34334988064237,42.151123,1.8077731662326286
11426,40.01948547363281,41.170105,1.1506195068359375
414,40.31258816189237,40.58705,0.2744632297091911
5860,41.40067545572917,41.322758,-0.07791773478190578
37838,39.39058430989584,39.6337,0.24311701456704782
3472,41.23432540893555,41.327927,0.09360122680664062
25482,39.88249206542969,40.27997,0.3974761962890625
10395,40.606547037760414,41.072987,0.4664395650227888
33439,41.31785774230957,41.30107,-0.016786575317382812
18552,38.193810356987846,39.802128,1.6083174811469192
6922,38.392052544487846,38.239185,-0.1528672112358933
32044,42.17086791992188,42.590153,0.4192848205566335
44171,43.02393595377604,43.067234,0.04329808553060133
20643,39.79645792643229,39.719475,-0.07698313395182055
31522,41.02069854736328,40.758293,-0.2624053955078125
48764,39.31110636393229,39.588627,0.2775204976399763
3759,39.34528605143229,40.012283,0.6669972737630232
25011,40.01749335394965,40.68439,0.6668976677788692
2869,42.09529283311632,41.46349,-0.6318033006456147
35497,43.11422729492188,42.593166,-0.5210609436035227
36485,39.12311808268229,39.07597,-0.04714838663736742
43851,41.16216701931424,40.89792,-0.26424831814236427
47306,41.09722222222222,40.262264,-0.8349579705132371
39565,38.191650390625,38.43316,0.24150848388671875
27225,42.62859090169271,42.38697,-0.24162038167317945
10632,42.48446400960287,42.5903,0.10583750406900805
9198,40.11434173583984,39.0654,-1.0489425659179616
25200,44.18805185953776,43.45376,-0.7342936197916643
19613,42.36597696940104,41.596245,-0.7697321573893205
3509,39.46434529622396,41.315086,1.850741068522133
36453,40.63160959879557,40.29362,-0.3379885355631487
22085,44.41876983642578,44.42948,0.010711669921875
9307,40.60349867078993,40.900665,0.29716661241319287
25078,43.79227256774902,43.66641,-0.12586402893066406
39159,42.43576049804688,42.32606,-0.10969924926758523
45458,31.484975179036457,31.301275,-0.1836999257405587
5534,45.580539279513886,43.77921,-1.801330142550995
30427,40.95024278428819,41.621815,0.6715719434950103
31292,40.89080810546875,40.914474,0.0236663818359375
37290,42.12671915690104,41.395767,-0.7309519449869768
6726,40.95252821180556,41.53006,0.5775316026475679
47567,38.31590779622396,37.55311,-0.7627995808919295
21200,45.25676472981771,45.251842,-0.004922231038413827
34488,35.815327962239586,35.549202,-0.26612599690755445
4585,42.82977634006076,42.823997,-0.005778842502166981
23119,41.489166259765625,41.32563,-0.16353607177734375
13540,38.91391563415527,39.257683,0.3437671661376953
33282,33.49848937988281,33.220886,-0.2776031494140625
4467,36.64278411865234,38.030914,1.3881301879882884
40386,45.86839463975694,46.157345,0.2889501783582915
25545,42.42493693033854,41.217113,-1.2078234354654924
36,40.87500381469727,41.2573,0.3822975158691335
31605,39.4871342976888,39.265415,-0.22171910603840672
33629,39.12501695421007,39.47991,0.3548948499891509
33814,42.53165351019965,42.838196,0.30654229058160354
27685,38.29027303059896,39.993473,1.703200022379555
8844,44.34328969319662,43.721127,-0.6221631368001326
18825,39.24816131591797,38.17965,-1.068511962890625
49981,40.637308756510414,41.151306,0.5139973958333357
4711,40.914164225260414,41.191193,0.2770284016927107
32312,39.726969401041664,40.499027,0.7720578511556013
12714,42.80433146158854,43.11921,0.31487782796224195
45498,42.60665893554688,39.167843,-3.4388160705566477
18019,36.05002403259277,36.07316,0.023134231567382812
22220,41.27477518717448,41.513985,0.23920949300130445
7553,44.18975575764974,43.575912,-0.6138432820638045
2963,38.94538370768229,38.976315,0.030930836995445077
9436,42.90079413519965,42.7117,-0.18909369574652146
41387,42.65251668294271,42.109356,-0.5431607564290388
29700,37.900047302246094,39.22177,1.3217239379882812
41088,42.07516479492188,40.755726,-1.319438934326179
44023,39.37111070421007,39.707417,0.33630583021376026
36132,45.97455851236979,44.98794,-0.9866167704264299
46215,43.21192423502604,41.599884,-1.6120402018229143
36471,40.55698649088541,41.231045,0.6740582784017022
965,44.09480455186632,43.51328,-0.5815255906846772
38504,41.462483723958336,40.238876,-1.2236073811848982
3118,44.805013020833336,44.5444,-0.2606137593587263
26072,40.69597880045573,40.50279,-0.19319025675455492
30186,41.01642100016276,41.520756,0.5043347676595076
22738,40.30651177300347,40.565212,0.25870047675238794
50404,42.44734361436632,41.946293,-0.5010507371690522
330,44.01429918077257,43.85154,-0.16275956895616162
50677,41.12281036376953,39.388294,-1.7345161437988281
19557,41.93274943033854,41.520943,-0.41180674235025805
32740,39.93165757921007,39.48049,-0.4511659410264741
50272,39.02551608615451,39.451893,0.4263767666286924
11839,42.39341566297743,44.032375,1.6389596727159272
26088,41.07367960611979,40.836323,-0.23735682169596117
2038,40.45804511176216,40.49181,0.03376473320854245
52476,40.30118560791016,39.789948,-0.5112380981445384
14856,40.12686496310764,40.021313,-0.10555224948459596
39656,40.16760508219401,38.912395,-1.2552096048990862
25034,38.31675211588541,39.887676,1.5709241231282647
10067,40.88715744018555,40.508503,-0.37865447998046875
5755,38.352935791015625,38.331715,-0.021221160888671875
53067,39.46757337782118,39.295616,-0.17195722791883838
12426,40.16817474365234,40.121662,-0.04651260375975852
11132,37.56717936197917,37.778687,0.2115071614583286
26920,41.80578422546387,42.11266,0.30687522888183594
33671,40.218017578125,41.331665,1.1136474609375
27994,41.07859230041504,40.45101,-0.6275806427001953
12612,40.24650319417318,41.125618,0.8791147867838518
31986,42.704925537109375,42.908195,0.20326995849609375
14769,39.61816151936849,40.25162,0.6334597269693987
49312,35.57521226671007,35.925423,0.3502104017469634
7490,42.61520385742188,42.351917,-0.263286590576179
7593,40.655537923177086,40.904377,0.24883906046549242
33462,41.24401601155599,41.15667,-0.0873463948567732
20266,43.45830281575521,43.371643,-0.0866597493489607
25797,43.35424465603299,42.490726,-0.8635181850857236
19711,41.2392463684082,41.396267,0.15702056884765625
36875,40.79710133870443,39.983936,-0.8131650288899763
21064,41.69463094075521,41.601246,-0.09338506062825758
39103,38.37876044379341,37.599903,-0.7788573371039575
494,39.706451416015625,40.145836,0.43938446044921875
37845,34.408538818359375,35.487732,1.079193115234375
48291,42.73112996419271,42.503304,-0.22782643636067945
5520,42.23808797200521,42.02229,-0.21579869588216383
39380,37.22356160481771,38.446438,1.2228762308756487
7167,41.11042277018229,41.16177,0.05134709676107008
24418,45.11612129211426,44.62161,-0.49451255798339844
3430,42.79058837890625,42.01393,-0.7766571044921875
49408,40.213840060763886,39.93413,-0.2797084384494326
10368,40.18346150716146,41.12371,0.940249125162758
21496,43.385528564453125,43.11597,-0.2695579528808594
5637,41.78662872314453,42.771576,0.9849472045898438
15742,42.61254543728299,42.158924,-0.45362133449978614
422,42.833099365234375,41.550926,-1.2821731567382812
47500,42.78838094075521,41.94719,-0.8411916097005232
1570,42.30096054077149,42.717407,0.4164466857910085
34309,42.044189453125,42.49903,0.45484161376953125
31959,43.043304443359375,42.72164,-0.32166290283203125
8815,42.09375,42.307137,0.21338653564453125
44448,39.76142374674479,39.123104,-0.6383196512858049
19637,42.39075469970703,42.711838,0.32108306884765625
44978,44.18833414713541,44.389355,0.20102055867513968
29433,40.60350545247396,40.428238,-0.1752675374348982
33539,42.797875298394096,43.814266,1.016390906439888
30080,41.91376071506076,42.063114,0.1493534511990049
47172,39.43074289957682,39.510563,0.07981999715169508
51532,41.25675582885742,41.63547,0.37871551513671875
692,42.757336934407554,42.9509,0.19356409708658617
17357,40.17168511284722,40.212547,0.04086218939887232
8558,40.88715744018555,39.69875,-1.1884078979492188
7118,40.79168701171875,40.867188,0.07550048828125
17653,39.98938327365451,40.161858,0.17247433132595802
31268,41.667572021484375,42.46576,0.798187255859375
27355,38.493072509765625,39.301003,0.8079299926757812
3092,42.32808430989584,43.453445,1.1253611246744697
48425,42.97380574544271,42.34636,-0.6274464925130232
25940,37.19479115804037,37.083748,-0.1110432942708357
42956,43.22929890950521,42.680378,-0.5489209493001326
36376,38.817779541015625,38.860794,0.0430145263671875
45038,42.16003926595052,41.655773,-0.5042661031087263
12295,36.76468912760416,36.50621,-0.2584788004557197
28320,41.270215352376304,40.70345,-0.5667661031087263
6183,39.16498819986979,40.0512,0.8862126668294295
4692,41.50208282470703,40.941273,-0.5608100891113281
34107,44.706644694010414,44.626583,-0.08006159464517992
24707,41.64184231228299,41.54771,-0.0941318935818174
1028,42.40404934353299,42.235092,-0.16895718044705177
20473,41.79717000325521,42.77466,0.9774881998697893
7295,41.35661146375868,41.053226,-0.3033849928114165
47398,40.34904310438368,41.37796,1.0289171006944429
52836,37.90404256184896,38.285053,0.3810106913248674
32984,36.74732208251953,37.471004,0.7236824035644531
21938,45.75751749674479,46.188538,0.4310201009114607
21737,38.15640258789063,38.29963,0.14322662353514914
41939,51.05656941731771,50.363495,-0.6930745442708357
2064,35.97055308024088,35.831966,-0.13858668009439867
5852,42.8148676554362,42.079735,-0.7351328531901089
26985,40.33196004231771,39.91353,-0.4184315999348982
50393,40.26729838053385,42.26869,2.001389821370445
28704,40.02405039469401,41.231407,1.2073567708333357
24563,36.13652208116319,38.1544,2.017877790662979
47817,42.31385294596354,42.470055,0.15620168050130445
26398,41.69349161783854,41.579254,-0.1142374674479143
35530,43.72376844618056,42.86513,-0.858637068006729
41544,42.029876708984375,41.623688,-0.40618896484375
12931,42.91370646158854,42.514954,-0.3987528483072893
13089,36.988003200954864,38.670734,1.6827312045627139
6522,40.26815541585287,40.190784,-0.07737096150716383
36076,36.63387489318848,37.818806,1.1849308013916016
18489,40.81390380859375,40.941383,0.12747955322265625
5139,41.61060333251953,41.83798,0.22737503051757812
30840,42.41924031575521,42.87385,0.4546114603678362
30750,42.082855224609375,41.13989,-0.9429664611816406
27016,40.01364135742188,40.632477,0.6188354492187429
44390,41.84928131103516,41.438904,-0.41037750244141336
3524,42.47022501627604,41.891953,-0.5782725016276018
43525,37.88770887586806,39.107136,1.219426896837021
16067,41.91110229492188,42.055435,0.1443328857421804
22463,40.18412272135416,40.404903,0.22078069051107718
14029,40.22789510091146,40.00872,-0.21917470296224195
30038,38.87284681532118,39.701084,0.8282373216417085
2601,42.85730997721354,42.116272,-0.7410380045572893
31361,40.04967753092448,40.598328,0.5486501057942732
25383,43.57024383544922,42.254894,-1.3153495788574219
17245,42.25365871853299,43.18854,0.9348826938205264
4478,38.705841064453125,38.45186,-0.2539825439453125
32611,40.23711585998535,41.295315,1.0581989288330078
21008,40.03192816840278,39.900772,-0.13115607367621607
5441,41.63462660047743,42.141357,0.5067308213975679
20441,39.33161417643229,40.118523,0.7869084676106795
15005,35.98023986816406,36.018238,0.037998199462890625
33678,43.39250691731771,43.403164,0.010656992594398673
30120,42.581878662109375,42.40283,-0.17905044555664062
27497,43.00029500325521,42.60079,-0.3995068868001326
22462,40.38985061645508,40.114693,-0.2751579284667969
48798,41.433143615722656,40.833916,-0.5992279052734375
5717,37.7301025390625,37.362465,-0.36763763427734375
6951,44.28204091389974,44.86057,0.5785280863443987
39599,39.25727335611979,40.36783,1.1105550130208357
23735,42.230492485894096,42.11362,-0.11687172783745581
29074,40.870873345269096,40.19128,-0.6795929802788621
10898,40.987464057074654,41.993977,1.0065125359429246
9027,38.84711710611979,38.63382,-0.2132975260416643
31741,39.87849595811632,39.027794,-0.8507020738389741
26209,40.828216552734375,41.069233,0.24101638793945312
5220,41.56672922770182,42.274944,0.7082150777181013
44096,40.05081685384115,39.419476,-0.6313412984212263
51207,38.173302544487846,38.352264,0.17896185980902857
42453,38.96959431966146,39.582043,0.6124483744303362
36981,39.39342244466146,39.129623,-0.2637990315755232
7010,44.12395222981771,43.089134,-1.034818013509117
29849,41.012430826822914,41.44158,0.42915089925130445
53164,39.85399373372396,41.250103,1.3961092631022112
49716,39.53954060872396,39.034794,-0.5047467549641951
638,41.45023854573568,41.204277,-0.2459615071614607
643,40.927127838134766,40.835175,-0.09195327758789062
43748,42.96383666992188,41.047745,-1.9160919189453196
33116,41.315223693847656,40.961277,-0.3539466857910156
31842,40.74013264973959,40.81925,0.07911554972329782
8690,40.682881673177086,41.31838,0.6354967753092424
11878,41.000752766927086,41.070473,0.06971995035807055
53197,45.793325424194336,45.465664,-0.32766151428222656
19655,44.38401794433594,43.697224,-0.6867942810058594
5118,37.62187025282118,37.49112,-0.13075086805555713
3031,39.94648234049479,41.023907,1.0774243672688826
13563,41.25910441080729,41.09364,-0.16546503702799242
7185,40.07787831624349,40.362747,0.28486887613932055
15907,36.65911187065972,36.50734,-0.15177239312065893
18371,41.18267483181424,41.74629,0.5636134677463076
12222,40.58489651150174,41.26273,0.6778331332736514
26634,40.18384128146701,41.721165,1.53732342190213
36709,41.587914360894096,41.46197,-0.12594307793511206
2451,41.506629943847656,42.391304,0.884674072265625
2070,34.24077351888021,34.149292,-0.0914815266927107
52118,41.57527923583984,42.568165,0.9928855895996165
48476,39.614166259765625,39.85019,0.23602294921875
7732,43.14195081922743,43.41456,0.2726075914170991
36230,40.43734995524088,41.352333,0.9149831136067732
30647,40.899637858072914,41.338604,0.4389661153157576
46285,40.52944607204861,39.953793,-0.5756535000271228
19158,39.59223429361979,40.33451,0.742276509602867
25984,42.08498764038086,41.80185,-0.2831382751464844
46668,36.75215657552084,36.702995,-0.04916127522787406
48968,39.51200697157118,40.172497,0.6604898240831147
35502,43.345794677734375,42.47799,-0.8678054809570312
18346,44.4161139594184,43.450615,-0.9654990302191777
13295,40.74355061848959,40.182587,-0.5609639485677178
10784,41.79603068033854,41.462765,-0.3332659403483049
25955,41.37446594238281,40.197063,-1.1774024963378906
27386,41.094936794704864,41.037518,-0.057419247097442394
9021,38.44009399414063,38.51074,0.07064437866210227
9264,41.43514506022135,42.05279,0.6176465352376326
51369,40.44247690836588,41.317265,0.8747876485188826
25166,39.98701985677084,39.463276,-0.5237439473470147
44422,43.14498901367188,42.85014,-0.29484939575196023
16633,41.20622083875868,43.180973,1.9747522142198335
45958,41.45628929138184,41.64855,0.19225883483886008
44476,41.58296712239584,41.39239,-0.19057591756185843
43435,43.21591758728027,44.545055,1.3291378021240234
12010,39.65024481879341,39.245205,-0.4050398932563013
15044,39.62271372477213,39.066757,-0.5559565226236955
3439,41.0177059173584,40.5768,-0.4409046173095703
13277,42.692675272623696,41.850212,-0.8424631754557268
21073,43.29727851019965,42.08461,-1.212668524848084
13666,41.48461235894097,41.747604,0.26299201117621607
32509,40.34797668457031,39.769073,-0.5789031982421875
30536,44.08664194742838,43.284653,-0.8019892374674455
45120,41.02183278401693,41.78739,0.7655588785807268
22409,44.087493896484375,44.269028,0.1815338134765625
29826,38.67735799153646,38.029007,-0.6483510335286482
24700,41.60765923394097,41.925663,0.3180037604437942
1085,41.24609035915799,41.35407,0.10797839694552636
6394,41.81881713867188,41.01088,-0.8079376220703196
22553,41.03778076171875,41.804035,0.7662544250488281
26996,40.84751383463541,40.94379,0.09627660115560843
37039,42.864501953125,41.96381,-0.9006919860839844
19894,42.14202880859375,41.66171,-0.4803199768066406
38912,42.53772989908854,42.644547,0.1068166097005232
2080,33.06562974717882,33.225876,0.16024610731336963
24125,41.55618540445963,42.56883,1.0126431783040388
23618,41.1298828125,41.063114,-0.06676864624023438
4280,42.37224324544271,42.56195,0.1897074381510393
15973,39.14134724934896,38.423817,-0.7175305684407576
5919,42.29771253797743,42.115425,-0.18228742811415088
37898,41.15627797444662,40.987427,-0.16885121663411695
26368,43.70553588867188,42.633377,-1.0721588134765696
30533,44.23390452067057,43.971992,-0.2619120279947893
6732,43.67553371853299,43.483627,-0.19190639919705177
5087,37.91714477539063,37.780506,-0.13663864135742898
36260,39.00500827365451,40.386536,1.3815273708767393
38010,44.26438649495443,44.106274,-0.15811284383138258
16672,41.762230767144096,42.21821,0.4559775458441848
31296,42.03832668728299,40.843918,-1.1944088406033018
29108,39.92026435004341,39.754883,-0.16538153754341067
19230,38.24726359049479,38.032185,-0.21507898966471117
10217,43.17651028103299,42.553696,-0.6228146023220518
37911,41.53370157877604,40.92377,-0.6099306742350237
36945,40.23852793375651,40.24046,0.0019315083821638268
33914,38.60700225830078,38.451416,-0.15558624267578125
13567,38.9324951171875,38.7072,-0.2252960205078125
32539,41.42295837402344,40.422142,-1.0008163452148438
47141,43.59350246853299,43.840977,0.24747424655490136
44235,32.59499867757162,32.684727,0.08972803751627367
49049,38.91804334852431,36.339417,-2.578626844618057
53407,39.168975830078125,39.292152,0.12317657470703125
49705,40.450307846069336,39.87047,-0.5798397064208984
34930,43.85289171006944,43.98331,0.13041898939344776
4682,38.19836764865451,38.098392,-0.0999751620822451
45305,38.76764594184028,38.23984,-0.5278044806586379
51355,41.09931182861328,40.75007,-0.3492431640625
32727,39.81611124674479,39.67209,-0.1440226236979143
1257,41.741719563802086,41.388344,-0.35337575276692945
19201,38.63169013129341,40.053375,1.4216851128472143
27367,40.52299669053819,40.680508,0.1575109693739165
15549,40.41199493408203,40.173626,-0.23836898803710938
43414,38.191009521484375,38.49949,0.30847930908203125
52452,41.735931396484375,40.95535,-0.7805824279785156
24536,42.26771036783854,42.316113,0.04840215047200758
2090,34.76780531141493,34.26217,-0.5056364271375884
25505,40.838968912760414,40.62712,-0.2118479410807268
24798,42.57608710394965,42.639603,0.06351555718316604
11944,39.18654039171007,39.84555,0.6590101453993071
41536,39.32513427734375,39.42544,0.10030746459960938
44766,40.922142876519096,40.83292,-0.08922280205620581
1011,42.71404012044271,43.23586,0.5218187967936174
31613,41.27733866373698,41.876045,0.5987065633138045
2310,43.625023735894096,43.830914,0.20588980780707544
44458,41.66195339626736,39.92153,-1.7404217190212634
3682,40.88715744018555,40.8974,0.010242462158203125
41472,36.799153645833336,36.499107,-0.30004628499349195
4140,40.11396280924479,40.674107,0.5601437886556013
34833,39.11134507921007,39.332966,0.22162077162001026
16275,37.79352315266927,38.244774,0.45125071207682055
19263,41.04548136393229,40.801464,-0.24401728312174242
40951,40.959740532769096,40.49065,-0.4690903557671433
41004,40.16019948323568,40.516075,0.3558756510416643
53880,41.2901611328125,40.46619,-0.8239707946777344
15562,42.34974161783854,42.635242,0.2855008443196638
34408,43.56006813049317,42.51359,-1.0464763641357493
17103,36.3023935953776,36.767033,0.4646390279134138
13887,40.871726989746094,41.351917,0.4801902770996094
20692,40.05210113525391,40.232845,0.18074417114257102
49891,39.81773206922743,39.93614,0.11840608384873974
37361,41.294715033637154,40.94817,-0.34654532538520044
49564,42.36846160888672,43.482807,1.1143455505371094
47214,42.50867716471354,42.63625,0.12757237752278883
47627,40.21516418457031,40.233418,0.018253326416015625
53797,40.88715744018555,40.936085,0.04892730712890625
14260,39.55221557617188,39.997375,0.4451599121093679
30809,44.31090969509549,43.39988,-0.911030239529083
18237,36.78975423177084,36.51082,-0.2789357503255303
4215,36.60897488064237,37.36898,0.7600055270724724
11260,42.657738579644096,43.505367,0.8476286994086379
29110,39.27882554796007,40.35487,1.076044294569229
10700,41.870941162109375,41.366676,-0.5042648315429688
5603,40.73491075303819,41.020615,0.28570387098524463
11708,39.45750935872396,39.048985,-0.4085248311360701
9408,43.614400227864586,42.58859,-1.0258115132649763
36551,42.38420613606771,42.077583,-0.30662282307942945
16400,41.41093275282118,41.366,-0.04493162367079151
5989,39.236290825737846,38.245342,-0.9909485710991746
34273,40.908111572265625,40.93291,0.024799346923828125
5235,43.43665568033854,43.78595,0.3492940266927107
35757,38.00164455837674,37.844166,-0.15747875637478614
41879,43.17499118381076,42.28071,-0.8942828708224795
7568,38.66681925455729,38.93288,0.2660611470540388
48415,41.08203125,41.153084,0.07105255126953125
42603,42.13668823242188,40.47492,-1.6617698669433665
13100,39.81952921549479,39.789333,-0.030195871988929923
22632,36.04291280110677,36.053112,0.010199228922523673
17645,40.31885782877604,40.345104,0.026246388753257577
41580,39.90014139811198,39.52366,-0.37648264567057055
27381,38.726348876953125,38.759655,0.033306121826171875
1109,40.12496948242188,40.366432,0.24146270751952414
9017,37.86473592122396,38.051067,0.18633143107096117
41667,48.46286010742188,47.902348,-0.5605125427246165
5681,36.49769761827257,36.356197,-0.1415002610948335
20927,41.610314263237846,41.96341,0.35309516059027857
18229,43.54944864908854,42.949482,-0.5999666849772112
35269,41.729095458984375,42.125065,0.3959693908691406
1182,33.28459676106771,33.183334,-0.1012624104817732
39901,39.59100002712674,40.09287,0.5018687778049014
33888,36.53112453884549,39.191437,2.6603122287326357
21852,40.30631764729818,40.13918,-0.16713841756185133
29059,41.98059421115451,41.523678,-0.45691638522677636
12764,43.43285793728299,43.546402,0.11354404025607323
19932,39.19546508789063,40.872215,1.6767501831054616
7859,45.75837198893229,45.280857,-0.4775149027506487
29284,41.49220106336806,40.897324,-0.5948774549696196
35283,42.43547566731771,42.407753,-0.027722676595054452
32930,43.78130086263021,43.875725,0.09442392985025805
2588,42.04155476888021,42.003956,-0.03759892781575758
49461,39.97001817491319,39.95548,-0.01453950670030224
39596,42.06718953450521,41.861816,-0.2053731282552107
46525,41.14166259765625,42.256935,1.1152725219726562
48841,40.599853515625,40.888336,0.288482666015625
23919,42.162133110894096,42.443653,0.2815199957953567
49071,39.949981689453125,40.21786,0.2678794860839844
11644,41.63381004333496,40.150932,-1.4828777313232422
29352,39.327056884765625,40.800438,1.4733810424804688
25328,42.58814493815104,42.495018,-0.09312693277994555
18361,41.69614664713541,42.218815,0.5226682027181084
52362,37.62604777018229,37.934246,0.3081982930501326
47434,42.65887790256076,42.81735,0.15847057766384864
1224,41.6011962890625,42.268627,0.6674308776855469
29838,37.745958964029946,38.349277,0.6033185323079451
5046,40.79908582899306,40.83181,0.032724168565536615
12992,41.26110331217448,41.30631,0.04520543416341383
29499,40.33916897243924,40.947975,0.608806186252167
3241,42.42607625325521,42.141594,-0.28448232014974195
43312,36.45421600341797,36.874348,0.4201316833496094
18059,41.41947428385416,40.983707,-0.43576685587564157
20197,41.98136054144965,41.991745,0.010384453667541038
6610,39.36693318684896,38.959236,-0.40769704182942945
32329,44.72518348693848,44.887424,0.16224098205566406
35309,44.49139912923177,44.61498,0.12357966105142992
7209,37.74282836914063,38.39454,0.6517105102538991
21333,44.56574842664931,45.606594,1.0408456590440522
40019,40.773644341362846,40.797417,0.023772345648872317
31933,41.53512573242188,40.923172,-0.6119537353515696
14893,40.68249172634549,41.397804,0.715312533908417
15726,42.00414699978299,42.320984,0.31683688693576073
4299,44.56717173258463,44.040882,-0.5262896219889299
41345,41.76497141520182,41.70689,-0.05808130900064867
51039,40.91682264539931,40.799843,-0.11697981092665088
35624,40.63123575846354,39.791725,-0.839510599772133
9887,43.579925537109375,43.33061,-0.24931716918945312
27730,41.85223727756076,41.664658,-0.18757968478732323
36293,41.80780368381076,40.765682,-1.0421214633517764
39867,37.42865244547526,38.48304,1.0543874104817732
5007,40.76605224609375,40.85863,0.09257888793945312
25626,42.74850463867188,42.29231,-0.45619583129883523
4953,42.377465142144096,42.35176,-0.025704277886283933
41729,42.38316175672743,41.77464,-0.6085226270887603
7449,43.77418009440104,42.59644,-1.1777407328287737
38980,37.57781643337674,39.02109,1.4432750278049014
26599,41.161410861545136,40.699272,-0.462138705783417
8599,39.48732164171007,39.394283,-0.09303834703233349
51402,36.056864420572914,39.93479,3.877927144368492
9249,42.80888875325521,42.604794,-0.20409520467122633
53879,40.9749755859375,40.759914,-0.21506118774414062
4727,42.76825290256076,42.630474,-0.13777881198458886
50298,37.479454888237846,38.89152,1.4120665656195754
16991,39.8323491414388,40.05131,0.21896235148112453
10367,41.22863006591797,41.27832,0.04969024658203125
36993,37.44146474202474,38.706684,1.2652193705240862
22932,40.797098795572914,42.48036,1.6832593282063826
18139,43.41766696506076,43.23892,-0.17874866061740136
24549,39.40082804361979,39.55971,0.15888341267903883
45187,39.019866943359375,39.06517,0.0453033447265625
18349,43.18904283311632,42.96643,-0.22261216905381787
53315,38.02879842122396,38.34399,0.3151919047037737
10719,41.35310363769531,40.317757,-1.0353469848632812
44355,43.757659912109375,42.852848,-0.9048118591308594
28445,37.6454111735026,38.425106,0.7796948750813826
31251,42.20238918728299,41.72215,-0.4802402920193174
47247,40.79225413004557,39.793736,-0.9985186258951799
39921,43.97868855794271,43.623825,-0.3548634847005232
9532,40.00951131184896,40.350147,0.3406359354654924
38586,46.84025404188368,46.96093,0.12067582872178662
28384,38.60130818684896,38.197342,-0.4039662679036482
52226,44.53754679361979,44.589897,0.05235036214192945
38202,39.49254862467448,38.87102,-0.6215273539225237
3198,39.83519490559896,40.98421,1.1490160624186174
18479,41.61771138509115,41.126076,-0.49163564046224195
37433,42.38278198242188,42.655975,0.2731933593749929
53688,38.08946482340495,38.66391,0.5744450887044223
47293,42.41924031575521,42.624966,0.20572535196939867
25732,43.95618693033854,43.574715,-0.38147226969400805
45085,38.25167846679688,38.670128,0.41844940185546164
43937,38.04503377278646,38.460144,0.4151102701822893
17292,41.20384979248047,40.30202,-0.9018287658691406
2403,35.87598673502604,36.050716,0.17472966512044508
49364,39.13451131184896,39.13395,-0.0005620320638044518
48263,39.68366495768229,38.941307,-0.7423578898111955
29827,36.516164779663086,35.00374,-1.5124263763427734
19617,43.96910942925347,44.22144,0.2523299323187942
45723,41.00720893012153,40.89083,-0.11637793646918482
30197,42.664574517144096,42.526295,-0.1382798088921433
2541,42.49443562825521,41.961708,-0.5327275594075545
17533,45.52281019422743,44.64245,-0.8803617689344634
27622,40.51691012912326,40.51943,0.002518124050567394
52104,40.50893825954861,40.515568,0.006629519992408461
29117,42.31973944769965,41.925674,-0.39406500922308396
53418,42.161468505859375,42.302116,0.14064788818359375
53385,36.81966400146485,36.999542,0.17987823486327414
29001,39.14049275716146,40.970337,1.8298441569010393
73,43.90263875325521,43.902397,-0.0002415974934919518
44385,41.50178527832031,41.926823,0.4250373840332031
14728,37.44147745768229,37.999283,0.5578053792317732
18774,40.947774251302086,40.91828,-0.029492696126304452
25324,42.48724365234375,42.497303,0.010059356689453125
50790,38.08633168538412,37.452362,-0.633969624837242
30112,42.60912746853299,41.85349,-0.7556385464138486
35859,40.09041002061632,40.380714,0.2903043958875884
23985,43.50843302408854,43.714718,0.20628484090169508
9593,40.33993784586588,39.59303,-0.7469088236490862
36884,42.160606384277344,40.821938,-1.3386688232421875
26496,41.87036895751953,41.10397,-0.7663993835449219
835,40.19630241394043,40.185028,-0.011274337768554688
45959,41.08279164632162,42.42802,1.345228830973305
27494,41.39839426676432,40.80675,-0.5916430155436174
18989,42.20276896158854,42.198902,-0.003866831461586173
19453,40.48120795355903,40.12864,-0.3525687323676223
9306,41.08136749267578,41.035538,-0.04582977294921875
18740,45.37896474202474,43.88146,-1.4975064595540388
31806,39.95425669352213,39.49583,-0.4584261576334612
27257,41.96161227756076,41.977562,0.01594967312283302
26827,42.73825073242188,42.336807,-0.4014434814453196
7287,41.39783223470052,41.82598,0.42814890543619555
12129,39.80101521809896,39.864452,0.06343714396158617
47120,38.889556884765625,39.382877,0.4933204650878906
22768,42.15339830186632,42.11332,-0.040078904893661615
4746,41.21495819091797,40.738495,-0.47646331787109375
17316,42.20647176106771,42.32186,0.11538950602213305
17404,36.57708062065972,36.366913,-0.21016777886284643
14729,37.51287502712674,37.581825,0.06895022922091698
42186,33.899634467230904,34.29262,0.39298714531792456
26082,34.188934326171875,34.504765,0.3158302307128906
53710,41.1462164984809,40.313705,-0.832511054144959
45797,42.149505615234375,40.203846,-1.9456596374511719
4808,37.636681450737846,37.177135,-0.45954598320854956
19695,41.25340779622396,41.346123,0.09271494547525805
27046,39.04806518554688,40.363617,1.315551757812493
35839,44.48257107204861,43.530796,-0.9517750210232165
46036,38.740020751953125,37.55246,-1.18756103515625
7261,36.281222873263886,36.26745,-0.013774447970916981
32211,40.00837198893229,39.80758,-0.20079294840494555
25629,41.471598307291664,41.798077,0.3264783223470076
4027,44.16735161675347,44.1754,0.008048163519966067
36112,43.549591064453125,41.78902,-1.7605705261230469
14544,39.17495727539063,38.859325,-0.31563186645508523
35975,43.22417195638021,42.253365,-0.9708073933919295
12923,41.251800537109375,41.052513,-0.19928741455078125
28374,41.21637725830078,41.21671,0.000331878662109375
43457,46.40522257486979,45.697628,-0.7075945536295549
1770,33.64690144856771,33.84452,0.19761912027994555
4571,40.206624348958336,40.84014,0.633516947428383
17519,41.56103515625,41.752907,0.19187164306640625
13356,42.918548583984375,42.64368,-0.2748680114746094
29457,41.269266764322914,41.43893,0.16966374715169508
445,39.19565497504341,40.14935,0.9536942376030737
5904,40.69807264539931,40.55603,-0.14204237196180713
17010,39.72581990559896,39.282185,-0.4436353047688826
18010,37.52299690246582,36.480152,-1.0428447723388672
53488,40.81732855902778,40.889374,0.07204522026909643
5359,40.71712684631348,40.953167,0.2360401153564453
42005,40.41939798990885,41.72657,1.3071721394856795
20591,40.24593607584635,40.634632,0.3886960347493513
10732,40.30589485168457,40.551594,0.2456989288330078
2389,34.842620849609375,34.582413,-0.2602081298828125
14741,40.27537027994792,40.89557,0.6201985677083286
50423,40.36157989501953,39.778896,-0.5826835632324219
16314,43.33497111002604,42.78221,-0.5527598063151018
6247,40.74981689453125,41.88736,1.137542724609375
48418,40.905049641927086,41.54687,0.6418215433756487
41548,42.5355224609375,41.78952,-0.746002197265625
3804,40.76776123046875,40.568527,-0.1992340087890625
51237,42.73559231228299,41.68151,-1.0540813869900205
31399,43.19549899631076,43.084206,-0.11129336886935448
969,43.37570190429688,42.835,-0.5407028198242259
31305,38.94842190212674,39.31075,0.36232715182833886
36529,40.1739739312066,40.460907,0.28693305121527146
25845,40.57502237955729,41.429844,0.8548215230306013
10872,37.12074279785156,36.875973,-0.24477005004882812
5207,41.96351114908854,41.617207,-0.3463045756022112
20315,40.27641042073568,39.150246,-1.1261647542317732
52217,44.97847493489584,44.56273,-0.4157460530599053
29589,39.94609917534722,39.824554,-0.12154473198784643
28708,44.132999420166016,43.027435,-1.1055641174316406
44773,41.79261271158854,42.000435,0.20782216389974195
46671,36.46770562065972,37.087975,0.6202689276801223
19972,40.3577880859375,41.13273,0.7749404907226562
47954,39.84773254394531,40.07356,0.22582626342773438
29724,36.35424550374349,38.07047,1.7162233988443987
53268,37.3255360921224,38.005524,0.6799875895182268
31640,40.15564473470052,40.63287,0.4772249857584612
32871,41.54423522949219,42.2581,0.7138633728027344
34296,43.111663818359375,43.08816,-0.023502349853515625
26098,42.13903617858887,42.221542,0.08250617980957031
26753,42.07203165690104,41.298588,-0.7734438578287737
40883,38.48889499240451,38.62948,0.14058346218533302
11514,41.03208414713541,40.599663,-0.43242136637368844
9373,41.36876424153646,42.19745,0.8286844889322893
17190,41.46846771240234,40.496567,-0.9719009399413991
50256,41.20356241861979,39.11698,-2.086580912272133
35005,43.043969048394096,43.7937,0.7497321234809036
8629,42.10706583658854,42.063362,-0.04370371500650805
10178,42.664574517144096,41.601524,-1.0630501641167527
34165,42.064697265625,42.461983,0.39728546142578125
15026,36.36393229166666,36.042454,-0.32147852579751657
37604,40.08072916666666,39.83072,-0.2500101725260322
40912,38.10114542643229,36.19022,-1.9109255472818987
52559,41.91224161783854,42.08125,0.16900761922200758
39621,43.67448933919271,43.178448,-0.4960416158040388
21868,42.95965915256076,42.93332,-0.02634006076388573
30440,36.33686319986979,36.948925,0.6120618184407576
8035,44.00397682189941,43.945538,-0.05843925476073508
11922,39.892171223958336,39.988964,0.09679285685221117
22503,40.19636535644531,40.06148,-0.13488388061523438
51782,37.62794325086806,38.11582,0.4878785875108491
36296,39.85228474934896,38.443237,-1.4090474446614607
3859,39.74252997504341,38.40974,-1.3327895270453638
38770,39.65262031555176,38.958572,-0.6940479278564453
29858,40.838399251302086,41.274105,0.4357058207193987
523,41.51233927408854,42.037514,0.525174458821617
16342,42.99042087131076,42.94725,-0.04317050509982323
1503,34.68425496419271,34.880505,0.19624964396158617
25273,39.87692451477051,39.816616,-0.06030845642089844
4415,40.20036824544271,40.186077,-0.014291127522788827
48255,39.162994384765625,39.63334,0.47034454345703125
40214,42.57077026367188,42.956047,0.38527679443358664
31580,43.02735392252604,42.570667,-0.4566866556803362
20472,41.76185099283854,42.717873,0.956021626790367
12852,39.77823638916016,38.489567,-1.2886695861816477
17899,39.6904296875,39.774796,0.0843658447265625
31078,42.04098510742188,41.815914,-0.22507095336914773
24538,42.31328328450521,42.722607,0.4093233744303362
34696,43.00447252061632,43.22477,0.22029707166883838
4802,37.71757337782118,37.832237,0.11466386583116162
32773,42.65014309353299,43.31237,0.6622272067599795
27165,41.30353800455729,40.88936,-0.4141794840494768
51546,40.59258778889974,40.703163,0.1105753580729143
38725,39.10467529296875,38.566647,-0.5380287170410156
40290,36.75861273871528,37.203606,0.4449929131401902
38432,42.88864135742188,42.0189,-0.8697395324707102
3775,42.71622382269965,41.65375,-1.0624724494086308
4678,41.92173597547743,41.35257,-0.5691663953993071
32335,44.46669006347656,43.84885,-0.6178398132324219
6935,38.84284464518229,37.925625,-0.9172197977701799
41411,42.22612508138021,42.75471,0.5285860697428362
50021,40.02546183268229,39.23818,-0.7872835795084612
5490,42.39075724283854,42.94456,0.5538037618001326
11187,39.82988484700521,40.316845,0.4869600931803362
4574,40.828715006510414,41.251026,0.4223111470540388
27592,39.55833943684896,39.868107,0.3097674051920549
48634,40.4144172668457,39.1739,-1.2405166625976562
42172,41.96806844075521,41.81309,-0.15497716267903883
5752,36.001322428385414,36.447258,0.44593556722005445
25205,39.57571665445963,39.780495,0.2047780354817732
7570,39.91761610243056,39.391,-0.5266172620985259
31878,42.94617716471354,42.878704,-0.06747309366861742
54306,40.253336588541664,40.652016,0.39867909749349195
37844,35.32086181640625,36.142807,0.8219451904296875
50368,39.88874308268229,39.678814,-0.20992914835611742
53175,41.07595570882162,41.89149,0.8155352274576799
23678,43.776936848958336,42.399857,-1.3770802815755232
28293,40.33394877115885,41.375507,1.0415585835774763
19456,40.40070936414931,40.648613,0.24790361192491162
72,43.54635620117188,43.537796,-0.008560180664069605
32060,44.327903747558594,43.511864,-0.8160400390625
31171,38.92943318684896,39.075924,0.14649073282877367
34671,42.08057657877604,41.68854,-0.3920351664225237
27428,41.51879543728299,41.634384,0.11558871799044823
33865,44.37015787760416,44.103634,-0.2665239969889228
3335,40.29862721761068,39.776897,-0.5217297871907576
25556,41.66197035047743,41.695717,0.033746507432724115
29542,41.73070949978299,41.533955,-0.19675487942166114
16179,40.74212646484375,41.502724,0.7605972290039062
3120,45.160861545138886,44.61445,-0.5464129977756045
28240,41.642974853515625,41.874123,0.23114776611328125
39759,41.53653717041016,41.004833,-0.5317039489746165
43107,39.316802978515625,39.508244,0.19144058227539062
16270,42.42593002319336,43.36432,0.9383888244628906
33046,40.473246256510414,40.27241,-0.20083491007486742
22887,41.39099375406901,41.44035,0.04935582478841383
19982,41.11165703667535,41.392868,0.28121100531683396
34662,40.502288818359375,40.90138,0.3990898132324219
768,44.650634765625,44.28593,-0.3647041320800781
29860,40.78014945983887,41.153236,0.37308692932128906
25099,42.250762939453125,42.07026,-0.18050384521484375
32636,44.579796685112846,44.665382,0.08558570014105982
48054,44.72924296061198,45.119583,0.3903401692708357
28705,41.355878829956055,43.239647,1.883768081665039
15190,42.6756591796875,42.207825,-0.46783447265625
53539,38.01835123697917,36.913635,-1.1047159830729214
32977,36.97584364149306,38.820183,1.8443391587999116
43809,42.67217000325521,42.022213,-0.6499570210774763
19503,38.26938544379341,39.601444,1.332058800591355
19923,46.146026611328125,45.30101,-0.8450164794921875
4421,43.5679677327474,44.009937,0.4419695536295549
9922,39.71095085144043,38.606792,-1.1041584014892578
5523,41.95980580647787,42.598896,0.6390902201334612
39244,47.44219631618924,46.61099,-0.8312076992458799
35603,43.96112399631076,43.30409,-0.6570354037814639
31320,46.776831732855904,45.454273,-1.3225585089789504
18105,42.334075927734375,42.24831,-0.08576583862304688
1693,42.57162094116211,41.4702,-1.1014213562011719
29890,41.23667144775391,40.60329,-0.6333808898925852
7711,40.51843939887153,40.36578,-0.1526595221625442
49323,41.372955322265625,41.360172,-0.012783050537109375
6654,39.65632798936632,40.48444,0.8281118604871978
18044,42.72343953450521,42.518936,-0.2045033772786482
7504,37.11902533637153,37.4508,0.3317765129937058
40564,41.06235313415527,39.791763,-1.270589828491211
31783,38.692833794487846,38.785122,0.09228812323676294
2371,34.22131008572049,34.30086,0.07955127292208886
40988,41.715125189887154,40.78056,-0.9345656500922317
36947,38.96532185872396,39.296143,0.3308207194010393
4050,44.590050591362846,43.623,-0.9670494927300339
34974,42.32125854492188,42.28266,-0.038597106933600855
38965,39.44554985894097,40.103313,0.6577635871039504
38692,39.16363525390625,40.866833,1.7031974792480469
23097,40.93163384331597,41.380424,0.4487906561957473
1059,40.79823811848959,41.60035,0.8021113077799384
18442,46.57213338216146,45.178753,-1.3933804829915388
40812,41.35709635416666,41.36261,0.005513509114592807
20068,40.26587592230903,40.632706,0.36682976616753393
48423,41.93540785047743,42.727844,0.7924363878038179
913,40.75921630859375,40.445866,-0.3133506774902344
22920,43.69813028971354,43.001118,-0.6970125834147112
20242,42.12339613172743,41.24413,-0.879266950819229
30093,39.257843017578125,38.909542,-0.3483009338378906
50586,39.625274658203125,40.63088,1.0056037902832031
13633,40.123077392578125,39.790318,-0.3327598571777344
39447,41.96275160047743,42.12426,0.16150834825303662
12279,39.46415540907118,39.437325,-0.026830885145400885
30570,42.34660847981771,41.635136,-0.7114728291829451
21115,40.98670450846354,42.505985,1.5192807515462263
51912,45.13656107584635,44.578846,-0.5577150980631487
7441,43.64856974283854,43.585712,-0.06285730997721117
36077,36.318346659342446,37.57352,1.255174001057945
54279,39.57201131184896,39.40821,-0.16380055745442945
16936,42.31463623046875,43.035366,0.7207298278808594
8677,40.43677096896701,41.141678,0.7049068874783018
987,45.09639485677084,44.77678,-0.3196156819661553
43282,38.84811401367188,39.0652,0.2170867919921804
31778,39.18084377712674,38.59964,-0.5812038845486143
17346,39.61359659830729,39.220573,-0.39302317301432055
42163,39.78962537977431,39.800507,0.010881212022567865
17522,39.04165649414063,40.451134,1.4094772338867116
2731,42.37024943033854,41.24636,-1.1238886515299455
41642,40.53618367513021,42.257534,1.7213503519693987
52349,37.30132548014323,37.35921,0.05788548787435133
39479,50.73271687825521,49.80882,-0.9238980611165388
45692,41.75729115804037,42.060047,0.3027559916178362
51691,42.85142347547743,42.80598,-0.04544279310438526
19684,42.14950180053711,41.181065,-0.9684371948242188
9606,43.235375298394096,42.39068,-0.8446968926323777
45683,40.69085184733073,40.83141,0.14055760701497633
956,41.69272528754341,42.14644,0.4537133110894018
32644,44.65081787109375,44.0544,-0.5964164733886719
51915,45.25733439127604,44.596252,-0.6610819498697893
32125,39.393517388237846,39.333996,-0.05952156914604956
39149,42.86243693033854,43.08974,0.22730382283528883
41354,47.44257609049479,47.150875,-0.2917009989420549
36111,43.56824747721354,42.581676,-0.9865709940592424
9952,36.39717483520508,36.62333,0.22615432739257812
2482,43.22360229492188,42.598026,-0.6255760192871165
3254,38.900665283203125,38.756973,-0.1436920166015625
5764,42.691918267144096,43.060413,0.3684950934516067
27938,40.509124755859375,41.741257,1.2321319580078125
26436,40.74497477213541,40.73374,-0.011233011881500943
1896,43.70866902669271,43.38176,-0.3269093831380232
11296,39.25907728407118,38.72213,-0.5369474622938384
45968,38.53180948893229,38.708775,0.17696507771810133
50156,38.45062510172526,39.686512,1.235886891682945
51332,39.997833251953125,40.460285,0.4624519348144531
13703,38.82081773546007,39.118988,0.29817030164930713
44617,42.36645168728299,41.914364,-0.4520878261990049
22786,43.28170776367188,43.63789,0.35618209838866477
10484,42.61520385742188,41.906322,-0.7088813781738352
20027,41.83627997504341,39.276287,-2.559992896185989
45234,41.235748291015625,42.575413,1.3396644592285156
9630,37.39703369140625,37.03428,-0.36275482177734375
15384,42.48019409179688,42.185253,-0.29494094848633523
20070,40.27783457438151,40.236347,-0.04148737589517992
42367,36.50783348083496,36.908745,0.4009113311767578
13274,40.80308024088541,41.591053,0.7879727681477959
30723,42.62033081054688,41.896477,-0.7238540649414134
36545,41.823089599609375,42.33697,0.5138816833496094
3471,40.568946838378906,40.67218,0.10323333740234375
40694,41.01129913330078,40.483627,-0.5276718139648438
41921,47.169898139105904,45.033447,-2.1364508734809036
44024,38.76850382486979,39.991642,1.2231381734212263
51692,42.38999769422743,42.680992,0.2909944322374116
13883,47.99629380967882,47.23692,-0.759374406602646
1212,35.803076850043404,37.18983,1.3867539299858933
44609,40.69427151150174,40.793285,0.0990138583713076
18325,37.28081936306424,37.653625,0.37280612521701073
13554,39.71955362955729,39.79696,0.07740529378255445
9556,42.24150594075521,41.87939,-0.3621152242024763
1556,40.49830118815104,39.971977,-0.5263239542643205
48368,40.859474182128906,39.736916,-1.12255859375
11319,40.277262369791664,40.034576,-0.2426859537760393
48789,38.50702921549479,38.95403,0.4469998677571638
11843,43.22094387478299,42.816105,-0.40483898586697364
34519,40.22105577256944,39.586353,-0.6347024705674897
46253,41.97717624240451,43.0601,1.0829243130154111
32427,40.32170104980469,39.97382,-0.3478813171386719
37809,36.81624603271485,37.067596,0.25135040283202414
43828,40.105984157986114,40.5526,0.44661670260958886
42623,41.71171400282118,41.30079,-0.4109251234266509
33440,40.764912923177086,41.30853,0.5436159769693987
45285,41.6917724609375,41.806717,0.1149444580078125
423,41.84197658962674,42.136898,0.2949214511447451
30087,40.50001017252604,39.52479,-0.9752184549967424
52597,38.70764499240451,41.715286,3.0076412624783018
4828,34.2220696343316,34.620945,0.3988753424750371
27158,40.95233408610026,40.053658,-0.8986765543619768
48345,38.59751044379341,39.62009,1.02258004082573
25423,45.32113308376736,45.099247,-0.22188610500759154
34808,37.957305908203125,38.6829,0.7255935668945312
39614,42.32324473063151,41.638336,-0.684908548990883
3664,40.66503228081597,40.367756,-0.2972763909233933
32786,42.57115003797743,42.253277,-0.31787321302626026
12292,37.78022596571181,36.93803,-0.8421957227918853
25563,39.876495361328125,39.97373,0.09723281860351562
34132,41.97155380249024,40.231026,-1.7405281066894602
10907,41.90350680881076,41.33358,-0.569926791720917
23311,43.11956787109375,44.115444,0.9958763122558594
48404,38.99665323893229,38.831158,-0.16549555460611742
623,40.54757944742838,40.692837,0.14525731404622633
51005,43.38956366644965,43.989407,0.5998429192437129
19769,40.62933349609375,40.45311,-0.1762237548828125
30357,40.77136908637153,41.62543,0.8540619744194871
34523,38.82765367296007,39.224888,0.39723417494032276
37816,37.66228675842285,36.792072,-0.8702144622802734
24815,44.35468037923177,44.123104,-0.23157628377278883
28622,42.62090047200521,41.08259,-1.5383122762044295
10762,42.91619873046875,41.982708,-0.9334907531738281
34598,43.01510620117188,42.193993,-0.8211135864257884
24043,43.24790785047743,43.6207,0.3727929857042085
27458,41.33990478515625,40.74204,-0.5978660583496094
44656,41.87046305338541,41.20006,-0.6704012552897041
46147,39.43023872375488,40.958942,1.5287036895751953
36882,39.42475891113281,39.618317,0.1935577392578125
20796,42.56564331054688,42.531593,-0.034049987792975855
25603,41.407135009765625,41.0473,-0.3598365783691406
11168,36.80380588107639,37.25527,0.4514622158474353
21956,42.59051852756076,42.318596,-0.271922641330292
48283,42.76065741644965,43.01088,0.25022210015191604
29709,37.29961395263672,37.833683,0.5340690612792969
8474,41.17992146809896,41.329563,0.14964167277017992
18641,43.05669403076172,42.993107,-0.06358718872070312
51199,37.74909125434028,38.24575,0.4966591729058152
22054,39.78886244032118,40.234573,0.44571092393663037
28466,41.79004160563151,41.649677,-0.14036432902017992
39930,39.87052154541016,39.020737,-0.8497848510742259
10267,35.82282850477431,35.886192,0.06336381700303662
3982,42.377465142144096,42.33151,-0.04595650566948706
28909,42.420166015625,41.885468,-0.534698486328125
9681,42.75391642252604,42.29566,-0.4582583109537737
2546,41.997406005859375,42.473682,0.4762763977050781
10227,37.67987823486328,38.72744,1.0475616455078125
10034,43.92466566297743,43.898693,-0.02597257826063526
20724,40.67946116129557,40.459843,-0.21961847941080492
22792,43.86580064561632,43.632915,-0.232885148790146
30931,39.941928439670136,39.515003,-0.4269252353244326
37439,42.60419040256076,44.243465,1.6392750210232236
46350,36.40693155924479,36.947575,0.5406430562337263
22367,41.766682942708336,42.009857,0.2431742350260393
4317,43.668792724609375,44.05727,0.3884773254394531
40828,39.673800998263886,39.30873,-0.36506991916232323
31732,41.974144829644096,42.1606,0.18645392523871607
29971,37.07649061414931,38.39781,1.3213212754991304
2972,37.77491590711806,38.053143,0.27822664048936474
1590,44.52245076497396,44.468952,-0.05349858601888258
6491,40.025851779513886,39.68403,-0.3418231540256045
36478,43.12068345811632,41.96763,-1.1530549791124116
44982,40.836693657769096,41.60406,0.7673674689398879
22949,37.36817084418403,37.83749,0.4693192376030808
50328,41.55904134114584,40.765045,-0.7939961751302178
42227,39.73152414957682,43.172424,3.4409001668294295
31235,40.72731272379557,40.77227,0.0449574788411482
44860,39.51010810004341,39.692574,0.18246544731987058
7081,39.26169013977051,38.673374,-0.5883159637451172
43622,31.51727294921875,33.057255,1.5399818420410156
26427,39.92975870768229,40.17276,0.2430013020833357
39818,43.03105672200521,43.267464,0.23640696207682055
26942,44.57059733072917,44.780125,0.20952733357746922
50556,41.59407806396485,41.080513,-0.5135650634765696
12754,43.040551079644096,43.03852,-0.0020302666558151827
43633,38.87360636393229,38.51085,-0.3627573649088518
20977,40.71288045247396,40.531334,-0.18154652913411695
21312,41.10367838541666,40.673714,-0.42996470133462594
18992,42.057220458984375,41.87028,-0.18693923950195312
3920,34.03901841905382,34.42826,0.3892423841688384
388,41.61411878797743,41.93363,0.3195131089952241
7407,40.54786936442057,40.419483,-0.12838617960611742
9248,43.86504109700521,43.427494,-0.4375470479329451
3240,42.73521253797743,41.591774,-1.1434385511610259
24030,41.211527506510414,41.147015,-0.06451288859049242
32916,39.32051340738932,39.30144,-0.019072214762367423
44918,43.64601135253906,42.261646,-1.3843650817871094
19397,41.06199645996094,41.66211,0.6001129150390625
36705,42.52481757269965,42.46772,-0.05709754096136521
15539,40.66996595594618,39.95988,-0.7100851270887603
10930,39.34300740559896,40.10057,0.7575632731119768
12185,38.70698038736979,39.356133,0.6491521199544295
9520,38.942345513237846,39.488228,0.5458823310004348
24747,42.95044962565104,42.486977,-0.46347300211588305
2544,42.30929565429688,42.663174,0.35387802124022727
35010,45.29417588975694,45.677597,0.38342115614149463
14337,41.9347407023112,41.190315,-0.7444254557291714
18775,41.24308204650879,40.796223,-0.44685935974121094
23684,44.07658555772569,43.703545,-0.3730409410264741
29107,39.58720228407118,39.71827,0.13106706407334912
20031,39.81012980143229,39.32045,-0.4896799723307268
16394,41.236606174045136,41.397503,0.16089672512478614
30710,42.34689331054688,42.25943,-0.0874633789062571
37120,42.65621948242188,42.504585,-0.15163421630860086
10764,41.06313832600912,40.018326,-1.0448125203450545
52293,38.01313273111979,38.68546,0.6723264058431013
46381,38.57282511393229,38.758656,0.18583043416341383
37739,43.73430633544922,42.646976,-1.0873298645019531
15741,42.72305976019965,42.53458,-0.18847952948675584
8726,38.90636189778646,38.570747,-0.33561452229817945
25880,39.36323038736979,39.751976,0.38874562581380445
37789,40.58659934997559,40.977562,0.3909626007080007
49099,39.90621948242188,41.097225,1.1910057067871023
46255,42.97295125325521,43.625065,0.6521135965983049
8794,43.145843505859375,41.910145,-1.2356986999511719
39397,38.90170966254341,39.093227,0.1915177239311987
42589,45.84486558702257,44.98771,-0.8571565416124116
37742,43.39905802408854,43.527596,0.12853749593099195
18978,43.28056844075521,42.38091,-0.8996594746907576
27500,42.55738321940104,42.612743,0.05536015828450758
11119,42.82104153103299,43.24881,0.42776828342013573
38015,44.28290049235026,44.539547,0.2566464742024763
31477,39.86005592346192,39.826313,-0.03374290466309304
31614,42.69495646158854,43.36236,0.6674016316731795
26705,41.26138559977213,41.10203,-0.15935389200846117
24895,43.73743693033854,43.540527,-0.1969095865885393
50540,41.2049814860026,41.859787,0.6548055013020857
8256,40.88715744018555,40.250546,-0.6366119384765625
44537,30.508575439453125,30.648952,0.14037704467773438
47905,40.52336502075195,41.085377,0.56201171875
33707,40.46070692274306,41.32916,0.8684518602159272
42018,40.16143459743924,41.474926,1.3134913974338076
22742,41.36117214626736,41.043777,-0.31739468044704466
35551,39.89976671006944,40.086086,0.1863195631239165
28929,40.408582051595054,40.521122,0.11253992716471117
48554,39.93289438883463,39.755592,-0.1773020426432268
46712,39.40937296549479,39.24748,-0.16189448038736742
43231,41.00446128845215,39.90787,-1.0965900421142578
15281,38.430694580078125,37.956608,-0.4740867614746094
17305,41.137481689453125,41.921017,0.7835350036621094
25117,44.5523567199707,44.590496,0.03813934326171875
52961,38.468292236328125,38.393745,-0.07454681396484375
30952,42.42379760742188,42.42972,0.00592422485350852
7483,42.83395385742188,41.289295,-1.544658660888679
25481,38.46838717990451,39.305096,0.8367084927029111
37820,39.386016845703125,39.290718,-0.09529876708984375
5809,42.73787095811632,43.179443,0.44157240125868213
47737,43.06509399414063,43.210518,0.14542388916014914
47439,41.63728502061632,42.240505,0.6032201978895415
34241,40.24137878417969,40.218204,-0.023174285888671875
46026,40.54302215576172,40.83842,0.2953987121582031
7560,39.60011461046007,40.257256,0.6571409437391509
38230,40.89441596137153,41.58705,0.6926354302300339
7079,39.53099568684896,38.804096,-0.7268994649251326
37069,40.12131881713867,39.760193,-0.3611259460449219
22243,45.25770738389757,45.549725,0.292017194959854
11063,44.16355387369792,42.20699,-1.9565645853678433
35328,43.820902506510414,43.016193,-0.8047091166178362
39809,44.536974589029946,44.551376,0.014401753743491952
9960,38.97187296549479,38.62606,-0.34581247965494555
50476,42.70428276062012,42.953346,0.24906349182128906
32070,42.41126166449653,42.862614,0.45135201348198706
52127,39.41735331217448,39.964993,0.5476392110188826
35521,44.61929321289063,44.307457,-0.31183624267578836
21013,41.95515611436632,42.700188,0.7450315687391509
21332,42.78239949544271,41.795273,-0.9871266682942732
39295,41.72881062825521,41.416836,-0.3119748433431013
4257,38.189727783203125,39.65371,1.4639816284179688
44957,41.015279134114586,40.789677,-0.22560246785482008
41172,36.66518825954861,37.337536,0.6723475986056897
41570,40.79880777994792,40.766903,-0.03190485636393703
29615,40.57719930013021,41.083706,0.5065066019693987
2771,42.51532321506076,43.354687,0.8393635219997861
3935,40.33879089355469,41.06053,0.72174072265625
46420,38.169884575737846,38.208164,0.03827963935004419
25243,41.7203369140625,41.367733,-0.3526039123535156
4455,41.40836588541666,41.812824,0.40445836385092093
5615,40.60767618815104,40.98401,0.3763326009114607
38162,38.04911634657118,39.025352,0.9762361314561616
43053,38.63928561740451,38.751232,0.11194652981228614
28371,41.45879109700521,41.071617,-0.38717397054036695
6174,37.58930460611979,38.621925,1.032620747884117
29580,42.24720255533854,42.239594,-0.007609049479164298
19633,40.14247131347656,40.27523,0.13275909423828125
10687,38.87759399414063,39.80986,0.9322662353515554
43180,41.86627875434028,41.429337,-0.43694220648871607
26559,41.10245259602865,40.9207,-0.1817525227864607
36310,37.84669325086806,37.41925,-0.42744276258680713
34393,40.71242904663086,41.14257,0.4301414489746094
29136,41.722259521484375,42.156487,0.43422698974609375
37564,41.24153984917535,40.614086,-0.6274536980523067
20710,40.68337821960449,40.528286,-0.1550922393798828
40311,36.93635389539931,37.719433,0.7830789354112397
15928,36.974331325954864,37.346184,0.3718524509006045
45432,37.85106404622396,38.847225,0.9961611429850237
27638,40.840962727864586,40.33437,-0.5065930684407576
7148,42.50383504231771,41.715874,-0.787961324055992
25178,37.50840504964193,37.555748,0.0473429361979143
1716,39.9861577351888,40.0361,0.04994074503581203
42215,42.27141316731771,42.400387,0.12897364298502367
27888,39.816113789876304,39.54443,-0.2716840108235701
30670,42.56051635742188,41.500793,-1.059722900390632
35230,43.414581298828125,44.036148,0.6215667724609375
7978,40.65987777709961,41.03908,0.37920379638671875
19506,39.34870402018229,39.407692,0.05898793538411695
37065,40.20719146728516,39.755108,-0.4520835876464915
21140,40.88715744018555,39.660744,-1.2264137268066406
29329,42.56659274631076,41.913013,-0.6535792880588076
22618,43.6181640625,42.423447,-1.1947174072265625
48261,40.988505045572914,40.86209,-0.1264139811197893
51777,39.54751586914063,39.18347,-0.3640441894531321
36268,40.586039225260414,39.324383,-1.2616564432779924
49118,38.00810072157118,38.286003,0.2779023912217866
21964,41.98667738172743,41.540817,-0.44586012098524463
10149,42.49187215169271,42.69618,0.20430628458658617
17006,43.17518107096354,41.759922,-1.4152590433756487
7730,40.46668497721354,41.277985,0.8112996419270857
46925,40.733009338378906,40.164772,-0.5682373046875
16053,40.59999338785807,40.032608,-0.567385355631508
27412,41.18000623914931,41.458122,0.2781160142686616
25869,42.45645819769965,40.75382,-1.7026396857367558
10031,43.33943345811632,42.352257,-0.9871766832139741
26522,41.72994995117188,41.759933,0.029983520507805395
47093,42.19678751627604,42.359962,0.16317494710286695
46501,41.388522677951386,42.083008,0.6944851345486143
12246,37.79884507921007,39.105267,1.306421491834854
35079,41.74418385823568,41.254635,-0.4895490010579451
48390,37.91087849934896,39.85864,1.9477602640787737
45838,39.15236070421007,39.34,0.18763944837782276
25453,42.43784925672743,42.12474,-0.31310865614149463
42454,40.856201171875,39.855316,-1.000885009765625
8891,41.6558837890625,41.29693,-0.35895538330078125
31086,44.5930913289388,44.10228,-0.49081166585285985
44291,36.86239369710287,36.108517,-0.7538770039876326
49751,38.85594685872396,39.415882,0.5599352518717424
41358,47.23256089952257,47.12749,-0.10506990220811474
22150,41.04747178819444,41.18443,0.136957380506729
44455,38.241661919487846,38.73039,0.48872672186957544
26518,41.31977674696181,41.734894,0.41511705186631787
23740,44.98920694986979,43.6992,-1.2900072733561174
49570,42.65749931335449,45.120388,2.462888717651367
20424,41.57536824544271,41.10054,-0.4748280843098982
40146,44.37007141113281,47.4055,3.0354270935058594
7835,37.52435557047526,37.534492,0.010136922200523202
7203,37.17315165201823,37.626797,0.4536450703938826
18175,39.88456556532118,40.445515,0.560949113633896
43443,41.52257283528646,40.282658,-1.239915211995445
26070,42.03813680013021,41.385105,-0.6530316670735701
36161,40.685157775878906,40.625034,-0.060123443603515625
31121,45.64984385172526,45.600548,-0.0492960611979143
38177,36.61923556857639,36.408516,-0.2107196384006116
49406,40.27726745605469,40.296642,0.019374847412109375
16846,38.24318101671007,39.09883,0.8556501600477446
28281,36.95666758219401,37.91903,0.9623616536458357
5068,37.86454603407118,38.028275,0.16372850206163037
31479,38.777618408203125,38.23079,-0.5468292236328125
19844,41.00616455078125,39.758816,-1.2473487854003906
47174,44.084554036458336,43.396553,-0.6880009969075545
46858,43.4771728515625,42.652805,-0.8243675231933594
2529,40.31373087565104,40.700645,0.38691457112630445
53459,42.69552612304688,42.325764,-0.369762420654304
15992,42.18938191731771,42.323307,0.13392512003580492
1147,38.22267320421007,37.919888,-0.3027856614854585
38014,43.95697784423828,44.492672,0.5356941223144531
24621,40.507423400878906,40.053623,-0.4538002014160156
29751,40.3217035929362,40.39916,0.07745488484700047
7177,41.53960418701172,41.742207,0.20260238647460938
18172,41.35966322157118,40.656887,-0.7027761671278228
11492,39.40823618570963,39.45234,0.0441029866536482
25050,42.18074205186632,41.33573,-0.8450105455186616
4052,44.1199696858724,43.887547,-0.23242314656575758
38043,44.92635599772135,45.050575,0.12421925862630445
35174,37.67730712890625,37.990948,0.3136405944824219
19671,39.96309153238932,39.877064,-0.08602778116861742
19322,42.76521470811632,39.99659,-2.7686250474717866
24696,40.30461120605469,40.417408,0.11279678344726562
20509,42.44734361436632,42.2733,-0.17404344346788037
51625,42.19842147827149,42.772667,0.5742454528808523
1934,43.963406032986114,42.982018,-0.9813885158962705
22906,43.532738579644096,43.404526,-0.12821282280815893
1304,44.78023274739584,44.727077,-0.05315526326498343
37655,41.80514526367188,41.86411,0.05896377563475852
9871,42.67608642578125,43.155987,0.4799003601074219
23868,40.41399129231771,39.6924,-0.7215894063313826
36248,38.415978325737846,41.464344,3.0483656989203567
13943,40.076446533203125,42.23863,2.162181854248047
50630,41.55790456136068,40.847607,-0.7102979024251326
49275,42.32581583658854,42.35265,0.026833852132163827
26631,44.55890909830729,44.03778,-0.5211283365885393
20294,41.09503936767578,40.895454,-0.1995849609375
46208,41.37104288736979,40.610477,-0.7605654398600237
22375,42.15869140625,43.260918,1.1022262573242188
26701,41.64070298936632,41.73874,0.09803602430555713
35575,40.3687981499566,39.951107,-0.41769112481011916
35562,40.18212127685547,40.545597,0.3634757995605469
41278,39.67227851019965,40.662666,0.9903878106011348
981,44.20399729410807,43.85291,-0.3510882059733049
19356,43.73022121853299,43.33499,-0.39522976345486427
21226,41.68171183268229,41.95466,0.27294667561849195
49709,41.90540568033854,40.76468,-1.1407267252604143
20877,43.07947794596354,42.735554,-0.3439242045084612
31552,41.3990364074707,41.567062,0.16802597045898438
3043,38.70612589518229,40.7336,2.027474721272789
36488,38.35445149739584,39.406216,1.0517641703287666
15603,36.05201212565104,36.255085,0.20307286580403883
16900,43.44918823242188,43.270557,-0.17863082885742898
18744,46.30296834309896,46.00044,-0.3025296529134138
10870,37.43305778503418,37.959785,0.5267276763916016
908,38.667388916015625,40.799034,2.1316452026367188
469,44.39655049641927,44.4863,0.08975092569986742
32652,43.080902099609375,43.835964,0.7550621032714844
25720,44.26685248480903,44.516304,0.24945153130425268
27119,41.322059631347656,41.365967,0.04390716552734375
8978,41.41036224365234,41.549397,0.13903427124024148
45079,41.57762908935547,41.63647,0.058841705322265625
37887,40.16817474365234,40.61966,0.45148468017578836
27268,40.883022732204864,40.61219,-0.270832485622833
19088,40.73377143012153,41.864674,1.1309021843804246
41974,42.04516262478299,42.891132,0.8459697299533389
15516,39.209991455078125,39.083153,-0.12683868408203125
11541,43.292816162109375,42.79312,-0.49969482421875
41364,48.24049207899306,47.61049,-0.6300031873914946
28035,41.43798573811849,41.59322,0.15523401896158617
11691,38.93028767903646,38.29404,-0.6362469991048201
32736,39.45038859049479,39.32111,-0.12927881876627367
25567,40.68933783637153,40.871407,0.18206871880425268
4558,37.82011244032118,38.748806,0.9286935594346772
18721,43.64705064561632,42.45366,-1.1933915879991304
37194,43.655120849609375,43.09144,-0.5636825561523438
21138,37.39931233723959,37.92164,0.5223261515299384
37671,43.23157755533854,42.392963,-0.8386141459147112
37390,41.63082546657986,42.86018,1.2293544345431897
6092,41.60632578531901,41.745926,0.13960011800130445
11958,43.60442097981771,42.33452,-1.2699025472005232
28481,39.497955322265625,38.968357,-0.5295982360839844
52307,42.91085815429688,43.022472,0.11161422729491477
27306,41.266797383626304,40.801178,-0.46561940511067945
4120,43.22891913519965,42.190426,-1.038493262396912
35324,38.21137491861979,38.495113,0.2837384541829451
44976,43.932651095920136,43.186016,-0.7466350131564639
46137,36.88403828938802,38.10359,1.2195498148600237
3620,34.30400594075521,34.130276,-0.17373021443685133
22491,43.00713094075521,42.84488,-0.1622517903645857
42486,38.150421142578125,37.83226,-0.3181610107421875
22719,42.75078328450521,42.892548,0.1417643229166643
51558,40.10208638509115,40.510986,0.4088999430338518
29212,41.91148206922743,41.24827,-0.6632139417860259
53103,38.640045166015625,39.09331,0.4532661437988281
40793,43.51147121853299,42.664864,-0.846607632107208
50568,39.12311808268229,38.896805,-0.2263132731119768
30472,41.66652086046007,40.83882,-0.8276994493272554
6979,39.83078956604004,39.660976,-0.1698131561279297
17633,36.67012278238932,38.117958,1.4478352864583357
6650,43.69727579752604,44.50594,0.8086636861165388
38411,41.52315521240234,40.454956,-1.0681991577148366
35081,40.85434722900391,41.17397,0.31962203979491477
13799,36.45479329427084,37.153534,0.6987406412760322
39686,36.88346862792969,36.932304,0.04883575439453125
38003,43.36345418294271,43.431526,0.06807200113932055
45502,40.6202155219184,40.222187,-0.39802847968206834
29079,42.59982299804688,40.244514,-2.355308532714851
16191,36.226915995279946,36.56909,0.34217580159505445
38547,44.51143391927084,42.9236,-1.5878346761067803
35588,40.76757134331597,41.60557,0.8380004035102004
3449,43.66309611002604,43.800056,0.13696034749349195
51408,39.41108703613281,39.494247,0.083160400390625
33609,38.86847941080729,39.636517,0.7680371602376326
38886,42.853607177734375,44.33027,1.4766616821289062
15395,47.44513956705729,47.818665,0.3735249837239607
16805,35.956878662109375,35.998314,0.04143524169921875
18848,38.70527140299479,39.019722,0.31445058186849195
46093,39.74319648742676,41.41359,1.6703929901123047
28770,39.73265584309896,39.67676,-0.05589421590169508
51711,41.32177480061849,41.701393,0.3796183268229143
4197,38.72929212782118,38.662037,-0.06725523206922901
51320,41.62512715657552,42.504692,0.8795649210611955
49280,39.95625305175781,38.81228,-1.1439743041992188
37095,44.867106119791664,44.597702,-0.2694040934244768
13612,41.73298475477431,42.937817,1.2048318650987397
23997,40.60578409830729,41.857113,1.251328786214195
48318,41.36649831136068,42.147354,0.780855814615883
5685,38.62267049153646,38.464436,-0.15823491414388258
31135,43.14878675672743,43.67973,0.5309427049424897
46415,39.227935791015625,40.07611,0.848175048828125
7205,37.41754659016927,37.69019,0.2726427714029924
23250,37.29145643446181,37.459503,0.16804673936631787
18891,40.33423360188802,40.94683,0.6125971476236955
42811,40.38740709092882,40.38022,-0.0071885850694428655
10917,41.20099131266276,41.14344,-0.0575510660807268
32557,40.71584892272949,41.977486,1.261636734008789
27882,41.73250579833984,42.17722,0.444713592529304
42384,36.48355102539063,37.822765,1.3392143249511648
8125,37.51424598693848,37.64656,0.13231468200683594
1289,44.77652994791666,44.8668,0.09026845296224906
19378,40.26397026909722,40.58784,0.32387076483832544
17146,37.38757133483887,37.573055,0.1854839324951172
18579,40.36347791883681,40.51773,0.15425279405381787
8055,41.29528299967448,42.032642,0.7373593648274763
17894,42.42920939127604,42.617046,0.18783696492513258
13865,41.25407918294271,41.060585,-0.19349416097005445
22710,42.774993896484375,43.70855,0.9335556030273438
12509,40.23539733886719,39.96963,-0.2657661437988281
8063,42.98918660481771,41.09007,-1.8991177876790388
23157,41.299655490451386,41.12047,-0.17918735080294823
34525,39.32401869032118,39.69154,0.36752107408311474
3218,40.29464213053385,41.419945,1.125302632649742
27137,41.9056879679362,41.164238,-0.7414499918619839
24905,39.83519744873047,39.75723,-0.07796859741210938
42019,39.19755384657118,40.006557,0.8090036180284272
44288,38.370880126953125,37.98584,-0.385040283203125
44158,43.29410362243652,40.96544,-2.328664779663086
13223,42.71290079752604,41.681786,-1.0311152140299455
17697,39.21274481879341,39.279175,0.06642998589408933
15849,40.64566379123264,40.46297,-0.1826930575900647
46693,41.63385687934028,41.811268,0.17741097344292456
48162,40.94464365641276,41.13174,0.18709691365560133
12812,41.79412163628472,40.32817,-1.465950859917534
21154,43.97556898328993,44.006104,0.030534532335067865
22635,33.68705749511719,35.155422,1.4683647155761719
1615,43.42291259765625,43.517155,0.09424209594726562
28551,42.36189439561632,42.013924,-0.3479707505967866
34355,38.45490519205729,39.233997,0.7790921529134138
51054,42.26543172200521,41.322483,-0.9429486592610701
10842,38.273468017578125,38.607677,0.3342094421386719
8167,36.71722073025174,37.07296,0.3557391696506045
42617,42.356957329644096,42.426765,0.06980811225043482
11298,40.77820502387153,41.076992,0.2987870110405808
12266,42.02360534667969,41.78385,-0.23975372314453125
41343,46.168050130208336,47.2748,1.1067492167154924
48285,42.78724161783854,42.32345,-0.46379343668619555
43564,41.13900078667535,41.58817,0.4491683112250371
32906,44.07847425672743,44.29294,0.21446397569444287
15033,38.62561374240451,39.433765,0.8081516689724424
10257,37.29193369547526,37.35962,0.06768544514974195
14720,35.44038560655382,35.778065,0.33767912122938526
52345,38.75091171264648,37.81785,-0.933063507080071
41948,42.57608710394965,42.921917,0.3458298577202754
45211,38.5667724609375,37.493206,-1.0735664367675781
12952,39.69201999240451,40.390503,0.6984829372829893
42487,37.33607482910156,38.165684,0.8296089172363281
47164,41.39269341362847,41.662636,0.2699423895941848
17050,38.999786376953125,39.535072,0.5352859497070312
26955,41.73564656575521,42.07623,0.3405825297037737
51921,43.46001180013021,41.998783,-1.461228688557945
2633,42.02047220865885,40.992012,-1.0284601847330705
47296,42.985863579644096,41.686775,-1.2990883721245652
45054,41.2850341796875,40.473934,-0.8111000061035156
4881,41.53056504991319,41.941593,0.41102812025282276
53837,41.37617492675781,39.925255,-1.4509201049804688
28106,40.712124294704864,40.49522,-0.2169041103786924
16185,39.50621541341146,39.399376,-0.10683949788411695
6284,39.59907023111979,39.029854,-0.569216410319008
4342,42.41226196289063,42.861683,0.449420928955071
19258,41.09874131944444,41.675243,0.576502058241104
17054,40.025464375813804,40.024406,-0.0010579427083357018
30912,38.13019816080729,37.663857,-0.46634165445963305
41215,37.4327392578125,38.308872,0.8761329650878906
45882,43.32538180881076,42.534992,-0.7903895907931826
13913,41.79659525553385,42.969032,1.1724370320638045
45786,38.29710896809896,38.091396,-0.20571263631185133
41968,47.23559909396701,46.99416,-0.2414393954806826
28623,42.49215698242188,41.05141,-1.440746307373054
39203,44.27824910481771,44.5477,0.2694498697916643
29061,41.15769958496094,40.947124,-0.21057510375976562
38631,41.43409220377604,42.75517,1.3210767110188826
3047,41.06427256266276,41.486168,0.4218953450520857
43223,37.117034912109375,38.3212,1.2041664123535156
48396,40.15802001953125,40.39913,0.24111175537109375
30338,37.93822224934896,38.392372,0.45414988199869555
44468,43.71161227756076,43.163506,-0.548106723361542
22419,42.21416219075521,41.984314,-0.2298482259114607
34624,43.47653198242188,43.47156,-0.00497055053711648
50974,39.43833075629341,40.103348,0.6650170220269018
19095,41.03522491455078,40.98102,-0.054203033447265625
34752,43.19663831922743,42.477043,-0.7195951673719634
10874,46.130455864800346,45.76677,-0.36368645562065893
46369,37.06243557400174,36.505295,-0.5571407741970518
5089,37.48439195421007,38.687122,1.2027303907606353
16223,35.92326863606771,36.097923,0.17465464274088305
12454,42.79122924804688,42.83147,0.04024124145507102
46291,40.683627658420136,40.98947,0.30584377712673927
36871,37.2865161895752,38.633583,1.3470668792724538
33367,40.2407341003418,41.25343,1.0126953125
651,40.70880126953125,41.645634,0.9368324279785156
13141,40.39234754774306,40.6681,0.2757509019639741
28027,41.112548828125,41.418087,0.3055381774902344
47092,42.697662353515625,42.286854,-0.4108085632324219
33792,41.26081848144531,40.353462,-0.9073562622070312
32191,42.34214613172743,42.708645,0.36649873521592724
23606,43.75680541992188,43.812428,0.05562210083007102
34737,43.02877807617188,41.33021,-1.6985664367675852
19485,41.262430826822914,41.68709,0.4246610005696638
7498,38.94158596462674,38.497063,-0.4445232815212705
39923,42.60153198242188,42.986168,0.38463592529296164
26133,40.0203374226888,40.565456,0.545118967692062
367,42.55557929144965,43.075336,0.5197571648491817
40508,41.24657694498698,40.415947,-0.830629984537758
41017,43.84985012478299,43.98635,0.13650088840060448
7376,40.976826985677086,41.72536,0.7485338846842424
14044,36.745327419704864,36.598907,-0.14641994900173927
53511,44.07781473795573,44.20741,0.12959416707357008
2922,40.573506673177086,41.504284,0.9307772318522112
52800,39.04051717122396,39.722656,0.6821390787760393
36239,42.95230102539063,42.464733,-0.48756790161133523
46601,43.12647501627604,43.082233,-0.04424158732096117
37685,42.024749755859375,42.33941,0.31465911865234375
29637,43.65825398763021,43.503986,-0.15426762898763258
52016,41.21040344238281,41.986984,0.776580810546875
41917,40.175872802734375,42.38611,2.210235595703125
48374,40.48150634765625,39.913036,-0.5684700012207031
52992,38.53636678059896,38.63829,0.1019236246744768
17363,40.223714192708336,40.176395,-0.04731877644857008
45631,43.54033406575521,44.651222,1.1108881632486955
3361,39.90597724914551,40.013695,0.10771751403808594
49302,37.31690809461806,37.752224,0.43531587388780224
51491,38.19428507486979,37.797596,-0.3966890970865862
8787,40.19466908772787,38.660343,-1.5343259175618513
52955,36.55989074707031,36.97747,0.41757965087890625
43185,41.80286661783854,41.293068,-0.509798685709633
11064,43.22844441731771,42.382683,-0.845761617024742
37133,40.564674377441406,40.315594,-0.24908065795898438
50264,39.7298100789388,38.521385,-1.2084248860677036
17698,38.318756103515625,38.70918,0.3904228210449219
15573,38.89269002278646,38.987946,0.0952555338541643
44559,40.9665781656901,40.530235,-0.43634287516275805
36866,42.03528849283854,41.267082,-0.7682062784830705
50477,41.5977783203125,41.09799,-0.4997901916503906
1683,42.56165568033854,41.32753,-1.2341257731119768
51366,37.15064748128256,38.219093,1.0684458414713447
26986,39.4921932220459,39.326584,-0.16560935974121094
6886,41.745137532552086,41.750988,0.005850474039711173
40257,37.70314195421007,38.162804,0.4596616956922759
26590,41.85641140407986,41.464115,-0.39229626125759154
28352,39.76722208658854,39.753273,-0.013949076334633048
44888,38.63947550455729,38.155437,-0.4840380350748674
30478,41.53815375434028,41.336258,-0.20189581976996607
21916,40.39538235134549,40.159042,-0.23633999294705177
4293,43.226165771484375,42.962257,-0.26390838623046875
34805,37.94505818684896,37.534946,-0.4101117451985701
19791,40.38721466064453,40.95774,0.570526123046875
43879,39.64075385199653,40.44935,0.8085945977105027
17636,39.33531697591146,39.292423,-0.04289372762044508
38080,39.186920166015625,38.352753,-0.83416748046875
31565,44.92635345458984,43.704247,-1.222106933593743
40935,40.59999084472656,39.79666,-0.8033294677734375
29347,44.3595208062066,43.17841,-1.181111229790588
17728,36.977745903862846,37.229183,0.25143729315863794
35155,38.013916015625,38.235615,0.22169876098632812
43887,38.28153822157118,39.3793,1.0977609422471772
40869,37.79124196370443,37.727962,-0.06327946980794508
25582,40.91606648763021,41.88954,0.9734751383463518
46965,38.632354736328125,37.640778,-0.9915771484375
33,41.53663804796007,41.69656,0.1599218580457915
9385,39.31794230143229,38.831844,-0.4860979715983049
38505,40.35436672634549,39.161816,-1.1925510830349424
52497,39.33930460611979,39.227394,-0.11191050211588305
31124,45.18897501627604,43.45246,-1.736513773600258
47336,40.290554470486114,39.829327,-0.4612278408474424
45612,39.79493882921007,39.958706,0.1637670728895415
25181,41.98372904459635,41.804886,-0.1788431803385393
13191,41.04443698459201,39.19967,-1.844768100314667
34804,36.97129652235243,37.20146,0.23016526963975537
36954,38.309356689453125,39.33989,1.0305328369140625
11548,44.10693359375,44.0511,-0.0558319091796875
23527,43.01959228515625,41.843475,-1.176116943359375
33400,42.1065673828125,42.321003,0.21443557739257812
42026,40.6595204671224,40.878155,0.21863428751627367
34784,40.10180155436198,40.138733,0.0369313557942732
1369,43.23119778103299,42.727634,-0.5035633511013486
5340,41.76954142252604,40.353607,-1.4159342447916643
30881,40.74174329969618,41.016354,0.27461030748155224
41842,40.81656222873264,40.731915,-0.08464770846897096
21600,39.081817626953125,39.974407,0.8925895690917969
19071,40.25960540771485,40.066826,-0.1927795410156321
30844,43.00067477756076,42.93793,-0.0627437167697451
788,40.56410471598307,40.78411,0.2200063069661482
20209,43.34285142686632,43.723503,0.3806516859266509
41134,36.92951795789931,37.685024,0.7555063035753022
52036,37.85997517903646,36.92731,-0.9326642354329451
50901,37.94391886393229,37.997597,0.05367787679036695
44598,41.45479583740234,41.523895,0.06909942626953836
10495,42.77432929144965,43.00018,0.2258499993218379
8630,43.38453165690104,42.85529,-0.5292421976725237
15934,37.025980631510414,37.003803,-0.022177378336586173
4079,38.77391560872396,38.043606,-0.7303098042806013
17213,43.31133015950521,42.686333,-0.624997456868492
50690,40.46156311035156,40.509216,0.0476531982421875
29266,40.58793470594618,40.5435,-0.04443571302626026
50323,40.92936537000868,40.113483,-0.815881941053604
17584,41.27875773111979,41.46853,0.18977101643880445
42135,38.99171617296007,38.350872,-0.640844133165146
41483,37.448020935058594,37.664745,0.21672439575195312
27172,40.71969223022461,40.63761,-0.08208084106445312
4969,39.46339586046007,40.058723,0.5953275892469634
37005,41.32148742675781,41.80832,0.4868316650390625
8184,41.8817621866862,41.69303,-0.1887308756510464
20855,44.38649156358507,44.494564,0.10807249281141651
43855,43.04358927408854,40.344128,-2.6994616190592424
23166,40.29815334743924,40.207184,-0.09096950954861427
26274,40.88715744018555,40.880463,-0.006694793701171875
26759,40.15677897135416,40.315166,0.15838750203451468
24008,41.67839558919271,40.96924,-0.7091573079427107
43242,39.17381795247396,39.134743,-0.03907521565755445
18606,41.74058024088541,42.17409,0.43351109822592093
34450,43.46475897894965,42.075165,-1.3895941840277715
25138,43.841400146484375,42.822124,-1.0192756652832031
8426,38.15355428059896,38.331314,0.1777598063151018
49914,36.41547648111979,36.62492,0.20944341023763258
46563,38.61687893337674,37.586784,-1.0300945705837705
16992,40.27555592854818,40.263714,-0.011842091878257577
51763,38.37648179796007,39.16876,0.7922765943739165
15685,41.86172824435764,41.866096,0.004368252224388414
38433,41.34294297960069,38.820885,-2.522058275010849
2002,39.85988023546007,39.377216,-0.48266389634873974
2957,39.904317220052086,39.621525,-0.2827924092610701
52421,41.57471211751302,41.56249,-0.012223561604820077
50079,41.67952219645182,41.749363,0.06984074910482008
51762,38.45319620768229,39.219563,0.7663663228352888
5041,42.77888658311632,42.824062,0.04517576429579151
6657,36.87483384874132,37.357014,0.48217985365126026
45800,41.2180913289388,41.459263,0.24117151896159328
6136,42.93756103515625,42.52453,-0.41303253173828125
46891,39.3939208984375,40.467693,1.0737724304199219
51932,37.98341539171007,38.508896,0.5254804823133696
16651,41.53588528103299,41.191525,-0.3443607754177549
53967,39.40719265407986,40.040382,0.6331897311740491
29878,42.49151039123535,40.965836,-1.525674819946289
35645,42.06803894042969,41.993153,-0.07488632202148438
31812,39.10688273111979,38.797714,-0.3091684977213518
4256,38.04702758789063,38.6536,0.6065711975097585
36318,38.78075154622396,40.331184,1.5504328409830705
27778,41.5165032280816,41.54318,0.026675330268005837
18537,38.39926825629341,38.18418,-0.21508704291450442
32213,40.00154368082682,39.9434,-0.05814234415689867
20918,40.317525227864586,40.52395,0.20642344156900805
31975,41.08317057291666,41.674534,0.5913632710774834
48923,42.07174682617188,42.546223,0.474475860595696
10807,40.2939395904541,39.942406,-0.3515338897705078
34416,44.51049041748047,44.16557,-0.3449211120605469
6788,37.07658894856771,37.87097,0.7943827311197893
35695,39.31528388129341,39.52555,0.21026696099174558
39392,38.53636678059896,38.251167,-0.28519948323567945
24656,39.62328423394097,39.393234,-0.23004998101128393
39980,31.593970404730904,32.911457,1.3174866570366746
7466,40.70984564887153,40.373302,-0.3365431891547317
9592,40.225616455078125,40.35644,0.13082504272460938
25734,43.71844821506076,43.966454,0.24800533718533302
48740,42.34717814127604,41.840683,-0.5064951578776018
6806,39.675689697265625,39.90438,0.22869110107421875
31568,42.95899454752604,42.04449,-0.9145037333170549
16783,41.37219577365451,41.766144,0.39394802517361427
33727,43.15182495117188,43.232574,0.0807495117187429
46173,41.903394063313804,42.397896,0.4945017496744768
20779,40.10700988769531,40.374786,0.2677764892578125
49080,38.68846638997396,38.5541,-0.13436635335286695
21214,40.890238444010414,40.8916,0.0013631184895857018
47714,41.6533203125,41.901085,0.24776458740234375
19254,42.20846557617188,42.539757,0.33129119873046164
12032,42.777367485894096,41.98017,-0.7971962822808152
7310,44.94476996527778,44.727486,-0.21728430853949732
35304,43.79981486002604,43.168427,-0.6313883463541643
32863,42.44962226019965,42.24575,-0.2038718329535527
11188,39.83595445421007,39.582623,-0.253331926133896
13480,37.80562782287598,38.99765,1.1920223236083984
29940,44.56660461425781,43.89881,-0.6677932739257812
31270,40.606163872612846,40.469467,-0.13669670952690893
52980,40.84314303927951,40.776123,-0.06701999240451073
45915,39.696484883626304,39.26698,-0.4295056660970076
41920,47.788550482855904,46.856503,-0.9320479498969192
2296,40.69237603081597,40.64087,-0.05150689019097143
23511,42.61805216471354,44.17746,1.5594075520833357
25569,41.72026570638021,41.466644,-0.2536214192708357
10166,41.78083631727431,40.5565,-1.2243368360731353
14645,39.32478502061632,38.84209,-0.48269441392686474
4275,41.993988037109375,41.499516,-0.4944725036621094
11867,41.124182807074654,42.235916,1.111733330620659
8688,39.29515584309896,39.841644,0.5464884440104143
45184,39.22344970703125,40.041676,0.8182258605957031
48294,42.05294799804688,42.19525,0.1423034667968679
40604,38.41275024414063,37.64435,-0.7684020996093821
44556,40.01008605957031,39.456173,-0.5539131164550781
45701,39.28832244873047,38.719955,-0.5683670043945312
25090,39.15594291687012,40.089504,0.9335613250732422
48865,40.47978401184082,40.576424,0.09663963317871094
16366,42.65849812825521,42.110634,-0.5478642781575545
49261,43.46134101019965,44.323208,0.8618668450249629
52276,42.50390625,41.958878,-0.5450286865234375
11729,42.00025431315104,41.916214,-0.0840403238932268
38966,38.35141669379341,39.64477,1.2933548821343237
53185,41.09397315979004,41.368443,0.27446937561035156
36736,45.10352240668403,44.50406,-0.5994635687934036
5912,40.24165852864584,40.705814,0.4641558329264228
46193,43.9772694905599,43.408722,-0.5685475667317732
7187,42.082855224609375,41.792793,-0.29006195068359375
39338,36.03920237223307,36.82098,0.7817776997884138
3515,44.83605702718099,44.0203,-0.8157552083333357
733,40.8673095703125,41.02769,0.16038131713867188
9778,39.151458740234375,39.971546,0.8200874328613281
32074,38.84436374240451,38.969368,0.12500423855252052
27101,39.96935272216797,40.260197,0.2908439636230469
41014,39.65215386284722,40.08467,0.43251715766059107
41245,40.85795762803819,40.103107,-0.7548501756456147
36562,40.3517083062066,41.685074,1.333365546332459
23709,40.7355702718099,40.198925,-0.5366452534993513
26416,37.13612196180556,38.573395,1.4372728135850679
49629,41.63936106363932,41.23814,-0.4012209574381487
28189,39.64340888129341,39.456085,-0.18732367621528567
5569,38.29445054796007,39.92483,1.6303808424207915
9505,38.94158596462674,38.99488,0.05329471164279198
7848,34.10889689127604,34.26822,0.1593221028645857
35297,42.82398478190104,42.158463,-0.6655222574869768
10346,42.12016805013021,42.995655,0.8754870096842424
24443,38.61811319986979,38.261436,-0.35667673746744555
34471,42.24530368381076,42.432762,0.18745846218533302
10192,42.151879204644096,41.872837,-0.2790421379937058
5884,40.812764485677086,41.105236,0.2924715677897112
48701,39.478302001953125,41.546043,2.0677413940429688
46175,41.58667246500651,43.190186,1.603513081868492
13209,37.23296780056424,36.956326,-0.2766422695583799
26886,42.643402099609375,42.095158,-0.5482444763183594
14924,40.52109018961588,41.110188,0.5890973409016951
43787,40.235866970486114,40.947,0.711131625705292
25065,37.19232855902778,37.218815,0.026486290825737058
11193,43.00257364908854,43.17982,0.17724736531575758
13336,39.651763916015625,39.823925,0.17216110229492188
34190,36.62940216064453,37.673275,1.0438728332519531
954,40.25077311197917,40.447193,0.19642003377278172
15273,40.51539611816406,40.2868,-0.22859573364257812
51853,40.130289713541664,39.887104,-0.24318567911783617
6906,37.39930894639757,38.345844,0.9465353224012603
12308,38.260650634765625,40.064407,1.8037567138671875
22606,45.86468124389648,45.001865,-0.8628158569335866
39942,38.78730265299479,39.443874,0.6565717061360701
27981,39.96850331624349,40.935028,0.966524759928383
53587,37.67541164822049,37.274498,-0.4009136623806455
31232,40.58546447753906,40.283405,-0.3020591735839844
3286,36.086402045355904,35.17461,-0.9117919074164504
5237,43.378265380859375,43.24861,-0.1296539306640625
38079,39.64293416341146,39.135742,-0.5071919759114607
37909,41.6476993560791,40.638912,-1.0087871551513672
14952,39.21692233615451,39.40732,0.19039577907986427
16953,41.37362162272135,41.01523,-0.3583933512369768
26217,41.88062540690104,41.702618,-0.17800776163736742
28140,40.63957977294922,40.9736,0.3340187072753906
37336,46.51098971896701,45.40061,-1.1103778415256045
53542,34.8338860405816,35.095787,0.2619010077582402
24800,43.51754760742188,43.650265,0.13271713256835227
33694,42.07744344075521,42.251656,0.17421213785807055
29599,41.76690483093262,42.283497,0.5165920257568359
39287,41.190460205078125,42.223385,1.0329246520996094
23203,43.19473944769965,41.95244,-1.242301093207459
9058,34.988311767578125,34.609924,-0.378387451171875
46135,39.20166015625,37.739773,-1.4618873596191406
1832,38.72169664171007,38.525997,-0.1956994798448335
36430,43.869605170355904,44.948097,1.0784920586480027
36423,44.17694091796875,43.848362,-0.3285789489746094
3980,42.92310587565104,42.83456,-0.08854548136392992
29564,40.12829844156901,41.239765,1.11146672566732
8269,36.76506890190972,36.582653,-0.18241585625542456
33893,37.11673482259115,35.169926,-1.9468091328938826
49411,40.81808471679688,40.231346,-0.5867385864257884
15419,44.22773912217882,41.966637,-2.261102464463974
6815,40.75522867838541,40.94695,0.19172032674154593
7119,41.48954264322917,41.458565,-0.030977884928390154
38632,43.49401516384549,43.11034,-0.38367504543728614
5355,41.04206085205078,40.70919,-0.3328704833984375
18053,41.75900014241537,41.79495,0.03594843546549242
43947,40.58640882703993,39.803326,-0.7830831739637603
455,39.493255615234375,40.42364,0.9303855895996094
51302,42.70891316731771,43.081333,0.3724199930826799
40355,42.27796427408854,41.745007,-0.5329577128092424
2145,42.94029066297743,41.92608,-1.0142118665907134
31365,39.61796400282118,40.947487,1.3295228746202241
21635,45.114061991373696,45.167114,0.05305226643880445
17446,37.83187188042535,37.324055,-0.5078171624077754
51262,40.338033040364586,39.73767,-0.6003621419270857
27808,43.294525146484375,43.487843,0.19331741333007812
12475,42.04376220703125,42.31985,0.2760887145996094
16356,40.59913889567057,40.38108,-0.2180582682291643
14991,37.82960679796007,38.261906,0.43229887220594776
24837,43.460961235894096,42.75876,-0.7022026909722214
45185,39.69705454508463,39.4513,-0.2457529703776018
5271,39.747467041015625,40.099552,0.3520851135253906
33494,42.98035685221354,43.17958,0.1992238362630232
41936,50.30613199869792,50.19864,-0.1074930826822964
34640,44.37357584635416,42.45001,-1.9235674540201728
33538,40.62249416775174,39.858997,-0.7634968227810361
32501,42.78980509440104,42.84576,0.05595525105794508
18960,41.63737996419271,42.280922,0.6435419718424455
27703,42.54418606228299,42.515415,-0.028770870632598644
25788,41.998070610894096,41.505394,-0.4926766289605027
52970,41.89742533365885,40.940002,-0.9574228922526018
32299,43.92657131618924,44.26534,0.33876758151583886
33371,42.06005859375,42.510475,0.45041656494140625
6051,40.22628021240234,40.79914,0.5728607177734446
34364,39.90413157145182,40.568146,0.6640141805013045
44879,34.54098256429037,36.0771,1.53611628214518
25199,44.03252919514974,43.62165,-0.4108784993489607
35519,44.22089640299479,43.78681,-0.43408457438150805
18093,42.95586140950521,42.800686,-0.15517552693685133
23774,40.92327880859375,40.903664,-0.01961517333984375
27069,39.36009724934896,39.724968,0.36487070719400805
10649,42.58814493815104,43.242004,0.6538594563802107
1394,41.79175821940104,41.970917,0.1791585286458357
53618,39.36351521809896,39.299957,-0.0635579427083357
24572,34.94629923502604,34.64322,-0.3030802408854143
16600,43.40133666992188,41.93101,-1.4703254699707102
48103,40.20548841688368,39.67992,-0.525568220350479
30048,43.46513875325521,42.510643,-0.954495747884117
39074,38.62865193684896,39.244396,0.6157442728678362
39563,41.62141799926758,41.536102,-0.08531570434570312
52846,32.80510457356771,33.482582,0.6774775187174455
23861,41.41206868489584,40.66152,-0.7505505879720147
51338,39.04991658528646,39.96143,0.9115130106608049
6594,36.81510416666666,36.430687,-0.38441721598306344
18392,41.07026163736979,40.659557,-0.4107042948404924
19955,44.28470526801216,44.04052,-0.24418555365669192
6151,37.02417945861816,38.793434,1.7692546844482493
19996,42.64102851019965,42.86769,0.22666252983941604
46950,38.18317667643229,39.0051,0.8219235738118513
16227,36.6328125,36.771973,0.13916015625
40927,40.165612114800346,40.432358,0.26674567328559107
30602,38.013702392578125,38.177956,0.16425323486328125
25152,41.68750254313151,40.882072,-0.8054300944010393
47944,40.3195686340332,39.78291,-0.5366592407226562
13929,42.71166653103299,42.04695,-0.6647152370876768
19774,39.4827880859375,39.803146,0.3203582763671875
9702,41.28958384195963,41.264374,-0.025210062662758048
14156,40.60340881347656,40.5774,-0.02600860595703125
52490,40.33053843180338,40.150913,-0.17962519327799242
44890,38.38787502712674,38.568596,0.18072085910372948
48373,39.665066189236114,38.974327,-0.6907391018337705
38055,43.39905802408854,42.72845,-0.6706072489420549
51235,42.27302720811632,42.01552,-0.25750901963975537
28439,41.3032480875651,41.15053,-0.15271631876627367
3681,41.33174641927084,40.50881,-0.8229382832845147
13833,39.14647420247396,39.894104,0.7476298014322893
41031,42.20875040690104,42.243416,0.03466542561849195
43222,38.53024291992188,38.193047,-0.33719635009766336
23224,43.05802069769965,43.24275,0.1847275627984004
36340,38.28229777018229,38.866486,0.5841878255208357
40411,44.66107177734375,44.604885,-0.056186676025390625
8467,40.42424519856771,39.206005,-1.2182401021321638
51937,40.02660115559896,40.264572,0.2379709879557268
14056,39.700764973958336,40.341385,0.6406199137369768
38111,38.35217624240451,38.90162,0.5494427151150205
44007,40.787699381510414,39.89641,-0.8912874857584612
19974,42.18424987792969,42.222656,0.0384063720703125
2744,41.53512234157986,42.871834,1.336711459689674
17679,40.652119954427086,41.194687,0.5425669352213518
1697,42.91598510742188,42.023254,-0.8927307128906321
21619,42.49044799804688,41.036842,-1.4536056518554759
20827,43.34344482421875,43.20339,-0.14005661010742188
9894,41.03208923339844,40.269127,-0.7629623413085938
3489,39.97049458821615,40.680473,0.7099787394205705
9261,42.25631713867188,41.954292,-0.30202484130860086
42879,40.51282755533854,41.17072,0.6578915913899763
3830,41.45385064019097,42.685596,1.2317458258734817
48970,38.95563761393229,39.467728,0.5120900472005232
33809,43.751488579644096,43.503452,-0.2480362786187058
13434,36.68237559000651,37.33409,0.6517155965169295
11912,39.65480211046007,40.09304,0.4382383558485259
40393,41.36914740668403,40.486427,-0.8827200995551223
34487,36.03512573242188,35.717506,-0.31761932373047586
6093,42.04611206054688,41.681324,-0.364788055419929
21290,40.40686543782552,41.058247,0.6513811747233049
14074,38.84360419379341,40.297287,1.4536827935112768
2680,33.956085205078125,33.831047,-0.12503814697265625
17296,40.826436360677086,40.883522,0.05708567301432055
33249,43.86418914794922,43.884586,0.020397186279296875
40167,41.23489888509115,40.617474,-0.6174252827962263
45676,42.14010620117188,41.14307,-0.9970359802246165
1527,39.61844889322917,40.119854,0.5014050801595005
30374,41.49210357666016,41.56186,0.06975555419921164
49635,40.09439849853516,41.104496,1.0100975036621023
23529,39.662027994791664,38.043697,-1.61833063761393
14787,45.62932332356771,46.693176,1.0638529459635393
43006,37.67541842990451,37.40651,-0.26890903049044823
24318,40.75152587890625,40.3507,-0.40082550048828125
28971,42.48047637939453,42.0528,-0.4276771545410156
14775,40.31258646647135,40.984707,0.6721204121907576
6881,40.62591044108073,40.94302,0.3171094258626326
51089,42.65280151367188,41.97278,-0.6800231933593821
26513,41.78729248046875,41.47632,-0.31097412109375
382,44.71956041124132,43.6048,-1.1147592332628022
23922,41.94832017686632,41.54993,-0.39838960435655224
5767,41.933129204644096,42.148308,0.21517859564887232
26605,38.43724568684896,39.17356,0.7363154093424455
13199,35.920135498046875,36.04441,0.12427520751953125
35417,41.82982042100694,39.795918,-2.0339029100206147
52391,40.48520151774088,39.21953,-1.2656733194986955
12499,39.19503784179688,39.57188,0.37684249877928977
4600,44.93109809027778,44.340496,-0.5906020270453567
28593,40.587178548177086,41.707443,1.1202646891276018
15606,37.41896057128906,38.196518,0.777557373046875
29064,42.04725138346354,41.46189,-0.585360209147133
40963,42.63685099283854,41.900368,-0.736483256022133
37103,44.200294494628906,44.13466,-0.06563568115234375
5744,42.53602091471354,42.746,0.20997746785482008
28204,40.74592420789931,40.16773,-0.5781957838270415
51855,40.54388427734375,39.962208,-0.5816764831542969
34461,37.35914357503256,36.576805,-0.7823384602864678
34556,40.07407972547743,40.659435,0.5853555467393647
51547,40.57037162780762,40.556084,-0.014287948608398438
11678,40.80878194173177,40.54045,-0.2683308919270857
35348,39.16831122504341,39.847298,0.6789864434136206
4832,34.005218505859375,34.197735,0.19251632690429688
40340,40.640157063802086,41.2014,0.5612436930338518
10630,40.62868881225586,41.648083,1.0193939208984375
17837,43.537200927734375,44.159595,0.6223945617675781
18732,46.29841105143229,46.072563,-0.22584788004557055
7575,44.34205457899306,42.66033,-1.6817228529188384
12365,38.45148722330729,39.70233,1.2508443196614607
33959,40.45671844482422,40.874443,0.417724609375
41787,37.6539560953776,38.111526,0.4575703938802107
52889,44.73465474446615,43.829002,-0.9056523640950545
8905,37.57492065429688,38.09907,0.5241508483886648
32738,38.84892103407118,39.548607,0.6996858384874116
53851,34.58855183919271,37.125507,2.5369555155436174
23845,39.552266438802086,38.739574,-0.8126920064290388
41442,38.495635986328125,38.089542,-0.4060935974121094
16723,38.87892320421007,38.96319,0.08426496717665088
22288,42.06794908311632,42.39284,0.32489225599501026
5230,44.014442443847656,43.715645,-0.298797607421875
41701,42.52747599283854,42.310375,-0.21710077921549242
10518,42.44544474283854,42.251335,-0.19410959879557055
20076,39.26838175455729,40.557526,1.2891438802083357
15760,41.63689846462674,41.757507,0.12060885959201073
17231,45.87676662868924,45.26293,-0.6138348049587705
850,38.668243408203125,38.32039,-0.3478546142578125
36014,38.250963846842446,39.23455,0.9835866292317732
43776,43.35633341471354,42.234665,-1.1216684977213518
21605,40.64413706461588,40.675903,0.03176625569661695
16293,43.238128662109375,42.643955,-0.5941734313964844
7526,39.039947509765625,38.430794,-0.6091537475585938
47814,42.68555704752604,42.185574,-0.4999834696451799
3093,40.00230577256944,42.28336,2.2810537550184478
12074,40.72047593858507,40.52771,-0.19276597764756787
43849,40.26017591688368,39.51058,-0.749597761366104
39054,41.64534250895182,41.78143,0.13608678181966383
42086,39.04564412434896,38.077614,-0.9680302937825545
27447,38.60472615559896,39.869686,1.2649599711100237
47898,41.88290150960287,41.459606,-0.4232953389485701
14388,36.64762369791666,36.551132,-0.09649149576821969
29467,41.98060099283854,41.54904,-0.4315592447916643
32563,42.00786781311035,41.802433,-0.20543479919433594
49581,38.97101847330729,38.424217,-0.5468012491861955
15399,41.08564249674479,42.163006,1.0773633321126326
6262,41.3424243927002,40.995384,-0.34704017639160867
29239,41.72311062282986,41.717163,-0.005947536892357164
29521,41.48612806532118,41.098923,-0.38720533582899463
41749,42.03984578450521,41.52914,-0.5107053120931013
7360,40.790737575954864,40.031982,-0.7587551540798643
1721,36.21067555745443,37.341614,1.1309382120768205
47941,39.4776611328125,39.828026,0.35036468505859375
11057,41.473971896701386,41.958206,0.48423428005642677
16640,43.61837768554688,43.60084,-0.01753616333008523
52220,44.112569173177086,43.68892,-0.4236501057942732
29601,42.547698974609375,42.52844,-0.019260406494140625
37841,41.917065938313804,41.15171,-0.7653554280598982
39452,42.89262898763021,42.14519,-0.7474377950032576
5729,37.47944471571181,36.838646,-0.6407987806532134
35494,40.747823079427086,41.13685,0.38902537027994555
17122,36.48476600646973,37.050205,0.5654392242431641
51859,40.10977851019965,40.26505,0.15527047051324416
11451,39.67189195421007,39.371067,-0.30082490709092724
35119,39.739784240722656,38.646137,-1.0936470031738281
33359,39.93203989664713,40.7418,0.8097585042317732
5040,42.48076375325521,41.7192,-0.761563618977867
27790,40.4432544708252,41.73716,1.2939052581787038
40352,43.22531127929688,41.564457,-1.6608543395996165
53639,42.67748684353299,42.991875,0.3143878512912295
9113,40.26967027452257,40.26488,-0.0047891404893647405
9356,38.424713134765625,39.341507,0.9167938232421875
33553,42.19897121853299,42.300438,0.10146670871310448
947,40.77136569552951,41.333935,0.5625690884060361
3827,41.05507066514757,40.446995,-0.6080758836534272
46808,42.90516153971354,43.31583,0.4106686909993513
38651,42.757904052734375,42.734814,-0.023090362548828125
37067,41.47672780354818,41.28032,-0.19640858968099195
42349,37.59605026245117,40.187794,2.5917434692382812
15610,36.19539048936632,36.1952,-0.00018861558702099046
5491,42.69001939561632,42.239235,-0.4507844712999116
29188,38.53674655490451,39.630814,1.0940670437283018
9969,45.081591288248696,44.905384,-0.17620722452799242
16994,41.039782206217446,40.430077,-0.6097056070963518
8710,42.162133110894096,41.474308,-0.6878250969780808
50326,40.248023139105904,40.84093,0.5929077996147996
12200,40.88715744018555,40.343876,-0.5432815551757812
39227,40.63312106662326,42.025448,1.3923267788357236
31855,41.58069186740451,41.425224,-0.15546756320529198
15966,40.6441413031684,39.986492,-0.6576491461859746
15763,42.55671861436632,42.724968,0.16824934217665088
2841,42.79436238606771,43.14007,0.3457094828287737
32357,42.68755086263021,42.749226,0.06167475382486742
33195,43.27828979492188,43.050407,-0.22788238525391336
1395,41.66234673394097,41.266247,-0.39609993828667456
28070,41.1631113688151,40.3673,-0.7958132425943987
38283,46.72423299153646,46.80107,0.0768381754557268
35351,42.96421644422743,41.978565,-0.985651228162979
45623,44.84916178385416,44.98359,0.13442738850912406
49699,39.73806953430176,38.728786,-1.0092830657958984
32222,44.75117746988932,43.934727,-0.8164507548014299
42161,40.199788411458336,39.72008,-0.4797070821126326
16498,35.992957221137154,35.956284,-0.03667365180121607
48379,38.25837198893229,38.3917,0.13332875569661695
46326,39.50877888997396,39.13002,-0.3787587483723982
5580,40.32568868001302,40.6375,0.3118120829264299
2818,45.07237413194444,44.611607,-0.46076753404405224
30110,40.80327012803819,40.733437,-0.06983354356553662
42411,33.1863047281901,33.42389,0.2375844319661482
31996,45.056433783637154,44.59338,-0.4630538092719192
15854,41.05801137288412,40.32441,-0.7336018880208357
18065,42.68612416585287,41.971672,-0.7144521077473982
10746,41.98230997721354,41.70002,-0.28229014078775805
17099,35.719329833984375,35.715626,-0.003704071044921875
33163,40.78162299262153,41.243275,0.46165169609917456
47645,39.40794881184896,39.71459,0.3066393534342424
25982,43.79070027669271,44.44856,0.6578585306803362
48917,44.44896443684896,42.9248,-1.5241635640462263
20412,40.62857394748264,40.156174,-0.47240024142795534
1771,33.852691650390625,33.887302,0.034610748291015625
40001,37.850494384765625,37.793457,-0.057037353515625
2427,40.98224385579427,41.240337,0.2580935160318987
24208,43.97299385070801,43.889343,-0.08365058898925781
20276,42.66106160481771,42.750034,0.08897272745767992
7752,41.97110663519965,42.485954,0.5148476494683223
42075,37.18016899956597,37.73126,0.5510893927680129
21497,42.73995971679688,42.761784,0.02182388305663352
48073,39.60315619574653,39.22577,-0.37738715277777857
41239,42.18643866644965,41.64051,-0.5459281073676152
20872,45.61926947699653,45.09348,-0.5257903205023879
7912,44.403886795043945,43.99268,-0.4112071990966797
37767,41.16938781738281,41.217133,0.0477447509765625
13188,36.63822428385416,36.734184,0.09595998128256156
51903,42.02531941731771,41.14715,-0.878171284993492
25119,44.9249267578125,45.15696,0.23203277587890625
45625,43.86997816297743,42.112953,-1.7570249769422759
3507,41.68407694498698,41.53382,-0.15025583902994555
15432,43.84624226888021,44.01497,0.1687266031901018
19047,46.94155883789063,46.04288,-0.8986778259277415
21786,44.38914489746094,44.641724,0.2525787353515625
7777,41.53056504991319,40.373466,-1.1570985582139741
9620,38.88130696614584,39.2219,0.34059397379556344
30719,41.585802714029946,40.893837,-0.6919657389322893
36068,39.56261189778646,40.231922,0.6693102518717424
14746,40.178141276041664,40.7895,0.6113599141438826
53517,42.83765665690104,43.235123,0.3974660237630232
17531,45.339368184407554,45.78106,0.4416910807291643
41107,42.89243910047743,42.80329,-0.08914777967665088
46895,40.76206461588541,40.6334,-0.12866465250650094
40234,38.718658447265625,39.57214,0.8534812927246094
15702,43.063812255859375,42.610355,-0.4534568786621094
26222,41.84160359700521,42.12746,0.2858568827311174
36943,38.735748291015625,38.77568,0.0399322509765625
5780,42.47876993815104,42.353115,-0.12565485636392992
49955,41.30762396918403,41.22126,-0.08636389838324732
23572,39.60277303059896,39.631557,0.028784434000648673
12352,38.63244967990451,39.41692,0.7844700283474424
44541,34.41053263346354,34.322983,-0.0875498453776018
617,43.39791870117188,42.17936,-1.2185592651367259
45784,38.74030558268229,38.685513,-0.05479303995767992
51149,39.657752990722656,41.188366,1.5306129455566406
10984,38.04987589518229,39.99509,1.9452145894368513
30917,41.59056260850694,40.38076,-1.2098024156358491
42309,43.03362019856771,43.287754,0.2541338602701799
14579,40.939232720269096,41.372665,0.43343268500434107
9244,42.07820298936632,42.399677,0.32147428724501026
46793,42.342620849609375,42.202587,-0.14003372192382812
20150,42.26543172200521,42.255585,-0.009847005208335702
45324,44.188618977864586,43.772804,-0.41581471761067945
20453,40.37724304199219,40.707317,0.3300743103027344
29867,41.86181894938151,41.337093,-0.5247255961100237
9124,44.26647271050347,44.29299,0.026518927680122317
37499,43.78557586669922,43.47715,-0.3084259033203125
1630,42.16167640686035,40.700424,-1.461252212524414
42638,40.855678982204864,40.779705,-0.0759739345974424
45598,41.99275377061632,41.97003,-0.022722032335067865
35491,42.51950073242188,42.40998,-0.10951995849610086
46758,42.98092651367188,42.38354,-0.5973854064941477
3133,38.18659464518229,38.734608,0.5480130513509138
39928,40.847327338324654,39.456158,-1.3911696539984817
52553,41.22369045681424,41.805695,0.5820041232638857
17073,40.65553283691406,40.94112,0.2855873107910156
43164,44.91059027777778,45.07781,0.16721810234917456
42122,37.80292765299479,38.25436,0.4514325459798201
45311,40.360436333550346,40.514683,0.1542464362250442
19127,40.865559895833336,41.082558,0.21699778238932055
3701,40.838968912760414,40.723797,-0.11517206827799242
515,41.34883117675781,42.052315,0.7034835815429688
15006,35.86839124891493,35.957138,0.08874681260850537
29243,42.81686401367188,42.612267,-0.20459747314453836
21326,41.12351735432943,41.163372,0.03985468546549242
26092,41.4015998840332,41.551117,0.14951705932617188
28051,37.40422439575195,38.195045,0.7908210754394531
30867,41.61799875895182,40.89984,-0.7181574503580705
52359,38.39252726236979,39.549778,1.1572507222493513
36703,41.62779066297743,41.790955,0.16316392686631787
16764,40.32701619466146,39.801228,-0.5257886250813826
46382,38.44028388129341,39.659256,1.2189721001519018
17350,40.49755181206597,40.31809,-0.1794632805718308
36208,44.10886001586914,44.446995,0.338134765625
28488,38.06962415907118,39.13374,1.0641153123643647
6890,40.00951894124349,39.86281,-0.14671071370442945
19563,41.78425767686632,41.909714,0.12545606825086963
28904,42.35686238606771,42.799694,0.4428316752115862
15783,40.40221489800347,40.95039,0.5481749640570754
10169,41.61373901367188,41.704597,0.09085845947264914
15138,42.51437377929688,42.4723,-0.04207229614258523
38381,39.68024698893229,40.45175,0.7715047200520857
52574,43.62882147894965,43.06871,-0.560111151801209
10496,42.59156290690104,42.590153,-0.0014101664225236732
48829,38.330078125,39.136517,0.8064384460449219
2994,38.2256113688151,37.12637,-1.0992418924967424
50059,39.99128214518229,40.15804,0.16675694783528883
26478,39.45807902018229,39.323826,-0.13425318400064867
15641,38.77068752712674,38.673786,-0.09690136379666114
40463,41.99483489990234,41.75656,-0.23827362060546164
19912,42.19927215576172,42.51187,0.31259918212890625
28712,40.38921356201172,40.36324,-0.025974273681640625
31068,39.04194132486979,40.07977,1.037827809651695
9872,40.9981943766276,41.465633,0.4674390157063826
25190,44.19574228922526,42.923187,-1.272555033365883
26596,41.80362616644965,41.712273,-0.09135352240667771
12748,38.56598917643229,39.83193,1.2659390767415388
37449,40.98936971028646,41.112198,0.1228281656901018
48511,38.06126912434896,37.861454,-0.19981511433919508
32641,42.26239352756076,43.157005,0.894611782497833
7393,40.37791273328993,40.208996,-0.16891691419813526
6444,42.43519083658854,41.14723,-1.2879625956217424
28046,42.39502970377604,41.6672,-0.7278315226236955
13360,42.92474365234375,42.457535,-0.4672088623046875
37037,44.48029581705729,44.00353,-0.4767672220865862
30969,40.706807454427086,41.257523,0.5507151285807268
1796,37.16972859700521,37.12273,-0.04699834187825758
1260,42.90876939561632,42.987167,0.07839796278211963
30645,40.65496571858724,41.70304,1.0480753580729143
34055,39.20714314778646,39.45946,0.2523180643717424
7825,36.91736518012153,37.486298,0.5689324273003464
22380,43.75879923502604,43.79832,0.03952153523763258
20362,40.643764919704864,40.10474,-0.5390247768825986
52605,44.263816833496094,43.098366,-1.1654510498046875
7674,39.721642388237846,40.13541,0.4137679206000442
8876,40.01008860270182,40.49466,0.48457082112630445
11517,40.18127950032552,40.36165,0.1803690592447893
44020,38.923736572265625,38.932785,0.0090484619140625
48093,40.851216634114586,41.45147,0.600252787272133
18814,41.25376510620117,41.37586,0.12209320068359375
18639,41.537014431423614,42.184185,0.6471705966525576
29165,41.58677164713541,41.640755,0.05398305257162406
5411,38.171783447265625,37.888058,-0.2837257385253906
37752,42.219573974609375,42.652664,0.4330902099609375
22607,45.846099853515625,45.520344,-0.3257560729980469
28355,38.93361070421007,40.25313,1.3195211622450103
14191,41.35624186197917,42.02617,0.6699269612630161
22578,42.10592651367188,41.805096,-0.30083084106446023
42814,41.045569525824654,39.831066,-1.2145033942328567
40715,44.38487752278646,43.1854,-1.19947942097982
9422,41.75957234700521,41.292973,-0.4665997823079451
28682,39.90611775716146,39.928425,0.022307078043617423
39052,41.48498196072049,41.800213,0.3152308993869326
15039,39.15198092990451,39.399708,0.2477268642849424
43433,40.55584462483724,39.022346,-1.5334981282552107
41678,41.93274603949653,41.5249,-0.4078475104437942
41366,47.28221638997396,47.160587,-0.12162907918294508
41021,43.30829196506076,42.08371,-1.2245822482638857
3327,39.72354888916016,40.121517,0.397968292236321
32779,42.53621080186632,42.474632,-0.061578538682724115
14430,41.28161366780599,41.13855,-0.14306386311849195
44011,38.97234768337674,38.57111,-0.40123791164822364
31398,43.57907104492188,43.59024,0.011169433593742895
51927,41.50691477457682,41.94779,0.4408734639485701
1022,42.32581583658854,42.965424,0.6396077473958357
1073,44.199625651041664,44.37057,0.17094548543294508
45322,44.33901638454861,43.165104,-1.1739124721950915
684,44.96993255615234,44.582924,-0.3870086669921804
9563,42.434906005859375,41.56272,-0.8721847534179688
37669,39.88685099283854,39.794884,-0.09196726481119555
41963,46.438073052300346,46.955647,0.5175734625922317
31694,46.23261006673177,45.8423,-0.3903096516927107
44043,40.31372748480903,40.42399,0.11026085747612768
5091,39.249962700737846,38.438164,-0.8117989434136277
44682,41.82422637939453,42.047535,0.22330856323242188
51420,37.84364827473959,39.28928,1.4456316630045478
22529,40.79339599609375,40.56202,-0.23137664794921875
12944,39.58720228407118,40.217163,0.6299608018663179
5973,42.069847954644096,41.727562,-0.3422860039605027
386,43.5192616780599,42.546864,-0.9723981221516951
3380,40.88715744018555,41.02964,0.14248275756835938
923,39.41327243381076,38.11903,-1.2942424350314639
35615,44.149878607855904,44.019524,-0.13035498725043482
40282,31.681325276692707,32.13216,0.450834910074871
37880,37.28594970703125,37.44651,0.16056060791015625
8823,44.11426798502604,43.97435,-0.1399180094401018
5903,40.73756663004557,40.16945,-0.568117777506508
42590,44.34205457899306,43.368816,-0.9732382032606353
1343,39.282910664876304,39.15422,-0.12869008382161695
49186,41.01328870985243,39.791412,-1.2218763563368071
50382,38.78739759657118,38.69984,-0.08755705091688526
45130,36.9045467376709,36.62127,-0.2832775115966797
31389,44.829318576388886,45.14572,0.31640285915798927
43843,40.19029744466146,40.44055,0.2502543131510393
8198,40.32207912868924,41.42136,1.0992808871799014
36708,41.21077813042535,41.899036,0.6882582770453496
5471,38.20102606879341,39.810593,1.6095665825737768
42250,44.10658433702257,44.713657,0.6070730421278228
47796,36.7908935546875,36.885265,0.09437179565429688
49347,41.83324856228299,41.896408,0.06315951877169823
26167,41.27192687988281,41.15063,-0.12129592895507812
29021,43.17499118381076,43.144447,-0.03054385715060448
22376,43.01225789388021,42.776897,-0.23536046346028883
33929,38.43781534830729,38.774807,0.3369916280110701
51664,39.39655897352431,38.898727,-0.49783155653211963
36835,42.32125854492188,43.017235,0.6959762573242116
7041,40.88715744018555,41.2057,0.31854248046875
34025,42.66960652669271,41.828377,-0.8412297566731795
38285,45.54900783962674,43.601368,-1.9476398891872861
5530,40.88715744018555,42.907436,2.0202789306640625
11890,40.561733669704864,40.174904,-0.386829800075958
24347,41.25454966227213,41.953842,0.6992925008138045
48078,38.37173461914063,39.703213,1.3314781188964773
25330,39.22495269775391,38.40128,-0.8236732482910227
34720,40.26511637369792,41.928715,1.6635983784993442
30091,39.40073310004341,38.5659,-0.8348342047797388
20527,42.26200697157118,42.77786,0.5158517625596772
16193,37.3332265218099,37.442345,0.10911814371744555
30838,44.69145711263021,43.54934,-1.142117818196617
35870,41.425743103027344,42.169205,0.7434616088867188
42540,49.33189900716146,48.552326,-0.7795728047688826
31577,41.90056355794271,41.72999,-0.17057545979817945
28651,42.42075941297743,41.499504,-0.9212553236219634
36742,45.06212700737847,44.40013,-0.6619957817925339
6557,42.23808797200521,41.89275,-0.3453381856282576
51530,41.45336405436198,41.939457,0.4860928853352888
13701,40.31543986002604,40.00682,-0.3086191813151018
16663,41.52638414171007,41.806076,0.27969190809461963
7869,39.28091430664063,40.103104,0.8221893310546804
45887,43.10511271158854,43.21175,0.10663731892903883
20432,41.78405507405599,40.023533,-1.7605222066243513
36073,40.14268493652344,39.870117,-0.2725677490234375
49895,37.02066040039063,38.044113,1.0234527587890554
40022,41.46752590603299,39.799633,-1.6678928799099424
37761,40.63018035888672,39.45318,-1.177001953125
11741,38.89155069986979,38.639286,-0.2522646586100237
50308,39.388203938802086,39.11249,-0.2757123311360701
24291,44.64691925048828,44.25772,-0.38919830322265625
40279,36.63062540690104,34.300434,-2.330191294352211
2959,38.98601955837674,39.535915,0.5498958163791201
3267,39.212365044487846,39.071217,-0.1411484612358933
22807,40.14205932617188,40.51414,0.37208175659178977
41835,39.72667439778646,39.95948,0.23280588785807055
51,43.028350830078125,42.904396,-0.12395477294921875
11812,41.77476331922743,42.040894,0.26613023546006787
50930,41.03038533528646,41.16934,0.13895289103189867
20706,40.73613993326823,40.69774,-0.0384012858072893
14577,42.47107950846354,42.00527,-0.4658114115397112
52032,38.983361138237846,38.070484,-0.9128769768608933
6759,40.56248304578993,41.285942,0.7234590318467866
39965,40.68971421983507,41.194298,0.5045835706922759
16495,36.76051161024306,36.28338,-0.4771330091688384
46478,42.84610663519965,41.50986,-1.3362456427680058
22522,41.35182762145996,41.432255,0.08042716979980469
8257,40.88715744018555,40.25797,-0.6291885375976562
53675,39.16907077365451,39.800648,0.6315769619411924
45233,42.349456787109375,41.7145,-0.6349563598632812
3161,41.10186767578125,40.35249,-0.7493782043457031
2553,41.47473653157552,41.913822,0.4390856424967424
24709,40.81732177734375,41.73174,0.9144172668457031
36671,38.43183390299479,38.632957,0.20112355550130445
41214,37.48779975043403,37.974857,0.48705757988823706
37159,38.83373006184896,40.05496,1.2212282816568987
45988,41.73635482788086,41.18952,-0.5468330383300781
47783,42.70093790690104,43.05608,0.3551419576009138
11751,40.47352091471354,39.560238,-0.9132830301920549
32407,38.56912040710449,39.426323,0.8572025299072266
32899,40.89745415581597,40.767994,-0.1294602288140183
41232,38.90588717990451,38.525444,-0.380443149142792
43002,36.53302680121528,37.732357,1.1993302239312058
18633,38.97918362087674,39.47938,0.5001979404025576
53860,34.18705444335937,35.60183,1.4147750854492216
46354,36.53339979383681,36.780514,0.24711396959092724
35050,42.75811767578125,42.32056,-0.4375572204589844
50752,42.39835272894965,41.739075,-0.6592780219183965
6446,38.781700981987846,39.560085,0.7783843146430129
30054,41.74077351888021,41.01399,-0.7267850240071638
345,41.02430555555556,41.572105,0.5477998521592866
8715,38.66852823893229,38.46582,-0.2027079264322893
47271,40.23340098063151,40.56734,0.3339398701985701
31283,40.79140218098959,42.34207,1.5506693522135322
17117,36.59720357259115,36.164288,-0.4329160054524763
46183,43.0413818359375,42.58224,-0.4591407775878906
24935,40.817036946614586,40.64032,-0.1767171223958357
53226,34.58228556315104,35.383957,0.8016713460286482
3464,41.27705637613932,40.64884,-0.6282145182291643
30335,40.17216237386068,40.5626,0.3904368082682268
22457,41.44054921468099,40.71483,-0.7257207234700545
629,44.08521525065104,44.04531,-0.03990427652994555
39702,38.008575439453125,38.132088,0.12351226806640625
34785,38.344200981987846,39.182003,0.8378020392523879
18023,37.70323689778646,37.40813,-0.2951062520345076
25490,42.25555759006076,41.992214,-0.26334338717990136
53131,42.97750854492188,43.15188,0.17436981201171164
6021,36.64771864149306,37.303078,0.6553590562608491
53703,40.24878438313802,39.87092,-0.37786610921224195
40641,40.26785786946615,40.76035,0.4924914042154924
19680,40.53988901774088,40.831432,0.2915433247884138
11735,37.4018783569336,38.072933,0.6710548400878835
51663,41.18305460611979,40.93193,-0.2511240641276018
35911,45.33290608723959,44.537296,-0.7956097920735772
17509,44.45105319552951,43.50149,-0.9495616488986514
49317,41.13368733723959,42.013493,0.8798052469889228
13862,40.15496826171875,39.75783,-0.3971366882324219
47678,43.37541707356771,43.428944,0.05352656046549242
27706,40.24992201063368,40.322002,0.07208040025498974
43127,40.842386881510414,40.528812,-0.3135744730631487
31725,46.11127726236979,46.024693,-0.08658472696939867
23515,42.682708740234375,43.064156,0.38144683837890625
3245,41.90426635742188,41.610065,-0.294200897216804
51415,40.07389450073242,38.72025,-1.3536453247070312
46127,38.90436808268229,38.920708,0.016339619954429452
3462,40.370984395345054,40.525944,0.15495936075846117
15481,40.21270412868924,40.958157,0.7454524570041201
49768,39.870513916015625,38.871037,-0.9994773864746094
17234,43.85972425672743,43.81881,-0.040914747450088385
52834,41.35168117947049,40.516197,-0.8354839748806455
43698,42.25688680013021,42.38674,0.12985483805338305
44411,37.26182386610243,38.625027,1.3632028367784272
17132,39.838915506998696,39.094627,-0.7442881266276018
4304,40.50685373942057,40.775517,0.2686627705891951
27750,36.22045559353299,36.312077,0.09162097507052636
50385,40.13105265299479,39.13744,-0.9936129252115862
49438,37.56984117296007,38.12659,0.5567495557996978
20447,41.96350606282552,41.816246,-0.14726003011067945
43394,42.62403361002604,42.003723,-0.6203104654947893
8601,38.97424655490451,38.7229,-0.25134616427951073
11573,39.67882283528646,40.330322,0.6514994303385393
35240,42.80319213867188,43.300594,0.49740219116210227
7374,40.51510874430338,40.67886,0.16375096638997633
41267,42.56165568033854,42.007008,-0.5546480814615862
42393,36.80998229980469,36.87956,0.06957626342773438
26723,38.69102986653646,39.163498,0.4724680582682268
34996,42.98282538519965,42.4165,-0.5663252936469121
3883,38.61384073893229,37.97282,-0.6410204569498674
49942,43.68161010742188,42.701656,-0.9799537658691477
6341,34.66374715169271,34.60788,-0.0558675130208357
39442,41.45346747504341,40.6969,-0.7565680609809107
20871,45.08500671386719,44.5671,-0.5179061889648438
49835,41.63804117838541,41.91278,0.2747395833333428
34892,42.39189656575521,42.94546,0.5535647074381487
53089,40.20624118381076,40.691795,0.485554165310333
22290,41.92667304144965,42.17335,0.2466782463921504
51011,43.539574517144096,43.475254,-0.06432045830620581
21103,41.847679985894096,41.93019,0.08251105414496607
43146,40.13940768771701,41.34737,1.2079624599880674
39646,39.85577392578125,39.762882,-0.09289169311523438
2167,42.99687703450521,43.461357,0.46448008219400805
18943,41.45564842224121,41.999603,0.5439548492431641
13965,42.62393866644965,42.380917,-0.2430220709906621
14903,37.70550028483073,38.761505,1.0560048421223982
6372,37.24151102701823,36.713512,-0.5279986063639299
45144,31.545089721679688,31.237358,-0.30773162841796875
51451,38.971588134765625,39.897823,0.9262351989746094
25222,40.33110237121582,40.431496,0.10039329528808594
46656,37.36702813042535,38.300766,0.933737860785584
6215,40.85321044921875,41.09104,0.23783111572265625
12052,39.99964735243056,39.228138,-0.771509382459854
35364,41.56531016031901,40.976498,-0.5888125101725237
49134,38.67564900716146,39.219955,0.5443064371744768
13362,43.26917521158854,43.556717,0.2875417073567732
25663,38.61308119032118,38.23476,-0.378320905897354
40711,41.20014572143555,40.991806,-0.20833969116210938
26139,39.25584920247396,40.23571,0.979860941569008
50061,39.898712158203125,40.071217,0.17250442504882812
12808,40.63996378580729,40.073486,-0.5664774576822893
22008,43.92286173502604,43.705708,-0.21715418497721117
24026,41.039774576822914,41.055904,0.016129811604820077
46266,38.1615244547526,37.10003,-1.061495463053383
1269,44.299896240234375,44.37921,0.079315185546875
39156,39.32591756184896,39.767952,0.44203440348307055
7154,42.342333475748696,42.061386,-0.28094736735025805
11143,37.24397447374132,39.106983,1.8630087110731353
13308,42.52320353190104,42.546997,0.023793538411460702
3016,33.71696980794271,33.68734,-0.029630025227866952
36642,37.90556165907118,38.04599,0.14042833116319287
41205,37.47299872504341,37.02561,-0.4473868476020044
13170,40.69958835177951,39.649677,-1.0499110751681826
31144,42.76597425672743,42.643356,-0.12261793348524463
24720,42.754486083984375,43.540524,0.7860374450683594
27688,41.24040391710069,41.05101,-0.18939378526475537
36548,37.39589691162109,40.42458,3.0286827087402415
13819,38.609283447265625,38.609894,0.0006103515625
20979,39.90128326416016,39.984364,0.08308029174803977
12737,40.770229763454864,39.55888,-1.2113499111599424
47873,39.50052134195963,38.93623,-0.5642916361490862
7773,41.84995863172743,42.16271,0.312749650743271
24510,44.00261688232422,43.60934,-0.3932762145996094
39879,37.62119801839193,39.935795,2.314596811930336
11307,42.39417521158854,41.354687,-1.0394884745279924
52280,41.01015981038412,39.551342,-1.45881779988607
21452,40.52734883626302,40.53284,0.005491892496742423
15011,36.05001831054688,35.86533,-0.18468856811524148
14597,42.60115220811632,42.248608,-0.352544572618271
24445,41.9852237701416,41.819702,-0.16552162170410156
1882,42.58748033311632,42.379333,-0.20814683702256787
42957,41.87350124782986,40.492805,-1.380695766872826
36834,42.62735663519965,41.612762,-1.0145941840277715
48836,40.20292409261068,39.987957,-0.21496709187825758
24882,41.52827962239584,41.72138,0.19309870402017282
43292,39.35981750488281,38.62127,-0.7385482788085938
34960,40.276889377170136,39.86752,-0.40936999850802636
33518,39.412506103515625,40.00204,0.5895347595214844
43407,38.259796142578125,38.531097,0.27130126953125
43063,40.949483235677086,39.979675,-0.9698079427083357
6244,42.4962158203125,41.84029,-0.6559257507324219
11445,36.844828287760414,36.682304,-0.16252390543619555
38050,42.41909790039063,42.516308,0.09720993041991477
49219,44.68044704861112,43.89533,-0.7851185268826057
12450,42.969818115234375,43.13755,0.16773223876953125
51494,37.540313720703125,37.32986,-0.21045303344726562
30916,40.732632107204864,39.628857,-1.1037754482693174
53723,40.8837890625,41.03039,0.14660263061523438
43249,40.150800704956055,39.351955,-0.7988452911376953
6473,39.45618014865451,40.361153,0.9049725002712705
42245,40.84466552734375,41.66033,0.8156661987304688
3706,43.553246392144096,43.33198,-0.22126473320854956
53222,41.80058797200521,41.938194,0.13760630289713305
2696,37.56537373860677,36.49175,-1.07362492879232
39625,40.87094497680664,39.85312,-1.0178260803222656
38366,40.97882334391276,40.49563,-0.4831949869791643
33449,38.54946899414063,39.031372,0.4819030761718679
526,39.279205322265625,40.09776,0.8185539245605469
11241,43.29310099283854,42.82706,-0.4660402933756487
52387,36.988075256347656,37.492065,0.5039901733398438
13605,43.44919077555338,43.763954,0.3147633870442732
18514,41.32509358723959,40.833115,-0.4919789632161553
30644,40.48690541585287,40.824154,0.3372484842936174
44316,39.80500793457031,39.632355,-0.1726531982421875
17729,37.86359659830729,37.891266,0.027669270833335702
22773,41.37019348144531,41.771385,0.40119171142578125
18182,39.15653822157118,39.626213,0.4696748521592866
25553,41.41130574544271,42.232605,0.8212992350260393
52291,41.56309509277344,42.257786,0.6946907043457031
31805,41.45649210611979,39.283386,-2.1731058756510393
10782,43.349212646484375,42.91821,-0.4310035705566406
38454,34.35612318250868,34.114292,-0.2418310377332915
44117,40.6159413655599,42.571552,1.95561091105143
32640,42.12985229492188,42.95258,0.8227272033691335
50962,40.35132853190104,39.856968,-0.4943606058756487
52423,41.184547424316406,41.43748,0.2529335021972656
11454,39.50327216254341,39.56873,0.06545723809135495
51851,40.4713372124566,40.250996,-0.2203415764702754
8461,45.130859375,45.121025,-0.00983428955078125
46624,39.42351955837674,39.577515,0.15399509006076073
52919,41.43029276529948,41.3971,-0.03319422403971117
45722,40.889383951822914,40.81404,-0.0753428141276018
31822,39.832543267144096,38.744057,-1.0884865654839402
16824,36.931416829427086,36.95721,0.025793711344398673
18478,40.70035129123264,40.626595,-0.07375674777561159
26676,42.19365437825521,41.740974,-0.45267995198567945
15874,38.13379923502604,40.019592,1.8857930501302107
39920,44.32268269856771,43.892254,-0.4304288228352888
49542,39.145050048828125,39.91316,0.7681083679199219
22270,41.62779066297743,41.72465,0.09686067369248974
53621,39.93812391493056,40.963432,1.0253083970811616
3246,41.54196166992188,41.57884,0.03687667846678977
34167,43.39279429117838,43.8138,0.4210065205891951
44192,39.18919881184896,38.578613,-0.6105855305989607
21170,43.12932332356771,43.005962,-0.12336095174153883
21310,39.62024603949653,40.37933,0.7590836418999558
45644,43.32443237304688,43.93102,0.606586456298821
24484,40.172814263237846,39.091793,-1.081021202935112
5699,38.54282294379341,38.846592,0.30376900566947995
49560,42.34860229492188,39.92074,-2.4278640747070384
50371,41.18913438585069,40.45695,-0.732183244493271
15969,41.545749240451386,41.152496,-0.39325290256076073
13023,40.5013427734375,40.85387,0.3525276184082031
38401,43.22588094075521,43.03011,-0.19577153523763258
22831,40.90391710069444,41.401253,0.4973356458875884
30718,41.79402542114258,40.81399,-0.9800338745117188
12642,39.73180898030599,40.262337,0.5305277506510393
21766,41.32395765516493,41.65536,0.33140352037217724
12145,42.34480455186632,42.764023,0.41921827528211963
43936,38.06354777018229,37.93579,-0.1277567545572893
25768,41.28369479709201,40.803387,-0.48030810885958886
9204,39.039947509765625,39.061825,0.021877288818359375
48236,40.269673665364586,39.948875,-0.32079823811849195
29609,43.612396240234375,42.198105,-1.4142913818359375
46378,39.93280029296875,39.226593,-0.706207275390625
17930,40.69142405192057,40.11736,-0.5740648905436174
28758,40.837544759114586,41.7463,0.908754984537758
49064,39.077545166015625,40.229286,1.1517410278320312
6537,42.798919677734375,43.39155,0.5926284790039062
50214,36.37389119466146,36.993324,0.6194330851236955
39323,39.84232584635416,39.78474,-0.05758539835611032
34081,41.42725626627604,41.78039,0.3531354268391951
36007,37.72616195678711,37.724403,-0.001758575439453125
10233,36.5106201171875,37.47333,0.9627113342285156
23697,43.24354044596354,43.598434,0.3548940022786482
38426,39.08665974934896,39.376263,0.2896029154459612
11900,40.753136528862846,40.279354,-0.47378243340386206
47852,40.40287780761719,40.620964,0.21808624267578125
23253,38.17368231879341,38.33009,0.1564072502983862
26194,41.07901382446289,41.888718,0.8097038269042969
52625,36.23412407769097,36.860443,0.6263190375434036
10672,39.44180515834263,39.33346,-0.10834339686802252
15214,39.55221557617188,39.18077,-0.3714447021484446
5055,41.46941799587674,41.379055,-0.0903629726833799
25819,40.58413357204861,39.981606,-0.6025280422634509
17923,42.495147705078125,41.787727,-0.7074203491210938
31055,41.569298638237846,41.344604,-0.22469414605034643
47877,40.93809509277344,40.441566,-0.49652862548828125
15708,43.56084865993924,41.768276,-1.79257244533963
16321,45.177581787109375,45.35698,0.1793975830078125
6731,43.64771525065104,43.310776,-0.3369394938151018
1700,39.87336222330729,39.164627,-0.7087351481119768
12593,36.933024088541664,37.282524,0.34950002034505445
20957,39.04184638129341,39.31286,0.2710122002495581
6583,39.50479465060764,40.64068,1.135883755154076
27090,39.330474853515625,40.475056,1.1445808410644531
35783,40.04283905029297,39.90867,-0.1341705322265625
19956,44.117688496907554,43.95531,-0.16237767537435133
37749,42.58216349283854,41.749855,-0.832308451334633
13976,41.65503692626953,41.551533,-0.10350418090820312
4559,38.68485853407118,39.785316,1.1004579332139741
29777,40.7871322631836,40.67469,-0.1124420166015696
20960,39.86937459309896,39.694267,-0.17510732014974195
26308,40.82719590928819,40.57027,-0.25692537095811474
25769,40.64499918619792,40.125847,-0.5191523234049527
46760,42.88750203450521,42.70898,-0.17852147420247633
38200,39.23780992296007,40.16493,0.927118513319229
26842,39.38820054796007,40.02225,0.6340505811903228
40904,36.91204494900174,37.284317,0.37227206759982323
17649,40.11394924587674,39.957333,-0.1566166347927549
13693,37.49995591905382,37.115284,-0.38467195298936474
4133,42.85759480794271,42.34675,-0.5108464558919295
25369,38.48851521809896,38.782497,0.2939821879068987
25444,41.5294189453125,42.32805,0.7986297607421875
40303,37.220052083333336,36.563282,-0.6567700703938826
40854,39.620147705078125,38.194546,-1.4256019592285156
6109,43.10888671875,41.63618,-1.4727058410644531
51724,39.079064263237846,38.99604,-0.08302391899956518
39986,37.47147623697917,38.515633,1.0441563924153598
49934,42.40366956922743,41.653645,-0.750025007459854
25356,38.652862548828125,39.90686,1.253997802734375
43684,41.20014444986979,40.68738,-0.5127627054850237
39790,46.90673828125,48.27305,1.3663101196289062
1807,33.319915771484375,33.04098,-0.2789344787597656
21298,39.91343858506944,40.400944,0.48750517103407276
32161,43.41766696506076,43.13153,-0.28613620334201073
44589,37.93907674153646,38.56976,0.6306826273600237
2396,36.66015116373698,37.56869,0.9085400899251326
50559,39.2342046101888,37.576595,-1.657609303792313
10077,40.44133504231771,39.954895,-0.4864400227864607
26716,39.34794447157118,39.80968,0.461736467149521
36788,40.32313028971354,40.25899,-0.06413904825846117
7592,41.27334849039713,41.01444,-0.2589098612467424
16113,42.67102813720703,40.782196,-1.8888320922851562
38234,41.96427069769965,41.54304,-0.4212294684515996
18056,41.50635528564453,42.063244,0.5568885803222656
23969,35.56267801920573,35.76642,0.2037404378255232
49104,39.72839101155599,39.847515,0.11912409464517992
53271,40.23425547281901,40.335804,0.10154851277669508
45174,33.00857798258463,32.774418,-0.23416010538736742
37548,39.374535454644096,40.880993,1.5064574347602004
43151,45.3869374593099,45.205677,-0.18126042683919508
19138,43.35690307617188,43.51586,0.15895843505858664
54317,41.52430216471354,42.0357,0.5113995869954451
9208,37.88999091254341,38.443466,0.5534752739800268
19676,41.014427185058594,41.26195,0.24752426147460938
53936,42.58244832356771,40.921352,-1.6610959370931013
48506,40.97341664632162,40.941093,-0.0323232014973982
6697,41.01404486762153,40.908527,-0.10551749335395044
48891,41.825927734375,41.923855,0.09792709350585938
38199,39.51647440592448,40.08182,0.5653470357259138
48527,39.027130126953125,38.45827,-0.5688591003417969
34510,41.497897677951386,40.884132,-0.6137652926974795
52061,38.86591593424479,39.28262,0.4167035420735701
16508,35.936370849609375,36.137363,0.20099258422851562
44680,42.39303588867188,43.116478,0.7234420776367116
20225,44.27179294162326,44.038414,-0.23337894015841698
54272,38.94880167643229,38.68016,-0.2686411539713518
29515,41.823754204644096,41.58208,-0.2416733635796433
32666,41.49334377712674,40.496582,-0.9967617458767393
18490,40.768330891927086,41.347908,0.5795771280924455
49845,40.02518208821615,41.090645,1.065462748209633
4761,39.944872538248696,38.920803,-1.0240694681803362
46904,42.88835652669271,42.28679,-0.6015675862630232
13368,42.32951863606771,42.51547,0.18594996134439867
42474,43.17745971679688,42.245804,-0.9316558837890696
5872,37.797325981987846,38.88153,1.0842047797309036
17139,37.59927368164063,37.26109,-0.33818435668946023
10042,42.16289265950521,42.66848,0.505587259928383
3134,37.8564707438151,38.208878,0.3524068196614607
7829,38.93000284830729,38.474995,-0.4550081888834612
15255,39.29401652018229,39.805176,0.5111592610677107
27713,41.51745859781901,41.757366,0.23990758260091383
15114,45.625633239746094,45.948338,0.3227043151855469
15434,43.24373033311632,43.766647,0.5229170057508696
45372,41.43941243489584,40.31575,-1.1236623128255303
40381,35.96031697591146,37.219677,1.2593599955240862
34125,43.28398640950521,42.55381,-0.7301762898763045
30775,40.664363861083984,40.237564,-0.4267997741699219
9121,42.58786010742188,42.273705,-0.31415557861328836
21717,41.98772176106771,41.19387,-0.793851216634117
27086,40.54074096679688,39.670666,-0.8700752258300852
3205,42.21112399631076,41.073307,-1.137816958957245
54,43.43209838867188,43.493706,0.061607360839836645
33165,42.38847859700521,42.90663,0.5181528727213518
33310,38.722503662109375,39.272396,0.5498924255371094
37836,35.63531494140625,34.98978,-0.6455345153808594
29099,39.342247856987846,39.35865,0.016402350531684817
10850,38.48595174153646,38.963486,0.4775339762369768
13781,37.05522664388021,37.334255,0.2790285746256487
46642,39.45087009006076,38.833538,-0.6173320346408389
19486,41.47435167100694,40.51478,-0.9595735337999116
16139,40.90220133463541,41.029964,0.12776311238607718
35822,45.01664733886719,44.975903,-0.040744781494140625
52475,40.06277720133463,40.925293,0.862515767415367
22659,40.20093027750651,40.644733,0.4438031514485701
29821,41.54516410827637,41.801537,0.25637245178222656
5462,42.70445081922743,42.485966,-0.2184850904676665
49947,41.21951039632162,41.76361,0.544100443522133
44981,42.19165802001953,42.479164,0.287506103515625
1626,43.00713094075521,42.1937,-0.8134320576985701
23290,43.82986831665039,43.448414,-0.3814544677734375
30634,40.966434478759766,40.561325,-0.4051094055175781
44414,40.01824951171875,40.517864,0.4996147155761719
12881,36.36895412868924,37.921436,1.5524821811252139
14323,41.10166358947754,41.29229,0.1906261444091797
9425,44.202860514322914,44.26724,0.06437810262044508
12078,40.53533935546875,40.10421,-0.43112945556640625
48626,41.814257303873696,42.219143,0.4048856099446638
52203,40.81390041775174,40.557755,-0.25614590115017677
2376,34.36714341905382,34.711308,0.34416410658094776
10334,43.81434122721354,44.088734,0.2743924458821638
11847,42.12671915690104,42.453545,0.32682545979817945
41369,44.74577077229818,43.656246,-1.089524586995445
2620,41.5596809387207,42.035572,0.47589111328125
51947,39.614453633626304,40.550224,0.9357706705729143
25408,41.382059733072914,41.575653,0.1935933430989607
32995,39.880767822265625,39.97551,0.0947418212890625
44000,40.66778564453125,40.74791,0.0801239013671875
29069,41.2692633734809,41.782227,0.5129631890191035
24010,40.70756700303819,40.675686,-0.03188112046983349
1998,42.90601603190104,42.888874,-0.017141977945961173
29639,44.344993591308594,44.346386,0.001392364501953125
39291,40.16713121202257,40.300003,0.13287183973524463
40653,43.13160196940104,42.4238,-0.7078005472818987
13784,36.86001247829861,37.443623,0.583610110812721
28059,40.6099599202474,40.532124,-0.07783635457357008
21569,40.29891459147135,40.7371,0.43818410237630445
23980,43.69718085394965,41.849277,-1.8479033576117558
34406,44.76171620686849,44.901382,0.13966623942057055
10008,39.712440490722656,40.978367,1.2659263610839844
34924,44.65728081597222,44.53508,-0.12220085991753393
9199,38.95411851671007,38.699078,-0.255040910508896
10405,40.22333441840278,39.60445,-0.6188841925727004
52065,38.71106296115451,38.69319,-0.01787143283419823
30949,41.676778157552086,41.291092,-0.3856862386067732
46310,42.31708102756076,41.944492,-0.3725886874728701
25998,38.02452341715495,38.952682,0.9281590779622348
50499,35.803932189941406,37.500034,1.6961021423339844
42675,36.97889200846354,37.58741,0.608517964680992
44211,38.885284423828125,39.928936,1.0436515808105469
2065,35.79015774197049,34.619156,-1.1710018581814268
37805,41.64021301269531,39.570553,-2.069660186767578
22222,41.58790418836806,41.201958,-0.3859464857313384
24074,41.53341166178385,41.326557,-0.20685450236002367
48714,40.07502746582031,39.593052,-0.4819755554199219
30193,42.55481974283854,42.503937,-0.0508829752604143
42333,41.09532419840495,40.641556,-0.45376841227214015
37148,42.10440741644965,42.42763,0.32322396172418166
39657,40.03059641520182,39.91657,-0.11402765909830492
29877,41.48356374104818,41.41796,-0.0656026204427107
23588,44.37281629774306,44.941803,0.5689866807725679
42129,38.57244533962674,38.797894,0.2254481845431826
3925,34.437781439887154,34.47476,0.03697670830620581
51690,40.4194081624349,42.510826,2.0914179484049455
10716,40.37126668294271,40.335144,-0.0361226399739607
43847,39.80186971028646,39.513702,-0.2881673177083357
43481,42.79920450846354,41.761982,-1.0372225443522112
12076,39.04298570421007,38.329216,-0.7137697007920991
4080,38.128868950737846,38.23119,0.10232077704535669
50567,39.43785603841146,39.310383,-0.12747319539388258
18743,45.74526977539063,45.467987,-0.2772827148437571
27053,40.34192911783854,40.91796,0.5760320027669295
4338,38.48338826497396,38.515182,0.0317942301432268
38476,37.57439168294271,38.187946,0.6135546366373674
35358,41.92106374104818,41.916683,-0.004380544026695077
4773,36.55562337239584,37.513092,0.9574686686197822
31053,41.32035573323568,41.55652,0.23616282145182055
31509,38.21336873372396,38.31242,0.09905115763346117
20557,43.40069580078125,44.032646,0.6319503784179688
26172,42.49927775065104,41.321735,-1.1775423685709612
40418,44.61473846435547,44.77144,0.15670013427734375
30745,40.96429634094238,41.531223,0.5669269561767578
39015,44.01258850097656,43.501724,-0.5108642578125
25968,37.36476304796007,37.629738,0.2649748060438384
13771,38.057091606987846,38.40592,0.3488265143500442
33028,37.74681599934896,38.71192,0.9651056925455705
50850,41.49125671386719,41.741905,0.25064849853515625
20366,39.97106170654297,40.16074,0.18967819213867188
43968,40.204345703125,40.335594,0.13124847412109375
10172,42.98624335394965,42.298176,-0.6880675421820683
35831,45.16960652669271,44.68591,-0.4836972554524763
15535,39.42010158962674,39.544395,0.12429385715060448
19051,45.19276936848959,45.057785,-0.1349843343099053
2191,43.91517130533854,43.5584,-0.3567721048990862
17752,41.76944647894965,42.317825,0.548378838433166
29483,41.101305643717446,39.9779,-1.1234041849772112
6464,41.73640272352431,41.160614,-0.5757887098524321
26546,40.51995849609375,41.254433,0.7344741821289062
34252,38.992095947265625,39.795994,0.8038978576660156
27687,40.229410807291664,40.627018,0.3976071675618513
4679,41.15153333875868,40.830326,-0.3212072584364165
29464,40.92707655164931,40.196907,-0.7301695081922759
867,33.686492919921875,33.338696,-0.3477973937988281
14861,41.37133534749349,40.162556,-1.2087796529134138
16217,36.14059702555338,35.96862,-0.1719767252604143
15906,36.537200927734375,36.488403,-0.048797607421875
49073,40.739468044704864,40.9309,0.19143252902560448
22745,36.79962836371528,36.331455,-0.46817313300238794
43886,37.38165028889974,38.47607,1.0944201151529924
9684,41.92220560709635,40.85416,-1.0680452982584612
31447,43.11700439453125,43.632397,0.5153923034667969
26715,39.51808336046007,40.493366,0.9752828809950103
15010,35.88965861002604,35.787003,-0.1026560465494768
37076,41.24485524495443,41.329563,0.08470789591471117
6415,41.04252794053819,42.446594,1.4040662977430571
5003,40.62648264567057,40.105354,-0.5211283365885393
19533,38.135704888237846,38.82904,0.6933356391059036
40,40.88715744018555,41.168507,0.28134918212890625
31070,39.42503865559896,39.503437,0.07839838663736742
45727,40.28448486328125,39.40237,-0.8821144104003906
16929,45.79340362548828,44.4609,-1.3325042724609375
13447,41.566518783569336,40.4211,-1.1454181671142578
46227,44.38145701090495,44.847466,0.4660085042317661
33668,40.67034912109375,40.54878,-0.12157058715820312
11304,41.66804673936632,41.081898,-0.5861490037706147
50216,36.506055196126304,36.348263,-0.15779240926107008
17015,42.70720418294271,42.41399,-0.2932141621907576
26203,40.740631103515625,41.884457,1.1438255310058594
35800,42.58975897894965,43.053158,0.4633988274468379
28681,40.11319647894965,40.574074,0.4608773125542598
7693,37.883148193359375,40.019405,2.1362571716308594
6797,39.061309814453125,39.17482,0.1135101318359375
8129,37.92882283528646,38.30902,0.3801981608072893
40390,41.54005262586806,40.441547,-1.098505232069229
39410,40.447601318359375,41.595764,1.148162841796875
77,43.47197469075521,43.78624,0.3142649332682268
43005,37.27208455403646,36.37799,-0.8940938313802107
488,41.55562973022461,40.939518,-0.6161117553710938
29888,40.96799977620443,41.300655,0.3326555887858049
9772,40.30931091308594,39.56111,-0.748199462890625
44203,39.63767051696777,39.532097,-0.10557365417480469
2055,38.84540812174479,38.406277,-0.4391314188639299
29304,40.20928276909722,40.892773,0.6834899054633254
2602,42.39068603515625,42.08414,-0.3065452575683594
37895,43.9729970296224,43.31449,-0.658505757649742
13419,39.89672088623047,40.160995,0.26427459716796875
26851,38.356353759765625,39.416893,1.0605392456054688
47219,41.00873141818576,40.98022,-0.028510623508026356
41509,37.28352165222168,37.743237,0.4597148895263672
51215,40.80991872151693,41.31314,0.5032221476236955
5136,43.03760782877604,42.44108,-0.596529642740883
13537,41.47445106506348,40.86074,-0.6137104034423828
30176,41.58373006184896,40.855606,-0.7281239827473982
30072,41.93388875325521,41.212284,-0.7216046651204451
10648,42.56607055664063,43.045895,0.47982406616210227
53984,39.60676066080729,39.108196,-0.4985644022623674
32388,37.67417653401693,37.97618,0.30200449625650805
953,40.69275580512153,40.748917,0.05616082085503393
25366,36.72744369506836,37.921192,1.1937484741210938
9962,36.46646372477213,36.40047,-0.06599299112955492
25206,38.49592081705729,37.799007,-0.6969134012858049
36779,42.39816284179688,42.290455,-0.10770797729492898
13247,39.476593017578125,40.64325,1.166656494140625
46941,40.799092610677086,39.704697,-1.0943959554036482
44511,38.779327392578125,40.220398,1.441070556640625
16469,43.76819864908854,42.91299,-0.8552080790201799
20603,41.24315643310547,40.87153,-0.3716278076171875
516,41.74476114908854,41.256348,-0.4884134928385393
29389,39.672271728515625,39.30069,-0.37158203125
34859,40.76861572265625,40.45697,-0.3116455078125
51329,39.63097127278646,39.59473,-0.03624089558919508
17674,39.646447075737846,40.385147,0.7387000189887161
9746,44.29913584391276,44.14705,-0.15208689371744555
14535,41.61657969156901,42.596233,0.9796536763509138
35896,44.38687133789063,44.400913,0.01404190063475852
32447,40.33822886149088,40.516674,0.17844518025716383
45249,37.68328348795573,39.54716,1.863877614339195
20496,42.18719821506076,42.45278,0.265583462185333
14166,41.60081990559896,41.254704,-0.3461163838704451
4016,44.64664713541666,43.588432,-1.0582148234049384
1671,42.33094278971354,41.665714,-0.6652285257975237
24916,40.27764214409722,40.260025,-0.017617119683158933
9163,40.88715744018555,41.137253,0.2500953674316406
29815,41.61159706115723,41.663326,0.05172920227050781
6460,40.61982896592882,40.37166,-0.24817064073350537
18769,40.51931190490723,40.35794,-0.16137123107910156
5069,38.91205851236979,38.327488,-0.5845705668131487
11816,40.21231757269965,40.71505,0.5027321709526973
52406,41.626546223958336,41.309536,-0.3170102437337263
11584,42.66241455078125,41.504635,-1.1577796936035156
26406,40.10750071207682,40.96289,0.8553899129231795
34500,40.88715744018555,36.978237,-3.9089202880859375
18415,42.53924899631076,43.440575,0.901325649685333
36004,39.57999229431152,39.514355,-0.06563758850097656
43615,35.99334377712674,37.21313,1.219787173800995
26263,41.20271301269531,41.517353,0.3146400451660156
20528,41.26423136393229,42.517532,1.2533009847005232
44083,43.76972452799479,43.20957,-0.560152689615883
32819,41.2214118109809,41.419415,0.1980027092827754
43694,40.30917019314237,40.937004,0.6278338962130974
18357,42.86101277669271,42.16903,-0.691983540852867
46293,40.95290883382162,41.67087,0.7179629007975237
6590,36.49427964952257,37.103615,0.6093351576063384
15939,39.195275200737846,38.926815,-0.26846016777886206
13090,37.071936713324654,38.937035,1.8650978936089402
16781,41.515472412109375,41.517826,0.002353668212890625
22469,41.44966379801432,41.83231,0.3826459248860701
29222,39.18844265407986,38.861454,-0.32698864407009154
1027,42.47126939561632,42.44161,-0.02966096666123974
45789,38.159630669487846,38.4634,0.3037711249457473
34084,42.06718953450521,41.828285,-0.23890431722005445
9497,40.61850229899088,40.295113,-0.3233896891276018
50838,40.76234690348307,39.299496,-1.4628512064615862
27011,41.79944864908854,42.107525,0.3080762227376326
6453,37.10079956054688,38.055363,0.9545631408691335
52119,41.44132147894965,41.97495,0.5336274041069942
9551,43.34465535481771,41.720867,-1.6237881978352888
8977,41.729522705078125,41.990955,0.2614326477050781
52619,41.59778510199653,42.214138,0.6163529290093308
33181,44.31318495008681,44.456852,0.1436670091417085
19163,40.38512844509549,40.20225,-0.1828770107693174
16597,42.86813354492188,41.77609,-1.0920448303222727
32397,38.62096150716146,38.802074,0.18111292521158617
11428,39.38897026909722,38.35669,-1.0322808159722214
49019,39.62366061740451,40.792053,1.1683926052517393
6695,41.520311991373696,41.612316,0.09200414021810133
26888,41.69463094075521,42.479984,0.7853533426920549
36534,42.874114990234375,43.49811,0.6239967346191406
21342,43.979736328125,44.315426,0.3356895446777344
44533,31.525248209635414,31.069014,-0.4562346140543596
51894,38.76821899414063,38.88385,0.1156311035156179
41859,39.855987548828125,40.671062,0.8150749206542969
51817,41.46258884006076,41.086323,-0.3762660556369326
6307,38.80987548828125,39.127666,0.3177909851074219
51682,46.79923841688368,45.64457,-1.1546690199110259
48269,39.55302259657118,40.119152,0.5661294725206147
44276,35.08246103922526,35.742523,0.660062154134117
14642,43.22436184353299,42.179012,-1.045349544949005
22521,41.53056335449219,41.773224,0.2426605224609375
19754,40.455858866373696,40.286102,-0.16975657145182055
24489,41.17279815673828,40.507645,-0.6651535034179688
33316,37.08314323425293,38.671764,1.5886211395263672
17536,43.01510620117188,43.373653,0.35854721069335227
31366,40.124972873263886,40.71681,0.5918354458279111
51350,40.26388295491537,41.051395,0.7875124613443987
48271,39.79607815212674,40.53075,0.7346721225314639
47066,40.659810384114586,40.12167,-0.5381406148274763
29452,42.01554022894965,41.166824,-0.848715888129334
32492,42.50440470377604,42.647892,0.14348729451497633
27134,42.27112833658854,42.430298,0.1591695149739607
30711,42.08171590169271,41.240852,-0.8408635457356795
41152,37.80794609917535,37.745983,-0.06196297539605666
44173,41.38194465637207,41.49545,0.11350440979003906
22815,41.31123352050781,41.294872,-0.016361236572265625
17027,38.73717244466146,39.123264,0.3860918680826799
11338,40.83251614040799,40.1539,-0.6786159939236143
53176,42.29156494140625,42.19951,-0.0920562744140625
30184,41.04139200846354,41.332,0.2906087239583357
20406,41.73297797309028,40.75951,-0.9734679328070754
47006,40.2994867960612,40.18807,-0.11141840616862453
53742,38.60558064778646,38.69012,0.08454004923502367
27826,43.1610107421875,43.005924,-0.15508651733398438
42604,42.04136488172743,41.63124,-0.41012403700086963
39400,38.64650132921007,38.179726,-0.4667756822374116
40232,40.497449239095054,40.329082,-0.16836675008138258
17963,40.98765563964844,40.936066,-0.0515899658203125
51814,38.16950480143229,38.457523,0.2880185445149763
42361,36.912235260009766,38.113117,1.2008819580078125
5213,41.119824727376304,42.131252,1.011427561442055
17560,40.62439643012153,40.39994,-0.22445593939887232
43654,40.94720458984375,40.461136,-0.4860687255859375
36026,41.44510904947917,41.20828,-0.23683039347331203
43105,38.37724134657118,38.235256,-0.14198515150282276
45633,43.21714613172743,43.27064,0.05349519517686474
36025,41.85342025756836,40.344543,-1.5088768005371094
10271,44.884195963541664,45.652363,0.7681668599446638
7038,39.83462524414063,41.666634,1.8320083618163991
42851,45.495079888237846,44.213463,-1.2816170586480027
48109,41.79375203450521,41.78968,-0.004071553548179452
18425,40.14481862386068,40.41789,0.2730700174967424
8258,40.88715744018555,40.8232,-0.06395721435546875
3654,39.06074015299479,39.970757,0.9100163777669295
12677,42.13383992513021,42.30936,0.17552057902017992
1319,42.016204833984375,42.103634,0.08742904663085938
23326,43.272735595703125,42.95536,-0.31737518310546875
7055,42.39275105794271,41.965694,-0.4270566304524763
26184,40.89536794026693,40.80929,-0.08607610066732008
6408,40.04029591878256,41.784687,1.7443911234537666
12995,42.40955607096354,41.336765,-1.0727907816568987
18910,40.854488372802734,40.495426,-0.35906219482421875
26310,40.60454559326172,42.48889,1.8843460083007812
2361,38.43762546115451,38.60994,0.17231411404080177
44445,38.55915323893229,38.197693,-0.3614603678385393
29861,40.32113393147787,41.139477,0.8183428446451799
22866,40.64470672607422,41.407234,0.7625274658203125
16897,41.89210001627604,42.136795,0.2446950276692732
19332,41.286356608072914,40.134357,-1.1519991556803362
27307,40.58185831705729,40.834244,0.2523854573567732
32602,43.74761962890625,44.334824,0.5872039794921875
45858,37.25954861111112,39.109745,1.8501964145236443
40236,43.546410454644096,41.573254,-1.9731568230522996
46418,37.940880669487846,38.97881,1.0379286872016067
47049,41.54964447021485,40.526096,-1.0235481262207102
12870,39.65717569986979,39.703846,0.04667027791341383
11434,37.63135782877604,38.15988,0.5285237630208357
17972,41.10500844319662,40.950985,-0.15402348836263258
33419,42.50611368815104,41.583103,-0.9230105082193987
41734,41.569298638237846,40.82396,-0.7453392876519089
5390,37.430084228515625,38.37764,0.9475555419921875
49583,39.62755584716797,38.564873,-1.06268310546875
1889,44.16126505533854,43.937576,-0.2236887613932268
21809,43.97745429144965,43.732082,-0.2453719245062871
9297,40.5826161702474,41.33555,0.752932230631508
25168,37.126075744628906,36.105076,-1.0209999084472656
21507,43.702972412109375,43.130905,-0.5720672607421875
4931,44.659461975097656,44.489414,-0.17004776000976562
2802,43.83912150065104,44.346096,0.5069745381673201
7066,40.83590698242188,40.98748,0.15157318115233664
12933,42.55681355794271,41.90819,-0.6486218770345076
10039,42.62583753797743,43.252693,0.6268556382920991
23864,41.79345448811849,40.065582,-1.727872212727867
12789,38.83714803059896,38.469727,-0.3674214680989607
24952,41.95439656575521,41.791325,-0.16307195027669508
46766,42.04924519856771,40.408028,-1.6412175496419295
19544,41.92990112304688,41.664673,-0.2652282714843821
40428,41.144310845269096,41.976933,0.8326216803656692
25655,41.21913316514757,40.58278,-0.6363542344835054
24893,43.36886596679688,44.303986,0.9351196289062429
52982,41.73421732584635,40.920265,-0.8139521280924455
47918,38.95079549153646,39.50126,0.5504633585611955
44242,36.43413543701172,36.606876,0.17274093627929688
4499,37.84308878580729,38.358307,0.5152180989583357
36996,40.343353271484375,39.76544,-0.577911376953125
5346,42.36939493815104,40.946938,-1.422457377115883
6245,42.421234130859375,41.907986,-0.5132484436035156
1246,42.34252590603299,41.564957,-0.7775692409939268
405,45.73207261827257,45.31444,-0.41763093736436474
51483,38.95506795247396,37.84656,-1.108506520589195
19558,41.51347520616319,41.431683,-0.08179261949327099
42059,37.31072998046875,38.380074,1.0693435668945312
789,40.84666188557943,41.275455,0.4287935892740862
39083,35.82054307725694,36.52664,0.7060987684461821
39290,41.570149739583336,42.373203,0.8030535380045549
1544,41.91024525960287,42.05646,0.14621607462564867
19888,43.414581298828125,43.444202,0.029621124267578125
32336,42.79293823242188,42.835316,0.04237747192382102
4515,36.54564666748047,36.72216,0.176513671875
39561,43.63375854492188,43.52628,-0.10747909545899148
46920,42.035003662109375,41.89561,-0.13939285278320312
840,39.63638305664063,38.794735,-0.8416481018066477
17405,37.47982449001736,37.836647,0.3568225436740491
5267,39.53441365559896,40.086365,0.5519510904947893
19512,39.51618448893229,40.538944,1.0227597554524763
46985,37.709205627441406,38.582073,0.8728675842285156
29450,42.181688944498696,42.687443,0.5057538350423201
11731,40.2452278137207,39.04707,-1.1981582641601562
15363,41.55391184488932,42.493908,0.9399960835774763
20035,40.643761528862846,41.030445,0.3866835700141067
51544,40.65774154663086,40.774567,0.11682510375976562
6596,37.90290323893229,38.373844,0.4709409077962263
46450,39.42959933810764,40.53955,1.1099514431423572
44851,34.64703708224826,36.164707,1.51767010158963
45497,43.39374118381076,42.047523,-1.3462176852756045
15560,39.34186808268229,39.849945,0.5080769856770857
7234,37.815032958984375,38.014038,0.199005126953125
50551,40.64919662475586,41.550312,0.9011154174804688
17473,41.56511773003472,41.50964,-0.05547799004448706
5397,39.02798461914063,39.064114,0.03612899780272727
43451,45.482076009114586,45.289375,-0.19270070393880445
46921,41.15442657470703,40.64826,-0.5061683654785156
12050,38.70042928059896,38.33761,-0.36282094319661695
41664,47.21157836914063,46.98268,-0.2288970947265696
31666,39.539825439453125,40.405067,0.8652420043945312
39031,38.44028388129341,38.946342,0.5060585869683081
17733,37.20371839735243,38.33353,1.1298120286729585
5608,41.74400160047743,41.155594,-0.5884077284071196
44398,39.91989135742188,39.260975,-0.658916473388679
5772,37.995568169487846,38.65468,0.6591101752387161
49843,39.71063571506076,39.57752,-0.1331172519259951
14736,39.85997772216797,40.475193,0.6152153015136719
31982,40.53931681315104,41.178917,0.6396001180013045
32265,41.409030490451386,41.447697,0.038666195339629894
49547,35.96629333496094,34.946434,-1.0198593139648438
41899,40.38931613498264,39.877327,-0.5119891696506116
45956,42.67644246419271,42.073395,-0.6030476888020857
45181,37.40443801879883,38.732533,1.328094482421875
4444,40.95318794250488,40.279247,-0.6739406585693359
36392,40.65591430664063,40.00564,-0.6502761840820384
46679,38.121081034342446,37.83276,-0.2883211771647112
31196,40.464131673177086,39.472733,-0.9913991292317732
7758,43.07624986436632,43.210346,0.13409635755751026
21764,41.20545789930556,42.341244,1.1357858445909272
35188,42.125579833984375,42.096893,-0.0286865234375
20146,42.18302069769965,41.89753,-0.2854910956488652
48071,37.57629055447049,39.344852,1.7685618930392764
49427,39.781646728515625,39.800682,0.01903533935546875
29012,41.25065782335069,41.014202,-0.236455705430771
20582,43.02137247721354,43.17208,0.15070851643880445
14200,38.970947265625,41.195316,2.2243690490722656
13954,40.602749294704864,41.44973,0.8469806247287295
25244,42.10364786783854,41.259792,-0.8438555399576799
9368,45.47153727213541,44.106747,-1.3647905985514228
13942,39.49833509657118,40.332005,0.8336694505479585
12979,42.48532104492188,41.94459,-0.5407295227050852
13033,40.80213080512153,41.178673,0.3765419854058152
9107,45.68724907769097,41.87618,-3.8110703362358933
47399,41.1838141547309,41.981606,0.7977913750542598
17834,45.53362782796224,45.484165,-0.04946263631185133
17803,40.03989664713541,40.542942,0.5030453999837334
4332,44.68965403238932,44.320374,-0.36928049723307055
3370,42.877960205078125,41.096874,-1.7810859680175781
18906,38.79043833414713,40.06526,1.2748235066731795
53149,35.433190239800346,36.402374,0.9691840277777786
20521,44.32458157009549,44.275497,-0.04908413357205177
26728,39.84165106879341,40.218464,0.37681282891166745
9000,42.72685750325521,42.276253,-0.45060475667317945
35971,40.698543548583984,41.381763,0.6832199096679688
24120,42.60381062825521,42.89212,0.2883097330729143
25723,45.00439453125,45.026573,0.02217864990234375
54002,39.368072509765625,39.440777,0.07270431518554688
46434,38.054718017578125,39.16392,1.1092033386230469
32788,41.78767564561632,42.233337,0.44566175672743213
35555,40.9794921875,41.592953,0.6134605407714844
9485,41.334869384765625,40.66249,-0.6723785400390625
46308,42.85958862304688,43.201633,0.3420448303222585
10510,38.83221096462674,39.0911,0.25888782077365136
40199,41.80486043294271,41.73567,-0.06919225056966383
3249,39.962426079644096,40.238636,0.2762099372016067
25141,42.508392333984375,42.34899,-0.15940093994140625
118,40.88715744018555,41.513733,0.6265754699707031
32138,39.31452433268229,39.254787,-0.05973688761392992
52838,37.75023396809896,38.058586,0.30835215250650805
21986,42.110863579644096,41.80623,-0.30463494194878393
51856,40.57995944552951,39.647385,-0.9325748019748232
18793,40.85214614868164,40.757343,-0.0948028564453125
24806,42.70065307617188,42.867073,0.16641998291014914
42113,37.16973368326823,37.24263,0.0728963216145857
35691,40.17623562282986,39.46782,-0.7084164089626697
31913,39.636193169487846,40.190235,0.5540419684516067
24623,39.34832424587674,39.448307,0.09998279147677636
53348,40.08470662434896,39.905285,-0.17942174275716383
25126,43.0943603515625,43.7112,0.6168403625488281
34518,40.00552368164063,40.820324,0.8148002624511648
32521,41.70045852661133,42.675076,0.9746170043945312
50703,43.78956095377604,43.76544,-0.024119059244789298
7063,39.890174865722656,41.02828,1.1381034851074219
5795,42.05066680908203,41.065735,-0.9849319458007812
47793,40.22143809000651,40.213207,-0.008230845133461173
9473,40.2174555460612,40.03327,-0.1841837565104214
51715,41.3319329155816,41.141922,-0.19001091851129104
32828,42.27416653103299,43.804302,1.5301356845431826
26204,39.78820292154948,41.210743,1.4225400288899763
46499,40.23814900716146,41.676037,1.4378878275553362
30625,39.327911376953125,39.99811,0.6702003479003906
18434,43.135589599609375,42.69112,-0.4444694519042969
40078,33.53619723849826,34.330593,0.7943958706325986
21363,41.86932712131076,42.19869,0.3293613857693174
51511,37.9464111328125,38.178055,0.2316436767578125
21208,42.75078328450521,42.98948,0.23869578043619555
15491,41.49866400824653,41.740154,0.2414902581108933
6135,42.69153849283854,42.142178,-0.5493609110514299
36792,42.691918267144096,42.16363,-0.5282868279351121
896,35.08985392252604,36.30081,1.2109578450520857
42721,37.78516303168403,37.235825,-0.5493384467230911
51091,40.194478352864586,39.148975,-1.0455029805501326
3867,38.88984171549479,38.77082,-0.11902109781900805
30986,41.32813178168403,41.48686,0.1587265862358933
43749,42.09538777669271,40.82356,-1.2718289693196638
47326,40.95252821180556,41.504486,0.5519578721788179
31801,39.841271294487846,40.39129,0.5500174628363723
25221,40.10806274414063,39.794357,-0.3137054443359446
26179,39.30206298828125,38.992664,-0.3093986511230469
6222,40.19837951660156,40.875496,0.6771163940429688
40795,44.97894965277778,44.293278,-0.6856719122992629
47711,43.53691609700521,43.435486,-0.1014302571614607
53632,41.85945298936632,41.505127,-0.35432603624131787
53826,41.14317830403646,41.243652,0.1004740397135393
47113,40.91151258680556,39.069023,-1.8424894544813384
26683,39.39275783962674,39.284096,-0.10866207546658302
3170,41.67583211263021,41.301155,-0.37467702229817945
54319,42.08029174804688,42.25097,0.17067718505858664
15520,39.01773071289063,38.993553,-0.024177551269538355
11504,42.42436726888021,42.74805,0.3236834208170549
53575,41.26927015516493,40.379597,-0.889673444959854
9433,43.29727851019965,43.49958,0.2023018731011348
24123,39.31490749782986,36.977085,-2.3378223843044665
24926,40.13427988688151,39.948498,-0.18578211466471117
2410,33.72418551974826,33.889023,0.16483730740017677
41774,36.24552747938368,36.448025,0.20249727037217724
41873,39.68063015407986,39.27237,-0.40826076931423216
51392,41.36819966634115,41.29504,-0.07315953572591383
16431,40.872294108072914,40.859875,-0.012419382731117423
7078,40.20463180541992,39.934757,-0.26987457275390625
5730,35.60198720296224,36.053844,0.4518572489420549
36987,44.328758239746094,44.11704,-0.21171951293945312
32766,42.60352579752604,42.637867,0.03434117635091383
36615,36.76203409830729,38.209084,1.447049458821617
17537,42.07886759440104,42.652485,0.5736172993977888
13846,39.44858466254341,40.49484,1.0462540520561987
26719,39.19147745768229,39.25303,0.06155141194661695
12932,42.35999552408854,41.260902,-1.099093119303383
11045,40.609965006510414,41.79386,1.183896382649742
17773,41.588283962673614,42.369797,0.7815127902560732
42774,43.01111857096354,41.849274,-1.1618448893229143
16401,41.70716349283854,41.762768,0.05560429890950758
1845,42.87981160481771,42.65835,-0.22145970662435133
42614,41.37408447265625,43.09214,1.7180557250976562
12858,38.541778564453125,40.462166,1.9203872680664062
21499,41.96087646484375,41.76499,-0.19588470458984375
2727,37.610364278157554,38.15943,0.5490671793619768
1050,40.65069071451823,42.016846,1.3661549886067732
18815,40.46840159098307,41.049614,0.5812123616536482
46571,42.88180287679037,43.2828,0.4009958902994768
51398,38.57538859049479,39.32252,0.7471326192220076
15915,36.31807454427084,36.096188,-0.22188695271810843
11189,38.85138956705729,39.457138,0.6057484944661482
51325,39.41174655490451,39.67797,0.266224331325958
11620,40.18646812438965,39.97323,-0.2132396697998047
53076,39.422760009765625,38.992172,-0.4305877685546875
46976,36.2494150797526,36.734882,0.4854672749837263
34217,39.78392791748047,38.865112,-0.9188156127929688
32774,42.278344048394096,42.76811,0.48976431952582544
27987,38.32416788736979,39.334614,1.0104459126790388
35096,35.559539794921875,35.37399,-0.18555068969726562
38195,39.59745958116319,40.650974,1.0535146925184478
20716,40.25291061401367,40.905117,0.6522064208984375
41228,40.50741831461588,39.87486,-0.6325594584147112
23149,46.793921576605904,46.325226,-0.46869574652777857
36930,39.13764444986979,39.674114,0.5364697774251326
11742,39.42760213216146,39.285526,-0.14207585652669508
7793,41.96749877929688,41.52801,-0.43948745727539773
2060,38.89031643337674,38.93504,0.044723086886932606
47302,43.76440090603299,42.219704,-1.544697231716583
44434,43.39829847547743,43.40431,0.0060098436143647405
45905,38.638048807779946,38.77463,0.13658269246419508
37300,40.20891316731771,40.73204,0.5231272379557268
40534,40.92862129211426,41.308784,0.38016319274902344
1989,41.73279825846354,41.24462,-0.48817698160807055
122,40.88715744018555,41.10775,0.22059249877929688
35343,42.487884521484375,42.514076,0.02619171142578125
8929,40.493032455444336,40.53557,0.04253578186035156
3801,40.31970977783203,41.883553,1.5638427734375
43799,41.97661336263021,42.41677,0.44015757242838305
35270,42.28650919596354,41.973495,-0.3130137125651018
3416,44.08949279785156,44.7019,0.6124076843261719
3083,42.26400502522787,42.48744,0.22343317667642992
47762,42.2645746866862,42.884186,0.6196111043294223
8900,39.597930908203125,39.4313,-0.16662979125976562
45900,41.86286417643229,42.700924,0.8380597432454451
43091,41.47045135498047,41.841686,0.3712348937988281
44033,39.42076619466146,40.38488,0.964113871256508
31507,37.85326385498047,38.50331,0.6500473022460938
29903,43.43627590603299,42.159992,-1.2762836880154111
46966,38.613555908203125,38.094532,-0.5190238952636719
21985,43.36373901367188,42.172764,-1.1909751892089915
23442,41.37133280436198,41.29506,-0.0762736002604143
21837,40.23226674397787,40.711235,0.4789683024088518
53239,34.795623779296875,35.318836,0.5232124328613281
17772,41.75956895616319,41.753292,-0.0062768724229584905
43320,33.00886789957682,32.119926,-0.8889414469401018
16439,40.74402533637153,40.61685,-0.12717352973090357
16489,38.14784749348959,38.266174,0.11832682291665719
47816,42.71831258138021,42.237236,-0.48107655843099195
18133,43.36108059353299,43.28877,-0.0723118252224424
32326,44.58034896850586,44.31411,-0.2662391662597656
33443,40.41143290201823,39.55645,-0.854983011881508
35073,42.23922729492188,41.93939,-0.29983901977539773
13662,43.31531778971354,42.26505,-1.0502688090006487
48199,41.75995212131076,41.405804,-0.35414844089083886
17479,43.36677720811632,43.18231,-0.1844690110948335
3106,43.337914360894096,42.52359,-0.8143242730034714
52751,41.728051079644096,40.652798,-1.075253380669487
18109,42.692962646484375,42.4545,-0.23846435546875
11323,40.83555772569444,39.99945,-0.8361070421006929
42665,35.81370374891493,37.222515,1.4088113572862397
52400,37.440043131510414,37.787125,0.3470815022786482
34797,35.54102579752604,36.087322,0.5462964375813826
9972,43.96530151367188,43.439983,-0.5253181457519602
51282,40.93277316623264,40.968884,0.03611034817165404
49139,41.71247016059028,41.20268,-0.5097914801703567
32450,39.96536763509115,40.588833,0.6234652201334612
49337,40.69740549723307,41.3224,0.6249936421712263
27263,41.24229939778646,41.17752,-0.0647786458333357
29852,41.32235209147135,41.91554,0.5931866963704451
35341,43.36373901367188,42.29151,-1.0722274780273509
7687,40.024332682291664,40.517963,0.4936307271321638
21262,40.42576768663194,40.987,0.5612318250868071
5425,36.81033515930176,37.027817,0.2174816131591797
49887,37.558247884114586,38.604202,1.0459543863932268
13944,40.30461290147569,40.840145,0.5355322096082915
49234,42.11276245117188,41.53081,-0.581951141357429
37533,37.155110677083336,37.75422,0.5991083780924455
5889,39.057037353515625,38.63162,-0.4254188537597656
36571,39.936974419487846,39.76618,-0.1707962883843308
43017,32.26011827256944,32.937546,0.6774275037977446
27375,39.47545623779297,40.326984,0.8515281677246094
4815,38.20909627278646,37.504963,-0.7041333516438826
50856,40.987935384114586,41.21951,0.23157374064127367
63,43.24581909179688,43.04852,-0.19729995727539773
36417,43.09030151367188,43.161747,0.07144546508788352
17052,38.196563720703125,38.769104,0.572540283203125
51306,44.45523071289063,44.067406,-0.38782501220703836
36131,46.07880401611328,45.03207,-1.0467338562011719
20033,39.658599853515625,39.93212,0.27352142333984375
619,43.037109375,44.29879,1.2616806030273438
31847,40.41930813259549,40.632378,0.21306949191622948
2022,39.77253723144531,39.10788,-0.6646575927734375
12865,39.72392781575521,39.847305,0.1233774820963518
39440,40.41883087158203,40.96775,0.548919677734375
36418,43.37968953450521,43.060535,-0.3191541035970076
33925,40.29664103190104,40.04562,-0.2510210673014299
14151,43.58856540256076,42.88351,-0.7050548129611514
18715,43.36146375868056,43.53596,0.17449739244248974
51635,40.25874837239584,40.185757,-0.07299168904623343
18394,43.03979153103299,43.01492,-0.024872250027129894
7326,40.47010803222656,40.875652,0.4055442810058594
30505,42.228759765625,42.657803,0.4290428161621094
39004,45.61243353949653,45.9671,0.3546646965874558
28324,40.576924641927086,40.93228,0.3553568522135393
30187,40.71173773871528,40.70761,-0.004126654730903567
33798,42.69096883138021,43.511242,0.8202730814615862
51936,40.62533823649088,39.47394,-1.1513964335123674
50718,40.33110046386719,41.241703,0.9106025695800781
11622,39.79930623372396,40.302864,0.5035578409830705
8086,41.12388229370117,40.732224,-0.3916587829589844
50921,40.09497748480903,40.56494,0.46996392144097143
3390,44.46434783935547,44.72944,0.2650909423828125
46530,43.06751505533854,41.91006,-1.15745417277018
12582,39.60307312011719,40.462463,0.8593902587890625
52240,38.627892388237846,39.653538,1.0256453620062942
9801,40.10835774739584,39.79975,-0.30860646565756156
42102,33.224761962890625,32.310314,-0.9144477844238281
49653,41.005879720052086,40.570187,-0.4356931050618513
7701,38.97082858615451,39.650063,0.6792339748806455
18707,42.44031778971354,41.710266,-0.7300516764322893
6981,42.61150105794271,42.4063,-0.20520146687825758
32444,40.715919494628906,40.93714,0.221221923828125
30800,43.80152384440104,42.344513,-1.4570109049479143
22567,41.748531341552734,42.464096,0.7155647277832031
26680,40.92784627278646,40.58017,-0.3476765950520857
50578,40.44283676147461,40.215847,-0.22698974609375
3680,42.38240220811632,41.9868,-0.39560106065538037
54297,41.45879109700521,40.90122,-0.5575726826985701
53889,37.42893981933594,37.015347,-0.4135932922363281
38642,42.55396270751953,41.72549,-0.8284721374511719
30225,44.801974826388886,44.503212,-0.2987628512912295
8150,34.247894287109375,34.48261,0.23471450805664062
43741,41.74665323893229,41.476025,-0.2706286112467424
11405,39.456939697265625,39.56198,0.10504150390625
7672,40.937337239583336,40.50692,-0.43041737874349195
15956,37.63572692871094,37.755966,0.1202392578125
38545,44.00062730577257,43.60914,-0.3914888170030366
46654,37.73047553168403,37.474846,-0.2556296454535598
12230,35.47209676106771,36.213425,0.7413279215494768
48864,41.26338195800781,40.947975,-0.31540679931640625
34498,33.31477355957031,38.657696,5.342922210693359
50205,41.70830281575521,41.175682,-0.532620747884117
3239,42.65906778971354,42.672848,0.013779958089195077
39086,39.00197007921007,38.257538,-0.7444322374131929
53159,41.412353515625,41.582493,0.17013931274414062
37918,40.9681453704834,41.12585,0.15770530700683594
21691,40.96985054016113,41.129616,0.15976524353027344
38948,45.91558837890625,44.089897,-1.8256912231445312
19459,40.33499823676216,40.170094,-0.16490470038520755
20738,40.56581370035807,41.589077,1.0232632954915388
7817,40.636451721191406,40.873306,0.23685455322265625
32978,36.56530507405599,37.264687,0.6993815104166643
17713,35.95118204752604,35.970604,0.019421895345054452
16008,41.45422617594401,40.058823,-1.3954035441080705
11159,38.16570705837674,38.528324,0.36261706882052636
4150,41.09607950846354,41.349636,0.2535565694173201
36374,39.38971964518229,39.67544,0.2857220967610701
49868,37.91695149739584,38.88401,0.9670588175455634
9590,40.915306091308594,41.59961,0.6843032836914062
47030,39.94970703125,40.115643,0.16593551635742188
7196,38.892974853515625,38.762863,-0.1301116943359375
37495,42.442406548394096,42.815224,0.3728171454535598
9095,43.44956800672743,42.631042,-0.8185255262586821
28300,42.00528632269965,42.695118,0.6898316277398067
49950,41.76640828450521,41.814907,0.04849878946939867
16093,41.41164207458496,41.927773,0.5161304473876953
39767,41.77324422200521,41.51069,-0.26255544026692945
11512,40.775028228759766,41.31122,0.5361900329589844
32124,39.62555948893229,39.14781,-0.4777475992838518
32203,41.64677937825521,40.94603,-0.7007497151692732
49568,39.17780558268229,41.99801,2.8202031453450545
24575,40.963165283203125,40.81056,-0.15260696411132812
22236,43.91821628146701,42.315426,-1.6027904086642764
47956,40.86368179321289,40.659615,-0.20406723022460938
11410,41.108235677083336,40.211323,-0.8969128926595076
25978,41.019630432128906,41.146866,0.12723541259765625
39701,38.782745361328125,38.599792,-0.182952880859375
11907,39.8460210164388,40.683132,0.837111155192062
28405,42.89167955186632,42.698223,-0.193456437852646
51488,37.13554890950521,37.73384,0.5982920328776018
49354,38.98374091254341,37.510944,-1.4727965460883325
47650,39.46225653754341,40.36047,0.8982132805718237
16667,42.187103271484375,41.70673,-0.4803733825683594
29334,42.69951375325521,42.035206,-0.6643079121907576
11431,37.76769680447049,39.157654,1.3899570041232607
43922,34.686248779296875,34.916645,0.23039627075195312
29848,41.69299125671387,41.715992,0.023000717163085938
3853,41.01594712999132,41.19006,0.1741125318739165
12589,40.961307525634766,40.728733,-0.232574462890625
26780,39.15131632486979,39.62126,0.4699452718098982
31586,42.06861368815104,41.822838,-0.24577585856119555
10681,38.172637939453125,39.88456,1.7119216918945312
33631,39.12501695421007,39.684963,0.5599462721082915
31816,40.38095431857639,39.77895,-0.6020045810275647
18892,39.79575538635254,40.583893,0.7881374359130859
40955,42.74888441297743,42.616226,-0.13265821668836963
18122,38.34306165907118,38.803776,0.4607141282823335
25419,45.15279897054037,44.97689,-0.1759084065755232
4258,38.6513671875,39.163307,0.5119400024414062
29696,38.60016886393229,38.35137,-0.24879709879557055
51676,39.77405802408854,39.89308,0.1190236409505232
11523,40.15279642740885,40.905083,0.752286275227867
41186,36.58238983154297,36.704277,0.12188720703125
2449,43.92556953430176,43.325413,-0.6001567840576172
33460,42.22939491271973,42.767136,0.5377407073974609
33224,42.24890391031901,42.396595,0.14769109090169508
48288,42.83965047200521,42.95108,0.1114298502604143
35717,42.80205281575521,42.571754,-0.23029836018880445
2438,41.08051045735677,41.09799,0.017477671305336173
6966,39.21882120768229,39.809334,0.590512593587242
43106,38.60301717122396,38.97975,0.3767344156901018
31807,40.00647989908854,39.326252,-0.6802279154459612
10794,43.227874755859375,42.84599,-0.3818855285644531
39425,39.44269816080729,40.318012,0.8753140767415388
14099,36.122090657552086,36.217907,0.09581629435221117
11025,40.63217926025391,41.010124,0.3779449462890554
40664,39.83064270019531,40.15649,0.3258476257324219
44657,43.13701375325521,43.373077,0.2360636393229143
18287,41.46410115559896,41.00958,-0.4545224507649763
47401,41.67146470811632,41.546017,-0.1254480150010835
37113,45.72134399414063,45.09596,-0.6253852844238352
26100,42.12301635742188,41.85269,-0.2703247070312571
48482,43.25920613606771,42.542637,-0.7165692647298201
36991,37.88830375671387,38.766594,0.8782901763916016
24314,40.87542978922526,40.408783,-0.46664683024088305
13906,41.78728908962674,42.863586,1.0762973361545107
23518,36.372610092163086,38.09475,1.7221393585205078
18405,43.24809773763021,42.58388,-0.6642163594563826
43137,43.41425916883681,43.50873,0.09447267320420849
5555,41.26167127821181,41.70065,0.43897798326280224
52817,40.41019354926216,40.013874,-0.39631949530708255
19309,44.00517781575521,43.605694,-0.3994839986165388
48061,40.353980170355904,40.519123,0.16514290703667456
3913,37.363993326822914,37.831913,0.4679196675618513
33083,43.40817260742188,43.04882,-0.35935211181641336
23989,45.86499362521701,44.179882,-1.6851115756564639
42592,42.01554022894965,42.413097,0.3975571526421504
7780,40.3380364312066,39.375374,-0.9626625908745723
25451,42.859398735894096,42.670002,-0.1893967522515183
19461,39.92254299587674,40.290375,0.36783175998263573
28119,42.38335164388021,43.08959,0.7062365214029924
39294,42.47544691297743,41.914043,-0.5614034864637603
17412,36.19671630859375,35.899456,-0.2972602844238281
42184,38.78246053059896,36.973747,-1.808713277180992
5486,40.85871717664931,40.40675,-0.45196745130751026
20719,40.3622932434082,40.70621,0.3439178466796875
9190,41.428015814887154,41.64576,0.21774376763237768
27260,41.70222642686632,41.359325,-0.342901017930771
9142,44.449544270833336,43.70758,-0.7419637044270857
2481,42.96753946940104,42.771984,-0.19555536905924242
41393,40.10921478271485,40.475872,0.366657257080071
51248,38.70099894205729,39.547195,0.8461964925130232
15913,35.94700453016493,36.21578,0.268773820665146
46923,39.25414021809896,38.180984,-1.0731557210286482
10089,42.63884480794271,41.85944,-0.7794049580891951
13132,36.31844753689237,36.8641,0.545653873019738
37261,40.61831325954861,39.399242,-1.2190708584255603
11252,43.82032267252604,44.107628,0.28730519612630445
7664,39.03852335611979,38.90196,-0.13656489054361742
23271,40.835548400878906,41.026955,0.19140625
50836,37.14484998914931,37.686604,0.541753556993271
26069,42.10450236002604,42.016064,-0.08843866984049242
20501,41.96521250406901,41.90634,-0.05887095133463305
3710,43.87719387478299,43.415443,-0.461750454372833
46521,39.36693657769097,40.020493,0.6535559760199661
11671,40.08201217651367,40.00254,-0.07947158813476562
11477,40.88715744018555,40.86226,-0.024898529052734375
53311,38.26619911193848,39.337776,1.0715770721435547
39587,40.38379923502604,41.18633,0.8025296529134138
3074,43.32500203450521,43.243717,-0.08128484090169508
9741,42.824554443359375,42.696884,-0.1276702880859375
18079,41.20441055297852,41.57728,0.3728675842285085
42535,49.06649971008301,48.572514,-0.4939861297607422
47477,43.91346232096354,43.63604,-0.27742258707682055
39033,38.29852803548177,38.556763,0.2582346598307268
39075,39.07384236653646,38.877556,-0.19628651936849195
11095,42.98890177408854,43.198086,0.20918401082357008
6945,34.72565036349826,34.750572,0.02492184109158302
30519,44.9625244140625,43.596188,-1.3663368225097656
22814,40.39955308702257,40.49522,0.09566709730360401
39708,38.740020751953125,38.865414,0.12539291381835938
22092,43.58628675672743,43.447968,-0.13831922743055713
21913,40.46753946940104,40.533524,0.0659840901692732
22029,35.10694376627604,35.1231,0.016156514485679452
45903,43.01624552408854,43.20455,0.18830617268880445
42816,42.158050537109375,41.830544,-0.32750701904296875
8211,40.52593485514323,41.02293,0.4969952901204451
20807,42.97295125325521,43.07825,0.10529963175455492
2799,44.35667165120443,44.54802,0.19134775797525805
53409,39.11998494466146,39.716908,0.5969225565592424
53912,36.30040486653646,36.813717,0.5133120218912737
15945,39.67644924587674,40.12822,0.45177035861544823
496,39.53441365559896,40.709988,1.1755739847818987
44021,38.687042236328125,38.70127,0.01422882080078125
33603,38.85338338216146,39.31509,0.4617067972818987
43929,31.134830050998264,30.896914,-0.23791652255588147
14735,40.05280897352431,40.788177,0.7353685167100679
29753,42.04639689127604,40.698257,-1.3481394449869768
35739,38.44901869032118,39.123783,0.6747644212510835
11726,42.44886271158854,41.920937,-0.527926127115883
29260,40.56021457248264,40.890377,0.33016247219509154
6900,37.28575981987847,38.013866,0.7281066046820754
9444,44.40661960177951,43.79935,-0.6072688632541201
10521,40.76871066623264,39.78232,-0.9863925509982678
41604,40.12658945719401,38.676632,-1.4499575297037737
7344,39.89635213216146,40.659584,0.7632319132486955
37747,43.59464179144965,43.097824,-0.49681769476995896
32001,43.47197469075521,43.493374,0.021399180094398673
13255,38.69245402018229,38.74062,0.04816563924153883
13918,43.385765923394096,43.518723,0.13295661078559107
21876,40.37696329752604,40.463272,0.0863087972005232
39664,42.302032470703125,41.05137,-1.2506637573242188
24463,41.6080322265625,40.334396,-1.2736358642578125
11066,40.02281019422743,39.90468,-0.11813184950086963
41348,45.31686401367188,47.236015,1.9191513061523366
53724,41.785491943359375,41.958527,0.17303466796875
39209,44.19810994466146,43.16631,-1.0318005879720076
35808,42.44810316297743,41.77501,-0.6730940077039946
53819,42.38619995117188,42.744476,0.3582763671874929
15178,41.23368644714356,41.242508,0.008821487426750707
38974,37.59566243489584,39.011845,1.4161822001139228
2485,44.73928260803223,43.955647,-0.7836360931396484
35546,41.31749810112847,41.09288,-0.22461785210503393
53861,35.731727600097656,37.176815,1.4450874328613281
31140,44.39294772677951,43.28715,-1.1057963901095889
52844,36.94091118706597,37.34177,0.4008589850531692
33416,42.05579630533854,42.295315,0.23951848347982008
44648,39.54428778754341,40.42499,0.880703820122605
17721,37.77415974934896,38.062336,0.2881762186686174
31632,41.28958384195963,41.599026,0.3094418843587263
40125,42.74052937825521,42.81829,0.07776133219400805
1351,40.40374077690972,40.023224,-0.38051689995659643
21804,44.97278086344401,44.839096,-0.13368479410807055
41792,37.439188639322914,38.644077,1.2048886617024763
48797,41.11070760091146,40.881676,-0.22903188069661695
3838,39.40604994032118,39.78656,0.38051011827256787
26095,42.11212158203125,42.56126,0.4491386413574219
35988,40.585182189941406,40.90903,0.3238487243652344
15457,39.443267822265625,40.770176,1.3269081115722656
43629,35.74468994140625,35.631123,-0.11356735229492188
27742,42.34936184353299,41.906563,-0.442799038357208
48817,39.2913818359375,39.822536,0.5311546325683594
19516,39.84772745768229,40.126324,0.2785962422688826
16180,40.84808349609375,40.953873,0.1057891845703125
7675,40.183081732855904,41.114807,0.9317253960503464
6431,42.05958726671007,41.378304,-0.6812837388780366
49481,40.06847890218099,39.254368,-0.8141110738118513
14411,35.57947794596354,35.580814,0.0013364156087263268
37496,42.74992879231771,43.215725,0.4657961527506487
38093,39.63961791992188,40.617584,0.9779663085937429
51769,36.19577026367188,36.333393,0.13762283325194602
16244,39.9169438680013,39.371605,-0.5453389485677036
44169,42.45313517252604,43.608707,1.1555722554524763
2895,41.61030578613281,41.424847,-0.18545913696289062
44987,41.71000417073568,42.76991,1.0599047342936174
46260,40.36300404866537,40.55379,0.19078699747721117
49896,35.559827168782554,37.65986,2.100031534830727
30140,37.70769246419271,38.904896,1.1972033182779924
53150,38.63177998860677,38.99594,0.3641611735026018
18556,39.84582858615451,40.963024,1.1171955532497861
8034,43.50700887044271,42.85022,-0.6567891438802107
8272,39.530236138237846,39.790886,0.2606497870551223
8113,38.588775634765625,38.769684,0.180908203125
29642,43.75766245524088,44.937473,1.1798108418782576
11334,39.81164889865451,39.625645,-0.1860042148166201
27613,40.52830335828993,40.80671,0.2784059312608491
39662,39.85228474934896,39.760418,-0.09186681111653883
35427,39.23961385091146,39.54846,0.3088442484537737
35591,44.52093505859375,44.432964,-0.08797073364257812
17125,37.806488037109375,38.298588,0.4920997619628906
22506,40.39177958170573,40.112583,-0.2791964213053362
18098,41.42402648925781,42.084667,0.6606407165527344
11169,38.124786376953125,39.035053,0.9102668762207031
8895,38.83031209309896,38.370464,-0.4598477681477888
31838,38.75663587782118,39.607826,0.8511903550889741
6440,40.88715744018555,41.51106,0.6239013671875
25064,37.47251383463541,37.63986,0.16734441121420218
48727,43.398773193359375,42.359318,-1.0394554138183594
20004,40.00410461425781,40.485153,0.481048583984375
37959,41.89771525065104,41.917847,0.020131429036460702
33517,40.39028739929199,39.96219,-0.4280986785888672
20539,40.92306709289551,39.095222,-1.8278446197509766
40210,42.36417304144965,42.019066,-0.3451071845160527
53842,34.95769246419271,36.743122,1.7854296366373674
43026,39.35212198893229,39.73519,0.38306935628255445
32440,40.064064025878906,39.429012,-0.6350517272949219
20658,39.74718221028646,39.56187,-0.18531163533528883
11149,38.910064697265625,38.762196,-0.14786911010742188
44960,45.73899586995443,43.950405,-1.78859074910482
2326,38.82309638129341,39.04556,0.2224625481499487
21703,44.06122589111328,43.725365,-0.3358612060546875
25991,41.26822662353516,40.488678,-0.7795486450195384
42547,43.60044479370117,44.01934,0.4188957214355469
36313,35.48102145724826,37.40886,1.9278377956814268
46262,37.81669108072917,38.888683,1.0719922383626255
7444,43.74996948242188,43.190926,-0.5590438842773509
6103,43.81362915039063,43.27746,-0.5361709594726634
9343,37.00281778971354,37.605274,0.6024564107259138
31905,38.58535512288412,38.678078,0.0927225748697893
33509,43.72661336263021,43.812405,0.08579126993814867
1898,43.86997816297743,44.05057,0.1805932786729585
38943,46.521715799967446,44.443832,-2.077883402506508
9846,41.47872924804688,41.67011,0.19137954711913352
31346,39.8804931640625,39.178295,-0.7021980285644531
25863,40.297017415364586,41.066875,0.7698580423990862
28336,41.311801486545136,41.430645,0.11884350246853614
6495,39.06529744466146,38.30342,-0.7618764241536482
30585,41.49181874593099,41.166367,-0.32545216878255445
33820,40.83061387803819,41.190235,0.35962125990126026
52130,36.69775390625,37.444157,0.7464027404785156
18908,40.128011067708336,40.401943,0.2739321390787737
39076,38.72625393337674,38.02342,-0.7028355068630674
48632,41.1394780476888,40.038475,-1.1010030110677036
49784,39.74860636393229,40.396862,0.6482556660970076
8322,39.724395751953125,40.892517,1.168121337890625
23951,42.84876505533854,42.17152,-0.6772448221842424
40350,41.57081434461806,41.548954,-0.02186033460829151
11094,42.41696166992188,42.740772,0.323810577392571
29814,40.817036946614586,40.488926,-0.3281110127766951
51880,39.34946356879341,39.87067,0.521206749810105
36447,41.32632700602213,42.143124,0.8167966206868513
45096,38.79413859049479,39.41811,0.6239713033040388
32822,41.52221340603299,42.40816,0.8859477572970889
53615,38.22950914171007,37.505215,-0.7242944505479585
23745,43.09144083658854,42.765636,-0.3258043924967424
15504,43.29537963867188,42.60516,-0.6902198791503977
50120,39.93318345811632,39.380085,-0.5530984666612397
2212,45.42558458116319,44.756325,-0.6692598130967866
6152,37.84222412109375,39.40651,1.5642852783203125
41735,40.38474867078993,39.525204,-0.8595449659559478
42366,37.23666636149088,37.584248,0.3475812276204451
42857,46.05677964952257,47.097923,1.0411436292860259
14060,41.64790852864584,41.12643,-0.5214780171712334
45495,40.65582275390625,39.79526,-0.8605613708496094
46140,39.948567708333336,39.345165,-0.6034024556477888
14581,40.249165852864586,40.65755,0.4083849589029924
50201,37.83482869466146,37.56395,-0.2708791097005232
42741,38.093737284342446,38.959347,0.8656094868977888
43425,40.14938100179037,40.93913,0.7897478739420549
13902,37.97125244140625,38.944294,0.9730415344238281
43131,44.37586127387153,45.13839,0.7625283135308152
44666,46.677710639105904,46.543705,-0.13400565253363794
49243,37.07763671875,38.084827,1.0071907043457031
47847,40.81333923339844,40.46281,-0.3505287170410156
27473,39.78696356879341,40.32886,0.541897667778855
20802,42.328948974609375,41.994213,-0.3347358703613281
9949,38.10790824890137,37.602707,-0.5052013397216797
4494,39.83833567301432,39.86544,0.027104695638023202
30230,44.952555338541664,44.09391,-0.858645121256508
48353,43.19739786783854,43.230473,0.03307469685872633
2360,38.100006103515625,37.732403,-0.3676033020019531
1913,44.83349609375,44.7931,-0.04039764404296875
49204,42.05655585394965,42.153164,0.09660805596246291
28233,42.455413818359375,41.867134,-0.5882797241210938
30325,40.28676011827257,40.15038,-0.13638093736436474
40349,41.23460896809896,41.869858,0.6352488199869768
43177,45.780297173394096,45.629135,-0.15116204155815893
40656,42.33521525065104,41.968098,-0.3671175638834612
14104,36.61467827690972,36.25166,-0.36301888359917456
51813,37.02275085449219,37.920685,0.8979339599609375
12719,40.90998670789931,41.67891,0.7689225938585054
31016,43.823272705078125,43.823193,-8.0108642578125e-05
29539,42.60722859700521,42.119255,-0.48797353108724195
20516,38.99864705403646,40.28236,1.2837130228678362
12664,39.569732666015625,39.541885,-0.0278472900390625
3675,42.18140665690104,42.56738,0.3859723409016951
2952,40.01777903238932,40.182636,0.16485722859700758
19835,38.691314697265625,39.378807,0.6874923706054688
32260,42.52975463867188,42.552383,0.022628784179680395
1921,37.79466756184896,37.63705,-0.15761693318685133
25495,43.11612616644965,42.109653,-1.0064726935492558
51106,36.87748548719618,36.7725,-0.10498640272352588
42188,38.35777282714844,38.738243,0.38047027587890625
3922,34.41955227322049,34.1003,-0.31925243801541114
24526,41.45954047309028,42.49913,1.039589775933159
9789,40.93780771891276,40.5611,-0.3767077128092424
8681,42.69695027669271,41.26213,-1.4348195393880232
23693,40.72845798068576,40.58697,-0.14148669772677636
23581,40.11205715603299,39.420113,-0.691944546169708
2309,43.66395060221354,44.326183,0.6622327168782576
30484,40.85339694552951,42.303078,1.4496807522243955
6257,41.82764689127604,42.07248,0.2448323567708357
11223,40.30384996202257,40.610096,0.30624601576063526
36173,42.13697306315104,41.78766,-0.3493143717447893
5567,38.15051608615451,39.627735,1.4772190517849424
12934,42.31214396158854,40.42845,-1.8836924235026018
10331,43.79554494222005,43.8999,0.10435358683268703
23870,40.22371927897135,42.106762,1.883042653401695
9281,40.44208780924479,41.102604,0.6605161031087263
6912,39.374908447265625,39.299168,-0.07574081420898438
41883,35.95006815592448,34.898422,-1.0516459147135393
13038,41.59018622504341,40.052025,-1.538161383734817
6050,41.4952392578125,42.617695,1.1224555969238281
43750,42.066429985894096,41.553547,-0.5128830803765183
15820,39.29173787434896,39.461174,0.16943613688150805
9258,42.44943237304688,41.428524,-1.0209083557128977
31030,41.03949652777778,41.48639,0.44689263237847143
31546,40.23368644714356,40.236454,0.002767562866203832
24062,41.97063191731771,41.83261,-0.1380208333333357
40452,42.21453179253472,40.40431,-1.8102234734429246
2208,44.97211710611979,44.82295,-0.14916865030924242
50092,41.60120646158854,41.66583,0.06462224324544508
41564,40.79624430338541,40.34205,-0.45419565836587594
48638,37.44517008463541,37.788403,0.3432324727376397
11824,41.65892537434896,40.91276,-0.7461636861165388
12665,38.878448486328125,39.17081,0.2923622131347656
9615,43.44197252061632,42.101078,-1.3408944871690522
32327,44.06243642171224,44.533447,0.47101084391275805
2319,41.52524820963541,41.82813,0.30288060506185843
6914,39.73607889811198,38.89374,-0.8423372904459612
42118,37.14067586263021,37.707035,0.5663592020670549
6385,41.49334038628472,41.655064,0.1617232428656692
49802,43.41016642252604,43.666733,0.2565663655598982
6274,39.50522422790527,41.06038,1.555154800415039
10983,37.96699015299479,38.899586,0.9325955708821638
5398,38.702423095703125,38.842674,0.14025115966796875
53182,41.81325912475586,41.616932,-0.19632720947265625
19657,44.14582443237305,44.068752,-0.0770721435546875
30714,43.02023315429688,43.189243,0.16901016235350852
54282,37.74225870768229,38.131992,0.3897336324056013
45247,38.82183837890625,39.62766,0.8058204650878906
27403,40.42462836371528,40.455166,0.030537499321830808
53709,41.27335103352865,41.36568,0.09232966105142992
1484,33.803558349609375,33.93166,0.12810134887695312
13594,38.81322564019097,40.033836,1.2206107245551223
41157,38.911583794487846,38.70958,-0.20200432671440893
5325,42.34546915690104,42.414997,0.06952794392903883
39878,38.443322075737846,38.539284,0.09596167670355982
15797,41.45366414388021,41.06444,-0.3892224629720076
21110,43.532738579644096,43.237724,-0.2950142754448777
33391,41.82671737670898,42.559834,0.7331161499023509
7174,41.97838973999024,41.557358,-0.421031951904304
16268,40.73243967692057,41.06467,0.3322308858235701
37883,39.62157185872396,39.69683,0.07525889078775805
13668,42.93364461263021,42.544556,-0.3890889485677107
7911,44.1268056233724,44.379116,0.2523104349772112
33297,38.581085205078125,38.72138,0.14029312133789062
33595,36.321862114800346,37.273003,0.9511405097113723
25452,42.96867879231771,42.806202,-0.16247685750325758
8598,40.15763685438368,40.201134,0.043496873643661615
45170,36.17394765218099,37.305984,1.1320368448893205
44693,42.64938354492188,42.20647,-0.442913055419929
9820,38.161956787109375,36.942833,-1.2191238403320312
9049,38.24077796936035,38.15194,-0.08883857727050781
32365,41.31764030456543,41.75945,0.44180870056152344
39643,39.36572647094727,39.031757,-0.3339691162109446
34529,39.56403605143229,40.399742,0.8357060750325545
6074,38.33185831705729,38.203842,-0.1280161539713518
27025,39.719482421875,39.573112,-0.14636993408203125
16537,36.82659233940972,36.98387,0.15727912055121607
34144,42.09374237060547,41.34968,-0.7440605163574219
19248,40.96173350016276,41.129562,0.16782887776692945
17590,43.04928588867188,42.752407,-0.29687881469727273
13392,36.01470438639323,37.808895,1.7941907246907576
1378,43.67249552408854,43.866413,0.19391759236653883
53991,39.82494099934896,40.435505,0.6105639139811174
25541,40.87505086263021,40.986008,0.1109568277994768
40486,41.93438720703125,41.286293,-0.6480941772460938
39813,44.59281412760416,43.97403,-0.6187845865885322
39050,41.79070027669271,42.39341,0.6027094523111955
35680,42.64672512478299,41.782112,-0.864613003200958
9734,43.45118204752604,43.629044,0.1778615315755232
22320,42.57684665256076,42.825703,0.2488560146755674
45518,37.4426032172309,38.859196,1.4165924919976192
8124,37.66221872965495,37.997425,0.33520634969075047
38653,42.54570515950521,43.568054,1.0223490397135393
10988,38.88044230143229,40.307926,1.4274838765462263
53221,42.18988037109375,42.106293,-0.083587646484375
32268,41.51422797309028,41.586445,0.07221688164604956
48293,41.2145758734809,42.575615,1.3610390557183223
31518,39.02114868164063,39.659325,0.6381759643554616
53054,41.72482299804688,42.09966,0.374835968017571
26685,35.66370646158854,36.863358,1.1996510823567732
39486,46.811767578125,45.030224,-1.7815437316894531
18170,40.22332763671875,40.348232,0.12490463256835938
48420,41.274200439453125,41.969444,0.6952438354492188
38009,44.63809712727865,45.02929,0.39119211832682055
5633,42.230492485894096,42.21691,-0.013581169976127683
2564,40.01493326822917,41.010174,0.9952405293782505
17520,40.301188151041664,39.71514,-0.5860468546549455
15168,40.30945587158203,40.80979,0.500335693359375
44446,39.56291029188368,40.153923,0.5910127427842866
36042,37.94391377766927,39.243034,1.2991205851236955
48189,38.68903605143229,38.066658,-0.622378031412758
16357,40.41133626302084,40.74958,0.33824412027993844
44717,40.14368184407552,39.820465,-0.3232167561848982
42400,37.0481014251709,37.524734,0.47663307189941406
41510,37.6274668375651,37.586536,-0.04093043009439867
44517,40.77915191650391,39.14219,-1.636962890625007
46491,42.26372273763021,41.98362,-0.28010304768880445
52666,40.35968017578125,39.84431,-0.5153694152832031
2395,36.52162339952257,36.171852,-0.3497712877061616
25751,41.88005574544271,41.74558,-0.13447697957357008
9322,38.64080471462674,38.20163,-0.43917507595486427
8529,43.396019829644096,43.832672,0.43665228949652857
10152,41.61089070638021,41.647564,0.03667322794596117
50848,41.3038330078125,40.826786,-0.4770469665527344
41745,40.54786173502604,39.403614,-1.1442476908365862
41711,44.083041720920136,42.909157,-1.1738849216037295
46888,41.91409111022949,41.63012,-0.28397178649902344
16916,40.51795450846354,39.934147,-0.5838076273600237
44310,41.03408559163412,39.6291,-1.40498479207357
34591,43.89960734049479,43.18139,-0.7182184855143205
46549,44.34508938259549,43.239372,-1.1057171291775205
3505,38.969024658203125,39.4664,0.49737548828125
22421,42.83908081054688,42.466084,-0.372997283935554
6663,38.59447224934896,38.671066,0.0765940348307268
22760,39.93774074978299,39.427216,-0.5105251736111143
1830,38.30195109049479,37.785595,-0.5163561503092424
3082,41.66993543836806,41.803257,0.1333215501573335
424,42.56127590603299,42.160152,-0.4011234707302549
32441,39.41905721028646,39.758286,0.3392283121744768
886,34.69849650065104,34.122086,-0.5764109293619768
49405,40.52261013454861,40.06273,-0.45988125271266966
22847,46.183624267578125,45.651264,-0.5323600769042969
41196,36.77494642469618,38.067123,1.2921769883897554
47656,42.00528632269965,42.482105,0.47681893242730666
27896,36.66926829020182,36.487694,-0.1815745035807268
36300,40.66977691650391,41.56576,0.895984649658196
33040,39.05248006184896,39.267006,0.21452585856119555
23140,40.80213080512153,40.100853,-0.7012778388129348
31895,41.97300550672743,42.09976,0.12675264146592724
37132,41.279401779174805,41.34276,0.06335639953613281
14756,43.12751939561632,42.04518,-1.0823381212022554
37615,41.07139756944444,42.119835,1.0484373304579009
1583,43.47083536783854,42.81754,-0.6532961527506487
24427,38.78253364562988,38.67417,-0.10836219787597656
26588,40.24906412760416,40.420525,0.17146046956381156
52282,44.32634353637695,44.9672,0.6408576965332031
52126,41.84577433268229,40.904034,-0.9417406717936174
33927,39.61188761393229,39.414886,-0.1970011393229143
48707,38.83971150716146,39.34986,0.5101496378580705
12269,41.57299296061198,41.03962,-0.5333735148111955
32713,37.71186659071181,38.102886,0.39101960923936474
29230,41.88793606228299,41.89413,0.006194644504120106
24470,41.98059760199653,42.153294,0.17269600762261206
52379,39.498809814453125,39.30079,-0.19802093505859375
20132,37.0267333984375,37.366653,0.3399200439453125
28782,41.1998545328776,39.653282,-1.546572367350258
27908,40.55926513671875,40.611286,0.052021026611328125
23050,42.07136705186632,41.975716,-0.09565141465928662
24839,42.241790771484375,42.411198,0.16940689086914062
6771,42.07022433810764,41.10659,-0.9636340671115491
45699,39.63543362087674,39.93472,0.2992854648166201
53038,42.739769829644096,42.019646,-0.7201241387261277
42281,37.10833740234375,38.510468,1.402130126953125
21550,40.02197265625,39.797153,-0.22481918334960938
40914,37.72915649414063,36.18743,-1.5417251586914134
48472,38.36508856879341,39.649803,1.284714592827683
33383,42.76360066731771,42.41022,-0.3533795674641951
33775,42.58330281575521,42.60659,0.023287455240883048
7806,37.828087700737846,38.10083,0.27274237738715357
45628,43.63831583658854,43.7107,0.07238515218099195
22823,41.830590142144096,42.15311,0.3225203620062942
33799,43.34513007269965,43.512863,0.16773308648004104
19939,41.54459974500868,41.646244,0.10164430406358349
9296,41.19255574544271,42.076416,0.8838602701822893
2189,43.66679890950521,42.686306,-0.9804929097493513
49643,41.84786478678385,41.935326,0.08746083577474195
23114,39.60533650716146,40.197807,0.592470804850258
37414,45.71574232313368,44.798645,-0.9170973036024321
25666,37.155480278862846,37.270687,0.11520682440863794
35177,40.689430236816406,39.793102,-0.8963279724121094
35978,44.93717702229818,42.578865,-2.358311971028648
13959,41.27192857530382,41.230843,-0.041085984971786615
34452,44.33474477132162,43.448856,-0.8858884175618513
50515,37.20405387878418,38.067417,0.8633632659912109
783,41.1246592203776,41.609894,0.4852345784505232
52526,43.90406799316406,43.911232,0.00716400146484375
21131,41.499420166015625,41.781216,0.2817955017089844
32717,39.10185072157118,39.262905,0.16105439927842724
45666,37.59679836697049,38.34938,0.7525821261935732
39998,39.42124091254341,39.26016,-0.1610823737250513
32719,39.39123874240451,39.26986,-0.12137942843966698
31701,42.41980997721354,41.788258,-0.6315523783365862
742,41.42509651184082,42.214287,0.7891902923583984
36346,39.86064656575521,38.89702,-0.9636281331380232
7861,42.065969467163086,41.25071,-0.8152599334716797
41992,41.54765150282118,42.522728,0.9750764634874116
52382,38.584503173828125,38.537575,-0.04692840576171875
14546,39.716705322265625,39.766834,0.050128936767578125
34345,41.619497299194336,42.248074,0.6285762786865234
10143,43.30392456054688,43.203903,-0.1000213623046946
4923,41.98553805881076,42.280167,0.29462856716580177
21788,43.62768215603299,43.61083,-0.016853756374786144
16628,44.7266845703125,43.921917,-0.8047676086425781
834,40.850362141927086,40.339733,-0.5106290181477888
8225,41.564358181423614,42.50719,0.9428325229220889
34547,40.107513427734375,39.733128,-0.3743858337402344
32673,35.46953582763672,36.716488,1.2469520568847656
1139,38.52459377712674,38.704292,0.17969852023654198
39601,39.33560943603516,39.296616,-0.038993835449225855
3893,37.267903645833336,37.914024,0.646120707194008
41250,40.183081732855904,39.75137,-0.4317122565375442
29122,38.88310072157118,39.19412,0.31101777818467724
46076,39.13935343424479,38.721348,-0.4180056254068987
15296,36.14857737223307,35.984253,-0.16432444254557055
709,43.66772651672363,43.081364,-0.5863628387451172
18708,41.23090616861979,41.51253,0.2816251118977888
7540,37.94885592990451,38.48378,0.5349239773220518
6230,44.36009216308594,44.125874,-0.23421859741210938
43115,39.40851847330729,39.520527,0.11200841267903883
1887,43.56767781575521,43.42366,-0.1440175374348982
49499,42.48475138346354,42.758274,0.2735226949056013
42824,40.973409016927086,40.6209,-0.3525098164876326
49988,38.33660549587674,39.090233,0.7536273532443545
9660,37.148654513888886,36.680073,-0.4685817294650576
9091,41.58411322699653,41.96403,0.3799179924858933
48760,39.182861328125,39.597324,0.4144630432128906
32014,43.56881713867188,42.715298,-0.8535194396972727
49111,40.60198296440972,39.8834,-0.7185830010308152
21179,43.15381876627604,43.48373,0.3299115498860701
22777,44.86273871527778,44.128956,-0.7337828742133254
45908,39.43956502278646,38.836926,-0.6026395161946638
43778,43.95353529188368,43.54992,-0.4036161634657134
2033,42.30682712131076,41.829357,-0.47746997409396386
18095,42.27340698242188,42.175,-0.09840774536133523
42465,40.05708312988281,40.074287,0.01720428466796875
33186,41.68094889322917,41.465668,-0.2152811686197964
20305,40.20359293619792,40.47591,0.2723172505696567
22957,39.68633355034722,39.082634,-0.6036995781792527
29245,41.91641913519965,42.453186,0.5367668999566035
47236,42.12643432617188,40.350655,-1.7757797241211009
38763,32.71432749430338,33.87448,1.160153706868492
20135,39.627838134765625,38.930016,-0.6978225708007812
22332,34.31359524197049,35.64582,1.332225375705292
27342,41.06541951497396,40.052536,-1.0128835042317732
12396,42.10677591959635,40.93506,-1.1717173258463518
31191,41.27571953667535,40.351753,-0.9239663018120723
4642,41.82109578450521,41.872265,0.05116907755533617
27588,41.424597846137154,39.702354,-1.7222434149848098
43995,39.79228719075521,39.585697,-0.20659001668294508
24796,43.04776679144965,43.85932,0.8115548027886348
29097,39.14533487955729,38.51868,-0.6266543070475237
15376,41.25078010559082,40.834885,-0.4158954620361328
45418,41.47511461046007,41.041092,-0.43402269151475537
21874,38.921837700737846,39.272514,0.3506766425238723
39102,38.89012654622396,39.12705,0.23692194620767992
2683,33.6982421875,33.735374,0.03713226318359375
35274,41.36051177978516,41.656326,0.29581451416014914
24849,42.42303805881076,41.307945,-1.115092807345917
46436,39.928249782986114,39.185112,-0.7431377834743955
14973,40.10484822591146,41.33815,1.2333017985026018
46085,39.27294667561849,38.5114,-0.7615483601888045
2619,42.15036010742188,41.617718,-0.5326423645019602
41490,38.245836893717446,37.503704,-0.7421328226725237
7996,39.977760314941406,40.031155,0.053394317626953125
42818,42.11276245117188,41.793777,-0.3189849853515696
52479,39.80244700113932,39.268986,-0.5334612528483049
48361,43.66831800672743,42.824608,-0.8437101576063384
26329,44.21900092230903,44.388096,0.16909493340386206
29185,38.90512763129341,40.301437,1.3963097466362768
38852,41.68494160970052,41.889687,0.20474497477213305
42028,43.54717000325521,43.371696,-0.17547353108724195
12966,39.43529256184896,39.45642,0.021128336588539298
46962,37.93281046549479,37.344044,-0.5887667338053362
22706,44.42219034830729,43.895042,-0.5271479288736955
29301,40.85340372721354,41.49829,0.6448872884114607
43291,37.517656326293945,38.506985,0.9893283843994141
23457,41.31493886311849,41.694218,0.3792788187662737
52422,40.9776865641276,39.724026,-1.2536608378092424
23560,39.90621609157986,39.87665,-0.02956432766384154
12668,38.21650187174479,38.873783,0.6572812398274763
42355,39.93374633789063,39.98866,0.05491256713866477
16883,36.18419138590495,38.311844,2.12765248616536
52196,39.03709920247396,39.27757,0.24046961466471117
33486,41.85983022054037,41.469475,-0.3903554280598982
16581,38.03022003173828,39.008453,0.9782333374023438
51787,37.049523247612846,38.120594,1.0710707770453567
27716,40.803934733072914,40.777718,-0.026217142740883048
10899,42.17969767252604,42.074158,-0.1055399576822893
45183,38.10171508789063,39.50938,1.4076652526855398
25868,42.575042724609375,40.143627,-2.431415557861328
41601,40.4518788655599,40.830433,0.3785540262858049
25413,44.3125254313151,44.069416,-0.24310938517252367
1245,42.67103068033854,42.3139,-0.3571306864420549
17402,35.893836127387154,36.81182,0.9179848564995652
34731,43.48222859700521,43.29458,-0.18765004475911695
13813,36.48555501302084,36.27558,-0.20997365315756156
44929,42.80167304144965,42.23708,-0.5645934210883183
29339,44.86539713541666,44.758587,-0.10681025187173532
18797,41.18761444091797,41.20351,0.015895843505859375
16555,39.36199612087674,39.329453,-0.03254360622830177
19037,42.80205281575521,42.36823,-0.4338239034016951
48612,41.63651529947917,42.532055,0.8955396016438755
14035,41.00151909722222,40.97013,-0.03138817681206518
13853,40.679463704427086,40.64334,-0.0361226399739607
34473,43.27971394856771,43.44752,0.16780726114908617
23016,42.10630628797743,42.61325,0.5069444444444429
41227,39.17932807074653,38.79589,-0.3834372626410598
39095,38.836388481987846,39.40103,0.5646430121527786
27535,40.91643948025174,40.841946,-0.0744938320583799
5831,40.88715744018555,42.55843,1.6712722778320312
33290,35.37697092692057,35.65637,0.2793973286946638
3648,39.14391072591146,39.1434,-0.0005124409993513268
4990,41.21875339084201,41.06444,-0.1543117099338076
1084,40.65249633789063,40.91861,0.2661132812499929
44217,38.31733194986979,38.45981,0.1424763997395857
4760,41.330790201822914,41.06661,-0.2641817728678362
30450,40.244601779513886,40.9753,0.7306980556911924
45065,39.112579345703125,38.71469,-0.39788818359375
43087,38.22419230143229,38.0246,-0.19959131876627367
46564,37.6385735405816,38.449112,0.810538397894959
24869,36.928184509277344,37.730797,0.8026123046875
20379,40.91986423068576,41.089775,0.16991085476345802
9512,38.03791300455729,38.400253,0.3623402913411482
28033,41.45202255249024,41.505566,0.053543090820305395
19228,36.42554050021701,36.723568,0.29802746242947364
50698,41.612016677856445,42.23017,0.6181545257568359
11318,39.83348592122396,39.863636,0.030150095621742423
37470,39.976101345486114,40.33217,0.35606723361544823
9252,43.09258015950521,42.342068,-0.7505124409993513
13276,41.49144490559896,41.072605,-0.4188397725423201
43060,39.11020575629341,40.010212,0.9000061882866675
43479,45.5906016031901,43.169666,-2.4209353129068987
41373,35.97056579589844,35.47728,-0.4932861328125
27617,40.04596964518229,39.94623,-0.09973780314127367
48070,38.11595662434896,38.197933,0.08197657267252367
21492,43.08232625325521,43.615467,0.5331408182779924
4064,40.49175262451172,40.538616,0.046863555908203125
35481,40.22001139322917,39.811855,-0.40815607706706203
23733,41.33629608154297,40.986347,-0.3499488830566406
40797,44.90271250406901,43.7598,-1.1429125467936174
15534,40.17244974772135,40.712814,0.5403645833333357
16549,41.55981106228299,41.558643,-0.001167721218536144
34844,39.75971476236979,40.153164,0.3934491475423201
7035,43.58134969075521,42.635246,-0.946103413899742
3955,39.02475653754341,39.759254,0.7344979180229956
31515,40.06221516927084,39.35064,-0.7115758260091241
32393,37.60496266682943,38.714973,1.1100107828776018
9115,41.03645494249132,41.29796,0.26150343153211963
4326,43.89922587076823,42.278847,-1.6203791300455705
5293,41.43792724609375,41.102425,-0.33550262451171875
49240,40.40449354383681,40.303482,-0.10101148817274463
53426,44.33417256673177,43.192818,-1.141354878743492
48045,42.76673380533854,43.283783,0.5170491536458357
31295,40.81561279296875,39.925724,-0.8898887634277344
12456,43.32243855794271,43.03671,-0.2857297261556013
24298,38.40441703796387,39.74036,1.3359432220458984
45670,39.75658501519097,39.517258,-0.23932732476128393
30765,40.49175262451172,39.729774,-0.7619781494140625
19196,40.164469401041664,40.71197,0.5475018819173201
5206,43.121917724609375,43.461685,0.3397674560546875
34308,41.68750508626302,41.49116,-0.19634373982747633
21281,41.663004557291664,40.994312,-0.6686922709147112
53118,39.803673638237846,40.732883,0.9292098151312942
53087,41.05032094319662,41.03097,-0.019349416097007577
53715,41.76953633626302,41.288055,-0.4814809163411482
6253,40.50393104553223,40.528225,0.024293899536132812
36735,44.86805555555556,44.96605,0.09799363878038037
28707,43.48279825846354,43.048576,-0.43422190348307055
5009,41.85157267252604,41.368168,-0.4834047953287737
9639,37.03775024414063,37.13765,0.0998992919921804
32283,38.92563544379341,39.270287,0.3446511162651831
11190,39.19565497504341,39.657085,0.4614304436577612
26326,43.12828233506944,43.55178,0.4234983656141509
6407,42.59165785047743,42.604897,0.013238694932724115
794,40.169026692708336,40.656017,0.4869906107584612
47832,41.44254302978516,41.732407,0.28986358642577414
47799,39.186920166015625,40.877422,1.6905021667480469
5552,42.63950941297743,41.77769,-0.8618185255262603
2172,42.41468302408854,42.710285,0.2956021626790388
15576,40.59400685628256,40.73576,0.14175287882486032
38712,43.48279825846354,41.19969,-2.283106486002602
4610,42.76293606228299,42.072124,-0.6908115810818174
31094,43.53349812825521,42.081604,-1.4518941243489607
8852,41.67981974283854,41.56477,-0.11504999796549242
45477,38.26378122965495,37.771023,-0.4927584330240933
14742,41.219800313313804,41.670834,0.4510332743326799
11341,40.09459092881944,40.783897,0.6893064710829009
18277,41.516506618923614,40.67031,-0.8461956448025205
41332,42.852562798394096,42.044624,-0.8079384697808152
47703,40.74706353081597,41.236656,0.4895926581488723
9298,40.58489651150174,40.922703,0.33780627780490136
4965,39.81164889865451,39.51224,-0.2994075351291201
39088,38.22381252712674,38.074738,-0.14907497829861427
13300,37.64775466918945,38.95579,1.3080368041992188
8678,41.35054270426432,41.87015,0.5196088155110701
7809,37.30968560112847,37.17794,-0.13174523247612768
39639,37.24322255452474,36.32551,-0.9177144368489607
7554,43.71123250325521,44.216183,0.5049502054850237
10439,40.58717600504557,39.96565,-0.6215273539225237
15125,43.95675913492838,43.774303,-0.18245569864908617
39234,42.83281707763672,42.858673,0.02585601806640625
22080,45.57826402452257,45.751102,0.17283842298719776
33198,42.53013441297743,42.83392,0.30378511216905224
18387,41.40295664469401,41.720684,0.3177274068196638
8466,42.31669786241319,40.05153,-2.2651689317491304
43148,44.47403208414713,45.61583,1.1417973836263045
2909,40.95593939887153,42.341587,1.385647667778862
46159,37.42258834838867,39.08387,1.6612815856933594
21106,43.30145602756076,42.35265,-0.9488063388400576
28030,41.92925643920898,41.673466,-0.25579071044921164
2471,42.94503784179688,43.406273,0.46123504638671164
19561,42.076683892144096,42.76811,0.6914244757758254
43598,40.92936197916666,41.03748,0.10811742146810843
11487,42.63998158772787,45.449604,2.809622446695961
7200,37.00594329833984,36.58083,-0.4251136779785085
15001,35.97624715169271,35.838993,-0.13725407918294508
48100,38.992095947265625,39.02482,0.03272247314453125
20590,39.76904678344727,41.404507,1.6354598999023366
49929,35.51967112223307,38.128136,2.608464558919273
29830,36.2858829498291,35.838818,-0.4470653533935547
52504,40.20612525939941,41.42849,1.2223644256591868
8051,43.23186238606771,43.312428,0.08056513468424242
44723,42.33350626627604,42.36389,0.030385335286460702
31907,40.73186916775174,41.056534,0.32466464572482323
19424,39.41136932373047,39.63273,0.2213592529296875
1312,42.41734144422743,43.1025,0.6851594712999116
28419,42.55633884006076,42.566822,0.010483211941192394
2741,40.019015842013886,41.72694,1.7079243130154111
26401,40.99848429361979,41.53057,0.5320866902669295
22939,39.791531032986114,40.7152,0.9236674838595889
32164,42.73141479492188,42.831882,0.10046768188475852
3839,39.65784030490451,39.46815,-0.18968921237521386
49300,37.67693752712674,37.54914,-0.12779659695095802
25122,45.03231557210287,44.532433,-0.4998830159505232
21873,38.80980428059896,39.63705,0.8272463480631487
28845,41.82764434814453,40.16177,-1.6658744812011719
33524,43.38728502061632,43.03907,-0.3482148912217866
6661,37.13953993055556,38.96604,1.8265016343858491
43755,44.953125,44.94713,-0.0059967041015625
6153,38.568267822265625,39.33293,0.7646636962890625
25052,39.720123291015625,40.655983,0.9358596801757812
40611,37.279398600260414,38.113895,0.8344968159993513
30883,41.91072252061632,42.254967,0.3442442152235259
47499,41.80514187282986,41.73501,-0.07013363308376341
45294,43.058685302734375,42.18329,-0.875396728515625
23230,41.318640814887154,42.01573,0.6970909966362839
17946,40.33765411376953,39.60992,-0.7277336120605469
36764,40.45329793294271,41.119736,0.6664377848307268
45318,44.83064524332682,44.136765,-0.693880716959633
18049,41.98095512390137,42.139458,0.15850257873535156
831,40.708516438802086,40.63964,-0.06887563069661695
14563,38.66776869032118,39.37543,0.7076623704698335
7409,41.02202351888021,40.59097,-0.4310544331868513
42324,41.45991770426432,41.25411,-0.20580927530924242
39799,47.57346153259277,46.666275,-0.9071865081787109
11033,39.91571044921875,39.985085,0.06937408447265625
53719,42.29923163519965,41.170986,-1.128245459662537
47958,41.19701131184896,40.033337,-1.1636746724446638
9382,40.74250623914931,40.230736,-0.5117704603407134
39600,38.92972056070963,38.85046,-0.07926050821939867
17788,40.86593627929688,41.38614,0.5202026367187429
32993,39.39684295654297,38.533875,-0.8629684448242188
39950,39.22983466254341,40.081074,0.8512390984429175
22613,43.66252644856771,42.481823,-1.1807034810384138
9178,40.147003173828125,39.843822,-0.3031806945800781
389,41.73222351074219,41.83393,0.10170745849609375
53953,41.0068359375,40.27506,-0.7317771911621094
40578,36.85269673665365,37.455578,0.6028811136881487
48570,40.19408840603299,40.66389,0.4698024325900576
49075,39.99470350477431,40.07723,0.08252504136827099
39516,43.139672173394096,43.30344,0.1637679206000442
28966,40.81326675415039,40.80565,-0.007617950439453125
28349,42.55671861436632,39.81104,-2.7456796434190522
9907,41.03970527648926,41.53134,0.4916362762451172
30636,40.95774841308594,40.83671,-0.12103652954101562
22096,43.92542521158854,43.755527,-0.16989771525064867
18842,40.27413686116537,40.286037,0.011900583902992423
36463,41.41776869032118,41.291656,-0.12611219618055713
48000,41.44340006510416,40.513885,-0.9295145670572822
30651,41.98401896158854,42.46991,0.4858907063802107
27150,38.36632283528646,38.7674,0.4010759989420549
51626,40.95461781819662,39.955074,-0.9995435078938826
54035,42.94503784179688,43.500916,0.5558776855468679
46701,44.18102688259549,43.89294,-0.2880863613552549
16949,42.33379109700521,42.513683,0.17989222208658617
31969,42.073638916015625,40.624657,-1.4489822387695312
34940,43.30420939127604,43.149776,-0.15443293253580492
23155,40.8978271484375,41.539078,0.6412506103515625
7496,40.44969007703993,40.83028,0.380590226915146
51615,43.16492716471354,42.88649,-0.2784372965494768
46934,40.19609069824219,38.295776,-1.9003143310546875
37087,41.49388313293457,42.126835,0.6329517364501953
2073,34.06987508138021,34.07054,0.0006663004557267982
27398,42.25062052408854,42.0467,-0.20392100016275805
41820,37.377665201822914,38.358517,0.9808514912923201
40590,38.15070343017578,37.81113,-0.3395729064941406
14943,42.07934231228299,41.31061,-0.7687305874294736
945,40.28495534261068,39.617764,-0.6671918233235701
5924,44.55606333414713,43.68945,-0.8666140238443987
38333,43.799346923828125,44.452663,0.6533164978027344
4374,42.17656453450521,41.758682,-0.4178822835286482
25297,41.66414260864258,41.83522,0.17107772827148438
40658,42.19194539388021,41.347713,-0.8442319234212263
29034,44.438707987467446,43.94407,-0.4946390787760393
12013,40.22295125325521,40.562256,0.3393046061197893
1202,33.45568508572049,33.86516,0.40947681003146386
2820,43.99037170410156,44.571644,0.5812721252441406
13739,39.13868882921007,39.09662,-0.042070176866317865
17620,42.85901896158854,42.775524,-0.08349482218424242
30105,41.93047078450521,42.205265,0.2747942606608049
37994,42.45940144856771,42.707066,0.24766413370767992
26197,41.26295471191406,41.530388,0.26743316650390625
45873,43.37323337131076,42.720154,-0.6530795627170107
8294,38.44104342990451,39.10237,0.6613277859158018
50070,40.52251434326172,39.87674,-0.6457748413085938
25299,43.27658081054688,41.38485,-1.8917312622070384
35874,43.601097954644096,43.349148,-0.25195015801323706
22718,42.99080064561632,42.602722,-0.38807847764756787
20568,43.28825887044271,44.147015,0.8587557474772112
29030,42.49861314561632,42.62954,0.13092634412977588
18480,42.64178805881076,41.93859,-0.703197055392792
836,38.39281209309896,39.179855,0.7870432535807268
30559,41.4622688293457,40.102158,-1.3601112365722656
30814,41.890960693359375,40.756817,-1.1341438293457031
19380,40.551859537760414,41.285843,0.7339833577473982
7954,40.88715744018555,40.23386,-0.6532974243164062
31728,47.27338663736979,46.176907,-1.09648005167643
17091,40.271278381347656,40.525757,0.25447845458984375
36383,42.73483276367188,42.547493,-0.18733978271485086
26646,43.21638658311632,43.82709,0.6107046339246978
42942,41.27724202473959,42.37495,1.097708384195954
35727,44.15748087565104,41.26318,-2.894301096598305
39868,37.032816569010414,38.5547,1.5218823750813826
38911,42.48361206054688,43.319542,0.8359298706054616
2102,35.33860609266493,36.60133,1.2627237108018647
12937,39.81165568033854,41.290703,1.4790471394856795
24223,43.468841552734375,43.48679,0.017948150634765625
42112,38.10646226671007,37.369175,-0.7372873094346772
32816,40.413608127170136,40.556446,0.1428379482693174
53018,38.948516845703125,39.031906,0.0833892822265625
15860,41.21097310384115,39.821167,-1.3898061116536482
7798,40.02850341796875,40.32975,0.30124664306640625
23451,46.71141560872396,45.973766,-0.7376492818196638
7204,37.59756088256836,37.494106,-0.10345458984375
52056,39.15122138129341,39.772366,0.6211441887749487
26129,39.37718709309896,39.467987,0.0907999674479143
31409,42.69723510742188,42.38951,-0.3077239990234446
37392,42.76559448242188,43.212597,0.44700241088866477
19240,40.695034450954864,39.79563,-0.899403042263458
31020,46.13092041015625,44.425232,-1.7056884765625
47795,37.099945068359375,36.928112,-0.17183303833007812
67,43.71692911783854,43.457867,-0.2590624491373674
51684,46.14659118652344,46.49573,0.3491401672363281
43561,39.18616061740451,38.654903,-0.5312572055392764
19025,42.55168660481771,41.139313,-1.4123738606770857
28838,42.00993855794271,41.983852,-0.026086171468101327
23857,37.38715955946181,37.77852,0.39135911729600537
15642,38.222198486328125,38.699642,0.4774436950683594
20522,44.00718180338541,43.24859,-0.7585932413736884
33693,42.44544474283854,42.81099,0.3655446370442732
12740,38.66321139865451,38.493355,-0.16985660129122948
32160,42.35657755533854,42.914352,0.5577748616536482
45804,39.407189263237846,40.78768,1.3804923163519973
12094,40.682881673177086,39.685913,-0.9969685872395857
18054,42.36255900065104,41.6479,-0.7146593729654924
12910,38.24963717990451,37.274002,-0.9756351047091982
20666,41.59550221761068,40.613373,-0.9821294148763045
23189,41.0827891031901,41.81875,0.735959370930992
22413,42.82882690429688,42.871254,0.042427062988274145
29125,39.405670166015625,39.23949,-0.16617965698242188
48242,39.930138481987846,39.56025,-0.3698891533745652
53219,42.351165771484375,42.158146,-0.19301986694335938
10448,41.69263712565104,41.88125,0.18861134847005445
41235,40.6578131781684,41.567375,0.9095620049370723
46502,40.92138671875,40.98095,0.05956268310546875
5305,41.49837112426758,41.42565,-0.07271957397460938
32985,36.83533732096354,37.294456,0.45911916097005445
13688,42.51608276367188,42.549446,0.033363342285149145
13598,39.28794013129341,39.76299,0.47504891289604245
41316,37.746432834201386,38.84749,1.1010555691189268
20594,41.49609629313151,41.75946,0.26336415608724195
21338,44.83434804280599,44.504917,-0.3294308980306013
20164,40.648701985677086,41.000614,0.3519121805826799
31415,45.45814005533854,47.014187,1.55604680379232
53460,42.05807495117188,41.707554,-0.3505210876464915
18733,45.56175994873047,45.231686,-0.3300743103027344
24118,44.720703125,43.94533,-0.7753715515136719
2249,40.84609222412109,41.133335,0.287242889404304
48257,39.32819620768229,40.0424,0.7142041524251326
21352,39.93697781032986,40.322174,0.38519626193576784
2542,42.06768608093262,41.660698,-0.40698814392089844
9832,38.968597412109375,39.37575,0.4071540832519531
7561,38.82233683268229,39.04389,0.22155507405599195
4137,42.82901679144965,43.10932,0.2803048027886348
14206,42.63805770874024,41.154346,-1.4837112426757884
7771,41.783111572265625,41.838425,0.0553131103515625
37673,43.27173868815104,42.12908,-1.1426569620768205
45280,43.68331909179688,41.748325,-1.9349937438964915
2947,40.044453938802086,40.05383,0.009375254313148673
10531,37.59338039822049,37.58944,-0.003941006130645519
3860,38.83335028754341,38.72005,-0.11329947577583255
9649,36.66898600260416,37.244324,0.5753377278645928
53604,36.17079671223959,37.51254,1.3417421976725166
13448,40.70737457275391,40.39694,-0.310436248779304
30672,40.95148468017578,41.216404,0.2649192810058594
27803,41.67383829752604,41.668518,-0.005320231119789298
34742,42.62887573242188,42.306606,-0.32226943969727273
24047,42.966400146484375,42.6912,-0.27519989013671875
16353,39.336456298828125,40.506,1.1695442199707031
32634,45.83527628580729,45.025276,-0.810000101725258
31871,43.42830064561632,42.79315,-0.6351487901475679
45158,38.48025258382162,38.470924,-0.009328206380210702
42819,42.29904174804688,42.000698,-0.29834365844727273
33994,42.66913180881076,42.643112,-0.02601962619357323
51265,38.84626261393229,39.505165,0.658902486165367
45826,39.16603257921007,38.924694,-0.241338517930771
39964,39.66277737087674,39.80114,0.13836246066622948
31167,42.74280802408854,41.022865,-1.719942728678383
14334,38.86078898111979,39.804676,0.9438870747884138
21636,44.51789093017578,42.716305,-1.8015861511230469
28923,41.61145528157552,40.88747,-0.7239850362141951
31495,40.81732177734375,40.01027,-0.8070526123046875
18718,42.12301635742188,42.81829,0.6952743530273366
9965,35.13742319742838,35.441536,0.3041127522786482
47079,43.234710693359375,42.126022,-1.1086883544921875
15822,38.804107666015625,38.726566,-0.07754135131835938
43323,34.46778361002604,34.688847,0.22106297810872633
18062,40.50143686930338,40.301205,-0.20023218790689867
28443,39.36769273546007,39.34583,-0.02186372545030224
31700,43.015960693359375,43.62579,0.6098289489746094
7639,43.52818128797743,42.766796,-0.7613851759168853
24995,41.18960825602213,41.19168,0.002072652180991952
6111,41.97831726074219,41.937817,-0.040500640869140625
51324,41.470553927951386,41.021206,-0.44934802585177636
3678,43.106536865234375,43.280727,0.17419052124023438
36414,43.86646525065104,42.64274,-1.223726908365883
22162,40.81580607096354,40.800404,-0.015402475992836173
16965,41.74419148763021,42.065903,0.3217112223307268
23685,44.26296742757162,44.196983,-0.0659840901692732
4093,39.80291408962674,40.288177,0.48526340060763573
10974,40.777442932128906,40.23841,-0.539031982421875
23065,40.81693861219618,41.16492,0.3479821946885835
36747,41.79337226019965,42.41694,0.6235665215386348
32039,42.94475301106771,42.933914,-0.010838826497398202
30342,39.83481513129341,40.66892,0.83410347832573
17266,40.61832004123264,41.08614,0.4678196377224353
3226,43.15866088867188,43.482655,0.323993682861321
27192,41.48384094238281,41.363937,-0.119903564453125
38386,38.64308336046007,38.8148,0.171716901991104
49287,39.85419379340278,39.83866,-0.015532599555122317
36968,39.52387491861979,38.68465,-0.8392244974772112
8288,43.46399943033854,42.125576,-1.33842341105143
13178,37.4804916381836,36.727005,-0.7534866333007884
21374,41.95923868815104,42.146652,0.1874135335286482
25446,41.69661712646485,41.969948,0.2733306884765554
17595,39.960910373263886,40.351532,0.39062160915798927
3324,39.98759078979492,40.25897,0.2713775634765625
30452,40.067626953125,41.132084,1.0644569396972656
6465,41.99939982096354,41.08866,-0.910738627115883
14482,40.11725616455078,40.014503,-0.102752685546875
33691,41.507775200737846,42.807972,1.3001967536078567
53115,41.13976033528646,42.04559,0.9058291117350237
18047,43.489349365234375,42.42884,-1.0605087280273438
8020,39.0914306640625,39.323856,0.23242568969726562
50284,39.91798570421007,39.61767,-0.3003175523545991
49883,38.234825981987846,37.238457,-0.9963692559136277
17112,36.6251220703125,36.635857,0.01073455810546875
24345,41.966644287109375,41.67358,-0.2930641174316406
16661,41.289588928222656,40.580154,-0.7094345092773438
41491,37.68748664855957,37.817352,0.1298656463623047
41095,43.58818562825521,43.644745,0.0565592447916643
25652,40.53438313802084,39.78656,-0.7478230794270928
45970,38.440521240234375,38.410755,-0.029766082763671875
7963,38.927154541015625,39.171474,0.24431991577148438
8323,40.32208251953125,40.591614,0.26953125
33540,43.27886199951172,42.04685,-1.2320137023925781
51401,35.706520080566406,38.467644,2.7611236572265625
34965,40.49602254231771,41.0148,0.5187784830729143
24614,40.387786865234375,40.822014,0.43422698974609375
20865,42.66163126627604,42.162586,-0.4990450541178362
19776,39.1615727742513,39.548313,0.3867403666178433
31742,40.70832316080729,41.311398,0.6030743916829451
10769,39.68196360270182,40.571545,0.8895810445149763
15400,42.845489501953125,42.683,-0.1624908447265625
33763,41.94072469075521,41.522156,-0.4185689290364607
7469,41.33838568793403,41.493748,0.15536202324761206
13352,38.88072713216146,39.75308,0.8723513285318987
50625,41.75672149658203,41.047726,-0.7089958190917969
4680,40.45415242513021,40.867847,0.4136950174967424
52985,38.49164835611979,38.737595,0.2459462483723982
22259,41.58097585042318,40.54366,-1.0373166402181013
38263,41.68969387478299,40.819057,-0.8706364101833799
20866,42.480004204644096,42.630486,0.15048133002387232
4402,41.176862716674805,41.397755,0.22089195251464844
26057,42.12871297200521,41.729504,-0.3992093404134138
9760,42.687408447265625,42.026966,-0.6604423522949219
42408,30.93382771809896,32.045193,1.1113650004068987
42385,37.82955741882324,38.163597,0.33403968811035156
3334,39.91602516174317,40.27418,0.3581562042236257
5048,40.84722900390625,41.676117,0.828887939453125
48304,40.905049641927086,40.365776,-0.539273579915367
4645,42.60419040256076,42.565086,-0.03910403781466698
34706,44.19354587131076,44.217968,0.024422115749786144
30160,41.9327392578125,41.844307,-0.08843231201171875
53458,42.26543172200521,42.211315,-0.05411656697591383
19451,39.084381103515625,39.811287,0.7269058227539062
47218,41.72044881184896,41.081238,-0.6392110188802107
4346,41.079943339029946,42.169933,1.0899899800618513
2365,37.075354682074654,37.041393,-0.03396140204535669
16854,38.40458509657118,38.85554,0.45095613267686474
8963,41.592376708984375,41.923,0.3306236267089844
31702,41.19160079956055,41.52497,0.3333702087402344
25515,40.49944559733073,40.244972,-0.25447336832682055
49690,38.07757186889648,39.122902,1.045330047607429
39752,42.61036173502604,42.67765,0.06728871663411695
1483,33.53315904405382,33.27027,-0.2628877427842866
40737,45.45101674397787,46.360466,0.9094492594401018
7556,45.529927571614586,45.308517,-0.2214101155598982
10676,39.00206502278646,39.133923,0.13185755411783617
14946,42.34138658311632,41.19795,-1.143438127305771
26108,42.89319864908854,42.43652,-0.4566790262858049
28176,39.81981913248698,38.719196,-1.1006228129068987
10635,44.40396118164063,43.13331,-1.2706527709961009
48890,42.277679443359375,42.86516,0.5874824523925781
45785,38.41987101236979,38.45664,0.03676732381185133
46741,38.61498006184896,39.623478,1.008497873942055
27380,38.50522528754341,39.335674,0.8304489983452612
7623,41.495629204644096,41.633945,0.1383162604437942
39107,38.91955905490451,39.827724,0.9081654018825986
14327,40.59686279296875,40.370567,-0.22629547119140625
29635,43.3994140625,44.05525,0.6558341979980469
8854,42.28857421875,41.456524,-0.8320503234863281
14770,40.93619113498264,40.944458,0.008266872829857164
31953,41.4063720703125,41.321766,-0.08460617065429688
29632,42.7252197265625,42.76302,0.037799835205078125
51720,37.48248799641927,37.583076,0.10058848063150805
5789,40.13484191894531,40.726776,0.5919342041015625
51022,41.28711615668403,40.18504,-1.1020766364203567
32837,42.039086235894096,42.45947,0.42038260565863794
16608,42.51665242513021,42.53466,0.018007914225258048
48796,38.94659614562988,39.144753,0.19815635681152344
42154,38.94614325629341,38.949524,0.0033806694878393273
1113,38.88642374674479,38.84236,-0.0440622965494768
42170,40.82728830973307,39.5215,-1.305788675944008
40164,41.08023071289063,40.877308,-0.20292282104492898
857,33.81694539388021,33.72919,-0.08775456746419508
40572,40.60568491617838,39.610615,-0.9950701395670549
23918,42.78439331054688,43.379257,0.5948638916015554
53577,41.54195149739584,40.869312,-0.6726392110188897
18934,39.260196685791016,39.03344,-0.22675704956054688
47152,43.14802720811632,44.497334,1.3493063184950103
40396,40.72199842664931,40.12595,-0.5960485670301665
52474,40.17536354064941,40.93451,0.759145736694343
12423,38.50617472330729,40.19691,1.6907361348470076
25854,42.83623250325521,41.427177,-1.409055074055992
18334,41.01746961805556,40.886814,-0.1306555006239165
2761,41.485371907552086,41.05403,-0.4313405354817732
6083,41.959808349609375,42.045086,0.08527755737304688
22909,44.83273315429688,44.547012,-0.2857208251953196
32667,40.8631846110026,41.005352,0.14216740926107008
12183,37.826568603515625,37.64439,-0.18217849731445312
15800,41.54509480794271,41.23564,-0.3094533284505232
34292,44.2988510131836,43.669434,-0.6294174194336009
21835,43.08232625325521,42.25478,-0.8275464375813826
29807,41.83334096272787,41.707333,-0.12600835164388258
30209,42.313280741373696,43.50554,1.192258199055992
53857,38.06354777018229,38.42239,0.3588422139485701
14839,40.52223375108507,40.66649,0.14425489637586963
343,39.323638916015625,40.699745,1.3761062622070312
37792,41.742544174194336,42.804558,1.0620136260986328
23388,43.796966552734375,43.294506,-0.5024604797363281
47330,40.30309041341146,39.74185,-0.5612386067708357
12049,39.205529106987846,38.54,-0.6655281914605027
42788,36.86230129665799,36.856934,-0.005367702907989269
32657,43.83921644422743,43.762363,-0.07685301038954151
44301,40.54928843180338,41.08884,0.5395520528157576
7609,44.49738905164931,44.29295,-0.20443937513563526
2857,41.54461330837674,41.60005,0.05543857150607323
38581,40.47058444552951,41.605522,1.134937710232208
34544,39.224517822265625,39.945812,0.7212944030761719
36695,41.06399281819662,40.167385,-0.8966077168782576
4888,42.54266696506076,42.14557,-0.39709811740451073
28723,42.5013427734375,42.0286,-0.4727439880371094
14286,42.51579793294271,42.49841,-0.017388661702476327
2897,39.74290974934896,40.64116,0.8982493082682268
34201,38.56890869140625,38.049488,-0.5194206237792969
36145,42.14330673217773,43.161114,1.0178070068359446
21791,43.39981757269965,43.04377,-0.3560477362738652
8879,40.481493631998696,40.14985,-0.3316446940104143
921,43.11593627929688,44.082314,0.9663772583007741
10033,43.74541219075521,43.96075,0.21533838907877367
489,41.36819966634115,40.476192,-0.8920071919759138
18525,40.33462185329861,40.76624,0.43161731296115846
16614,41.328518337673614,41.687267,0.3587489657931826
37965,42.55909220377604,41.86268,-0.696413675944008
4787,37.85429212782118,38.18226,0.3279664781358491
16306,42.624603271484375,42.728527,0.10392379760742188
44464,39.88153415256076,40.071285,0.18975109524197364
45614,42.915130615234375,42.88266,-0.032470703125
21731,38.00429280598959,39.023674,1.019381205240876
438,41.07557847764757,41.508976,0.43339750501844776
20283,39.680626763237846,39.97621,0.29558478461371607
47695,42.94105021158854,42.468174,-0.4728762308756487
2127,42.30378892686632,41.84279,-0.46100023057725537
10292,43.05555216471354,42.16573,-0.8898226420084612
11615,39.03852335611979,38.123512,-0.915011088053383
45717,39.78468492296007,39.894047,0.10936186048719776
44817,42.008324517144096,41.65572,-0.3526047600640183
8484,39.78583780924479,38.631523,-1.1543146769205705
17397,37.94249471028646,38.00573,0.06323496500650805
20870,44.41877237955729,43.780514,-0.6382586161295549
19961,43.51526896158854,42.890915,-0.6243540445963518
9133,43.46589830186632,43.011547,-0.454351213243271
23970,38.88841756184896,39.88985,1.0014330546061174
10916,40.85453965928819,40.391342,-0.46319749620225537
15646,39.05058119032118,38.617317,-0.4332639906141509
1171,33.2855461968316,33.10349,-0.1820572747124629
20964,39.66344706217448,40.184612,0.5211652119954451
13198,36.08638509114584,36.260838,0.17445246378579782
1895,44.23115370008681,44.7003,0.46914460923936474
40298,39.38316853841146,38.537304,-0.8458646138509138
2495,43.84169260660807,43.2975,-0.544191996256508
31992,42.04040018717448,42.539352,0.4989522298177107
14717,35.68040296766493,35.94372,0.26331880357530224
9082,38.85917494032118,39.31897,0.45979478624131787
26505,40.4362055460612,40.630825,0.19461949666340672
34539,40.21033223470052,39.3956,-0.8147328694661482
41237,40.98480987548828,41.368023,0.3832130432128906
731,42.01876831054688,41.939415,-0.07935333251953836
28417,42.15339830186632,42.543056,0.3896581861707915
53951,41.39212544759115,41.325012,-0.0671132405598982
17725,36.68949381510416,36.862114,0.17262013753256156
42060,37.14105902777778,38.52937,1.3883103264702683
7102,40.18561744689941,39.972042,-0.21357536315917258
46535,43.46513875325521,42.994083,-0.4710553487141951
7563,35.37127007378472,36.04993,0.6786604987250442
4463,40.62077840169271,40.065968,-0.5548108418782576
21426,40.31638590494792,41.247902,0.9315160115559848
13706,36.82203504774306,37.426006,0.6039712693956147
26592,42.24796210394965,41.73677,-0.511191474066834
47253,41.51005299886068,41.089893,-0.4201596577962263
16331,41.74665662977431,42.488663,0.7420060899522554
6499,39.625939263237846,40.3747,0.7487593756781692
35855,40.323692321777344,40.961742,0.6380500793457031
13210,37.616173638237846,37.19689,-0.4192818535698777
26736,40.13028293185764,40.17421,0.043926662868919664
19829,36.72053782145182,37.313786,0.5932477315266951
8553,40.96886189778646,40.926567,-0.04229482014974195
42142,38.82537502712674,39.213818,0.3884425693088076
25595,41.48308648003472,42.045128,0.5620413886176223
13568,39.221099853515625,39.698345,0.4772453308105469
32739,39.305694580078125,39.43936,0.1336669921875
28391,41.50605773925781,41.072884,-0.43317413330078125
3247,41.74475775824653,41.08001,-0.6647482977973098
14492,41.47900390625,42.25536,0.7763557434082031
47813,42.73112996419271,42.07766,-0.653470357259117
46509,41.95249430338541,42.479794,0.5272992451985772
52172,40.6988271077474,40.02286,-0.6759656270345076
10341,42.33948771158854,43.18707,0.8475812276204451
23321,42.86414591471354,42.953545,0.08939870198567945
52598,36.84254625108507,41.30656,4.464014265272354
26437,40.46679009331597,40.666935,0.2001448737250442
23496,42.128997802734375,41.380814,-0.7481842041015625
25290,42.017913818359375,41.82991,-0.1880035400390625
4167,37.47868177625868,37.857586,0.37890413072373974
36244,42.54988267686632,43.09225,0.5423681471082915
35459,38.78473917643229,39.123085,0.33834584554036695
38751,44.1040267944336,45.04248,0.9384536743163991
38061,40.75123850504557,41.949043,1.1978047688802107
42449,39.32392374674479,39.550495,0.22657140096028883
13711,40.88715744018555,40.58914,-0.2980155944824219
31000,39.97191365559896,40.351536,0.3796221415201799
33764,42.02351548936632,41.361195,-0.6623208787706147
27163,40.6776065826416,41.03047,0.35286521911621094
47857,39.43301773071289,40.55423,1.1212120056152344
16836,36.7703857421875,36.917027,0.14664077758789062
35814,43.20575290256076,42.54663,-0.6591220431857607
34334,44.2860361735026,43.625526,-0.6605097452799455
40610,37.11930847167969,36.50415,-0.6151580810546875
29588,40.95945231119792,40.59787,-0.3615824381510464
28986,39.550079345703125,39.382824,-0.16725540161132812
9652,38.01075914171007,40.24961,2.2388517591688384
19948,45.698649088541664,45.44324,-0.2554079691568987
28454,43.212493896484375,43.09432,-0.11817550659179688
49633,42.0458984375,41.779835,-0.2660636901855469
33409,40.93375205993652,40.988804,0.05505180358886719
26633,41.93159993489584,41.220295,-0.7113049825032647
51247,38.95183987087674,39.466084,0.5142436557345889
53094,39.06843058268229,39.059605,-0.008825937906898673
42485,39.95455423990885,38.938427,-1.016127268473305
19965,42.58273315429688,42.557343,-0.025390625000007105
30382,41.786156548394096,42.277958,0.4918013678656692
3035,40.48605346679688,40.08691,-0.39914321899414773
18684,40.57616509331597,40.673683,0.09751807318793482
13710,40.88715744018555,40.491405,-0.395751953125
34170,42.651947021484375,42.877857,0.22591018676757812
26636,39.368934631347656,38.712677,-0.6562576293945312
37943,45.2171630859375,44.426605,-0.790557861328125
4121,41.94926452636719,41.62218,-0.3270835876464844
36649,39.75849066840278,39.14261,-0.6158820258246536
43553,40.13902791341146,38.619534,-1.5194943745931013
14429,38.719512939453125,39.868168,1.1486549377441406
20247,42.79825507269965,42.961216,0.16296090020074416
49492,41.25064425998264,41.47863,0.2279858059353259
24914,40.33850860595703,40.243214,-0.09529495239257812
41269,41.29053412543403,42.078053,0.7875183953179246
11056,42.27302720811632,42.306713,0.03368589613172901
44061,46.66327921549479,46.423866,-0.23941294352213305
5364,41.05573527018229,40.466846,-0.5888888041178362
43959,40.82719590928819,41.246887,0.41969129774305713
14755,42.49481540256076,42.706642,0.21182674831814552
5568,38.323028564453125,39.267727,0.9446983337402344
32345,42.34860229492188,42.83216,0.48355865478514914
7387,40.50741916232639,40.473385,-0.03403430514865846
27578,40.57977294921875,39.88801,-0.6917648315429688
35126,39.241607666015625,39.829742,0.588134765625
47094,41.73222859700521,41.965553,0.23332468668619555
15863,40.26644134521485,40.073418,-0.1930236816406321
43000,38.00848049587674,38.207066,0.19858508639865136
31612,40.51439666748047,41.30857,0.7941741943359375
46607,42.47677612304688,42.669437,0.19266128540038352
31455,44.62072499593099,44.50168,-0.11904652913411695
1703,38.103424072265625,38.597893,0.49446868896484375
14592,42.257171630859375,41.677376,-0.5797958374023438
50886,38.055572509765625,38.957626,0.9020538330078125
11438,37.37366994222005,37.461357,0.0876871744791714
16354,39.57846747504341,40.19789,0.6194237603081518
30736,34.147064208984375,34.206154,0.05908966064453125
13680,41.277905782063804,41.760574,0.48266855875650805
6928,37.75669013129341,37.49589,-0.2607985602484888
6662,37.79466756184896,38.959126,1.1644579569498674
50465,40.38664754231771,39.806683,-0.5799649556477888
16899,43.23157755533854,44.57626,1.34468205769857
30797,42.240081787109375,42.248215,0.0081329345703125
13264,38.132286919487846,37.759274,-0.37301339043511206
33123,42.55595906575521,42.79861,0.24265162150064867
13747,40.85415988498264,40.183037,-0.6711230807834241
28317,41.934173583984375,41.480114,-0.4540596008300781
37197,43.30534871419271,42.487484,-0.8178647359212263
4954,42.90459187825521,42.57115,-0.3334401448567732
8642,43.244964599609375,42.397854,-0.8471107482910156
44046,42.288597954644096,39.952637,-2.3359612358940964
22998,44.03138224283854,44.050186,0.018803914388023202
3814,42.40328979492188,41.441555,-0.9617347717285227
28836,41.206408182779946,41.11188,-0.09452692667642992
29761,42.4381103515625,42.21744,-0.22066879272460938
51863,40.36081949869792,40.15426,-0.20656077067057765
25287,41.60290781656901,41.98569,0.3827832539876326
11136,36.26963551839193,37.4565,1.1868654886881487
34148,42.53659057617188,41.755463,-0.7811279296875071
13895,41.36847686767578,40.805237,-0.5632400512695312
3588,41.486681620279946,40.61627,-0.8704134623209612
5424,37.10877227783203,36.97299,-0.13578414916992188
51128,37.36228434244792,37.171093,-0.19119135538737453
1200,34.717010498046875,35.073097,0.35608673095703125
47753,44.39854685465495,44.21168,-0.18686548868815578
6496,40.211941189236114,39.926975,-0.28496593899197364
52353,38.18687184651693,38.55857,0.3716990152994768
10886,39.415924072265625,39.34896,-0.06696319580078125
5228,42.57561238606771,43.414516,0.8389040629068987
24559,38.746002197265625,38.92159,0.17558670043945312
47028,40.83612314860026,40.445766,-0.3903566996256487
30631,39.90726089477539,40.40666,0.49939727783203125
47516,42.45569864908854,42.45284,-0.002859751383461173
19628,38.45661417643229,38.49218,0.03556569417317945
41073,39.961669921875,39.878918,-0.08275222778320312
28818,40.167040506998696,40.50312,0.3360799153645857
53388,40.75380452473959,41.537594,0.7837893168131416
48587,42.39958699544271,42.795624,0.3960367838541643
31420,46.07467079162598,45.13961,-0.9350605010986328
47368,40.3372802734375,39.687054,-0.6502265930175781
52541,38.84312947591146,39.200165,0.3570353190104143
21912,40.97939300537109,40.94743,-0.03196334838866477
52810,40.81922064887153,40.20753,-0.6116896735297317
40131,44.86682637532552,43.80929,-1.0575345357259138
46176,41.74931844075521,41.682945,-0.06637318929036695
11999,41.89514499240451,42.50991,0.614765591091583
11788,38.007720947265625,40.429504,2.421783447265625
2043,37.35601806640625,37.86675,0.5107307434082031
26331,42.771575927734375,42.21585,-0.55572509765625
22583,41.07224527994792,41.338196,0.2659505208333286
4854,42.92927720811632,43.12344,0.1941625807020415
37262,39.97647772894965,39.522713,-0.4537650214301152
36129,44.64264933268229,44.840874,0.19822438557942945
51314,43.51270548502604,43.22092,-0.2917849222818987
4039,40.93277994791666,40.241714,-0.6910654703775947
32200,42.10554673936632,42.615658,0.5101110670301665
51837,40.14795176188151,39.75104,-0.3969103495279924
23220,44.40434095594618,43.470802,-0.9335386488172759
29710,39.187774658203125,40.371304,1.1835289001464844
628,43.91766357421875,43.51413,-0.403533935546875
12978,42.34205118815104,41.188347,-1.1537043253580705
25995,39.87792205810547,40.30548,0.42755889892578125
37552,39.262115478515625,38.854187,-0.407928466796875
21019,40.176245795355904,40.84208,0.6658333672417527
19209,38.64631144205729,40.322723,1.6764119466145857
51568,39.40524291992188,40.130817,0.725574493408196
45017,43.97044118245443,43.09048,-0.8799603780110701
34202,36.79659271240234,37.71624,0.9196472167968821
5704,38.45965237087674,38.794743,0.33509021335177636
13885,41.56815931532118,41.932674,0.36451509263780224
23472,41.07794698079427,41.14731,0.0693613688151018
23889,45.03325737847222,44.833847,-0.19941033257378393
51802,39.11286756727431,39.34917,0.236303117540146
12850,39.35326131184896,38.771954,-0.5813077290852888
49311,37.551605224609375,37.20613,-0.3454742431640625
7265,38.27546183268229,39.28494,1.00947697957357
22428,42.84734090169271,41.95633,-0.8910115559895857
26306,40.82339816623264,40.344208,-0.47919040256076784
40066,41.55449422200521,41.29404,-0.2604535420735701
46956,38.67308553059896,38.828537,0.1554514567057268
27950,39.83377583821615,39.94992,0.1161448160807268
54263,40.77630615234375,41.214504,0.4381980895996094
37111,44.57051467895508,43.837368,-0.7331466674804688
20257,43.33259752061632,43.166245,-0.16635301378038037
3702,42.455126444498696,42.05117,-0.4039560953776018
4622,43.00827026367188,43.215515,0.2072448730468679
2000,42.04781087239584,41.878277,-0.16953404744467093
29428,39.721642388237846,40.284405,0.5627623664008254
39730,40.95981216430664,40.678513,-0.2812995910644531
19262,41.36914740668403,39.67104,-1.6981078253852004
10631,40.593152364095054,40.996277,0.40312449137369555
29089,39.83178371853299,40.456017,0.6242328219943545
53870,39.503509521484375,38.08564,-1.4178695678710938
18369,42.32040150960287,42.034843,-0.2855580647786482
32175,42.91180759006076,42.93046,0.018654293484161144
32721,40.54872131347656,40.74313,0.19440841674804688
54286,39.378326416015625,39.18848,-0.18984603881835938
38265,41.25028483072917,40.663757,-0.5865275065104214
2222,41.11611684163412,40.70483,-0.4112866719563826
18549,38.63396877712674,39.61492,0.9809527926974795
11640,39.77823130289713,39.33939,-0.4388415018717424
39230,41.659691704644096,42.268692,0.6090003119574661
22634,34.17896525065104,35.444054,1.2650883992513045
7494,40.90761566162109,40.268673,-0.6389427185058523
13694,37.017249213324654,37.48173,0.4644822014702683
24943,42.59507581922743,41.44647,-1.1486074659559478
4144,42.60381062825521,41.69743,-0.9063809712727888
13955,40.892232259114586,41.36324,0.4710070292154924
22612,44.83434677124024,42.75716,-2.0771865844726634
29332,42.26733059353299,42.1739,-0.0934299892849424
8190,40.86118316650391,41.951023,1.0898399353027273
41882,39.03690592447917,37.595642,-1.4412638346354214
44407,38.60662502712674,39.135635,0.5290103488498232
15374,40.7364247639974,41.8392,1.1027743021647112
49926,40.97654724121094,40.418583,-0.5579643249511719
7774,41.92591349283854,42.194946,0.2690327962239607
20051,37.79466078016493,39.289135,1.4944741990831147
18518,40.433929443359375,39.912624,-0.5213050842285156
43604,38.216217041015625,38.27391,0.0576934814453125
7597,41.581075032552086,41.393368,-0.18770726521810133
20700,39.11571248372396,39.6472,0.5314890543619768
13579,45.002689361572266,42.789608,-2.2130813598632812
30000,37.806907653808594,39.082787,1.27587890625
23206,42.18188137478299,42.216576,0.03469424777560448
6929,37.82001749674479,37.71648,-0.10353724161783617
38836,41.12729644775391,41.404728,0.27743148803710227
2673,34.68653361002604,34.712456,0.025922139485679452
47965,40.38708305358887,40.30349,-0.08359336853027344
3344,37.6690419514974,38.931904,1.26286188761393
49949,41.59171210394965,41.947823,0.3561104668511348
37214,37.60401407877604,37.675766,0.0717519124348982
5859,40.886820475260414,41.38694,0.500119527180992
8435,37.457800971137154,37.93951,0.4817093743218308
27002,41.23489125569662,41.465794,0.23090235392252367
2788,44.789818657769096,44.00148,-0.7883385552300339
27112,40.87542915344238,40.76358,-0.11184883117675781
44136,43.28825887044271,42.420135,-0.8681233723958357
8010,41.087910970052086,40.61101,-0.4768994649251326
33141,39.94913397894965,39.876804,-0.07232962714300584
38929,41.22727966308594,41.276447,0.049167633056640625
47178,42.40955607096354,43.49692,1.0873654683431013
51250,38.70118882921007,38.486874,-0.2143152025010835
17281,41.01138644748264,41.589176,0.5777897304958728
22631,38.48509724934896,36.46746,-2.017636617024742
32351,42.70919799804688,43.195778,0.48657989501952414
28096,41.93047078450521,40.856285,-1.074185689290367
11228,39.87079874674479,40.332535,0.4617360432942732
49973,39.57011244032118,39.900703,0.3305909898545991
5547,40.10152689615885,39.250072,-0.8514544169108049
48540,40.791117350260414,41.063328,0.2722104390462263
52987,38.85081990559896,38.908337,0.05751673380533617
35595,44.9218012491862,44.591984,-0.32981745402018703
14797,42.80091349283854,42.700966,-0.09994761149088305
30657,41.03521728515625,40.684227,-0.35099029541015625
31510,38.9384765625,39.31652,0.37804412841796875
26009,42.662200927734375,42.046444,-0.6157569885253906
37997,43.37769571940104,43.423367,0.04567082722982008
19777,40.40202903747559,40.205067,-0.19696235656738992
37002,41.154563903808594,41.037712,-0.116851806640625
16339,43.72452460394965,43.638443,-0.08608161078558396
3831,42.16545613606771,42.46693,0.3014742533365862
50086,39.612267388237846,40.33781,0.7255431281195754
25958,41.88660685221354,40.77762,-1.1089884440104143
3164,40.98823038736979,41.32646,0.3382314046223982
12152,43.28028361002604,43.012726,-0.2675577799479143
21157,44.984649658203125,45.043503,0.0588531494140625
26911,40.25761222839356,40.032497,-0.22511482238770242
12153,42.93839179144965,43.15511,0.21671761406793166
45362,38.10418362087674,38.26387,0.15968661838107323
39699,38.61327107747396,38.65502,0.04175059000650805
9,43.931129455566406,42.263298,-1.6678314208984375
27604,40.94188774956597,41.08197,0.14008246527777857
8762,44.97733561197917,44.80125,-0.17608515421549953
38660,42.44715372721354,42.339146,-0.10800806681314867
20138,38.47180514865451,38.88608,0.4142765469021299
51637,40.4853458404541,40.3751,-0.11024665832519531
7716,38.73005167643229,39.304073,0.5740216573079451
15630,36.92220306396485,36.60454,-0.31766128540039773
44485,40.47437540690104,40.831917,0.35754140218099195
2177,42.75363159179688,43.31936,0.5657272338867116
10417,39.367699517144096,38.360718,-1.0069817437065964
28149,43.77048746744792,41.499996,-2.270491282145187
12139,40.6278076171875,40.404396,-0.22341156005859375
28257,38.99352010091146,39.434456,0.44093577067057055
32297,44.82068125406901,44.708214,-0.1124674479166643
10895,41.78235880533854,41.91178,0.12942250569661695
14520,44.29400634765625,43.594406,-0.6996002197265625
30421,43.24031236436632,42.37684,-0.8634736802842866
11065,42.16441175672743,40.765663,-1.3987486097547759
16772,42.84620157877604,42.60204,-0.24416224161783617
36439,44.55017768012153,43.977894,-0.5722838507758254
28136,40.00117323133681,42.41899,2.4178178575303804
39712,39.99847984313965,39.433575,-0.5649051666259766
33964,41.87388441297743,41.024323,-0.8495619032118071
30853,43.45222642686632,43.906487,0.4542600843641509
10377,40.041422526041664,39.909515,-0.1319071451822893
5683,36.402374267578125,38.208847,1.8064727783203125
1624,41.83803749084473,41.77015,-0.06788825988769531
3126,44.23153347439237,43.834557,-0.3969768948025276
2109,33.51445515950521,33.28975,-0.2247060139973982
3708,44.10743713378906,43.620216,-0.48722076416015625
28900,41.574851989746094,40.480133,-1.0947189331054688
15953,38.674224853515625,38.8243,0.15007400512695312
35644,41.69651963975694,42.118023,0.421503278944229
31109,42.474212646484375,42.09502,-0.3791923522949219
23034,43.11270819769965,43.082394,-0.030314551459412087
49116,37.5967025756836,38.407772,0.8110694885253835
48442,41.16786024305556,41.52525,0.35738923814561474
31043,37.74149915907118,38.01015,0.268651750352646
53571,38.84056599934896,39.250225,0.4096590677897112
43532,40.50437418619792,40.306946,-0.1974283854166714
11804,41.76298692491319,41.629093,-0.13389375474717724
48703,38.39950370788574,38.48127,0.08176612854003906
51076,41.77512953016493,41.083538,-0.6915914747450103
31318,44.96908230251736,43.669315,-1.2997669643825915
33734,43.63565741644965,42.388447,-1.2472106085883183
44708,39.02114868164063,39.279137,0.25798797607421164
22805,40.09116617838541,39.782326,-0.30884043375650094
38066,38.774865044487846,38.98203,0.2071639166937942
10278,43.68617418077257,41.067936,-2.6182382371690522
21968,41.830590142144096,41.988983,0.15839301215277857
30456,40.93884955512153,41.21842,0.27956856621636206
38046,42.90117390950521,42.564014,-0.3371594746907576
5915,39.79133097330729,40.50029,0.7089589436848982
36729,44.65651109483507,43.718376,-0.9381349351670991
26339,44.51713731553819,44.3031,-0.21403672960069287
39322,41.817287868923614,40.625763,-1.1915249294704893
8139,37.570220947265625,36.98728,-0.5829391479492188
46659,37.96518622504341,37.52142,-0.4437666998969263
11746,37.806264877319336,36.869633,-0.9366321563720703
50351,39.97960408528646,39.764526,-0.2150777180989607
15598,36.37237548828125,36.196476,-0.17589950561523438
29994,40.679176330566406,39.853188,-0.82598876953125
33877,41.93502468532986,39.526363,-2.408661312527123
25683,42.76521470811632,42.865475,0.10025999281141651
22570,41.69577026367188,41.44863,-0.24713897705078836
7839,37.57780287000868,37.387276,-0.19052717420790088
10198,41.78159925672743,41.970345,0.18874528672959912
20625,41.67925008138021,41.931923,0.25267283121744555
28540,44.07886420355903,43.12247,-0.9563933478461379
36302,39.98065524631076,39.98988,0.009224361843536144
41987,41.241737365722656,42.50209,1.2603530883789062
16862,38.43895467122396,38.285812,-0.1531422932942732
35398,37.20182630750868,37.66911,0.46728303697373974
40465,39.16717190212674,40.67643,1.509257846408417
3054,41.58069525824653,42.29922,0.7185257805718308
11693,37.6061045328776,37.93887,0.3327649434407576
24868,36.397064208984375,36.48101,0.08394622802734375
24408,41.19758605957031,40.721184,-0.47640228271484375
22177,41.79981825086806,41.642357,-0.15746137830946338
52744,41.087727864583336,41.373604,0.28587595621744555
13892,43.47881062825521,42.808437,-0.6703732808431013
50938,42.14200507269965,42.185795,0.04378975762261916
31401,41.32243516710069,43.145718,1.8232824537489165
52030,40.22599962022569,38.940308,-1.2856920030381929
2094,36.7532958984375,37.221657,0.46836090087890625
15013,35.73736911349826,35.697674,-0.039695315890838856
1054,41.22407701280382,41.452965,0.22888776991102588
40110,44.76343027750651,44.858635,0.0952046712239607
48464,39.75971476236979,40.278454,0.5187390645345076
42276,41.28369479709201,41.882492,0.5987972683376768
12970,39.20932685004341,38.621548,-0.5877791510688013
14822,44.37177022298177,43.66914,-0.7026303609212263
30124,40.74364556206597,41.50169,0.7580443488227004
32553,39.251861572265625,38.76249,-0.48937225341796875
33254,43.67876180013021,42.588387,-1.0903752644856795
5223,40.62078348795573,40.176678,-0.4441057840983049
37299,39.569732666015625,40.406498,0.8367652893066406
9398,42.44971720377604,42.74904,0.2993214925130232
18386,42.17656453450521,41.645477,-0.5310872395833357
15841,40.142052544487846,39.743004,-0.3990486992730027
44066,45.57949574788412,45.50273,-0.07676442464192945
50019,38.924591064453125,40.762,1.8374099731445312
24371,39.86425272623698,41.047237,1.1829846700032576
49647,41.20612335205078,41.168007,-0.038116455078125
14098,36.34540812174479,36.307766,-0.03764216105142992
2711,34.407684326171875,34.114273,-0.2934112548828125
37117,44.4205493927002,43.593777,-0.826772689819343
6658,38.095062255859375,37.57766,-0.5174026489257812
12637,42.49386596679688,42.68928,0.19541549682616477
15352,39.38473510742188,39.92916,0.5444259643554616
43417,37.996612548828125,38.59445,0.59783935546875
45542,43.03105672200521,42.95597,-0.07508595784505445
25089,38.746002197265625,40.917763,2.1717605590820312
45097,38.727630615234375,38.101727,-0.6259040832519531
21675,41.75159708658854,41.757977,0.006379445393882577
2040,41.438557942708336,40.6941,-0.7444585164388045
17738,41.05630238850912,40.613216,-0.4430859883626326
43429,39.50159454345703,40.246548,0.7449531555175781
4875,39.49150254991319,39.471413,-0.020089891221786615
4131,40.84466552734375,41.338722,0.49405670166015625
24685,41.35548231336806,41.179276,-0.17620680067274463
43948,40.340308295355904,39.624485,-0.7158232794867629
18808,39.425323486328125,39.821854,0.3965301513671875
25106,43.69301096598307,44.011116,0.3181050618489607
39164,41.47245279947917,41.08426,-0.3881937662760464
17158,38.53216552734375,38.63555,0.10338592529296875
51105,37.55047268337674,37.155422,-0.3950504726833799
38449,43.81036376953125,44.83646,1.0260963439941406
2227,41.327372233072914,41.225334,-0.10203806559244555
40537,41.338151931762695,41.822617,0.4844646453857422
7457,43.163597954644096,43.09167,-0.07192696465386206
52670,39.83747355143229,39.705235,-0.13223902384439867
32117,40.09752909342448,39.737656,-0.3598734537760393
35418,39.82722727457682,39.5131,-0.3141276041666643
7088,37.75336710611979,38.129066,0.37569936116536695
39823,43.468841552734375,42.39862,-1.070220947265625
51268,38.99931165907118,39.781517,0.7822053697374116
21337,45.47153388129341,43.463375,-2.0081587897406763
41512,37.77764892578125,37.525604,-0.252044677734375
36023,39.60960896809896,39.00215,-0.6074574788411482
41405,42.86784871419271,42.257797,-0.6100514729817732
6636,38.99095662434896,38.223812,-0.7671445210774763
391,42.69381713867188,42.42175,-0.27206802368164773
18196,41.60082329644097,41.118443,-0.4823807610405808
46692,41.357760959201386,40.803104,-0.5546565585666201
16242,40.1470947265625,39.76399,-0.3831062316894531
2505,42.71432495117188,43.120037,0.40571212768553977
49852,38.45699055989584,40.23485,1.7778612772623603
40223,44.13364664713541,43.811745,-0.32190195719400094
47885,36.77666219075521,37.46273,0.686068216959633
30026,39.14096747504341,40.168552,1.02758492363823
14623,41.78805541992188,41.254677,-0.5333786010742259
2558,40.56524149576823,41.019466,0.4542249043782576
4126,41.374850802951386,41.42001,0.045158810085723644
37173,36.71171061197917,37.688698,0.9769872029622348
20083,41.228244357638886,40.772568,-0.45567660861544823
45236,41.952392578125,42.188034,0.2356414794921875
10219,41.91831461588541,40.83482,-1.0834948221842353
25391,39.164513481987846,40.03242,0.8679076300727004
20227,40.5123528374566,39.467346,-1.0450066460503535
36481,43.50501505533854,43.381027,-0.1239878336588518
11876,39.40491061740451,40.50904,1.1041302151150205
38588,45.40801493326823,44.457603,-0.950411478678383
22588,40.75579452514648,41.868237,1.1124420166015696
51359,41.94129180908203,41.303223,-0.6380691528320312
43505,40.4884270562066,38.99021,-1.4982155693901973
7416,38.26378377278646,39.554966,1.29118220011393
22323,43.01092868381076,40.27756,-2.73336749606662
43707,37.612937927246094,37.809998,0.19705963134765625
35956,41.88546562194824,41.129894,-0.7555713653564453
13990,42.75534057617188,42.54416,-0.2111816406250071
42027,42.66609361436632,42.35118,-0.31491258409288037
51201,39.63012017144097,38.80491,-0.8252114189995652
